Checking for deprecated package usage... OK
Checking for remote package usage...
Package dependencies must be on CRAN or Bioconductor. Remove 'Remotes:' from DESCRIPTION
Checking for 'LazyData: true' usage... OK
Checking version number... OK
Checking version number validity... OK
Checking R version dependency... OK
Checking package size... OK
Checking individual file sizes... OK
Checking biocViews... OK
Checking that biocViews are present... OK
Checking package type based on biocViews... OK
Checking for non-trivial biocViews... OK
Checking that biocViews come from the same category... OK
Checking biocViews validity... OK
Checking for recommended biocViews... OK
Checking build system compatibility... OK
Checking for proper Description: field... OK
Checking if DESCRIPTION is well formatted... OK
Checking for whitespace in DESCRIPTION field names... OK
Checking that Package field matches directory/tarball name... OK
Checking for Version: field... OK
Checking for valid maintainer... OK
Checking License: for restrictive use... OK
Checking for recommended DESCRIPTION fields... OK
Checking for Bioconductor software dependencies... OK
Checking for pinned package versions in DESCRIPTION... OK
Checking for 'fnd' role in Authors@R...
No 'fnd' role found in Authors@R. If the work is supported
        by a grant, consider adding the 'fnd' role to the list of authors.
Checking NAMESPACE... OK
Checking .Rbuildignore... OK
Checking for stray BiocCheck output folders... OK
Checking for inst/doc folders... OK
Checking vignette directory... OK
Checking package installation calls in R code... OK
Checking for library/require of MicroBioMeta... OK
Checking coding practice...
 Remove set.seed usage (found 3 times)
set.seed() in R/beta_ord_plot.R (line 138, column 5)
set.seed() in R/beta_test_table.R (line 141, column 5)
set.seed() in R/cca_rda_biplot.R (line 153, column 3)
Checking parsed R code in R directory, examples, vignettes...
Avoid 'suppressWarnings'/'*Messages' if possible (found 5 times)
suppressWarnings() in R/alpha_decay_plot.R (line 155, column 29)
suppressWarnings() in R/beta_partition_ord_plot.R (line 63, column 3)
suppressWarnings() in R/beta_test_table.R (line 228, column 17)
suppressWarnings() in R/corr_env_abund_plot.R (line 432, column 17)
suppressWarnings() in R/zzz.R (line 38, column 15)
Checking function lengths...
The recommended function length is 50 lines or less. There are 29 functions greater than 50 lines.
The longest 5 functions are:
alpha_diversity_plot() (R/alpha_diversity_plot.R): 505 lines
alpha_hill_plot() (R/alpha_hill_plot.R): 491 lines
corr_env_abund_plot() (R/corr_env_abund_plot.R): 437 lines
abundance_bar_plot() (R/abundance_bar_plot.R): 421 lines
beta_ord_plot() (R/beta_ord_plot.R): 353 lines
Checking man page documentation...
Usage of dontrun{} / donttest{} tags found in man page examples. 4% of man pages use at least one of these tags.
Found in files:
ancombc_plot.Rd
Checking package NEWS... OK
Checking unit tests... OK
Checking skip_on_bioc() in tests... OK
Checking formatting of DESCRIPTION, NAMESPACE, man pages, R source, and vignette source...
Consider shorter lines; 923 lines (9%) are > 80 characters long.
First few lines:
R/abundance_bar_plot.R#L3 #' Generates a bar plot of relative abun ...
R/abundance_bar_plot.R#L5 #' @param table A data frame with taxa i ...
R/abundance_bar_plot.R#L6 #' @param metadata A data frame containi ...
R/abundance_bar_plot.R#L7 #' @param taxonomy_db Character. Referen ...
R/abundance_bar_plot.R#L8 #' @param level Character. Taxonomic lev ...
R/abundance_bar_plot.R#L9 #' @param x_col Character. Column name i ...
R/abundance_bar_plot.R#L10 #' @param facet_col Optional. Character. ...
R/abundance_bar_plot.R#L11 #' @param label Character. Legend title  ...
R/abundance_bar_plot.R#L12 #' @param top_n Integer. Number of most  ...
R/abundance_bar_plot.R#L21 #' @param add_remained Logical indicatin ...
R/abundance_bar_plot.R#L22 #' @param width_equal Logical. If \code{ ...
R/abundance_bar_plot.R#L23 #' @param save_table Logical. If \code{T ...
R/abundance_bar_plot.R#L24 #' @param table_filename Character. File ...
R/abundance_bar_plot.R#L29 #' - Taxa names are collapsed to the spe ...
R/abundance_bar_plot.R#L33 #' - Taxonomic strings matching `"d__Bac ...
R/abundance_bar_plot.R#L38 #' table_path <- system.file("extdata",  ...
R/abundance_bar_plot.R#L41 #' metadata_path <- system.file("extdata ...
R/abundance_bar_plot.R#L76   # Treat metadata's first column as the ...
R/abundance_bar_plot.R#L79   tax_col <- grep("taxonomy|Taxonomy|tax ...
R/abundance_bar_plot.R#L169     dplyr::summarise(dplyr::across(where ...
R/abundance_bar_plot.R#L172   table[,-1] <- sweep(table[,-1], 2, col ...
R/abundance_bar_plot.R#L188     tidyr::pivot_longer(cols = -taxonomy ...
R/abundance_bar_plot.R#L192   columns_to_join <- columns_to_join[!is ...
R/abundance_bar_plot.R#L207     dplyr::summarise(MeanAbundance = mea ...
R/abundance_bar_plot.R#L223       dplyr::summarise(MeanAbundance = m ...
R/abundance_bar_plot.R#L245     avg_by_group <- dplyr::right_join(al ...
R/abundance_bar_plot.R#L263             paste0("other ", stringr::st ...
R/abundance_bar_plot.R#L265             paste0("other ", stringr::st ...
R/abundance_bar_plot.R#L267             paste0("other ", stringr::st ...
R/abundance_bar_plot.R#L269             paste0("other ", stringr::st ...
R/abundance_bar_plot.R#L271             paste0("other ", stringr::st ...
R/abundance_bar_plot.R#L284               stringr::str_extract(taxon ...
R/abundance_bar_plot.R#L288             paste0("other ", stringr::st ...
R/abundance_bar_plot.R#L290             paste0("other ", stringr::st ...
R/abundance_bar_plot.R#L292             paste0("other ", stringr::st ...
R/abundance_bar_plot.R#L294             paste0("other ", stringr::st ...
R/abundance_bar_plot.R#L296             paste0("other ", stringr::st ...
R/abundance_bar_plot.R#L309           grepl("g__[^;]*", taxonomy) &  ...
R/abundance_bar_plot.R#L310           grepl("f__[^;]*", taxonomy) &  ...
R/abundance_bar_plot.R#L311           grepl("o__[^;]*", taxonomy) &  ...
R/abundance_bar_plot.R#L312           grepl("c__[^;]*", taxonomy) &  ...
R/abundance_bar_plot.R#L313           grepl("p__[^;]*", taxonomy) &  ...
R/abundance_bar_plot.R#L325           grepl("g__[^;]*", taxonomy) &  ...
R/abundance_bar_plot.R#L326           grepl("f__[^;]*", taxonomy) &  ...
R/abundance_bar_plot.R#L327           grepl("o__[^;]*", taxonomy) &  ...
R/abundance_bar_plot.R#L328           grepl("c__[^;]*", taxonomy) &  ...
R/abundance_bar_plot.R#L329           grepl("p__[^;]*", taxonomy) &  ...
R/abundance_bar_plot.R#L334   if (taxonomy_db %in% c("unite","silva" ...
R/abundance_bar_plot.R#L339           grepl("f__[^;]*", taxonomy) &  ...
R/abundance_bar_plot.R#L340           grepl("o__[^;]*", taxonomy) &  ...
R/abundance_bar_plot.R#L341           grepl("c__[^;]*", taxonomy) &  ...
R/abundance_bar_plot.R#L342           grepl("p__[^;]*", taxonomy) &  ...
R/abundance_bar_plot.R#L348   if (taxonomy_db %in% c("unite","silva" ...
R/abundance_bar_plot.R#L353           grepl("o__[^;]*", taxonomy) &  ...
R/abundance_bar_plot.R#L354           grepl("c__[^;]*", taxonomy) &  ...
R/abundance_bar_plot.R#L355           grepl("p__[^;]*", taxonomy) &  ...
R/abundance_bar_plot.R#L361   if (taxonomy_db %in% c("unite","silva" ...
R/abundance_bar_plot.R#L366           grepl("c__[^;]*", taxonomy) &  ...
R/abundance_bar_plot.R#L367           grepl("p__[^;]*", taxonomy) &  ...
R/abundance_bar_plot.R#L372   if (taxonomy_db %in% c("unite","silva" ...
R/abundance_bar_plot.R#L377           grepl("p__[^;]*", taxonomy) ~  ...
R/abundance_bar_plot.R#L390     avg_by_group[[facet_col]] <- factor( ...
R/abundance_bar_plot.R#L402   taxonomy_order <- unique(c(setdiff(tax ...
R/abundance_bar_plot.R#L403   avg_by_group$taxonomy <- factor(avg_by ...
R/abundance_bar_plot.R#L424     ggplot2::geom_bar(stat = "identity", ...
R/abundance_bar_plot.R#L465       p <- p + ggplot2::facet_grid(rows  ...
R/abundance_bar_plot.R#L469       p <- p + ggplot2::facet_wrap(ggplo ...
R/abundance_heatmap_plot.R#L3 #'This function create a heatmap to visu ...
R/abundance_heatmap_plot.R#L5 #' @param table Data frame with taxonomy ...
R/abundance_heatmap_plot.R#L6 #' @param metadata Data frame of charact ...
R/abundance_heatmap_plot.R#L23 #' @param cluster Logical indicating whe ...
R/abundance_heatmap_plot.R#L24 #' @param show_column_names Logical indi ...
R/abundance_heatmap_plot.R#L34 #'   when \code{save_table = TRUE}). Def ...
R/abundance_heatmap_plot.R#L47 #' table_path <- system.file("extdata",  ...
R/abundance_heatmap_plot.R#L50 #' metadata_path <- system.file("extdata ...
R/abundance_heatmap_plot.R#L85                                    table ...
R/abundance_heatmap_plot.R#L90   tax_col <- grep("taxonomy|Taxonomy|tax ...
R/abundance_heatmap_plot.R#L115     tidyr::separate(taxonomy2, into = c( ...
R/abundance_heatmap_plot.R#L118       grepl("g__[^;]*", taxonomy) & !gre ...
R/abundance_heatmap_plot.R#L119       grepl("f__[^;]*", taxonomy) & !gre ...
R/abundance_heatmap_plot.R#L120       grepl("o__[^;]*", taxonomy) & !gre ...
R/abundance_heatmap_plot.R#L121       grepl("c__[^;]*", taxonomy) & !gre ...
R/abundance_heatmap_plot.R#L122       grepl("p__[^;]*", taxonomy) & !gre ...
R/abundance_heatmap_plot.R#L127     { if (exclude_unclassified) dplyr::f ...
R/abundance_heatmap_plot.R#L134     dplyr::mutate(phylum = dplyr::case_w ...
R/abundance_heatmap_plot.R#L136                                      phy ...
R/abundance_heatmap_plot.R#L142     dplyr::mutate(phylum = ifelse(is.na( ...
R/abundance_heatmap_plot.R#L143   warning("Note: Some bacterial phylum n ...
R/abundance_heatmap_plot.R#L144           "\nReference: https://ncbiinsi ...
R/abundance_heatmap_plot.R#L228   c5.phylum <- rep_len(RColorBrewer::bre ...
R/abundance_heatmap_plot.R#L236     annotation_name_gp = grid::gpar(font ...
R/abundance_heatmap_plot.R#L267     color_mapping <- setNames(colors_con ...
R/abundance_heatmap_plot.R#L275       annotation_name_gp = grid::gpar(fo ...
R/abundance_heatmap_plot.R#L283       title = if (!is.null(name_legend_c ...
R/abundance_heatmap_plot.R#L299     color_mapping <- setNames(colors_con ...
R/abundance_heatmap_plot.R#L307       annotation_name_gp = grid::gpar(fo ...
R/abundance_heatmap_plot.R#L315       title = if (!is.null(name_legend_c ...
R/abundance_heatmap_plot.R#L332     color_mapping <- setNames(colors_con ...
R/abundance_heatmap_plot.R#L340       annotation_name_gp = grid::gpar(fo ...
R/abundance_heatmap_plot.R#L348       title = if (!is.null(name_legend_c ...
R/abundance_heatmap_plot.R#L366       title_gp = grid::gpar(fontsize = 1 ...
R/abundance_heatmap_plot.R#L372     row_names_gp = grid::gpar(fontsize = ...
R/abundance_heatmap_plot.R#L379     top_annotation = if (length(heatmap_ ...
R/abundance_sankey_plot.R#L3 #' @param table Data frame with one colu ...
R/abundance_sankey_plot.R#L5 #' @param maxn Maximum number of taxa pe ...
R/abundance_sankey_plot.R#L6 #' @param taxRanks Taxonomic levels to d ...
R/abundance_sankey_plot.R#L7 #' @param taxonomy_db Database to which  ...
R/abundance_sankey_plot.R#L18 #' table_path <- system.file("extdata",  ...
R/abundance_sankey_plot.R#L48   tax_col <- grep("taxonomy|Taxonomy|tax ...
R/abundance_sankey_plot.R#L60     tidyr::separate(taxonomy, into = c(" ...
R/abundance_sankey_plot.R#L65       dplyr::mutate(dplyr::across(c(k,p, ...
R/abundance_sankey_plot.R#L71       # eliminar prefijos tipo k__, p__, ...
R/abundance_sankey_plot.R#L72       dplyr::mutate(dplyr::across(c(k,p, ...
R/abundance_sankey_plot.R#L74       dplyr::mutate(dplyr::across(c(k,p, ...
R/abundance_sankey_plot.R#L80       dplyr::mutate(dplyr::across(c(k,p, ...
R/abundance_sankey_plot.R#L81       dplyr::mutate(dplyr::across(c(p,c, ...
R/abundance_sankey_plot.R#L82       dplyr::mutate(dplyr::across(c(k,p, ...
R/abundance_sankey_plot.R#L95       dplyr::mutate(dplyr::across(where( ...
R/abundance_sankey_plot.R#L96                     s = ifelse(!is.na(g) ...
R/abundance_sankey_plot.R#L103       dplyr::mutate(!!level := ifelse(gr ...
R/abundance_sankey_plot.R#L105       dplyr::select(c(all_of(level), nam ...
R/abundance_sankey_plot.R#L107       dplyr::summarise(dplyr::across(whe ...
R/abundance_sankey_plot.R#L132   genus     <- get_level_data(otu_rel_pa ...
R/abundance_sankey_plot.R#L133   specie    <- get_level_data(otu_rel_pa ...
R/abundance_sankey_plot.R#L135   my_report <- dplyr::bind_rows(bacteria ...
R/abundance_sankey_plot.R#L150                               lapply(spl ...
R/aldex_heatmap_plot.R#L19 #' @param cluster_columns Logical. Clust ...
R/aldex_heatmap_plot.R#L20 #' @param heatmap_colors Controls the co ...
R/aldex_heatmap_plot.R#L21 #'   Three options: \code{NULL} (default ...
R/aldex_heatmap_plot.R#L23 #'   \code{abundance_heatmap_plot}), wit ...
R/aldex_heatmap_plot.R#L52 #' table_path <- system.file("extdata",  ...
R/aldex_heatmap_plot.R#L55 #' metadata_path <- system.file("extdata ...
R/aldex_heatmap_plot.R#L188           paste0("other ", stringr::str_ ...
R/aldex_heatmap_plot.R#L190           paste0("other ", stringr::str_ ...
R/aldex_heatmap_plot.R#L192           paste0("other ", stringr::str_ ...
R/aldex_heatmap_plot.R#L194           paste0("other ", stringr::str_ ...
R/aldex_heatmap_plot.R#L224                           (is.character( ...
R/aldex_heatmap_plot.R#L356   taxon_face  <- ifelse(grepl("^other |^ ...
R/aldex_volcano_plot.R#L1 #' This function generates either an eff ...
R/aldex_volcano_plot.R#L3 #' @param table Data frame with count da ...
R/aldex_volcano_plot.R#L5 #' @param col_cond Name of the column in ...
R/aldex_volcano_plot.R#L6 #' @param type Type of plot to generate: ...
R/aldex_volcano_plot.R#L7 #' @param col_inf Color for points lower ...
R/aldex_volcano_plot.R#L8 #' @param col_sup Color for points highe ...
R/aldex_volcano_plot.R#L11 #' @param cond Name of the condition tha ...
R/aldex_volcano_plot.R#L13 #' @param show_labels Logical. Whether t ...
R/aldex_volcano_plot.R#L14 #' @param taxa Data frame with taxonomic ...
R/aldex_volcano_plot.R#L20 #' @param save_table Logical. If \code{T ...
R/aldex_volcano_plot.R#L21 #' @param table_filename Character. File ...
R/aldex_volcano_plot.R#L27 #' table_path <- system.file("extdata",  ...
R/aldex_volcano_plot.R#L30 #' metadata_path <- system.file("extdata ...
R/aldex_volcano_plot.R#L72     stop("Package 'ALDEx2' needed for th ...
R/aldex_volcano_plot.R#L76     stop("Package 'ggplot2' needed for t ...
R/aldex_volcano_plot.R#L83       " does not exist in the object 'me ...
R/aldex_volcano_plot.R#L87   tax_col <- grep("taxonomy|Taxonomy|tax ...
R/aldex_volcano_plot.R#L129         stringr::str_detect(Taxon, "g__" ...
R/aldex_volcano_plot.R#L130         stringr::str_detect(Taxon, "f__" ...
R/aldex_volcano_plot.R#L131         stringr::str_detect(Taxon, "c__" ...
R/aldex_volcano_plot.R#L132         stringr::str_detect(Taxon, "o__" ...
R/aldex_volcano_plot.R#L172     names(color_values) <- c(paste("High ...
R/aldex_volcano_plot.R#L175     p <- ggplot2::ggplot(plot_data, ggpl ...
R/aldex_volcano_plot.R#L198       ggplot2::scale_y_continuous(expand ...
R/aldex_volcano_plot.R#L203         top_taxa[!grepl("uncultured|uncu ...
R/aldex_volcano_plot.R#L276     p <- ggplot2::ggplot(plot_data, ggpl ...
R/aldex_volcano_plot.R#L309       ggplot2::scale_y_continuous(expand ...
R/aldex_volcano_plot.R#L314         top_taxa[!grepl("uncultured|uncu ...
R/alpha_decay_plot.R#L23 #' @param show_lm_stats Logical. If \cod ...
R/alpha_decay_plot.R#L63 #' table_path <- system.file("extdata",  ...
R/alpha_decay_plot.R#L66 #' metadata_path <- system.file("extdata ...
R/alpha_decay_plot.R#L241   colorb_default <- if (!is.null(group_c ...
R/alpha_decay_plot.R#L280   q_labeller <- ggplot2::as_labeller(.mb ...
R/alpha_decay_plot.R#L371     plots <- lapply(plots, function(pl)  ...
R/alpha_decay_plot.R#L389       "top"    = cowplot::plot_grid(leg, ...
R/alpha_decay_plot.R#L390       "left"   = cowplot::plot_grid(leg, ...
R/alpha_decay_plot.R#L391       "right"  = cowplot::plot_grid(pane ...
R/alpha_decay_plot.R#L400       cowplot::draw_label(title, fontfac ...
R/alpha_diversity_plot.R#L3 #' This function generates a boxplot or  ...
R/alpha_diversity_plot.R#L4 #' for a given dataset, faceted by one o ...
R/alpha_diversity_plot.R#L9 #' @param metadata A data frame with met ...
R/alpha_diversity_plot.R#L10 #' @param type Type of plot: either "box ...
R/alpha_diversity_plot.R#L11 #' @param stat Optional. A string indica ...
R/alpha_diversity_plot.R#L17 #' @param facet_by2 Optional. A metadata ...
R/alpha_diversity_plot.R#L18 #' @param facet_orientation Whether `fac ...
R/alpha_diversity_plot.R#L19 #' @param palette Color palette to use:  ...
R/alpha_diversity_plot.R#L20 #' @param group_colors A vector of custo ...
R/alpha_diversity_plot.R#L26 #' @param legend_position Position of th ...
R/alpha_diversity_plot.R#L30 #' @param free_y Logical. Whether y-axis ...
R/alpha_diversity_plot.R#L31 #' @param rarefy_depth Integer. If provi ...
R/alpha_diversity_plot.R#L51 #' @param save_table Logical. If \code{T ...
R/alpha_diversity_plot.R#L52 #' @param table_filename Character. File ...
R/alpha_diversity_plot.R#L57 #' table_path <- system.file("extdata",  ...
R/alpha_diversity_plot.R#L60 #' metadata_path <- system.file("extdata ...
R/alpha_diversity_plot.R#L113   # Treat metadata's first column as the ...
R/alpha_diversity_plot.R#L128   if (length(common_samples) == 0) stop( ...
R/alpha_diversity_plot.R#L165   results[[fill_col]] <- factor(results[ ...
R/alpha_diversity_plot.R#L166   results[[x_col]] <- factor(results[[x_ ...
R/alpha_diversity_plot.R#L175   colorb_default <- if (nlevels(results[ ...
R/alpha_diversity_plot.R#L188   facet_scales <- if (free_y) "free_y" e ...
R/alpha_diversity_plot.R#L294     row_levels <- if (has_facet_by) sort ...
R/alpha_diversity_plot.R#L313       if (has_facet_by) cell_data <- cel ...
R/alpha_diversity_plot.R#L350           ggplot2::scale_y_continuous(ex ...
R/alpha_diversity_plot.R#L354               label = paste0("p = ", sca ...
R/alpha_diversity_plot.R#L371             strip.background = ggplot2:: ...
R/alpha_diversity_plot.R#L373             strip.text.y = .mbm_strip_te ...
R/alpha_diversity_plot.R#L379             strip.background = ggplot2:: ...
R/alpha_diversity_plot.R#L386             strip.background.y = ggplot2 ...
R/alpha_diversity_plot.R#L387             strip.text.y = .mbm_strip_te ...
R/alpha_diversity_plot.R#L427       leg <- cowplot::get_legend(build_c ...
R/alpha_diversity_plot.R#L432     plots <- lapply(plots, function(pl)  ...
R/alpha_diversity_plot.R#L449         "top"    = cowplot::plot_grid(le ...
R/alpha_diversity_plot.R#L450         "left"   = cowplot::plot_grid(le ...
R/alpha_diversity_plot.R#L451         "right"  = cowplot::plot_grid(pa ...
R/alpha_diversity_plot.R#L460         cowplot::draw_label(title, fontf ...
R/alpha_diversity_plot.R#L489         strip.background = ggplot2::elem ...
R/alpha_diversity_plot.R#L512             label = paste0("p = ", scale ...
R/alpha_diversity_plot.R#L523       ggplot2::scale_y_continuous(expand ...
R/alpha_diversity_plot.R#L549     orig_row_of_panel <- vapply(panel_na ...
R/alpha_diversity_plot.R#L575           t = tag_row, l = max(1, panel_ ...
R/alpha_hill_corr_plot.R#L38 #' table_path <- system.file("extdata",  ...
R/alpha_hill_corr_plot.R#L112     ggplot2::labs(y = expression(paste(i ...
R/alpha_hill_corr_plot.R#L134     ggplot2::labs(y = expression(paste(i ...
R/alpha_hill_corr_plot.R#L156     ggplot2::labs(y = expression(paste(i ...
R/alpha_hill_corr_plot.R#L162   } else if (identical(panel_label_case, ...
R/alpha_hill_plot.R#L3 #' This function generates a boxplot or  ...
R/alpha_hill_plot.R#L4 #' for a given dataset, faceted by one o ...
R/alpha_hill_plot.R#L9 #' @param metadata A data frame with met ...
R/alpha_hill_plot.R#L10 #' @param type Type of plot: either "box ...
R/alpha_hill_plot.R#L11 #' @param stat Optional. A string indica ...
R/alpha_hill_plot.R#L17 #' @param facet_by2 Optional. A metadata ...
R/alpha_hill_plot.R#L18 #' @param facet_orientation Whether `fac ...
R/alpha_hill_plot.R#L19 #' @param palette Color palette to use:  ...
R/alpha_hill_plot.R#L20 #' @param group_colors A vector of custo ...
R/alpha_hill_plot.R#L26 #' @param legend_position Position of th ...
R/alpha_hill_plot.R#L30 #' @param free_y Logical. Whether y-axis ...
R/alpha_hill_plot.R#L50 #' @param save_table Logical. If \code{T ...
R/alpha_hill_plot.R#L51 #' @param table_filename Character. File ...
R/alpha_hill_plot.R#L56 #' table_path <- system.file("extdata",  ...
R/alpha_hill_plot.R#L59 #' metadata_path <- system.file("extdata ...
R/alpha_hill_plot.R#L111   if (length(common_samples) == 0) stop( ...
R/alpha_hill_plot.R#L140   results[[fill_col]] <- factor(results[ ...
R/alpha_hill_plot.R#L141   results[[x_col]] <- factor(results[[x_ ...
R/alpha_hill_plot.R#L150   colorb_default <- if (nlevels(results[ ...
R/alpha_hill_plot.R#L163   facet_scales <- if (free_y) "free_y" e ...
R/alpha_hill_plot.R#L274     row_levels <- if (has_facet_by) sort ...
R/alpha_hill_plot.R#L293       if (has_facet_by) cell_data <- cel ...
R/alpha_hill_plot.R#L332           ggplot2::scale_y_continuous(ex ...
R/alpha_hill_plot.R#L336               label = paste0("p = ", sca ...
R/alpha_hill_plot.R#L354             strip.background = ggplot2:: ...
R/alpha_hill_plot.R#L356             strip.text.y = .mbm_strip_te ...
R/alpha_hill_plot.R#L362             strip.background = ggplot2:: ...
R/alpha_hill_plot.R#L369             strip.background.y = ggplot2 ...
R/alpha_hill_plot.R#L370             strip.text.y = .mbm_strip_te ...
R/alpha_hill_plot.R#L410       leg <- cowplot::get_legend(build_c ...
R/alpha_hill_plot.R#L415     plots <- lapply(plots, function(pl)  ...
R/alpha_hill_plot.R#L432         "top"    = cowplot::plot_grid(le ...
R/alpha_hill_plot.R#L433         "left"   = cowplot::plot_grid(le ...
R/alpha_hill_plot.R#L434         "right"  = cowplot::plot_grid(pa ...
R/alpha_hill_plot.R#L443         cowplot::draw_label(title, fontf ...
R/alpha_hill_plot.R#L472         strip.background = ggplot2::elem ...
R/alpha_hill_plot.R#L495             label = paste0("p = ", scale ...
R/alpha_hill_plot.R#L506       ggplot2::scale_y_continuous(expand ...
R/alpha_hill_plot.R#L532     orig_row_of_panel <- vapply(panel_na ...
R/alpha_hill_plot.R#L558           t = tag_row, l = max(1, panel_ ...
R/ancombc_plot.R#L63 #' table_path <- system.file("extdata",  ...
R/ancombc_plot.R#L66 #' metadata_path <- system.file("extdata ...
R/ancombc_plot.R#L122     metadata[[col_cond]] <- stats::relev ...
R/ancombc_plot.R#L197   simple_terms    <- trimws(unlist(strsp ...
R/ancombc_plot.R#L238     fill_colors <- stats::setNames(bar_c ...
R/ancombc_plot.R#L257       ggplot2::scale_fill_manual(values  ...
R/ancombc_plot.R#L310       ggplot2::scale_fill_manual(values  ...
R/ancombc_plot.R#L388     if (length(lfc_t) == 0) next   # ter ...
R/beta_decay_plot.R#L41 #'   \code{"black"}, matching \code{alph ...
R/beta_decay_plot.R#L43 #'   \code{"#D55E00"}, matching \code{al ...
R/beta_decay_plot.R#L63 #' table_path <- system.file("extdata",  ...
R/beta_decay_plot.R#L66 #' metadata_path <- system.file("extdata ...
R/beta_decay_plot.R#L167   groups <- if (!is.null(group_col)) as. ...
R/beta_decay_plot.R#L214         method_sym, mantel_res$statistic ...
R/beta_decay_plot.R#L219         method_sym, mantel_res$statistic ...
R/beta_decay_plot.R#L257       side <- if (n_groups == 1) "right" ...
R/beta_decay_plot.R#L293   dist_name <- if (distance %in% names(d ...
R/beta_decay_plot.R#L329     colorb_default <- if (length(unique( ...
R/beta_decay_plot.R#L334         "grey"    = ggplot2::scale_color ...
R/beta_decay_plot.R#L336         "brewer"  = ggplot2::scale_color ...
R/beta_dissimilarity_plot.R#L3 #' This function calculates beta diversi ...
R/beta_dissimilarity_plot.R#L4 #' and generates a ggplot2 boxplot with  ...
R/beta_dissimilarity_plot.R#L5 #' needs to specify the metadata column( ...
R/beta_dissimilarity_plot.R#L6 #' constructs the comparison pairs inter ...
R/beta_dissimilarity_plot.R#L9 #' @param metadata Data frame with sampl ...
R/beta_dissimilarity_plot.R#L10 #' @param comparison_condition1 Optional ...
R/beta_dissimilarity_plot.R#L12 #' @param condition2_col Optional column ...
R/beta_dissimilarity_plot.R#L13 #' @param facet_colors Optional vector o ...
R/beta_dissimilarity_plot.R#L14 #' @param group_colors Optional named ve ...
R/beta_dissimilarity_plot.R#L15 #'   colorblind-friendly Okabe-Ito palet ...
R/beta_dissimilarity_plot.R#L17 #' @param partition Type of beta diversi ...
R/beta_dissimilarity_plot.R#L18 #' @param family Family for turnover/nes ...
R/beta_dissimilarity_plot.R#L21 #'   \code{"kruskal.test"}, \code{"anova ...
R/beta_dissimilarity_plot.R#L25 #' @param strip_text_bold Logical. If \c ...
R/beta_dissimilarity_plot.R#L26 #' @param aspect_ratio Numeric. Sets the ...
R/beta_dissimilarity_plot.R#L27 #' @param save_table Logical. If \code{T ...
R/beta_dissimilarity_plot.R#L28 #' @param table_filename Character. File ...
R/beta_dissimilarity_plot.R#L34 #' table_path <- system.file("extdata",  ...
R/beta_dissimilarity_plot.R#L37 #' metadata_path <- system.file("extdata ...
R/beta_dissimilarity_plot.R#L71   tax_col <- grep("taxonomy|Taxonomy|tax ...
R/beta_dissimilarity_plot.R#L88       beta_mat <- if(partition=="turnove ...
R/beta_dissimilarity_plot.R#L90       beta_mat <- if(partition=="turnove ...
R/beta_dissimilarity_plot.R#L98   beta_df <- dplyr::left_join(beta_df, m ...
R/beta_dissimilarity_plot.R#L103                            condition1_gr ...
R/beta_dissimilarity_plot.R#L105                                          ...
R/beta_dissimilarity_plot.R#L106   beta_df <- dplyr::distinct(beta_df, si ...
R/beta_dissimilarity_plot.R#L110     beta_df <- dplyr::filter(beta_df, co ...
R/beta_dissimilarity_plot.R#L127     group_colors <- if (n_groups == 2) . ...
R/beta_dissimilarity_plot.R#L129   if(!is.null(names(group_colors)==FALSE ...
R/beta_dissimilarity_plot.R#L161         strip = ggh4x::strip_themed(back ...
R/beta_dissimilarity_plot.R#L178         label = paste0("p = ", scales::l ...
R/beta_diversity.R#L3 #' @param table table Data frame where c ...
R/beta_diversity.R#L4 #' @param metadata  A data frame with sa ...
R/beta_diversity.R#L15 #'   Default \code{FALSE}, since the sam ...
R/beta_diversity.R#L37 #' table_path <- system.file("extdata",  ...
R/beta_diversity.R#L40 #' metadata_path <- system.file("extdata ...
R/beta_diversity.R#L45 #' # pairwise self-join (condition.x = s ...
R/beta_diversity.R#L49 #'   comparison_condition1 = c("Rhizosph ...
R/beta_diversity.R#L50 #'   comparison_condition2 = c("Control_ ...
R/beta_diversity.R#L79   # Treat metadata's first column as the ...
R/beta_diversity.R#L83   tax_col <- grep("taxonomy|Taxonomy|tax ...
R/beta_diversity.R#L90   if (nrow(otu_filter) == 0) stop("OTU t ...
R/beta_diversity.R#L109       warning("Could not compute hill_ta ...
R/beta_diversity.R#L117   if (nrow(beta_total) == 0) stop("Could ...
R/beta_diversity.R#L125   if (nrow(beta_formato) == 0) stop("Cou ...
R/beta_diversity.R#L130     tidyr::unite("compar_condition1", dp ...
R/beta_diversity.R#L131     tidyr::unite("compar_condition2", dp ...
R/beta_diversity.R#L138   if (nrow(beta_final) == 0) stop("After ...
R/beta_diversity.R#L152   x_text  <- if (show_x_labels) .mbm_x_t ...
R/beta_diversity.R#L153   x_ticks <- if (show_x_labels) ggplot2: ...
R/beta_diversity.R#L162                        strip = ggh4x::st ...
R/beta_diversity.R#L169         axis.title.y = ggplot2::element_ ...
R/beta_diversity.R#L170                                          ...
R/beta_diversity.R#L174         strip.text.x = .mbm_strip_text(s ...
R/beta_diversity.R#L177         panel.border = ggplot2::element_ ...
R/beta_diversity.R#L192       ggplot2::scale_y_continuous(expand ...
R/beta_diversity.R#L196           label = paste0("p = ", scales: ...
R/beta_ord_plot.R#L3 #' This function computes beta diversity ...
R/beta_ord_plot.R#L4 #' (PCA, PCoA, NMDS). It requires an abu ...
R/beta_ord_plot.R#L5 #' of color and shape aesthetics. It als ...
R/beta_ord_plot.R#L7 #' @param table A data frame with abunda ...
R/beta_ord_plot.R#L8 #' @param metadata A data frame with sam ...
R/beta_ord_plot.R#L9 #' @param distance Distance method: one  ...
R/beta_ord_plot.R#L11 #' @param ordination Ordination method:  ...
R/beta_ord_plot.R#L40 #' @param arrows_size Numeric. Size/leng ...
R/beta_ord_plot.R#L41 #' @param title Plot title. \code{"auto" ...
R/beta_ord_plot.R#L58 #' table_path <- system.file("extdata",  ...
R/beta_ord_plot.R#L61 #' metadata_path <- system.file("extdata ...
R/beta_ord_plot.R#L103   tax_col <- grep("taxonomy|Taxonomy|tax ...
R/beta_ord_plot.R#L107     stop("PCA is only available with 'co ...
R/beta_ord_plot.R#L121   otu_table <- as.data.frame(lapply(abun ...
R/beta_ord_plot.R#L131   if (length(common_samples) == 0) stop( ...
R/beta_ord_plot.R#L140                                    denom ...
R/beta_ord_plot.R#L144     dist_matrix <- vegan::vegdist(t(otu_ ...
R/beta_ord_plot.R#L160                   pca_input <- if (!is.n ...
R/beta_ord_plot.R#L162                   list(ord = pca, expl_v ...
R/beta_ord_plot.R#L167                   list(ord = pcoa, expl_ ...
R/beta_ord_plot.R#L169                 "NMDS" = list(ord = vega ...
R/beta_ord_plot.R#L191   x_lab <- if (!is.null(expl_var)) paste ...
R/beta_ord_plot.R#L192   y_lab <- if (!is.null(expl_var)) paste ...
R/beta_ord_plot.R#L212         if (fill) ggplot2::scale_fill_gr ...
R/beta_ord_plot.R#L213         else ggplot2::scale_color_gradie ...
R/beta_ord_plot.R#L215         if (fill) ggplot2::scale_fill_gr ...
R/beta_ord_plot.R#L216         else ggplot2::scale_color_gradie ...
R/beta_ord_plot.R#L219         if (fill) ggplot2::scale_fill_vi ...
R/beta_ord_plot.R#L220         else ggplot2::scale_color_viridi ...
R/beta_ord_plot.R#L224         if (fill) ggplot2::scale_fill_ma ...
R/beta_ord_plot.R#L228           "grey"    = if (fill) ggplot2: ...
R/beta_ord_plot.R#L229                       else ggplot2::scal ...
R/beta_ord_plot.R#L230           "viridis" = if (fill) ggplot2: ...
R/beta_ord_plot.R#L232           "brewer"  = if (fill) ggplot2: ...
R/beta_ord_plot.R#L233                       else ggplot2::scal ...
R/beta_ord_plot.R#L235           if (fill) ggplot2::scale_fill_ ...
R/beta_ord_plot.R#L236           else ggplot2::scale_color_manu ...
R/beta_ord_plot.R#L270       caption = if (ordination == "NMDS" ...
R/beta_ord_plot.R#L298       if (is.na(taxon_string) || taxon_s ...
R/beta_ord_plot.R#L375     rot_df$label <- vapply(rot_df$Taxon, ...
R/beta_ord_plot.R#L391                             arrow = ggpl ...
R/beta_ord_plot.R#L411     colnames(site_out)[colnames(site_out ...
R/beta_ord_plot.R#L415       colnames(loading_out)[colnames(loa ...
R/beta_partition_ord_plot.R#L4 #' using the betapart package, and plots ...
R/beta_partition_ord_plot.R#L9 #' @param metadata Data frame with sampl ...
R/beta_partition_ord_plot.R#L15 #' @param point_size Numeric. Size of po ...
R/beta_partition_ord_plot.R#L27 #' @param save_table Logical. If \code{T ...
R/beta_partition_ord_plot.R#L28 #' @param table_filename Character. Base ...
R/beta_partition_ord_plot.R#L34 #' table_path <- system.file("extdata",  ...
R/beta_partition_ord_plot.R#L37 #' metadata_path <- system.file("extdata ...
R/beta_partition_ord_plot.R#L152     utils::write.table(jacs_df, file = f ...
R/beta_partition_ord_plot.R#L153     utils::write.table(jtus_df, file = f ...
R/beta_partition_ord_plot.R#L154     utils::write.table(jnes_df, file = f ...
R/beta_partition_ord_plot.R#L200       ggplot2::geom_label(data = y$df_me ...
R/beta_partition_ord_plot.R#L206       ggplot2::labs(color = if(!is.null( ...
R/beta_partition_ord_plot.R#L231       colour = ggplot2::guide_legend(nro ...
R/beta_partition_ord_plot.R#L244   } else if (identical(panel_label_case, ...
R/beta_partition_ord_plot.R#L247     plot_jac + ggplot2::theme(legend.pos ...
R/beta_partition_ord_plot.R#L248       ggplot2::ylab("DIM2") + ggplot2::x ...
R/beta_partition_ord_plot.R#L249      plot_turn + ggplot2::theme(legend.p ...
R/beta_partition_ord_plot.R#L250       ggplot2::ylab("") + ggplot2::xlab( ...
R/beta_partition_ord_plot.R#L251     plot_nes + ggplot2::theme(legend.pos ...
R/beta_partition_ord_plot.R#L252       ggplot2::ylab("") + ggplot2::xlab( ...
R/beta_partition_ord_plot.R#L253     ncol = 3, align = "hv", labels = res ...
R/beta_partition_ord_plot.R#L262   combined_plot <- cowplot::plot_grid(le ...
R/beta_test_table.R#L9 #' @param metadata Data frame of charact ...
R/beta_test_table.R#L36 #' table_path <- system.file("extdata",  ...
R/beta_test_table.R#L39 #' metadata_path <- system.file("extdata ...
R/beta_test_table.R#L90   # --- Aceptar tambien data.frame o un  ...
R/beta_test_table.R#L121       stop("Variables ", paste(vars[!var ...
R/beta_test_table.R#L137            "(data frame with a taxonomy  ...
R/beta_test_table.R#L143                                      den ...
R/beta_test_table.R#L173     tabla$Term <- ifelse(rownames(tabla) ...
R/beta_test_table.R#L184     dplyr::mutate(across(where(is.numeri ...
R/beta_test_table.R#L229     filas_signif <- which(is_below_thres ...
R/beta_test_table.R#L232         tab <- ggpubr::table_cell_font(t ...
R/cca_rda_biplot.R#L3 #' Performs Canonical Correspondence Ana ...
R/cca_rda_biplot.R#L4 #' and selected environmental variables, ...
R/cca_rda_biplot.R#L13 #' @param env_vars A character vector wi ...
R/cca_rda_biplot.R#L14 #' @param method Transformation method p ...
R/cca_rda_biplot.R#L15 #' @param metadata Optional data frame w ...
R/cca_rda_biplot.R#L16 #' @param group_col Optional name of the ...
R/cca_rda_biplot.R#L19 #' @param scale_env Logical; whether to  ...
R/cca_rda_biplot.R#L20 #' @param pval_threshold P-value thresho ...
R/cca_rda_biplot.R#L21 #' @param show_all_env_vectors Logical;  ...
R/cca_rda_biplot.R#L25 #' @param title Plot title. \code{"auto" ...
R/cca_rda_biplot.R#L29 #'   \code{type} column (\code{"site"} o ...
R/cca_rda_biplot.R#L33 #' @return A `ggplot` object displaying  ...
R/cca_rda_biplot.R#L37 #' table_path <- system.file("extdata",  ...
R/cca_rda_biplot.R#L40 #' metadata_path <- system.file("extdata ...
R/cca_rda_biplot.R#L74   tax_col <- grep("taxonomy|Taxonomy|tax ...
R/cca_rda_biplot.R#L94     original_meta_ids <- if(all(rownames ...
R/cca_rda_biplot.R#L104     if (length(common_samples) == 0 && n ...
R/cca_rda_biplot.R#L105       warning("No exact ID matches found ...
R/cca_rda_biplot.R#L112            "Table samples (first 6): ",  ...
R/cca_rda_biplot.R#L113            "Metadata samples (first 6):  ...
R/cca_rda_biplot.R#L121     metadata <- metadata[match(common_sa ...
R/cca_rda_biplot.R#L133     env_scaled <- scale(env_data[, env_v ...
R/cca_rda_biplot.R#L171       warning("No hay variables ambienta ...
R/cca_rda_biplot.R#L172       return(ggplot2::ggplot() + ggplot2 ...
R/cca_rda_biplot.R#L177   vectors_scores <- vegan::scores(fit, d ...
R/cca_rda_biplot.R#L182   site_scores <- vegan::scores(ord_resul ...
R/cca_rda_biplot.R#L188     colnames(site_out)[colnames(site_out ...
R/cca_rda_biplot.R#L200   if (!is.null(metadata) && !is.null(gro ...
R/cca_rda_biplot.R#L204     site_scores <- merge(site_scores, me ...
R/cca_rda_biplot.R#L208     default_colors <- if (length(groups_ ...
R/cca_rda_biplot.R#L218     plot <- ggplot2::ggplot(site_scores, ...
R/cca_rda_biplot.R#L222     plot <- ggplot2::ggplot(site_scores, ...
R/collapse_table.R#L11 #'   a column with OTUID, one with taxon ...
R/collapse_table.R#L27 #' table_path <- system.file("extdata",  ...
R/collapse_table.R#L30 #' metadata_path <- system.file("extdata ...
R/collapse_table.R#L105   table_final <- dplyr::bind_rows(lowres ...
R/collapse_table.R#L106                                   highre ...
R/collapse_table.R#L115     table_final[, ordered_samples] <- sw ...
R/collapse_table.R#L117                                          ...
R/corr_env_abund_plot.R#L3 #' This function calculates the relative ...
R/corr_env_abund_plot.R#L4 #' (phylum, genus, or species) from a co ...
R/corr_env_abund_plot.R#L5 #' abundances and environmental variable ...
R/corr_env_abund_plot.R#L19 #'   stats::cor.test. Supported options  ...
R/corr_env_abund_plot.R#L26 #' @param col_palette Character vector d ...
R/corr_env_abund_plot.R#L58 #' table_path <- system.file("extdata",  ...
R/corr_env_abund_plot.R#L61 #' metadata_path <- system.file("extdata ...
R/corr_env_abund_plot.R#L69 #' # Uses the default colorblind-friendl ...
R/corr_env_abund_plot.R#L105   tax_col <- grep("taxonomy|Taxonomy|tax ...
R/corr_env_abund_plot.R#L127     common_samples <- Reduce(intersect,  ...
R/corr_env_abund_plot.R#L128     table <- table[, c(tax_col, match(co ...
R/corr_env_abund_plot.R#L137     table <- table[, c(tax_col, match(co ...
R/corr_env_abund_plot.R#L203   #modificar la columna taxonomy para so ...
R/corr_env_abund_plot.R#L218             paste0("other ", stringr::st ...
R/corr_env_abund_plot.R#L220             paste0("other ", stringr::st ...
R/corr_env_abund_plot.R#L222             paste0("other ", stringr::st ...
R/corr_env_abund_plot.R#L224             paste0("other ", stringr::st ...
R/corr_env_abund_plot.R#L226             paste0("other ", stringr::st ...
R/corr_env_abund_plot.R#L239               stringr::str_extract(taxon ...
R/corr_env_abund_plot.R#L243             paste0("other ", stringr::st ...
R/corr_env_abund_plot.R#L245             paste0("other ", stringr::st ...
R/corr_env_abund_plot.R#L247             paste0("other ", stringr::st ...
R/corr_env_abund_plot.R#L249             paste0("other ", stringr::st ...
R/corr_env_abund_plot.R#L251             paste0("other ", stringr::st ...
R/corr_env_abund_plot.R#L264           grepl("g__[^;]*", taxonomy) &  ...
R/corr_env_abund_plot.R#L265           grepl("f__[^;]*", taxonomy) &  ...
R/corr_env_abund_plot.R#L266           grepl("o__[^;]*", taxonomy) &  ...
R/corr_env_abund_plot.R#L267           grepl("c__[^;]*", taxonomy) &  ...
R/corr_env_abund_plot.R#L268           grepl("p__[^;]*", taxonomy) &  ...
R/corr_env_abund_plot.R#L280           grepl("g__[^;]*", taxonomy) &  ...
R/corr_env_abund_plot.R#L281           grepl("f__[^;]*", taxonomy) &  ...
R/corr_env_abund_plot.R#L282           grepl("o__[^;]*", taxonomy) &  ...
R/corr_env_abund_plot.R#L283           grepl("c__[^;]*", taxonomy) &  ...
R/corr_env_abund_plot.R#L284           grepl("p__[^;]*", taxonomy) &  ...
R/corr_env_abund_plot.R#L289   if (taxonomy_db %in% c("unite","silva" ...
R/corr_env_abund_plot.R#L294           grepl("f__[^;]*", taxonomy) &  ...
R/corr_env_abund_plot.R#L295           grepl("o__[^;]*", taxonomy) &  ...
R/corr_env_abund_plot.R#L296           grepl("c__[^;]*", taxonomy) &  ...
R/corr_env_abund_plot.R#L297           grepl("p__[^;]*", taxonomy) &  ...
R/corr_env_abund_plot.R#L303   if (taxonomy_db %in% c("unite","silva" ...
R/corr_env_abund_plot.R#L308           grepl("o__[^;]*", taxonomy) &  ...
R/corr_env_abund_plot.R#L309           grepl("c__[^;]*", taxonomy) &  ...
R/corr_env_abund_plot.R#L310           grepl("p__[^;]*", taxonomy) &  ...
R/corr_env_abund_plot.R#L316   if (taxonomy_db %in% c("unite","silva" ...
R/corr_env_abund_plot.R#L321           grepl("c__[^;]*", taxonomy) &  ...
R/corr_env_abund_plot.R#L322           grepl("p__[^;]*", taxonomy) &  ...
R/corr_env_abund_plot.R#L327   if (taxonomy_db %in% c("unite","silva" ...
R/corr_env_abund_plot.R#L332           grepl("p__[^;]*", taxonomy) ~  ...
R/corr_env_abund_plot.R#L379   # Seleccionar solo las variables ambie ...
R/corr_env_abund_plot.R#L402   corr_mat <- stats::cor(env, t(abund),  ...
R/corr_env_abund_plot.R#L440     signif_taxa <- rownames(abund)[apply ...
R/corr_env_abund_plot.R#L442     corr_mat <- stats::cor(env, t(abund) ...
R/corr_env_abund_plot.R#L476                          ggplot2::aes(x  ...
R/corr_env_abund_plot.R#L479                          ggplot2::aes(x  ...
R/merge_feature_taxonomy.R#L3 #' This function joins a feature table ( ...
R/merge_feature_taxonomy.R#L5 #' @param table A data frame or matrix w ...
R/merge_feature_taxonomy.R#L12 #'   when \code{save_table = TRUE}). Def ...
R/merge_feature_taxonomy.R#L14 #' @return A data frame with counts and  ...
R/merge_feature_taxonomy.R#L19 #' table_path <- system.file("extdata",  ...
R/merge_feature_taxonomy.R#L34                                    table ...
R/merge_feature_taxonomy.R#L52             " taxonomy IDs are not prese ...
R/random_forest_lollipop_plot.R#L13 #'   when \code{save_table = TRUE}). Def ...
R/random_forest_lollipop_plot.R#L15 #' @return A lollipop plot showing top i ...
R/random_forest_lollipop_plot.R#L20 #' table_path <- system.file("extdata",  ...
R/random_forest_lollipop_plot.R#L23 #' metadata_path <- system.file("extdata ...
R/random_forest_lollipop_plot.R#L42                                   table_ ...
R/random_forest_lollipop_plot.R#L44   tax_col <- grep("taxonomy|Taxonomy|tax ...
R/random_forest_lollipop_plot.R#L67   metadata_filtered <- metadata[metadata ...
R/random_forest_lollipop_plot.R#L98     data.frame(ASV = colnames(as.data.fr ...
R/random_forest_lollipop_plot.R#L107       into = c("Domain", "Phylum", "Clas ...
R/random_forest_lollipop_plot.R#L120           paste0("other ", stringr::str_ ...
R/random_forest_lollipop_plot.R#L122           paste0("other ", stringr::str_ ...
R/random_forest_lollipop_plot.R#L124           paste0("other ", stringr::str_ ...
R/random_forest_lollipop_plot.R#L126           paste0("other ", stringr::str_ ...
R/random_forest_lollipop_plot.R#L149       Old = c("Proteobacteria", "Actinob ...
R/random_forest_lollipop_plot.R#L155     warning("Note: Some bacterial phylum ...
R/random_forest_lollipop_plot.R#L156             paste(sprintf("  - '%s' chan ...
R/random_forest_lollipop_plot.R#L157             "\nReference: https://ncbiin ...
R/random_forest_lollipop_plot.R#L163       warning(sprintf("Custom palette ha ...
R/random_forest_lollipop_plot.R#L173   top_asvs.modified$MeanDecreaseGini <-  ...
R/ratios_bubble_plot.R#L6 #' plot, where bubble size represents me ...
R/ratios_bubble_plot.R#L11 #' @param metadata A data frame containi ...
R/ratios_bubble_plot.R#L20 #' @param top_n Integer. Number of taxa  ...
R/ratios_bubble_plot.R#L40 #' table_path <- system.file("extdata",  ...
R/ratios_bubble_plot.R#L43 #' metadata_path <- system.file("extdata ...
R/ratios_bubble_plot.R#L85     dplyr::summarise(dplyr::across(dplyr ...
R/ratios_bubble_plot.R#L137               !grepl("g__uncultured|g__$ ...
R/ratios_bubble_plot.R#L164             grepl("p__[^;]*", taxonomy)  ...
R/ratios_bubble_plot.R#L172     dplyr::summarise(dplyr::across(dplyr ...
R/ratios_bubble_plot.R#L183     tidyr::pivot_longer(-taxonomy, names ...
R/ratios_bubble_plot.R#L205       MeanAbund = mean(c(.data[[conditio ...
R/venn_plot.R#L3 #' This function creates a Venn diagram  ...
R/venn_plot.R#L4 #' based on the user's preference. It in ...
R/venn_plot.R#L7 #' @param table A data frame containing  ...
R/venn_plot.R#L8 #' @param metadata A data frame containi ...
R/venn_plot.R#L9 #' @param merge_by A character string sp ...
R/venn_plot.R#L10 #' @param selected_samples Optional char ...
R/venn_plot.R#L11 #' @param min_prevalence Optional numeri ...
R/venn_plot.R#L13 #' @param method Character string: `ggve ...
R/venn_plot.R#L14 #' @param group_colors Optional vector o ...
R/venn_plot.R#L25 #' table_path <- system.file("extdata",  ...
R/venn_plot.R#L28 #' metadata_path <- system.file("extdata ...
R/venn_plot.R#L64   tax_col <- grep("taxonomy|Taxonomy|tax ...
R/venn_plot.R#L67   if (!merge_by %in% colnames(metadata)) ...
R/venn_plot.R#L81   metadata_split <- metadata_split[vappl ...
R/zzz.R#L30     stop("Table does not match expected  ...
R/zzz.R#L35     taxonomy$Taxon <- gsub("[kdpcofgs]__ ...
R/zzz.R#L36     taxonomy$Taxon <- gsub("D_\\d__", "" ...
R/zzz.R#L65       "This dissimilarity partition only ...
R/zzz.R#L66       "so a 2D spider plot can't be draw ...
R/zzz.R#L67       "of the beta-diversity partition ( ...
R/zzz.R#L68       "the whole dataset - i.e. it's a p ...
R/zzz.R#L76   df_mean.ord <- stats::aggregate(df_ord ...
R/zzz.R#L189 .mbm_strip_text <- function(bold = FALSE ...
R/zzz.R#L207   "PuYl" = c("#440154", "white", "#FDE72 ...
R/zzz.R#L214 # Use with `ggplot2::as_labeller(.mbm_q_ ...
vignettes/metabarcoding.Rmd#L26 🧬 MicroBioMeta is an R designed to handl ...
vignettes/metabarcoding.Rmd#L28 For this example, we will use data seque ...
vignettes/metabarcoding.Rmd#L32 For 16S 🦠: [Hereira-Pacheco, S.E., Navar ...
vignettes/metabarcoding.Rmd#L34 For 18S 🍄: [Hereira-Pacheco, S. E., Estr ...
vignettes/metabarcoding.Rmd#L49 [`tidyverse`](https://tidyverse.org/) is ...
vignettes/metabarcoding.Rmd#L51 Next, we load the data and reformat it.  ...
vignettes/metabarcoding.Rmd#L53 We use in this example: [`qiime2R`](http ...
vignettes/metabarcoding.Rmd#L68 bacteria_table <- read_qza("articles/dat ...
vignettes/metabarcoding.Rmd#L78 taxonomy_fungi <- read_qza("articles/dat ...
vignettes/metabarcoding.Rmd#L85 ⚠️ Let's notice that we renamed the colu ...
vignettes/metabarcoding.Rmd#L95 bacteria_metadata <- read.delim("article ...
vignettes/metabarcoding.Rmd#L98 fungi_metadata <- read.delim("articles/d ...
vignettes/metabarcoding.Rmd#L104 Then, Let's filter and manage data. It i ...
vignettes/metabarcoding.Rmd#L134 `MicroBioMeta` function needs the data s ...
vignettes/metabarcoding.Rmd#L136 If your data is not already in that form ...
vignettes/metabarcoding.Rmd#L148 ⚠️ Notice that this warning reports how  ...
vignettes/metabarcoding.Rmd#L152 `MicroBioMeta` has several functions to  ...
vignettes/metabarcoding.Rmd#L155 Abundance barplots are useful to identif ...
vignettes/metabarcoding.Rmd#L156 This function generates stacked barplots ...
vignettes/metabarcoding.Rmd#L158 The `taxonomy_db` parameter specifies th ...
vignettes/metabarcoding.Rmd#L159 The `x_col` parameter indicates the colu ...
vignettes/metabarcoding.Rmd#L163 The `top_n_groups` controls the number o ...
vignettes/metabarcoding.Rmd#L165 If `add_remain = TRUE`, the relative abu ...
vignettes/metabarcoding.Rmd#L168 The x-axis tick labels can be rotated wi ...
vignettes/metabarcoding.Rmd#L170 Finally, when `save_table = TRUE`, the f ...
vignettes/metabarcoding.Rmd#L199 Notice that the input files are the same ...
vignettes/metabarcoding.Rmd#L201 The parameters `condition1`, `condition2 ...
vignettes/metabarcoding.Rmd#L202 Custom color palettes for each annotatio ...
vignettes/metabarcoding.Rmd#L203 Legend titles for these annotations can  ...
vignettes/metabarcoding.Rmd#L205 The `top_n` argument controls the number ...
vignettes/metabarcoding.Rmd#L206 If `cluster = TRUE`, rows are hierarchic ...
vignettes/metabarcoding.Rmd#L207 The `show_column_names` parameter determ ...
vignettes/metabarcoding.Rmd#L209 Row labels default to just the feature's ...
vignettes/metabarcoding.Rmd#L232 `abundance_sankey_plot()` visualizes how ...
vignettes/metabarcoding.Rmd#L234 The `taxRanks` argument specifies which  ...
vignettes/metabarcoding.Rmd#L240 ⚠️ Unlike the other functions, this one  ...
vignettes/metabarcoding.Rmd#L254 Alpha diversity describes the diversity  ...
vignettes/metabarcoding.Rmd#L257 The `alpha_hill_corr_plot()` function ca ...
vignettes/metabarcoding.Rmd#L261 For the bacteria 🦠, we can observed that ...
vignettes/metabarcoding.Rmd#L263 ```{r correlation-among-hill-numbers-16, ...
vignettes/metabarcoding.Rmd#L268 But, for fungi 🍄 data this correlation i ...
vignettes/metabarcoding.Rmd#L270 ```{r correlation-among-hill-numbers-17, ...
vignettes/metabarcoding.Rmd#L275 The `alpha_hill_plot()` function calcula ...
vignettes/metabarcoding.Rmd#L277 The `x_col` parameter specifies the meta ...
vignettes/metabarcoding.Rmd#L279 The `facet_by` argument allows splitting ...
vignettes/metabarcoding.Rmd#L281 If `save_table = TRUE`, the function als ...
vignettes/metabarcoding.Rmd#L283 ```{r alpha-diversity-visualization-18,  ...
vignettes/metabarcoding.Rmd#L293 ```{r alpha-diversity-visualization-19,  ...
vignettes/metabarcoding.Rmd#L303 Also, we can visualize other metrics con ...
vignettes/metabarcoding.Rmd#L305 ```{r alpha-diversity-visualization-20,  ...
vignettes/metabarcoding.Rmd#L317 Each panel is automatically labeled (A,  ...
vignettes/metabarcoding.Rmd#L318 `panel_label_case` switches between uppe ...
vignettes/metabarcoding.Rmd#L320 ```{r alpha-diversity-visualization-21,  ...
vignettes/metabarcoding.Rmd#L336  `alpha_decay_plot()` makes a regression ...
vignettes/metabarcoding.Rmd#L338 The `cont_var` parameter names the conti ...
vignettes/metabarcoding.Rmd#L340 Here we use soil `pH` as the gradient, r ...
vignettes/metabarcoding.Rmd#L342 ```{r alpha-diversity-along-a-continuous ...
vignettes/metabarcoding.Rmd#L354 Another way to explore alpha diversity p ...
vignettes/metabarcoding.Rmd#L368 Microbial community tables are often gen ...
vignettes/metabarcoding.Rmd#L370 The function `collapse_table()` performs ...
vignettes/metabarcoding.Rmd#L374 -   **`collapsed_table`**: a wide-format ...
vignettes/metabarcoding.Rmd#L376 -   **`long_format`**: the same informat ...
vignettes/metabarcoding.Rmd#L378 -   For example, the following code coll ...
vignettes/metabarcoding.Rmd#L395 By default, `collapse_table()` returns t ...
vignettes/metabarcoding.Rmd#L399 Sometimes it is useful to visualize only ...
vignettes/metabarcoding.Rmd#L401 For example, the following diagram inclu ...
vignettes/metabarcoding.Rmd#L422 By default the function uses the package ...
vignettes/metabarcoding.Rmd#L432 Beta diversity describes the differences ...
vignettes/metabarcoding.Rmd#L434 `MicroBioMeta` has several functions to  ...
vignettes/metabarcoding.Rmd#L437 The `beta_ord_plot()` function calculate ...
vignettes/metabarcoding.Rmd#L439 The `group_col` parameter specifies the  ...
vignettes/metabarcoding.Rmd#L441 The `distance` argument defines the diss ...
vignettes/metabarcoding.Rmd#L443 ```{r ordination-of-community-compositio ...
vignettes/metabarcoding.Rmd#L463 The `beta_test_table()` function perform ...
vignettes/metabarcoding.Rmd#L465 The `formula_str` argument specifies the ...
vignettes/metabarcoding.Rmd#L467 The `permutations` parameter determines  ...
vignettes/metabarcoding.Rmd#L469 ⚠️ **NOTE: Each function has the option  ...
vignettes/metabarcoding.Rmd#L471 `method` is set to `compositional` for b ...
vignettes/metabarcoding.Rmd#L492 Beta diversity can also be decomposed in ...
vignettes/metabarcoding.Rmd#L494 The `index` argument specifies the dissi ...
vignettes/metabarcoding.Rmd#L517 The `beta_dissimilarity_plot()` function ...
vignettes/metabarcoding.Rmd#L519 The `condition1_col` and `condition2_col ...
vignettes/metabarcoding.Rmd#L521 By default `beta_dissimilarity_plot()` k ...
vignettes/metabarcoding.Rmd#L524 groups_bac <- setdiff(unique(as.characte ...
vignettes/metabarcoding.Rmd#L525 vs_roots_bac <- paste0(pmin(groups_bac,  ...
vignettes/metabarcoding.Rmd#L529 As with the alpha diversity plots, `x_la ...
vignettes/metabarcoding.Rmd#L531 If `save_table = TRUE`, the function als ...
vignettes/metabarcoding.Rmd#L549 groups_fung <- setdiff(unique(as.charact ...
vignettes/metabarcoding.Rmd#L550 vs_roots_fung <- paste0(pmin(groups_fung ...
vignettes/metabarcoding.Rmd#L569 `beta_turnover_plot()` reports the ASV t ...
vignettes/metabarcoding.Rmd#L571 `beta_turnover_plot()` answers a differe ...
vignettes/metabarcoding.Rmd#L573 So the plot below has one purple (this c ...
vignettes/metabarcoding.Rmd#L575 `comparison_condition1` selects which `" ...
vignettes/metabarcoding.Rmd#L577 `color_facets_x` colors the top facet st ...
vignettes/metabarcoding.Rmd#L579 ```{r pairwise-turnover-between-group-vs ...
vignettes/metabarcoding.Rmd#L583   comparison_condition1 = c("Rhizosphere ...
vignettes/metabarcoding.Rmd#L596 The function `beta_decay_plot()` tests w ...
vignettes/metabarcoding.Rmd#L598 `lat_col`/`lon_col` name the latitude/lo ...
vignettes/metabarcoding.Rmd#L602 ```{r distance-decay-of-community-simila ...
vignettes/metabarcoding.Rmd#L608 metadata_bacteria$lat <- loc_coords$lat[ ...
vignettes/metabarcoding.Rmd#L609 metadata_bacteria$lon <- loc_coords$lon[ ...
vignettes/metabarcoding.Rmd#L617 ```{r distance-decay-of-community-simila ...
vignettes/metabarcoding.Rmd#L629 `MicroBioMeta` has several functions to  ...
vignettes/metabarcoding.Rmd#L631 Two functions rely on a **compositional  ...
vignettes/metabarcoding.Rmd#L635 -   `aldex_volcano_plot()` visualizes di ...
vignettes/metabarcoding.Rmd#L639 -   `ancombc_plot()` returns a bar plot  ...
vignettes/metabarcoding.Rmd#L642 Additionally, two complementary approach ...
vignettes/metabarcoding.Rmd#L644 -   `ratios_bubble_plot()` visualizes ta ...
vignettes/metabarcoding.Rmd#L646 -   `random_forest_lollipop_plot()` uses ...
vignettes/metabarcoding.Rmd#L651 First, we filter the metadata to retain  ...
vignettes/metabarcoding.Rmd#L657 table_bacteria_compar <- table_bacteria[ ...
vignettes/metabarcoding.Rmd#L659 table_bac_compar <- merge_feature_taxono ...
vignettes/metabarcoding.Rmd#L663 We can visualize differential abundance  ...
vignettes/metabarcoding.Rmd#L665 ```{r example-bacterial-data-42, fig.wid ...
vignettes/metabarcoding.Rmd#L676 `ancombc_plot()` provides an alternative ...
vignettes/metabarcoding.Rmd#L683 `tax_level` groups the table to a taxono ...
vignettes/metabarcoding.Rmd#L685 ⚠️ With a low `prv_cut`, rare/sparse tax ...
vignettes/metabarcoding.Rmd#L687 ```{r ancombc2-as-an-alternative-method- ...
vignettes/metabarcoding.Rmd#L699 We follow the same procedure but visuali ...
vignettes/metabarcoding.Rmd#L705 table_fungi_compar <- table_fung[match(m ...
vignettes/metabarcoding.Rmd#L711 ```{r example-fungal-data-46, fig.width= ...
vignettes/metabarcoding.Rmd#L719 The functions `random_forest_lollipop_pl ...
vignettes/metabarcoding.Rmd#L721 For example, a **Random Forest model** c ...
vignettes/metabarcoding.Rmd#L731 Alternatively, taxa with the strongest * ...
vignettes/metabarcoding.Rmd#L743 `MicroBioMeta` provides two functions to ...
vignettes/metabarcoding.Rmd#L745 -   `corr_env_abund_plot()` — computes c ...
vignettes/metabarcoding.Rmd#L747 -   `cca_rda_biplot()` — performs constr ...
vignettes/metabarcoding.Rmd#L750 Environmental variables must be organize ...
vignettes/metabarcoding.Rmd#L760 The function `corr_env_abund_plot()` cal ...
vignettes/metabarcoding.Rmd#L764 ```{r correlation-between-environmental- ...
vignettes/metabarcoding.Rmd#L789 The function `cca_rda_biplot()` performs ...
vignettes/metabarcoding.Rmd#L791 Before running the analysis, ensure that ...
vignettes/metabarcoding.Rmd#L799 `scale_arrows` is a parameter that helps ...
vignettes/metabarcoding.Rmd#L819 -   **Arrows** represent environmental v ...
vignettes/metabarcoding.Rmd#L821 -   Environmental vectors pointing in si ...
vignettes/metabarcoding_es.Rmd#L26 🧬 MicroBioMeta es un paquete de R diseña ...
vignettes/metabarcoding_es.Rmd#L28 Para este ejemplo usaremos datos secuenc ...
vignettes/metabarcoding_es.Rmd#L32 Para 16S 🦠: [Hereira-Pacheco, S.E., Nava ...
vignettes/metabarcoding_es.Rmd#L34 Para 18S 🍄: [Hereira-Pacheco, S. E., Est ...
vignettes/metabarcoding_es.Rmd#L49 [`tidyverse`](https://tidyverse.org/) se ...
vignettes/metabarcoding_es.Rmd#L51 Ahora cargamos los datos y los reformate ...
vignettes/metabarcoding_es.Rmd#L53 En este ejemplo usamos el paquete [`qiim ...
vignettes/metabarcoding_es.Rmd#L68 bacteria_table <- read_qza("articles/dat ...
vignettes/metabarcoding_es.Rmd#L78 taxonomy_fungi <- read_qza("articles/dat ...
vignettes/metabarcoding_es.Rmd#L85 ⚠️ Nota que renombramos la columna Taxon ...
vignettes/metabarcoding_es.Rmd#L95 bacteria_metadata <- read.delim("article ...
vignettes/metabarcoding_es.Rmd#L98 fungi_metadata <- read.delim("articles/d ...
vignettes/metabarcoding_es.Rmd#L104 Ahora filtremos y ordenemos los datos. E ...
vignettes/metabarcoding_es.Rmd#L134 Las funciones de `MicroBioMeta` necesita ...
vignettes/metabarcoding_es.Rmd#L136 Si tus datos no vienen ya en ese formato ...
vignettes/metabarcoding_es.Rmd#L148 ⚠️ Nota que esta advertencia reporta cuá ...
vignettes/metabarcoding_es.Rmd#L152 `MicroBioMeta` tiene varias funciones pa ...
vignettes/metabarcoding_es.Rmd#L155 Los barplots de abundancia son útiles pa ...
vignettes/metabarcoding_es.Rmd#L156 Esta función genera barplots apilados de ...
vignettes/metabarcoding_es.Rmd#L158 El parámetro `taxonomy_db` especifica la ...
vignettes/metabarcoding_es.Rmd#L159 El parámetro `x_col` indica la columna d ...
vignettes/metabarcoding_es.Rmd#L161 El parámetro `level` permite elegir el n ...
vignettes/metabarcoding_es.Rmd#L163 `top_n_groups` controla el número de tax ...
vignettes/metabarcoding_es.Rmd#L165 Si `add_remain = TRUE`, las abundancias  ...
vignettes/metabarcoding_es.Rmd#L168 Las etiquetas del eje x pueden rotarse c ...
vignettes/metabarcoding_es.Rmd#L170 Finalmente, cuando `save_table = TRUE`,  ...
vignettes/metabarcoding_es.Rmd#L199 Nota que los archivos de entrada son los ...
vignettes/metabarcoding_es.Rmd#L201 Los parámetros `condition1`, `condition2 ...
vignettes/metabarcoding_es.Rmd#L202 Se pueden especificar paletas de color p ...
vignettes/metabarcoding_es.Rmd#L203 Los títulos de leyenda de estas anotacio ...
vignettes/metabarcoding_es.Rmd#L205 El argumento `top_n` controla el número  ...
vignettes/metabarcoding_es.Rmd#L206 Si `cluster = TRUE`, las filas se agrupa ...
vignettes/metabarcoding_es.Rmd#L207 El parámetro `show_column_names` determi ...
vignettes/metabarcoding_es.Rmd#L209 Las etiquetas de fila por defecto son so ...
vignettes/metabarcoding_es.Rmd#L232 `abundance_sankey_plot()` visualiza cómo ...
vignettes/metabarcoding_es.Rmd#L234 El argumento `taxRanks` especifica qué r ...
vignettes/metabarcoding_es.Rmd#L240 ⚠️ A diferencia de las demás funciones,  ...
vignettes/metabarcoding_es.Rmd#L254 La diversidad alfa describe la diversida ...
vignettes/metabarcoding_es.Rmd#L257 La función `alpha_hill_corr_plot()` calc ...
vignettes/metabarcoding_es.Rmd#L262 Para las bacterias 🦠, podemos observar q ...
vignettes/metabarcoding_es.Rmd#L264 ```{r correlaci-n-entre-n-meros-de-hill- ...
vignettes/metabarcoding_es.Rmd#L269 Pero, para los datos de hongos 🍄 esta co ...
vignettes/metabarcoding_es.Rmd#L271 ```{r correlaci-n-entre-n-meros-de-hill- ...
vignettes/metabarcoding_es.Rmd#L276 La función `alpha_hill_plot()` calcula l ...
vignettes/metabarcoding_es.Rmd#L278 El parámetro `x_col` especifica la colum ...
vignettes/metabarcoding_es.Rmd#L280 El argumento `facet_by` permite dividir  ...
vignettes/metabarcoding_es.Rmd#L282 Si `save_table = TRUE`, la función tambi ...
vignettes/metabarcoding_es.Rmd#L284 ```{r visualizaci-n-de-diversidad-alfa-1 ...
vignettes/metabarcoding_es.Rmd#L294 ```{r visualizaci-n-de-diversidad-alfa-1 ...
vignettes/metabarcoding_es.Rmd#L304 También podemos visualizar otras métrica ...
vignettes/metabarcoding_es.Rmd#L306 ```{r visualizaci-n-de-diversidad-alfa-2 ...
vignettes/metabarcoding_es.Rmd#L318 Cada panel se etiqueta automáticamente ( ...
vignettes/metabarcoding_es.Rmd#L319 `panel_label_case` alterna entre etiquet ...
vignettes/metabarcoding_es.Rmd#L321 ```{r visualizaci-n-de-diversidad-alfa-2 ...
vignettes/metabarcoding_es.Rmd#L337 `alpha_decay_plot()` hace una regresión  ...
vignettes/metabarcoding_es.Rmd#L339 El parámetro `cont_var` nombra la column ...
vignettes/metabarcoding_es.Rmd#L341 Aquí usamos el `pH` del suelo como gradi ...
vignettes/metabarcoding_es.Rmd#L343 ```{r diversidad-alfa-a-lo-largo-de-un-g ...
vignettes/metabarcoding_es.Rmd#L355 Otra forma de explorar los patrones de d ...
vignettes/metabarcoding_es.Rmd#L357 Generamos un diagrama de Venn agrupando  ...
vignettes/metabarcoding_es.Rmd#L359 ```{r taxones-compartidos-entre-grupos-d ...
vignettes/metabarcoding_es.Rmd#L369 Las tablas de comunidades microbianas su ...
vignettes/metabarcoding_es.Rmd#L371 La función `collapse_table()` realiza es ...
vignettes/metabarcoding_es.Rmd#L375 -   **`collapsed_table`**: una tabla de  ...
vignettes/metabarcoding_es.Rmd#L377 -   **`long_format`**: la misma informac ...
vignettes/metabarcoding_es.Rmd#L379 -   Por ejemplo, el siguiente código col ...
vignettes/metabarcoding_es.Rmd#L396 Por defecto, `collapse_table()` retorna  ...
vignettes/metabarcoding_es.Rmd#L400 A veces es útil visualizar solo los taxo ...
vignettes/metabarcoding_es.Rmd#L402 Por ejemplo, el siguiente diagrama inclu ...
vignettes/metabarcoding_es.Rmd#L423 Por defecto la función usa el paquete ** ...
vignettes/metabarcoding_es.Rmd#L433 La diversidad beta describe las diferenc ...
vignettes/metabarcoding_es.Rmd#L435 `MicroBioMeta` tiene varias funciones pa ...
vignettes/metabarcoding_es.Rmd#L438 La función `beta_ord_plot()` calcula las ...
vignettes/metabarcoding_es.Rmd#L440 El parámetro `group_col` especifica la c ...
vignettes/metabarcoding_es.Rmd#L442 El argumento `distance` define la métric ...
vignettes/metabarcoding_es.Rmd#L444 ```{r ordenaci-n-de-la-composici-n-de-la ...
vignettes/metabarcoding_es.Rmd#L453 ```{r ordenaci-n-de-la-composici-n-de-la ...
vignettes/metabarcoding_es.Rmd#L464 La función `beta_test_table()` realiza p ...
vignettes/metabarcoding_es.Rmd#L466 El argumento `formula_str` especifica el ...
vignettes/metabarcoding_es.Rmd#L468 El parámetro `permutations` determina el ...
vignettes/metabarcoding_es.Rmd#L470 ⚠️ **NOTA: Cada función tiene la opción  ...
vignettes/metabarcoding_es.Rmd#L472 `method` se establece en `compositional` ...
vignettes/metabarcoding_es.Rmd#L493 La diversidad beta también puede descomp ...
vignettes/metabarcoding_es.Rmd#L495 El argumento `index` especifica la famil ...
vignettes/metabarcoding_es.Rmd#L518 La función `beta_dissimilarity_plot()` r ...
vignettes/metabarcoding_es.Rmd#L520 Los parámetros `condition1_col` y `condi ...
vignettes/metabarcoding_es.Rmd#L522 Por defecto, `beta_dissimilarity_plot()` ...
vignettes/metabarcoding_es.Rmd#L525 groups_bac <- setdiff(unique(as.characte ...
vignettes/metabarcoding_es.Rmd#L526 vs_roots_bac <- paste0(pmin(groups_bac,  ...
vignettes/metabarcoding_es.Rmd#L530 Igual que en los gráficos de diversidad  ...
vignettes/metabarcoding_es.Rmd#L532 Si `save_table = TRUE`, la función tambi ...
vignettes/metabarcoding_es.Rmd#L550 groups_fung <- setdiff(unique(as.charact ...
vignettes/metabarcoding_es.Rmd#L551 vs_roots_fung <- paste0(pmin(groups_fung ...
vignettes/metabarcoding_es.Rmd#L570 `beta_turnover_plot()` reporta el compon ...
vignettes/metabarcoding_es.Rmd#L572 `beta_turnover_plot()` responde una preg ...
vignettes/metabarcoding_es.Rmd#L574 Así que el gráfico de abajo tiene una fr ...
vignettes/metabarcoding_es.Rmd#L576 `comparison_condition1` selecciona qué c ...
vignettes/metabarcoding_es.Rmd#L578 `color_facets_x` colorea la franja de fa ...
vignettes/metabarcoding_es.Rmd#L580 ```{r recambio-pareado-turnover-entre-gr ...
vignettes/metabarcoding_es.Rmd#L584   comparison_condition1 = c("Rhizosphere ...
vignettes/metabarcoding_es.Rmd#L597 La función `beta_decay_plot()` evalúa si ...
vignettes/metabarcoding_es.Rmd#L599 `lat_col`/`lon_col` nombran las columnas ...
vignettes/metabarcoding_es.Rmd#L603 ```{r decaimiento-de-la-similitud-comuni ...
vignettes/metabarcoding_es.Rmd#L609 metadata_bacteria$lat <- loc_coords$lat[ ...
vignettes/metabarcoding_es.Rmd#L610 metadata_bacteria$lon <- loc_coords$lon[ ...
vignettes/metabarcoding_es.Rmd#L618 ```{r decaimiento-de-la-similitud-comuni ...
vignettes/metabarcoding_es.Rmd#L630 `MicroBioMeta` tiene varias funciones pa ...
vignettes/metabarcoding_es.Rmd#L632 Dos funciones se apoyan en un **marco de ...
vignettes/metabarcoding_es.Rmd#L636 -   `aldex_volcano_plot()` visualiza los ...
vignettes/metabarcoding_es.Rmd#L638 -   `aldex_heatmap_plot()` visualiza los ...
vignettes/metabarcoding_es.Rmd#L640 -   `ancombc_plot()` retorna un gráfico  ...
vignettes/metabarcoding_es.Rmd#L643 Adicionalmente, dos enfoques complementa ...
vignettes/metabarcoding_es.Rmd#L645 -   `ratios_bubble_plot()` visualiza tax ...
vignettes/metabarcoding_es.Rmd#L647 -   `random_forest_lollipop_plot()` usa  ...
vignettes/metabarcoding_es.Rmd#L652 Primero, filtramos los metadatos para co ...
vignettes/metabarcoding_es.Rmd#L658 table_bacteria_compar <- table_bacteria[ ...
vignettes/metabarcoding_es.Rmd#L660 table_bac_compar <- merge_feature_taxono ...
vignettes/metabarcoding_es.Rmd#L664 Podemos visualizar la abundancia diferen ...
vignettes/metabarcoding_es.Rmd#L666 ```{r ejemplo-datos-de-bacterias-42, fig ...
vignettes/metabarcoding_es.Rmd#L677 `ancombc_plot()` ofrece una alternativa  ...
vignettes/metabarcoding_es.Rmd#L684 `tax_level` agrupa la tabla a un rango t ...
vignettes/metabarcoding_es.Rmd#L686 ⚠️ Con un `prv_cut` bajo, los taxones ra ...
vignettes/metabarcoding_es.Rmd#L688 ```{r ancombc2-como-m-todo-alternativo-4 ...
vignettes/metabarcoding_es.Rmd#L700 Seguimos el mismo procedimiento, pero vi ...
vignettes/metabarcoding_es.Rmd#L706 table_fungi_compar <- table_fung[match(m ...
vignettes/metabarcoding_es.Rmd#L712 ```{r ejemplo-datos-de-hongos-46, fig.wi ...
vignettes/metabarcoding_es.Rmd#L720 Las funciones `random_forest_lollipop_pl ...
vignettes/metabarcoding_es.Rmd#L722 Por ejemplo, un **modelo Random Forest** ...
vignettes/metabarcoding_es.Rmd#L732 Alternativamente, los taxones con las di ...
vignettes/metabarcoding_es.Rmd#L744 `MicroBioMeta` ofrece dos funciones para ...
vignettes/metabarcoding_es.Rmd#L746 -   `corr_env_abund_plot()` — calcula co ...
vignettes/metabarcoding_es.Rmd#L748 -   `cca_rda_biplot()` — realiza una ord ...
vignettes/metabarcoding_es.Rmd#L751 Las variables ambientales deben organiza ...
vignettes/metabarcoding_es.Rmd#L761 La función `corr_env_abund_plot()` calcu ...
vignettes/metabarcoding_es.Rmd#L765 ```{r correlaci-n-entre-variables-ambien ...
vignettes/metabarcoding_es.Rmd#L777 Las correlaciones también pueden mostrar ...
vignettes/metabarcoding_es.Rmd#L790 La función `cca_rda_biplot()` realiza un ...
vignettes/metabarcoding_es.Rmd#L792 Antes de correr el análisis, asegúrate d ...
vignettes/metabarcoding_es.Rmd#L800 `scale_arrows` es un parámetro que te ay ...
vignettes/metabarcoding_es.Rmd#L820 -   Las **flechas** representan las vari ...
vignettes/metabarcoding_es.Rmd#L822 -   Los vectores ambientales que apuntan ...
vignettes/metagenomic.Rmd#L26 🍄 This tutorial shows how to use `MicroB ...
vignettes/metagenomic.Rmd#L28 For this example, reads were taxonomical ...
vignettes/metagenomic.Rmd#L30 The data comes from forest soils along t ...
vignettes/metagenomic.Rmd#L32 [Hereira-Pacheco, S. E. et al. (2025). M ...
vignettes/metagenomic.Rmd#L34 Raw data, metadata and the original anal ...
vignettes/metagenomic.Rmd#L44 Each sample was processed separately, so ...
vignettes/metagenomic.Rmd#L47 table_kraken <- read.delim("articles/dat ...
vignettes/metagenomic.Rmd#L52 Taxonomy is already in the table  so, th ...
vignettes/metagenomic.Rmd#L54 ⚠️ Taxonomy strings from Kraken2 use a ` ...
vignettes/metagenomic.Rmd#L59 metadata_meta <- read.delim("articles/da ...
vignettes/metagenomic.Rmd#L64 Kraken column names encode a `id_metagen ...
vignettes/metagenomic.Rmd#L69 id_metagenome <- as.integer(gsub("kraken ...
vignettes/metagenomic.Rmd#L78 metadata_meta$Polygon <- factor(paste0(" ...
vignettes/metagenomic.Rmd#L90   dplyr::select(-Site) %>% # drop the CS ...
vignettes/metagenomic.Rmd#L95   dplyr::mutate(Polygon_num = as.integer ...
vignettes/metagenomic.Rmd#L102 Same function as in the metabarcoding vi ...
vignettes/metagenomic.Rmd#L118 Kraken2/Bracken taxa aren't ASVs, so `fe ...
vignettes/metagenomic.Rmd#L120 ```{r abundance-heatmap-8, warning=FALSE ...
vignettes/metagenomic.Rmd#L131 ```{r correlation-among-hill-numbers-9,  ...
vignettes/metagenomic.Rmd#L136 `fill_col` is the same as `x_col` here,  ...
vignettes/metagenomic.Rmd#L138 ```{r alpha-diversity-visualization-10,  ...
vignettes/metagenomic.Rmd#L151 Richness (*q*=0) is nearly saturated and ...
vignettes/metagenomic.Rmd#L155 ```{r alpha-diversity-along-a-continuous ...
vignettes/metagenomic.Rmd#L162 Diversity at *q*=1 and *q*=2 increases s ...
vignettes/metagenomic.Rmd#L170 ```{r ordination-of-community-compositio ...
vignettes/metagenomic.Rmd#L180 `method = "jaccard"` matches with the on ...
vignettes/metagenomic.Rmd#L194 `beta_decay_plot()` tests whether commun ...
vignettes/metagenomic.Rmd#L196 ```{r distance-decay-of-community-simila ...
vignettes/metagenomic.Rmd#L206 Communities that are geographically clos ...
vignettes/metagenomic.Rmd#L210 For the heatmap (ALDEx2 [@fernandes2014a ...
vignettes/metagenomic.Rmd#L216 table_meta_compar <- table_meta[, c(matc ...
vignettes/metagenomic.Rmd#L219 ```{r differential-abundant-analysis-16, ...
vignettes/metagenomic.Rmd#L225 ```{r differential-abundant-analysis-17, ...
vignettes/metagenomic.Rmd#L238 `random_forest_lollipop_plot()` uses a R ...
vignettes/metagenomic.Rmd#L241 random_forest_lollipop_plot(table = tabl ...
vignettes/metagenomic.Rmd#L255 The metadata already carries the soil ph ...
vignettes/metagenomic.Rmd#L266 ```{r correlation-between-environmental- ...
vignettes/metagenomic_es.Rmd#L26 🍄 Este tutorial muestra cómo usar `Micro ...
vignettes/metagenomic_es.Rmd#L28 Para este ejemplo, las lecturas fueron c ...
vignettes/metagenomic_es.Rmd#L30 Los datos provienen de suelos forestales ...
vignettes/metagenomic_es.Rmd#L32 [Hereira-Pacheco, S. E. et al. (2025). M ...
vignettes/metagenomic_es.Rmd#L34 Datos crudos, metadatos y los scripts or ...
vignettes/metagenomic_es.Rmd#L44 Cada muestra se procesó por separado, as ...
vignettes/metagenomic_es.Rmd#L47 table_kraken <- read.delim("articles/dat ...
vignettes/metagenomic_es.Rmd#L52 La taxonomía ya está en la tabla, así qu ...
vignettes/metagenomic_es.Rmd#L54 ⚠️ Las cadenas de taxonomía de Kraken2 u ...
vignettes/metagenomic_es.Rmd#L59 metadata_meta <- read.delim("articles/da ...
vignettes/metagenomic_es.Rmd#L64 Los nombres de columna de Kraken codific ...
vignettes/metagenomic_es.Rmd#L69 id_metagenome <- as.integer(gsub("kraken ...
vignettes/metagenomic_es.Rmd#L78 metadata_meta$Polygon <- factor(paste0(" ...
vignettes/metagenomic_es.Rmd#L90   dplyr::select(-Site) %>% # descartamos ...
vignettes/metagenomic_es.Rmd#L95   dplyr::mutate(Polygon_num = as.integer ...
vignettes/metagenomic_es.Rmd#L102 Misma función que en la viñeta de amplic ...
vignettes/metagenomic_es.Rmd#L118 Los taxones de Kraken2/Bracken no son AS ...
vignettes/metagenomic_es.Rmd#L120 ```{r heatmap-de-abundancia-8, warning=F ...
vignettes/metagenomic_es.Rmd#L131 ```{r correlaci-n-entre-n-meros-de-hill- ...
vignettes/metagenomic_es.Rmd#L136 `fill_col` es igual a `x_col` aquí, así  ...
vignettes/metagenomic_es.Rmd#L138 ```{r visualizaci-n-de-diversidad-alfa-1 ...
vignettes/metagenomic_es.Rmd#L151 La riqueza (*q*=0) está casi saturada y  ...
vignettes/metagenomic_es.Rmd#L155 ```{r diversidad-alfa-a-lo-largo-de-un-g ...
vignettes/metagenomic_es.Rmd#L162 La diversidad en *q*=1 y *q*=2 aumenta s ...
vignettes/metagenomic_es.Rmd#L170 ```{r ordenaci-n-de-la-composici-n-de-la ...
vignettes/metagenomic_es.Rmd#L180 `method = "jaccard"` coincide con el usa ...
vignettes/metagenomic_es.Rmd#L194 `beta_decay_plot()` evalúa si las comuni ...
vignettes/metagenomic_es.Rmd#L196 ```{r decaimiento-de-la-similitud-comuni ...
vignettes/metagenomic_es.Rmd#L206 Las comunidades geográficamente más cerc ...
vignettes/metagenomic_es.Rmd#L210 Para las versiones de heatmap (ALDEx2 [@ ...
vignettes/metagenomic_es.Rmd#L216 table_meta_compar <- table_meta[, c(matc ...
vignettes/metagenomic_es.Rmd#L219 ```{r an-lisis-de-abundancia-diferencial ...
vignettes/metagenomic_es.Rmd#L225 ```{r an-lisis-de-abundancia-diferencial ...
vignettes/metagenomic_es.Rmd#L238 `random_forest_lollipop_plot()` usa un m ...
vignettes/metagenomic_es.Rmd#L240 ```{r identificando-taxones-importantes- ...
vignettes/metagenomic_es.Rmd#L241 random_forest_lollipop_plot(table = tabl ...
vignettes/metagenomic_es.Rmd#L244 ```{r identificando-taxones-importantes- ...
vignettes/metagenomic_es.Rmd#L255 Los metadatos ya traen las variables fis ...
vignettes/metagenomic_es.Rmd#L266 ```{r correlaci-n-entre-variables-ambien ...
Consider multiples of 4 spaces for line indents; 3950 lines (39%) are not.
First few lines:
R/abundance_bar_plot.R#L60                               metadata, ...
R/abundance_bar_plot.R#L61                               taxonomy_d ...
R/abundance_bar_plot.R#L62                               level = "g ...
R/abundance_bar_plot.R#L63                               x_col, ...
R/abundance_bar_plot.R#L64                               facet_col  ...
R/abundance_bar_plot.R#L65                               width_equa ...
R/abundance_bar_plot.R#L66                               label = "t ...
R/abundance_bar_plot.R#L67                               top_n = 15 ...
R/abundance_bar_plot.R#L68                               x_axis_tit ...
R/abundance_bar_plot.R#L69                               x_label_an ...
R/abundance_bar_plot.R#L70                               strip_text ...
R/abundance_bar_plot.R#L71                               aspect_rat ...
R/abundance_bar_plot.R#L72                               add_remain ...
R/abundance_bar_plot.R#L73                               save_table ...
R/abundance_bar_plot.R#L74                               table_file ...
R/abundance_bar_plot.R#L76   # Treat metadata's first column as the ...
R/abundance_bar_plot.R#L77   colnames(metadata)[1] <- "SAMPLEID" ...
R/abundance_bar_plot.R#L79   tax_col <- grep("taxonomy|Taxonomy|tax ...
R/abundance_bar_plot.R#L80   if(length(tax_col) != 1) stop("There i ...
R/abundance_bar_plot.R#L82   names(table)[tax_col] <- "taxonomy" ...
R/abundance_bar_plot.R#L83    ...
R/abundance_bar_plot.R#L84   table <- table[, c("taxonomy", setdiff ...
R/abundance_bar_plot.R#L85    ...
R/abundance_bar_plot.R#L86   # Remove uninformative taxonomy string ...
R/abundance_bar_plot.R#L87   table <- table %>% ...
R/abundance_bar_plot.R#L90    dplyr::filter(taxonomy != "d__Archaea ...
R/abundance_bar_plot.R#L100    ...
R/abundance_bar_plot.R#L101   table <- table %>% ...
R/abundance_bar_plot.R#L102   # drop taxonomy strings that only reac ...
R/abundance_bar_plot.R#L103   dplyr::filter(!grepl("^(d__|k__)[^;]*; ...
R/abundance_bar_plot.R#L106   if (taxonomy_db == "gg2") { ...
R/abundance_bar_plot.R#L108       # drop taxonomy strings with all e ...
R/abundance_bar_plot.R#L109       dplyr::filter(!grepl("(__;?)+$", t ...
R/abundance_bar_plot.R#L110   } ...
R/abundance_bar_plot.R#L111    ...
R/abundance_bar_plot.R#L112    ...
R/abundance_bar_plot.R#L113   # Reorder columns based on SAMPLEID or ...
R/abundance_bar_plot.R#L114   ordered_samples <- metadata[[1]] ...
R/abundance_bar_plot.R#L115   sample_columns <- colnames(table)[-1] ...
R/abundance_bar_plot.R#L116   ordered_samples <- intersect(ordered_s ...
R/abundance_bar_plot.R#L117   table <- table[, c("taxonomy", ordered ...
R/abundance_bar_plot.R#L118   if (taxonomy_db %in% c("silva", "Krake ...
R/abundance_bar_plot.R#L120       table$taxonomy <- sub(";.*", "", t ...
R/abundance_bar_plot.R#L123       table$taxonomy <- sub(";\\s?c__.*" ...
R/abundance_bar_plot.R#L126       table$taxonomy <- sub(";\\s?o__.*" ...
R/abundance_bar_plot.R#L129       table$taxonomy <- sub(";\\s?f__.*" ...
R/abundance_bar_plot.R#L132       table$taxonomy <- sub(";\\s?g__.*" ...
R/abundance_bar_plot.R#L135       table$taxonomy <- sub(";\\s?s__.*" ...
R/abundance_bar_plot.R#L138       table$taxonomy <- table$taxonomy ...
R/abundance_bar_plot.R#L140   } ...
R/abundance_bar_plot.R#L141    ...
R/abundance_bar_plot.R#L142   # ---- Collapse taxonomy according to  ...
R/abundance_bar_plot.R#L143   if (taxonomy_db == "unite") { ...
R/abundance_bar_plot.R#L145       table$taxonomy <- sub(";.*", "", t ...
R/abundance_bar_plot.R#L148       table$taxonomy <- sub(";\\s?c__.*" ...
R/abundance_bar_plot.R#L151       table$taxonomy <- sub(";\\s?o__.*" ...
R/abundance_bar_plot.R#L154       table$taxonomy <- sub(";\\s?f__.*" ...
R/abundance_bar_plot.R#L157       table$taxonomy <- sub(";\\s?g__.*" ...
R/abundance_bar_plot.R#L160       table$taxonomy <- sub(";\\s?s__.*" ...
R/abundance_bar_plot.R#L163       table$taxonomy <- sub(";\\s?sh__.* ...
R/abundance_bar_plot.R#L165   } ...
R/abundance_bar_plot.R#L166    ...
R/abundance_bar_plot.R#L167   table <- table %>% ...
R/abundance_bar_plot.R#L170    ...
R/abundance_bar_plot.R#L171   # Calculate relative abundance ...
R/abundance_bar_plot.R#L172   table[,-1] <- sweep(table[,-1], 2, col ...
R/abundance_bar_plot.R#L173    ...
R/abundance_bar_plot.R#L174   # Guardar tabla si se solicita ...
R/abundance_bar_plot.R#L175   if (save_table) { ...
R/abundance_bar_plot.R#L177       table, ...
R/abundance_bar_plot.R#L178       file = table_filename, ...
R/abundance_bar_plot.R#L179       sep = "\t", ...
R/abundance_bar_plot.R#L180       quote = FALSE, ...
R/abundance_bar_plot.R#L181       row.names = FALSE ...
R/abundance_bar_plot.R#L184   } ...
R/abundance_bar_plot.R#L185    ...
R/abundance_bar_plot.R#L186   # Convert to long format ...
R/abundance_bar_plot.R#L187   table_long <- table %>% ...
R/abundance_bar_plot.R#L189    ...
R/abundance_bar_plot.R#L190   # Join with metadata ...
R/abundance_bar_plot.R#L191   columns_to_join <- c("SAMPLEID", x_col ...
R/abundance_bar_plot.R#L192   columns_to_join <- columns_to_join[!is ...
R/abundance_bar_plot.R#L193   table_long <- dplyr::left_join( ...
R/abundance_bar_plot.R#L197   ) ...
R/abundance_bar_plot.R#L198    ...
R/abundance_bar_plot.R#L199   # Grouping ...
R/abundance_bar_plot.R#L200   grouping_vars <- c(x_col, "taxonomy") ...
R/abundance_bar_plot.R#L201   if (!is.null(facet_col)) { ...
R/abundance_bar_plot.R#L203   } ...
R/abundance_bar_plot.R#L204    ...
R/abundance_bar_plot.R#L205   avg_by_group <- table_long %>% ...
R/abundance_bar_plot.R#L208    ...
R/abundance_bar_plot.R#L209    ...
R/abundance_bar_plot.R#L210   overall_means <- avg_by_group %>% ...
R/abundance_bar_plot.R#L213    ...
R/abundance_bar_plot.R#L214   top_groups <- overall_means %>% ...
R/abundance_bar_plot.R#L218    ...
R/abundance_bar_plot.R#L219   if (add_remained) { ...
R/abundance_bar_plot.R#L221       dplyr::filter(taxonomy %in% top_gr ...
R/abundance_bar_plot.R#L222       dplyr::group_by(dplyr::across(dply ...
R/abundance_bar_plot.R#L223       dplyr::summarise(MeanAbundance = m ...
R/abundance_bar_plot.R#L227       dplyr::group_by(dplyr::across(dply ...
R/abundance_bar_plot.R#L228       dplyr::summarise(SumAbundance = su ...
R/abundance_bar_plot.R#L231       dplyr::mutate(MeanAbundance = pmax ...
R/abundance_bar_plot.R#L232       dplyr::mutate(taxonomy = "Other")  ...
R/abundance_bar_plot.R#L233       dplyr::select(all_of(grouping_vars ...
R/abundance_bar_plot.R#L238       taxonomy = unique(avg_by_group$tax ...
R/abundance_bar_plot.R#L239       !!!setNames( ...
R/abundance_bar_plot.R#L242       ) ...
R/abundance_bar_plot.R#L247   } else { ...
R/abundance_bar_plot.R#L249       dplyr::filter(taxonomy %in% top_gr ...
R/abundance_bar_plot.R#L250   } ...
R/abundance_bar_plot.R#L251    ...
R/abundance_bar_plot.R#L252   if (taxonomy_db %in% c("unite","silva" ...
R/abundance_bar_plot.R#L254       dplyr::mutate( ...
R/abundance_bar_plot.R#L256           taxonomy == "Other" ~ "Other", ...
R/abundance_bar_plot.R#L257           grepl("g__[^;]*;.*s__[^;]*", t ...
R/abundance_bar_plot.R#L260               stringr::str_extract(taxon ...
R/abundance_bar_plot.R#L262           grepl("g__[^;]*", taxonomy) &  ...
R/abundance_bar_plot.R#L264           grepl("f__[^;]*", taxonomy) &  ...
R/abundance_bar_plot.R#L266           grepl("o__[^;]*", taxonomy) &  ...
R/abundance_bar_plot.R#L268           grepl("c__[^;]*", taxonomy) &  ...
R/abundance_bar_plot.R#L270           grepl("p__[^;]*", taxonomy) &  ...
R/abundance_bar_plot.R#L272           TRUE ~ "Unclassified" ...
R/abundance_bar_plot.R#L274       ) ...
R/abundance_bar_plot.R#L275   } ...
R/abundance_bar_plot.R#L276   if (taxonomy_db == "Kraken2" && level  ...
R/abundance_bar_plot.R#L278       dplyr::mutate( ...
R/abundance_bar_plot.R#L280           taxonomy == "Other" ~ "Other", ...
R/abundance_bar_plot.R#L281           grepl("g__[^;]*;.*s__[^;]*", t ...
R/abundance_bar_plot.R#L284               stringr::str_extract(taxon ...
R/abundance_bar_plot.R#L285               stringr::str_extract(taxon ...
R/abundance_bar_plot.R#L287           grepl("g__[^;]*", taxonomy) &  ...
R/abundance_bar_plot.R#L289           grepl("f__[^;]*", taxonomy) &  ...
R/abundance_bar_plot.R#L291           grepl("o__[^;]*", taxonomy) &  ...
R/abundance_bar_plot.R#L293           grepl("c__[^;]*", taxonomy) &  ...
R/abundance_bar_plot.R#L295           grepl("p__[^;]*", taxonomy) &  ...
R/abundance_bar_plot.R#L297           TRUE ~ "Unclassified" ...
R/abundance_bar_plot.R#L299       ) ...
R/abundance_bar_plot.R#L300   } ...
R/abundance_bar_plot.R#L301    ...
R/abundance_bar_plot.R#L302    ...
R/abundance_bar_plot.R#L303   # Simplify taxonomy for SILVA ...
R/abundance_bar_plot.R#L304   if (taxonomy_db %in% c("silva") && lev ...
R/abundance_bar_plot.R#L306       dplyr::mutate( ...
R/abundance_bar_plot.R#L308           taxonomy == "Other" ~ "Other", ...
R/abundance_bar_plot.R#L309           grepl("g__[^;]*", taxonomy) &  ...
R/abundance_bar_plot.R#L310           grepl("f__[^;]*", taxonomy) &  ...
R/abundance_bar_plot.R#L311           grepl("o__[^;]*", taxonomy) &  ...
R/abundance_bar_plot.R#L312           grepl("c__[^;]*", taxonomy) &  ...
R/abundance_bar_plot.R#L313           grepl("p__[^;]*", taxonomy) &  ...
R/abundance_bar_plot.R#L314           TRUE ~ "Unclassified" ...
R/abundance_bar_plot.R#L316       ) ...
R/abundance_bar_plot.R#L317   } ...
R/abundance_bar_plot.R#L318    ...
R/abundance_bar_plot.R#L319    ...
R/abundance_bar_plot.R#L320   if (taxonomy_db %in% c("unite", "Krake ...
R/abundance_bar_plot.R#L322       dplyr::mutate( ...
R/abundance_bar_plot.R#L324           taxonomy == "Other" ~ "Other", ...
R/abundance_bar_plot.R#L325           grepl("g__[^;]*", taxonomy) &  ...
R/abundance_bar_plot.R#L326           grepl("f__[^;]*", taxonomy) &  ...
R/abundance_bar_plot.R#L327           grepl("o__[^;]*", taxonomy) &  ...
R/abundance_bar_plot.R#L328           grepl("c__[^;]*", taxonomy) &  ...
R/abundance_bar_plot.R#L329           grepl("p__[^;]*", taxonomy) &  ...
R/abundance_bar_plot.R#L330           TRUE ~ "Unclassified" ...
R/abundance_bar_plot.R#L332       ) ...
R/abundance_bar_plot.R#L333   } ...
R/abundance_bar_plot.R#L334   if (taxonomy_db %in% c("unite","silva" ...
R/abundance_bar_plot.R#L336       dplyr::mutate( ...
R/abundance_bar_plot.R#L338           taxonomy == "Other" ~ "Other", ...
R/abundance_bar_plot.R#L339           grepl("f__[^;]*", taxonomy) &  ...
R/abundance_bar_plot.R#L340           grepl("o__[^;]*", taxonomy) &  ...
R/abundance_bar_plot.R#L341           grepl("c__[^;]*", taxonomy) &  ...
R/abundance_bar_plot.R#L342           grepl("p__[^;]*", taxonomy) &  ...
R/abundance_bar_plot.R#L343           TRUE ~ "Unclassified" ...
R/abundance_bar_plot.R#L345       ) ...
R/abundance_bar_plot.R#L346   } ...
R/abundance_bar_plot.R#L347    ...
R/abundance_bar_plot.R#L348   if (taxonomy_db %in% c("unite","silva" ...
R/abundance_bar_plot.R#L350       dplyr::mutate( ...
R/abundance_bar_plot.R#L352           taxonomy == "Other" ~ "Other", ...
R/abundance_bar_plot.R#L353           grepl("o__[^;]*", taxonomy) &  ...
R/abundance_bar_plot.R#L354           grepl("c__[^;]*", taxonomy) &  ...
R/abundance_bar_plot.R#L355           grepl("p__[^;]*", taxonomy) &  ...
R/abundance_bar_plot.R#L356           TRUE ~ "Unclassified" ...
R/abundance_bar_plot.R#L358       ) ...
R/abundance_bar_plot.R#L359   } ...
R/abundance_bar_plot.R#L360    ...
R/abundance_bar_plot.R#L361   if (taxonomy_db %in% c("unite","silva" ...
R/abundance_bar_plot.R#L363       dplyr::mutate( ...
R/abundance_bar_plot.R#L365           taxonomy == "Other" ~ "Other", ...
R/abundance_bar_plot.R#L366           grepl("c__[^;]*", taxonomy) &  ...
R/abundance_bar_plot.R#L367           grepl("p__[^;]*", taxonomy) &  ...
R/abundance_bar_plot.R#L368           TRUE ~ "Unclassified" ...
R/abundance_bar_plot.R#L370       ) ...
R/abundance_bar_plot.R#L371   } ...
R/abundance_bar_plot.R#L372   if (taxonomy_db %in% c("unite","silva" ...
R/abundance_bar_plot.R#L374       dplyr::mutate( ...
R/abundance_bar_plot.R#L376           taxonomy == "Other" ~ "Other", ...
R/abundance_bar_plot.R#L377           grepl("p__[^;]*", taxonomy) ~  ...
R/abundance_bar_plot.R#L378           TRUE ~ "Unclassified" ...
R/abundance_bar_plot.R#L380       ) ...
R/abundance_bar_plot.R#L381   } ...
R/abundance_bar_plot.R#L382    ...
R/abundance_bar_plot.R#L383   avg_by_group <- avg_by_group %>%      ...
R/abundance_bar_plot.R#L386                      .groups = "drop") ...
R/abundance_bar_plot.R#L387    ...
R/abundance_bar_plot.R#L388   if (!is.null(facet_col)) { ...
R/abundance_bar_plot.R#L391   } ...
R/abundance_bar_plot.R#L392    ...
R/abundance_bar_plot.R#L393   x_levels <- unique(metadata[[x_col]]) ...
R/abundance_bar_plot.R#L394   avg_by_group[[x_col]] <- factor(avg_by ...
R/abundance_bar_plot.R#L395    ...
R/abundance_bar_plot.R#L396   taxonomy_order <- avg_by_group %>% ...
R/abundance_bar_plot.R#L401    ...
R/abundance_bar_plot.R#L402   taxonomy_order <- unique(c(setdiff(tax ...
R/abundance_bar_plot.R#L403   avg_by_group$taxonomy <- factor(avg_by ...
R/abundance_bar_plot.R#L404    ...
R/abundance_bar_plot.R#L405   # ==== PALETTE CORRECTION ==== ...
R/abundance_bar_plot.R#L406   tax_levels <- levels(avg_by_group$taxo ...
R/abundance_bar_plot.R#L407   tax_levels_no_other <- setdiff(tax_lev ...
R/abundance_bar_plot.R#L408    ...
R/abundance_bar_plot.R#L409   cbPalette <- grDevices::colorRampPalet ...
R/abundance_bar_plot.R#L411       "#CC00cc", "#009E73", "#F0E442", " ...
R/abundance_bar_plot.R#L412       "#56B4E9", "#FFFFFF", "#99ff90", " ...
R/abundance_bar_plot.R#L413   )(length(tax_levels_no_other)) ...
R/abundance_bar_plot.R#L414    ...
R/abundance_bar_plot.R#L415   names(cbPalette) <- tax_levels_no_othe ...
R/abundance_bar_plot.R#L416   cbPalette["Other"] <- "#D3D3D3" ...
R/abundance_bar_plot.R#L417   cbPalette["Unclassified"] <- "#666666" ...
R/abundance_bar_plot.R#L418    ...
R/abundance_bar_plot.R#L419   # Plot ...
R/abundance_bar_plot.R#L420   p <- ggplot2::ggplot(avg_by_group, ...
R/abundance_bar_plot.R#L421                        ggplot2::aes(x =  ...
R/abundance_bar_plot.R#L426       name = label, ...
R/abundance_bar_plot.R#L427       values = cbPalette, ...
R/abundance_bar_plot.R#L428       labels = function(taxa) { ...
R/abundance_bar_plot.R#L430           # lapply(), not sapply()/vappl ...
R/abundance_bar_plot.R#L431           # string or a bquote() express ...
R/abundance_bar_plot.R#L432           # never a homogeneous vector v ...
R/abundance_bar_plot.R#L433           lapply(taxa, function(x) { ...
R/abundance_bar_plot.R#L435               x   # texto plano ...
R/abundance_bar_plot.R#L437               bquote(italic(.(x)))  # en ...
R/abundance_bar_plot.R#L439           }) ...
R/abundance_bar_plot.R#L441           taxa  # siempre texto plano ...
R/abundance_bar_plot.R#L443       } ...
R/abundance_bar_plot.R#L444        ...
R/abundance_bar_plot.R#L447       legend_position = "right", ...
R/abundance_bar_plot.R#L448       extra = ggplot2::theme( ...
R/abundance_bar_plot.R#L452       ) ...
R/abundance_bar_plot.R#L457    ...
R/abundance_bar_plot.R#L458   if (!is.null(facet_col)) { ...
R/abundance_bar_plot.R#L462       .default = ggplot2::label_wrap_gen ...
R/abundance_bar_plot.R#L465       p <- p + ggplot2::facet_grid(rows  ...
R/abundance_bar_plot.R#L466                                    scale ...
R/abundance_bar_plot.R#L467                                    label ...
R/abundance_bar_plot.R#L469       p <- p + ggplot2::facet_wrap(ggplo ...
R/abundance_bar_plot.R#L470                                    label ...
R/abundance_bar_plot.R#L472   } ...
R/abundance_bar_plot.R#L474   if (!is.null(aspect_ratio)) { ...
R/abundance_bar_plot.R#L476   } ...
R/abundance_bar_plot.R#L478   return(p) ...
R/abundance_heatmap_plot.R#L69                                    metad ...
R/abundance_heatmap_plot.R#L70                                    condi ...
R/abundance_heatmap_plot.R#L71                                    condi ...
R/abundance_heatmap_plot.R#L72                                    condi ...
R/abundance_heatmap_plot.R#L73                                    color ...
R/abundance_heatmap_plot.R#L74                                    color ...
R/abundance_heatmap_plot.R#L75                                    color ...
R/abundance_heatmap_plot.R#L76                                    name_ ...
R/abundance_heatmap_plot.R#L77                                    name_ ...
R/abundance_heatmap_plot.R#L78                                    name_ ...
R/abundance_heatmap_plot.R#L79                                    top_n ...
R/abundance_heatmap_plot.R#L80                                    exclu ...
R/abundance_heatmap_plot.R#L81                                    clust ...
R/abundance_heatmap_plot.R#L82                                    show_ ...
R/abundance_heatmap_plot.R#L83                                    annot ...
R/abundance_heatmap_plot.R#L84                                    save_ ...
R/abundance_heatmap_plot.R#L85                                    table ...
R/abundance_heatmap_plot.R#L86                                    featu ...
R/abundance_heatmap_plot.R#L87    ...
R/abundance_heatmap_plot.R#L88   #Check for taxonomy column ...
R/abundance_heatmap_plot.R#L89    ...
R/abundance_heatmap_plot.R#L90   tax_col <- grep("taxonomy|Taxonomy|tax ...
R/abundance_heatmap_plot.R#L91   if(length(tax_col) != 1) stop("There i ...
R/abundance_heatmap_plot.R#L92    ...
R/abundance_heatmap_plot.R#L93    ...
R/abundance_heatmap_plot.R#L94   # Delete taxonomy column ...
R/abundance_heatmap_plot.R#L95   taxonomy_col <- ncol(table) ...
R/abundance_heatmap_plot.R#L96   table_counts <- table[, -taxonomy_col, ...
R/abundance_heatmap_plot.R#L97    ...
R/abundance_heatmap_plot.R#L98   OTU_ID <- colnames(metadata)[1] ...
R/abundance_heatmap_plot.R#L99    ...
R/abundance_heatmap_plot.R#L100   # Separate taxonomy ...
R/abundance_heatmap_plot.R#L101   table_tax <- table %>% ...
R/abundance_heatmap_plot.R#L104    ...
R/abundance_heatmap_plot.R#L105   # Initial table ...
R/abundance_heatmap_plot.R#L106   phy.ra.complete <- t(t(table_counts)/c ...
R/abundance_heatmap_plot.R#L108    ...
R/abundance_heatmap_plot.R#L109   # Editing table ...
R/abundance_heatmap_plot.R#L110   table_abundance <- phy.ra.complete %>% ...
R/abundance_heatmap_plot.R#L118       grepl("g__[^;]*", taxonomy) & !gre ...
R/abundance_heatmap_plot.R#L119       grepl("f__[^;]*", taxonomy) & !gre ...
R/abundance_heatmap_plot.R#L120       grepl("o__[^;]*", taxonomy) & !gre ...
R/abundance_heatmap_plot.R#L121       grepl("c__[^;]*", taxonomy) & !gre ...
R/abundance_heatmap_plot.R#L122       grepl("p__[^;]*", taxonomy) & !gre ...
R/abundance_heatmap_plot.R#L123       TRUE ~ "Unclassified")) %>% ...
R/abundance_heatmap_plot.R#L135                                      phy ...
R/abundance_heatmap_plot.R#L136                                      phy ...
R/abundance_heatmap_plot.R#L137                                      phy ...
R/abundance_heatmap_plot.R#L138                                      TRU ...
R/abundance_heatmap_plot.R#L143   warning("Note: Some bacterial phylum n ...
R/abundance_heatmap_plot.R#L144           "\nReference: https://ncbiinsi ...
R/abundance_heatmap_plot.R#L145    ...
R/abundance_heatmap_plot.R#L146    ...
R/abundance_heatmap_plot.R#L147   if (save_table) { ...
R/abundance_heatmap_plot.R#L149                        quote = FALSE, ro ...
R/abundance_heatmap_plot.R#L151   } ...
R/abundance_heatmap_plot.R#L153   ordered_taxa <- table_abundance$taxa ...
R/abundance_heatmap_plot.R#L155   # Join table with metadata ...
R/abundance_heatmap_plot.R#L156   heat <- table_abundance %>%  ...
R/abundance_heatmap_plot.R#L163    ...
R/abundance_heatmap_plot.R#L164   # Transformation of ranges ...
R/abundance_heatmap_plot.R#L165   heatmap <- heat %>% ...
R/abundance_heatmap_plot.R#L172       . <= 0.001 ~ 0, ...
R/abundance_heatmap_plot.R#L173       . >  0.001 & .  <= 0.005 ~ 1, ...
R/abundance_heatmap_plot.R#L174       . >  0.005 & .  <= 0.01 ~ 2, ...
R/abundance_heatmap_plot.R#L175       . >  0.01 & .  <= 0.10 ~ 3, ...
R/abundance_heatmap_plot.R#L176       . >  0.10 & .  <= 0.20 ~ 4, ...
R/abundance_heatmap_plot.R#L177       . >  0.20 & .  <= 1.00 ~ 5, ...
R/abundance_heatmap_plot.R#L178       . >  1.00 & .  <= 2.00 ~ 6, ...
R/abundance_heatmap_plot.R#L179       . >  2.00 & .  <= 5.00 ~ 7, ...
R/abundance_heatmap_plot.R#L180       . >  5.00 & .  <= 10.00 ~ 8, ...
R/abundance_heatmap_plot.R#L181       . >  10.00 & .  <= 25.00 ~ 9, ...
R/abundance_heatmap_plot.R#L182       . >  25.00 & .  <= 50.00 ~ 10, ...
R/abundance_heatmap_plot.R#L183       . >  50.00 & .  <= 75.00 ~ 11, ...
R/abundance_heatmap_plot.R#L184       . >  75.00 ~ 12)))  ...
R/abundance_heatmap_plot.R#L185    ...
R/abundance_heatmap_plot.R#L186   heatmap <- as.matrix(heatmap) ...
R/abundance_heatmap_plot.R#L187   rownames(heatmap) <- ordered_taxa ...
R/abundance_heatmap_plot.R#L188    ...
R/abundance_heatmap_plot.R#L189   if (!cluster) { ...
R/abundance_heatmap_plot.R#L191   } else { ...
R/abundance_heatmap_plot.R#L193   } ...
R/abundance_heatmap_plot.R#L194    ...
R/abundance_heatmap_plot.R#L195    ...
R/abundance_heatmap_plot.R#L196   # Annotation row  ...
R/abundance_heatmap_plot.R#L197   annotation_rows <- table_abundance %>% ...
R/abundance_heatmap_plot.R#L200   rownames(annotation_rows) <- rownames( ...
R/abundance_heatmap_plot.R#L201    ...
R/abundance_heatmap_plot.R#L202   # Dynamic selection of conditions ...
R/abundance_heatmap_plot.R#L203   conditions <- purrr::compact(list(cond ...
R/abundance_heatmap_plot.R#L204    ...
R/abundance_heatmap_plot.R#L205   # Create annotation_columns only with  ...
R/abundance_heatmap_plot.R#L206   if (length(conditions) > 0) { ...
R/abundance_heatmap_plot.R#L208       dplyr::select(all_of(unlist(condit ...
R/abundance_heatmap_plot.R#L216   } else { ...
R/abundance_heatmap_plot.R#L218   } ...
R/abundance_heatmap_plot.R#L219    ...
R/abundance_heatmap_plot.R#L220   # Color palette for heatmap ...
R/abundance_heatmap_plot.R#L221   my_palette <- viridis::viridis(n = 13, ...
R/abundance_heatmap_plot.R#L222    ...
R/abundance_heatmap_plot.R#L223   # Color for phylum annotations ...
R/abundance_heatmap_plot.R#L224   # rep_len() (rather than RColorBrewer: ...
R/abundance_heatmap_plot.R#L225   # above 8 colors for "Set2") cycles th ...
R/abundance_heatmap_plot.R#L226   # phyla, since real datasets commonly  ...
R/abundance_heatmap_plot.R#L227   unique_phyla <- unique(annotation_rows ...
R/abundance_heatmap_plot.R#L228   c5.phylum <- rep_len(RColorBrewer::bre ...
R/abundance_heatmap_plot.R#L229   cols_phyl <- list(Phylum = setNames(c5 ...
R/abundance_heatmap_plot.R#L230    ...
R/abundance_heatmap_plot.R#L231   # Phylum annotation (always present) ...
R/abundance_heatmap_plot.R#L232   annphylum <- ComplexHeatmap::rowAnnota ...
R/abundance_heatmap_plot.R#L239   ) ...
R/abundance_heatmap_plot.R#L240    ...
R/abundance_heatmap_plot.R#L241   # Initialize lists for dynamic annotat ...
R/abundance_heatmap_plot.R#L242   heatmap_annotations <- list() ...
R/abundance_heatmap_plot.R#L243   legend_list <- list(lgd1 = ComplexHeat ...
R/abundance_heatmap_plot.R#L248    ...
R/abundance_heatmap_plot.R#L249    ...
R/abundance_heatmap_plot.R#L250   # Process condition1 if exists ...
R/abundance_heatmap_plot.R#L251   if (!is.null(condition1)) { ...
R/abundance_heatmap_plot.R#L255       # Exactly 2 levels (e.g. Location: ...
R/abundance_heatmap_plot.R#L256       # orange/dark-blue pair used as th ...
R/abundance_heatmap_plot.R#L257       # package; 3+ levels cycle through ...
R/abundance_heatmap_plot.R#L258       colors_condition1 <- if (length(un ...
R/abundance_heatmap_plot.R#L260       } else { ...
R/abundance_heatmap_plot.R#L262       } ...
R/abundance_heatmap_plot.R#L264       colors_condition1 <- rep_len(color ...
R/abundance_heatmap_plot.R#L270       df = annotation_columns[condition1 ...
R/abundance_heatmap_plot.R#L271       which = "column", ...
R/abundance_heatmap_plot.R#L272       col = setNames(list(color_mapping) ...
R/abundance_heatmap_plot.R#L273       show_legend = FALSE, ...
R/abundance_heatmap_plot.R#L274       show_annotation_name = TRUE, ...
R/abundance_heatmap_plot.R#L275       annotation_name_gp = grid::gpar(fo ...
R/abundance_heatmap_plot.R#L276       gp = grid::gpar(col = "white"), ...
R/abundance_heatmap_plot.R#L277       simple_anno_size = grid::unit(anno ...
R/abundance_heatmap_plot.R#L281       at = names(color_mapping), ...
R/abundance_heatmap_plot.R#L282       legend_gp = grid::gpar(fill = colo ...
R/abundance_heatmap_plot.R#L283       title = if (!is.null(name_legend_c ...
R/abundance_heatmap_plot.R#L284       labels_gp = grid::gpar(fontsize=12 ...
R/abundance_heatmap_plot.R#L286   } ...
R/abundance_heatmap_plot.R#L287   #Process condition2 if exists ...
R/abundance_heatmap_plot.R#L288   if (!is.null(condition2)) { ...
R/abundance_heatmap_plot.R#L292       # Okabe-Ito shifted by 2: green, y ...
R/abundance_heatmap_plot.R#L293       mbm_shift2 <- c(.mbm_colors[3:8],  ...
R/abundance_heatmap_plot.R#L294       colors_condition2 <- rep_len(mbm_s ...
R/abundance_heatmap_plot.R#L296       colors_condition2 <- rep_len(color ...
R/abundance_heatmap_plot.R#L302       df = annotation_columns[condition2 ...
R/abundance_heatmap_plot.R#L303       which = "column", ...
R/abundance_heatmap_plot.R#L304       col = setNames(list(color_mapping) ...
R/abundance_heatmap_plot.R#L305       show_legend = FALSE, ...
R/abundance_heatmap_plot.R#L306       show_annotation_name = TRUE, ...
R/abundance_heatmap_plot.R#L307       annotation_name_gp = grid::gpar(fo ...
R/abundance_heatmap_plot.R#L308       gp = grid::gpar(col = "white"), ...
R/abundance_heatmap_plot.R#L309       simple_anno_size = grid::unit(anno ...
R/abundance_heatmap_plot.R#L313       at = names(color_mapping), ...
R/abundance_heatmap_plot.R#L314       legend_gp = grid::gpar(fill = colo ...
R/abundance_heatmap_plot.R#L315       title = if (!is.null(name_legend_c ...
R/abundance_heatmap_plot.R#L316       labels_gp = grid::gpar(fontsize=12 ...
R/abundance_heatmap_plot.R#L318   } ...
R/abundance_heatmap_plot.R#L319    ...
R/abundance_heatmap_plot.R#L320   # Process condition3 if exists ...
R/abundance_heatmap_plot.R#L321   if (!is.null(condition3)) { ...
R/abundance_heatmap_plot.R#L325       # Okabe-Ito shifted by 4: blue, ve ...
R/abundance_heatmap_plot.R#L326       mbm_shift3 <- c(.mbm_colors[5:8],  ...
R/abundance_heatmap_plot.R#L327       colors_condition3 <- rep_len(mbm_s ...
R/abundance_heatmap_plot.R#L329       colors_condition3 <- rep_len(color ...
R/abundance_heatmap_plot.R#L335       df = annotation_columns[condition3 ...
R/abundance_heatmap_plot.R#L336       which = "column", ...
R/abundance_heatmap_plot.R#L337       col = setNames(list(color_mapping) ...
R/abundance_heatmap_plot.R#L338       show_legend = FALSE, ...
R/abundance_heatmap_plot.R#L339       show_annotation_name = TRUE, ...
R/abundance_heatmap_plot.R#L340       annotation_name_gp = grid::gpar(fo ...
R/abundance_heatmap_plot.R#L341       gp = grid::gpar(col = "white"), ...
R/abundance_heatmap_plot.R#L342       simple_anno_size = grid::unit(anno ...
R/abundance_heatmap_plot.R#L346       at = names(color_mapping), ...
R/abundance_heatmap_plot.R#L347       legend_gp = grid::gpar(fill = colo ...
R/abundance_heatmap_plot.R#L348       title = if (!is.null(name_legend_c ...
R/abundance_heatmap_plot.R#L349       labels_gp = grid::gpar(fontsize=12 ...
R/abundance_heatmap_plot.R#L351   } ...
R/abundance_heatmap_plot.R#L352    ...
R/abundance_heatmap_plot.R#L353   # Combine all annotations ...
R/abundance_heatmap_plot.R#L354   top_annotation <- do.call(c, unname(he ...
R/abundance_heatmap_plot.R#L355    ...
R/abundance_heatmap_plot.R#L356   # Combine all legends ...
R/abundance_heatmap_plot.R#L357   pd.legends <- do.call(ComplexHeatmap:: ...
R/abundance_heatmap_plot.R#L358    ...
R/abundance_heatmap_plot.R#L359   # Create heatmap ...
R/abundance_heatmap_plot.R#L360   heats <- ComplexHeatmap::Heatmap( ...
R/abundance_heatmap_plot.R#L364       direction = "horizontal", ...
R/abundance_heatmap_plot.R#L365       labels_gp = grid::gpar(fontsize =  ...
R/abundance_heatmap_plot.R#L366       title_gp = grid::gpar(fontsize = 1 ...
R/abundance_heatmap_plot.R#L367       legend_gp = grid::gpar(fontsize =  ...
R/abundance_heatmap_plot.R#L368       title = "Relative abundance (%)", ...
R/abundance_heatmap_plot.R#L369       title_position = "topcenter", ...
R/abundance_heatmap_plot.R#L370       at = 0:12), ...
R/abundance_heatmap_plot.R#L381   ) ...
R/abundance_heatmap_plot.R#L382    ...
R/abundance_heatmap_plot.R#L383    ...
R/abundance_heatmap_plot.R#L384   heatmap_output <- grid::grid.grabExpr( ...
R/abundance_heatmap_plot.R#L386       heats, ...
R/abundance_heatmap_plot.R#L387       heatmap_legend_side = "top", ...
R/abundance_heatmap_plot.R#L388       annotation_legend_side = "right",  ...
R/abundance_heatmap_plot.R#L389       merge_legend = FALSE, ...
R/abundance_heatmap_plot.R#L390       annotation_legend_list = pd.legend ...
R/abundance_heatmap_plot.R#L392   ) ...
R/abundance_heatmap_plot.R#L393    ...
R/abundance_heatmap_plot.R#L394   grid::grid.newpage() ...
R/abundance_heatmap_plot.R#L395   grid::grid.draw(heatmap_output) ...
R/abundance_heatmap_plot.R#L396   return(invisible(heatmap_output))   ...
R/abundance_sankey_plot.R#L31                                   taxRan ...
R/abundance_sankey_plot.R#L32                                   taxono ...
R/abundance_sankey_plot.R#L33                                   save_t ...
R/abundance_sankey_plot.R#L34                                   table_ ...
R/abundance_sankey_plot.R#L36   if (!requireNamespace("networkD3", qui ...
R/abundance_sankey_plot.R#L38       "Package 'networkD3' is required b ...
R/abundance_sankey_plot.R#L39       "Install it with: install.packages ...
R/abundance_sankey_plot.R#L40       call. = FALSE ...
R/abundance_sankey_plot.R#L42   } ...
R/abundance_sankey_plot.R#L44   # Internal function for relative abund ...
R/abundance_sankey_plot.R#L45   relabunda <- function(x) as.data.frame ...
R/abundance_sankey_plot.R#L47   # Identify the taxonomy column ...
R/abundance_sankey_plot.R#L48   tax_col <- grep("taxonomy|Taxonomy|tax ...
R/abundance_sankey_plot.R#L49   if(length(tax_col) != 1) stop("There i ...
R/abundance_sankey_plot.R#L50    ...
R/abundance_sankey_plot.R#L51   table <- table[, c(setdiff(seq_len(nco ...
R/abundance_sankey_plot.R#L52    ...
R/abundance_sankey_plot.R#L53   otu_mat <- table[, -ncol(table)] ...
R/abundance_sankey_plot.R#L54   rownames(otu_mat) <- rownames(table) ...
R/abundance_sankey_plot.R#L55   otu_rel <- relabunda(otu_mat) ...
R/abundance_sankey_plot.R#L56   otu_rel$taxonomy <- table[[ncol(table) ...
R/abundance_sankey_plot.R#L57    ...
R/abundance_sankey_plot.R#L58   otu_rel_parse <- otu_rel %>% ...
R/abundance_sankey_plot.R#L61    ...
R/abundance_sankey_plot.R#L62   # Cleanup according to database ...
R/abundance_sankey_plot.R#L63   if(tolower(taxonomy_db) == "silva") { ...
R/abundance_sankey_plot.R#L65       dplyr::mutate(dplyr::across(c(k,p, ...
R/abundance_sankey_plot.R#L66       dplyr::mutate(s = stringr::str_tri ...
R/abundance_sankey_plot.R#L69   }else if (tolower(taxonomy_db) == "uni ...
R/abundance_sankey_plot.R#L71       # eliminar prefijos tipo k__, p__, ...
R/abundance_sankey_plot.R#L72       dplyr::mutate(dplyr::across(c(k,p, ...
R/abundance_sankey_plot.R#L73       # reemplazar guiones bajos por esp ...
R/abundance_sankey_plot.R#L74       dplyr::mutate(dplyr::across(c(k,p, ...
R/abundance_sankey_plot.R#L75    ...
R/abundance_sankey_plot.R#L76    ...
R/abundance_sankey_plot.R#L77   } else if (tolower(taxonomy_db) %in% c ...
R/abundance_sankey_plot.R#L80       dplyr::mutate(dplyr::across(c(k,p, ...
R/abundance_sankey_plot.R#L81       dplyr::mutate(dplyr::across(c(p,c, ...
R/abundance_sankey_plot.R#L82       dplyr::mutate(dplyr::across(c(k,p, ...
R/abundance_sankey_plot.R#L83        ...
R/abundance_sankey_plot.R#L84       # limpiar la especie ...
R/abundance_sankey_plot.R#L85       dplyr::mutate( ...
R/abundance_sankey_plot.R#L90       ) ...
R/abundance_sankey_plot.R#L91    ...
R/abundance_sankey_plot.R#L92    ...
R/abundance_sankey_plot.R#L93   }else if(tolower(taxonomy_db) == "krak ...
R/abundance_sankey_plot.R#L95       dplyr::mutate(dplyr::across(where( ...
R/abundance_sankey_plot.R#L97   } ...
R/abundance_sankey_plot.R#L98    ...
R/abundance_sankey_plot.R#L99   # Internal function to summarize by le ...
R/abundance_sankey_plot.R#L100   get_level_data <- function(df, level,  ...
R/abundance_sankey_plot.R#L102       tidyr::unite(col = !!level, all_of ...
R/abundance_sankey_plot.R#L103       dplyr::mutate(!!level := ifelse(gr ...
R/abundance_sankey_plot.R#L104       tidyr::drop_na(all_of(level)) %>% ...
R/abundance_sankey_plot.R#L105       dplyr::select(c(all_of(level), nam ...
R/abundance_sankey_plot.R#L106       dplyr::group_by(across(all_of(leve ...
R/abundance_sankey_plot.R#L107       dplyr::summarise(dplyr::across(whe ...
R/abundance_sankey_plot.R#L108       tibble::column_to_rownames(var = l ...
R/abundance_sankey_plot.R#L109       t() %>% ...
R/abundance_sankey_plot.R#L110       as.data.frame() %>% ...
R/abundance_sankey_plot.R#L111       colMeans() %>% ...
R/abundance_sankey_plot.R#L112       as.data.frame() %>% ...
R/abundance_sankey_plot.R#L113       dplyr::rename(abund = ".") %>% ...
R/abundance_sankey_plot.R#L114       dplyr::mutate(taxRank = toupper(su ...
R/abundance_sankey_plot.R#L115       tibble::rownames_to_column("Taxon" ...
R/abundance_sankey_plot.R#L116       dplyr::mutate( ...
R/abundance_sankey_plot.R#L121       ) %>% ...
R/abundance_sankey_plot.R#L122       dplyr::filter(!endsWith(Taxon,"NA" ...
R/abundance_sankey_plot.R#L123       tibble::column_to_rownames("Taxon" ...
R/abundance_sankey_plot.R#L124   } ...
R/abundance_sankey_plot.R#L125    ...
R/abundance_sankey_plot.R#L126   # Resumir todos los niveles ...
R/abundance_sankey_plot.R#L127   bacterias <- get_level_data(otu_rel_pa ...
R/abundance_sankey_plot.R#L128   phylum    <- get_level_data(otu_rel_pa ...
R/abundance_sankey_plot.R#L129   class     <- get_level_data(otu_rel_pa ...
R/abundance_sankey_plot.R#L130   order     <- get_level_data(otu_rel_pa ...
R/abundance_sankey_plot.R#L131   family    <- get_level_data(otu_rel_pa ...
R/abundance_sankey_plot.R#L132   genus     <- get_level_data(otu_rel_pa ...
R/abundance_sankey_plot.R#L133   specie    <- get_level_data(otu_rel_pa ...
R/abundance_sankey_plot.R#L134    ...
R/abundance_sankey_plot.R#L135   my_report <- dplyr::bind_rows(bacteria ...
R/abundance_sankey_plot.R#L143    ...
R/abundance_sankey_plot.R#L144   # Construct nodes and links for Sankey ...
R/abundance_sankey_plot.R#L145   splits <- strsplit(my_report$ids,"_") ...
R/abundance_sankey_plot.R#L146   sel <- vapply(splits, length, integer( ...
R/abundance_sankey_plot.R#L147   splits <- splits[sel] ...
R/abundance_sankey_plot.R#L148    ...
R/abundance_sankey_plot.R#L149   links <- data.frame(do.call(rbind, ...
R/abundance_sankey_plot.R#L150                               lapply(spl ...
R/abundance_sankey_plot.R#L151                       stringsAsFactors = ...
R/abundance_sankey_plot.R#L152   colnames(links) <- c("source","target" ...
R/abundance_sankey_plot.R#L153    ...
R/abundance_sankey_plot.R#L154   links$value <- vapply(seq_len(nrow(lin ...
R/abundance_sankey_plot.R#L157   }, numeric(1)) ...
R/abundance_sankey_plot.R#L158    ...
R/abundance_sankey_plot.R#L159   links <- links[!is.na(links$value) & l ...
R/abundance_sankey_plot.R#L160    ...
R/abundance_sankey_plot.R#L161   # Profundidad de los niveles ...
R/abundance_sankey_plot.R#L162   valid_ranks <- taxRanks[taxRanks %in%  ...
R/abundance_sankey_plot.R#L163   taxRank_to_depth <- setNames(seq_along ...
R/abundance_sankey_plot.R#L164    ...
R/abundance_sankey_plot.R#L165   nodes <- data.frame( ...
R/abundance_sankey_plot.R#L170   ) ...
R/abundance_sankey_plot.R#L171    ...
R/abundance_sankey_plot.R#L172   names_id <- setNames(seq_len(nrow(node ...
R/abundance_sankey_plot.R#L173   links$source <- names_id[links$source] ...
R/abundance_sankey_plot.R#L174   links$target <- names_id[links$target] ...
R/abundance_sankey_plot.R#L175   links <- links[!is.na(links$source) &  ...
R/abundance_sankey_plot.R#L176   links <- links[links$source != links$t ...
R/abundance_sankey_plot.R#L177    ...
R/abundance_sankey_plot.R#L178   nodes$name <- sub("^._","",nodes$name) ...
R/abundance_sankey_plot.R#L179   links$type <- sub(" .*","",nodes[links ...
R/abundance_sankey_plot.R#L181   if (save_table) { ...
R/abundance_sankey_plot.R#L188                        quote = FALSE, ro ...
R/abundance_sankey_plot.R#L190   } ...
R/abundance_sankey_plot.R#L192   sankey <- networkD3::sankeyNetwork( ...
R/abundance_sankey_plot.R#L206   ) ...
R/abundance_sankey_plot.R#L208   networkD3::saveNetwork(sankey, file =  ...
R/abundance_sankey_plot.R#L209   message("Sankey diagram saved to: ", o ...
R/abundance_sankey_plot.R#L211   invisible(sankey) ...
R/aldex_heatmap_plot.R#L73                                metadata, ...
R/aldex_heatmap_plot.R#L74                                col_cond, ...
R/aldex_heatmap_plot.R#L75                                effect_th ...
R/aldex_heatmap_plot.R#L76                                pvalue_BH ...
R/aldex_heatmap_plot.R#L77                                cluster_r ...
R/aldex_heatmap_plot.R#L78                                cluster_c ...
R/aldex_heatmap_plot.R#L79                                heatmap_c ...
R/aldex_heatmap_plot.R#L80                                effect_co ...
R/aldex_heatmap_plot.R#L81                                  c(-1.5, ...
R/aldex_heatmap_plot.R#L82                                  c("#009 ...
R/aldex_heatmap_plot.R#L83                                ), ...
R/aldex_heatmap_plot.R#L84                                pvalue_co ...
R/aldex_heatmap_plot.R#L85                                  "p-valu ...
R/aldex_heatmap_plot.R#L86                                    "<0.0 ...
R/aldex_heatmap_plot.R#L87                                    "<0.0 ...
R/aldex_heatmap_plot.R#L88                                    "<0.0 ...
R/aldex_heatmap_plot.R#L89                                    ">0.0 ...
R/aldex_heatmap_plot.R#L90                                  ) ...
R/aldex_heatmap_plot.R#L91                                ), ...
R/aldex_heatmap_plot.R#L92                                group_col ...
R/aldex_heatmap_plot.R#L93                                save_tabl ...
R/aldex_heatmap_plot.R#L94                                table_fil ...
R/aldex_heatmap_plot.R#L96   # Check ComplexHeatmap ...
R/aldex_heatmap_plot.R#L97   if (!requireNamespace("ComplexHeatmap" ...
R/aldex_heatmap_plot.R#L99       "Package 'ComplexHeatmap' is requi ...
R/aldex_heatmap_plot.R#L100       "Install it with: BiocManager::ins ...
R/aldex_heatmap_plot.R#L101       call. = FALSE ...
R/aldex_heatmap_plot.R#L103   } ...
R/aldex_heatmap_plot.R#L105   # Verify condition column ...
R/aldex_heatmap_plot.R#L106   if (!col_cond %in% colnames(metadata)) ...
R/aldex_heatmap_plot.R#L109   tax_col <- grep("taxonomy|Taxonomy|tax ...
R/aldex_heatmap_plot.R#L110                   ignore.case = TRUE) ...
R/aldex_heatmap_plot.R#L111   if (length(tax_col) != 1) stop("There  ...
R/aldex_heatmap_plot.R#L112   names(table)[tax_col] <- "taxonomy" ...
R/aldex_heatmap_plot.R#L114   # Prepare count table ...
R/aldex_heatmap_plot.R#L115   table        <- table %>% tibble::rown ...
R/aldex_heatmap_plot.R#L116   table_counts <- table %>% ...
R/aldex_heatmap_plot.R#L120   # Align samples between table and meta ...
R/aldex_heatmap_plot.R#L121   # regardless of its original name), so ...
R/aldex_heatmap_plot.R#L122   # metadata to exactly match table's co ...
R/aldex_heatmap_plot.R#L123   common_samples <- intersect(colnames(t ...
R/aldex_heatmap_plot.R#L124   if (length(common_samples) == 0) ...
R/aldex_heatmap_plot.R#L126   table_counts <- table_counts[, common_ ...
R/aldex_heatmap_plot.R#L127   metadata     <- metadata[match(common_ ...
R/aldex_heatmap_plot.R#L129   conditions       <- as.character(metad ...
R/aldex_heatmap_plot.R#L130   unique_conditions <- unique(conditions ...
R/aldex_heatmap_plot.R#L131   if (length(unique_conditions) != 2) ...
R/aldex_heatmap_plot.R#L134   if (length(conditions) != ncol(table_c ...
R/aldex_heatmap_plot.R#L137   # Run ALDEx2 ...
R/aldex_heatmap_plot.R#L138   aldex_results <- ALDEx2::aldex( ...
R/aldex_heatmap_plot.R#L147   ) ...
R/aldex_heatmap_plot.R#L149   if (!all(c("effect", "wi.eBH") %in% co ...
R/aldex_heatmap_plot.R#L152   # Filter by thresholds ...
R/aldex_heatmap_plot.R#L153   aldex_filtered <- aldex_results ...
R/aldex_heatmap_plot.R#L154   if (effect_threshold > 0 && !is.null(p ...
R/aldex_heatmap_plot.R#L156       dplyr::filter(abs(effect) >= effec ...
R/aldex_heatmap_plot.R#L157   } else if (effect_threshold > 0) { ...
R/aldex_heatmap_plot.R#L159       dplyr::filter(abs(effect) >= effec ...
R/aldex_heatmap_plot.R#L160   } else if (!is.null(pvalue_BH)) { ...
R/aldex_heatmap_plot.R#L162       dplyr::filter(wi.eBH <= pvalue_BH) ...
R/aldex_heatmap_plot.R#L163   } ...
R/aldex_heatmap_plot.R#L165   if (nrow(aldex_filtered) == 0) ...
R/aldex_heatmap_plot.R#L167       "No taxa passed the filtering thre ...
R/aldex_heatmap_plot.R#L168       "(effect_threshold = ", effect_thr ...
R/aldex_heatmap_plot.R#L169       if (!is.null(pvalue_BH)) ", pvalue ...
R/aldex_heatmap_plot.R#L170       if (!is.null(pvalue_BH)) pvalue_BH ...
R/aldex_heatmap_plot.R#L171       ").\nTry lowering effect_threshold ...
R/aldex_heatmap_plot.R#L174   # Prepare plot data ...
R/aldex_heatmap_plot.R#L175   aldex_plot <- aldex_filtered %>% ...
R/aldex_heatmap_plot.R#L179       seccion = dplyr::case_when( ...
R/aldex_heatmap_plot.R#L183       ), ...
R/aldex_heatmap_plot.R#L184       taxonomy = dplyr::case_when( ...
R/aldex_heatmap_plot.R#L186           sub(".*g__([^;]*).*", "\\1", t ...
R/aldex_heatmap_plot.R#L188           paste0("other ", stringr::str_ ...
R/aldex_heatmap_plot.R#L190           paste0("other ", stringr::str_ ...
R/aldex_heatmap_plot.R#L192           paste0("other ", stringr::str_ ...
R/aldex_heatmap_plot.R#L194           paste0("other ", stringr::str_ ...
R/aldex_heatmap_plot.R#L196       ), ...
R/aldex_heatmap_plot.R#L197       taxonomy = stringr::str_trim(taxon ...
R/aldex_heatmap_plot.R#L198       taxonomy = make.unique(taxonomy), ...
R/aldex_heatmap_plot.R#L199       p.value  = dplyr::case_when( ...
R/aldex_heatmap_plot.R#L204       ) ...
R/aldex_heatmap_plot.R#L208   if (save_table) { ...
R/aldex_heatmap_plot.R#L210                        quote = FALSE, ro ...
R/aldex_heatmap_plot.R#L212   } ...
R/aldex_heatmap_plot.R#L214   rab_cols <- paste0("rab.win.", unique_ ...
R/aldex_heatmap_plot.R#L215   heat_data <- aldex_plot %>% ...
R/aldex_heatmap_plot.R#L221   # Resolve heatmap body colors ...
R/aldex_heatmap_plot.R#L222   data_max <- max(abs(heat_data), na.rm  ...
R/aldex_heatmap_plot.R#L223   heatmap_colors_fn <- if (is.null(heatm ...
R/aldex_heatmap_plot.R#L224                           (is.character( ...
R/aldex_heatmap_plot.R#L225                            tolower(heatm ...
R/aldex_heatmap_plot.R#L228       seq(-data_max, data_max, length.ou ...
R/aldex_heatmap_plot.R#L229       viridis::viridis(13, option = "C", ...
R/aldex_heatmap_plot.R#L231   } else if (is.character(heatmap_colors ...
R/aldex_heatmap_plot.R#L235       warning("Unknown heatmap_colors pr ...
R/aldex_heatmap_plot.R#L236               "'. Using 'viridis'. Valid ...
R/aldex_heatmap_plot.R#L237               paste(names(.mbm_div_palet ...
R/aldex_heatmap_plot.R#L238       pal <- NULL ...
R/aldex_heatmap_plot.R#L241       circlize::colorRamp2( ...
R/aldex_heatmap_plot.R#L244       ) ...
R/aldex_heatmap_plot.R#L246       circlize::colorRamp2(c(-data_max,  ...
R/aldex_heatmap_plot.R#L248   } else { ...
R/aldex_heatmap_plot.R#L250   } ...
R/aldex_heatmap_plot.R#L252   # Resolve group colors for barplot: de ...
R/aldex_heatmap_plot.R#L253   # in condition 1 = orange, higher in c ...
R/aldex_heatmap_plot.R#L254   # col_sup/col_inf convention used else ...
R/aldex_heatmap_plot.R#L255   # cycles through the rest of Okabe-Ito ...
R/aldex_heatmap_plot.R#L256   if (is.null(group_colors)) { ...
R/aldex_heatmap_plot.R#L259   } else { ...
R/aldex_heatmap_plot.R#L261   } ...
R/aldex_heatmap_plot.R#L262   # Map: diff.btw > 0 → condition 1 colo ...
R/aldex_heatmap_plot.R#L263   bar_fills <- ifelse(aldex_plot$diff.bt ...
R/aldex_heatmap_plot.R#L265   # Shared gpar helpers (consistent font ...
R/aldex_heatmap_plot.R#L266   gp_title  <- grid::gpar(fontsize = 12, ...
R/aldex_heatmap_plot.R#L267                            fontfamily =  ...
R/aldex_heatmap_plot.R#L268   gp_legend_title <- grid::gpar(fontsize ...
R/aldex_heatmap_plot.R#L270   gp_labels <- grid::gpar(fontsize = 12, ...
R/aldex_heatmap_plot.R#L271   # A white (rather than black) border b ...
R/aldex_heatmap_plot.R#L272   # which keeps adjacent dark-colored ce ...
R/aldex_heatmap_plot.R#L273   gp_border <- grid::gpar(col = "white", ...
R/aldex_heatmap_plot.R#L275   # --- Left annotation: Effect size --- ...
R/aldex_heatmap_plot.R#L276   left_annotation <- ComplexHeatmap::row ...
R/aldex_heatmap_plot.R#L282       title_gp  = gp_legend_title, ...
R/aldex_heatmap_plot.R#L283       labels_gp = gp_labels, ...
R/aldex_heatmap_plot.R#L284       direction = "vertical" ...
R/aldex_heatmap_plot.R#L289   ) ...
R/aldex_heatmap_plot.R#L291   # --- Right annotation 1: p-value tile ...
R/aldex_heatmap_plot.R#L292   annP <- ComplexHeatmap::rowAnnotation( ...
R/aldex_heatmap_plot.R#L297       title_gp  = gp_legend_title, ...
R/aldex_heatmap_plot.R#L298       labels_gp = gp_labels, ...
R/aldex_heatmap_plot.R#L299       direction = "vertical" ...
R/aldex_heatmap_plot.R#L305   ) ...
R/aldex_heatmap_plot.R#L307   # --- Right annotation 2: difference b ...
R/aldex_heatmap_plot.R#L308   barpl <- ComplexHeatmap::rowAnnotation ...
R/aldex_heatmap_plot.R#L310       aldex_plot$diff.btw, ...
R/aldex_heatmap_plot.R#L311       which = "row", ...
R/aldex_heatmap_plot.R#L312       gp    = grid::gpar(fill = bar_fill ...
R/aldex_heatmap_plot.R#L313       width = grid::unit(4, "cm") ...
R/aldex_heatmap_plot.R#L318   ) ...
R/aldex_heatmap_plot.R#L320   # --- Main heatmap --- ...
R/aldex_heatmap_plot.R#L321   heatmap <- ComplexHeatmap::Heatmap( ...
R/aldex_heatmap_plot.R#L332       direction     = "vertical", ...
R/aldex_heatmap_plot.R#L333       labels_gp     = gp_labels, ...
R/aldex_heatmap_plot.R#L334       title_gp      = gp_legend_title, ...
R/aldex_heatmap_plot.R#L335       legend_height = grid::unit(2.5, "c ...
R/aldex_heatmap_plot.R#L348   ) ...
R/aldex_heatmap_plot.R#L350   # Only an actual genus-level hit gets  ...
R/aldex_heatmap_plot.R#L351   # taxonomic convention; the "other <hi ...
R/aldex_heatmap_plot.R#L352   # fallbacks (see the taxonomy case_whe ...
R/aldex_heatmap_plot.R#L353   # stay upright. gpar() accepts a per-e ...
R/aldex_heatmap_plot.R#L354   # rows of the annotation in order. ...
R/aldex_heatmap_plot.R#L355   taxon_names <- rownames(heat_data) ...
R/aldex_heatmap_plot.R#L356   taxon_face  <- ifelse(grepl("^other |^ ...
R/aldex_heatmap_plot.R#L358   # Explicit row-label annotation (see c ...
R/aldex_heatmap_plot.R#L359   # via anno_text() as its own component ...
R/aldex_heatmap_plot.R#L360   # Heatmap()'s built-in (here non-funct ...
R/aldex_heatmap_plot.R#L361   taxon_labels <- ComplexHeatmap::rowAnn ...
R/aldex_heatmap_plot.R#L363       taxon_names, ...
R/aldex_heatmap_plot.R#L364       gp   = grid::gpar(fontsize = 12, f ...
R/aldex_heatmap_plot.R#L366       just = "left" ...
R/aldex_heatmap_plot.R#L369   ) ...
R/aldex_heatmap_plot.R#L371   # Draw: main heatmap + p-value annotat ...
R/aldex_heatmap_plot.R#L372   # left-to-right order, so the taxon na ...
R/aldex_heatmap_plot.R#L373   ht_list <- heatmap + annP + barpl + ta ...
R/aldex_heatmap_plot.R#L375   ComplexHeatmap::draw( ...
R/aldex_heatmap_plot.R#L386   ) ...
R/aldex_heatmap_plot.R#L387   return(invisible(ht_list)) ...
R/aldex_volcano_plot.R#L50                                metadata, ...
R/aldex_volcano_plot.R#L51                                col_cond, ...
R/aldex_volcano_plot.R#L52                                type = "v ...
R/aldex_volcano_plot.R#L53                                col_inf = ...
R/aldex_volcano_plot.R#L54                                col_sup = ...
R/aldex_volcano_plot.R#L55                                threshold ...
R/aldex_volcano_plot.R#L56                                threshold ...
R/aldex_volcano_plot.R#L57                                cond = NU ...
R/aldex_volcano_plot.R#L58                                cutoff.pv ...
R/aldex_volcano_plot.R#L59                                show_labe ...
R/aldex_volcano_plot.R#L60                                taxa = NU ...
R/aldex_volcano_plot.R#L61                                label_siz ...
R/aldex_volcano_plot.R#L62                                filter_un ...
R/aldex_volcano_plot.R#L63                                save_tabl ...
R/aldex_volcano_plot.R#L64                                table_fil ...
R/aldex_volcano_plot.R#L65    ...
R/aldex_volcano_plot.R#L66   # Verify that type has a valid value ...
R/aldex_volcano_plot.R#L67   if (!type %in% c("effect", "volcano")) ...
R/aldex_volcano_plot.R#L69   } ...
R/aldex_volcano_plot.R#L70    ...
R/aldex_volcano_plot.R#L71   if (!requireNamespace("ALDEx2", quietl ...
R/aldex_volcano_plot.R#L73   } ...
R/aldex_volcano_plot.R#L74    ...
R/aldex_volcano_plot.R#L75   if (!requireNamespace("ggplot2", quiet ...
R/aldex_volcano_plot.R#L77   } ...
R/aldex_volcano_plot.R#L78    ...
R/aldex_volcano_plot.R#L79   # Verify that the condition column exi ...
R/aldex_volcano_plot.R#L80   if (!col_cond %in% colnames(metadata)) ...
R/aldex_volcano_plot.R#L82       "The column ", col_cond, ...
R/aldex_volcano_plot.R#L83       " does not exist in the object 'me ...
R/aldex_volcano_plot.R#L85   } ...
R/aldex_volcano_plot.R#L86    ...
R/aldex_volcano_plot.R#L87   tax_col <- grep("taxonomy|Taxonomy|tax ...
R/aldex_volcano_plot.R#L88   if(length(tax_col) != 1) stop("There i ...
R/aldex_volcano_plot.R#L89    ...
R/aldex_volcano_plot.R#L90    ...
R/aldex_volcano_plot.R#L91   #Automatically identify the taxonomy c ...
R/aldex_volcano_plot.R#L92   if (is.null(taxa)) { ...
R/aldex_volcano_plot.R#L94    taxa_colname <- colnames(table)[last_ ...
R/aldex_volcano_plot.R#L95    taxa <- data.frame( ...
R/aldex_volcano_plot.R#L97    Taxon = table[[taxa_colname]], ...
R/aldex_volcano_plot.R#L98    stringsAsFactors = FALSE ...
R/aldex_volcano_plot.R#L99   ) ...
R/aldex_volcano_plot.R#L100   #  Remove the last column of table for ...
R/aldex_volcano_plot.R#L102   } ...
R/aldex_volcano_plot.R#L104   # Align samples between table and meta ...
R/aldex_volcano_plot.R#L105   # regardless of its original name) ...
R/aldex_volcano_plot.R#L106   common_samples <- intersect(colnames(t ...
R/aldex_volcano_plot.R#L107   if (length(common_samples) == 0) ...
R/aldex_volcano_plot.R#L109   table    <- table[, common_samples, dr ...
R/aldex_volcano_plot.R#L110   metadata <- metadata[match(common_samp ...
R/aldex_volcano_plot.R#L112   conditions <- as.character(metadata[[c ...
R/aldex_volcano_plot.R#L113   groups <- unique(conditions) ...
R/aldex_volcano_plot.R#L114   if (is.null(cond)) cond <- groups[1] ...
R/aldex_volcano_plot.R#L115   other_cond <- setdiff(groups, cond)[1] ...
R/aldex_volcano_plot.R#L116    ...
R/aldex_volcano_plot.R#L117   aldex_clr <- ALDEx2::aldex(table, cond ...
R/aldex_volcano_plot.R#L118    ...
R/aldex_volcano_plot.R#L119    ...
R/aldex_volcano_plot.R#L120    ...
R/aldex_volcano_plot.R#L121    ...
R/aldex_volcano_plot.R#L122    ...
R/aldex_volcano_plot.R#L123   # Process taxonomic data for both plot ...
R/aldex_volcano_plot.R#L124   processed_data <- aldex_clr %>% ...
R/aldex_volcano_plot.R#L128       taxa = dplyr::case_when( ...
R/aldex_volcano_plot.R#L134       ) ...
R/aldex_volcano_plot.R#L136    ...
R/aldex_volcano_plot.R#L137   # Guardar tabla si se solicita ...
R/aldex_volcano_plot.R#L138   if (save_table) { ...
R/aldex_volcano_plot.R#L140       processed_data, ...
R/aldex_volcano_plot.R#L141       file = table_filename, ...
R/aldex_volcano_plot.R#L142       sep = "\t", ...
R/aldex_volcano_plot.R#L143       quote = FALSE, ...
R/aldex_volcano_plot.R#L144       row.names = FALSE ...
R/aldex_volcano_plot.R#L147   } ...
R/aldex_volcano_plot.R#L148    ...
R/aldex_volcano_plot.R#L149    ...
R/aldex_volcano_plot.R#L150   if (type == "effect") { ...
R/aldex_volcano_plot.R#L153       dplyr::mutate( ...
R/aldex_volcano_plot.R#L155           effect <= threshold_lower ~ pa ...
R/aldex_volcano_plot.R#L156           effect >= threshold_upper ~ pa ...
R/aldex_volcano_plot.R#L157           TRUE ~ "Not significant" ...
R/aldex_volcano_plot.R#L160       ) ...
R/aldex_volcano_plot.R#L164       dplyr::filter(grupo != "Not signif ...
R/aldex_volcano_plot.R#L165       dplyr::group_by(grupo) %>% ...
R/aldex_volcano_plot.R#L166       dplyr::slice_max(order_by = abs(ef ...
R/aldex_volcano_plot.R#L176       ggplot2::geom_point(size = 3) + ...
R/aldex_volcano_plot.R#L177       ggplot2::scale_color_manual(values ...
R/aldex_volcano_plot.R#L178       ggplot2::geom_vline( ...
R/aldex_volcano_plot.R#L182       ) + ...
R/aldex_volcano_plot.R#L183       ggplot2::geom_hline( ...
R/aldex_volcano_plot.R#L187       ) + ...
R/aldex_volcano_plot.R#L188       ggplot2::labs( ...
R/aldex_volcano_plot.R#L192       ) + ...
R/aldex_volcano_plot.R#L193       .mbm_theme(legend_position = "none ...
R/aldex_volcano_plot.R#L194       ggplot2::scale_x_continuous(limits ...
R/aldex_volcano_plot.R#L195       # Generous top headroom: the corne ...
R/aldex_volcano_plot.R#L196       # padding, strictly above the high ...
R/aldex_volcano_plot.R#L197       # compete with that point's own ta ...
R/aldex_volcano_plot.R#L198       ggplot2::scale_y_continuous(expand ...
R/aldex_volcano_plot.R#L202       plot_taxa <- if (filter_uncultured ...
R/aldex_volcano_plot.R#L204       } else top_taxa ...
R/aldex_volcano_plot.R#L205       if (nrow(plot_taxa) > 0) { ...
R/aldex_volcano_plot.R#L207           ggplot2::geom_text( ...
R/aldex_volcano_plot.R#L215           ) ...
R/aldex_volcano_plot.R#L216       } ...
R/aldex_volcano_plot.R#L227       p <- p + ...
R/aldex_volcano_plot.R#L229           "text", ...
R/aldex_volcano_plot.R#L230           x = -Inf, ...
R/aldex_volcano_plot.R#L231           y = Inf, ...
R/aldex_volcano_plot.R#L232           label = paste0("Lower in\n", c ...
R/aldex_volcano_plot.R#L233           color = col_inf, ...
R/aldex_volcano_plot.R#L234           family = "serif", ...
R/aldex_volcano_plot.R#L235           fontface = "bold", ...
R/aldex_volcano_plot.R#L236           size = 5, ...
R/aldex_volcano_plot.R#L237           hjust = 0, ...
R/aldex_volcano_plot.R#L238           vjust = 1.3 ...
R/aldex_volcano_plot.R#L241           "text", ...
R/aldex_volcano_plot.R#L242           x = Inf, ...
R/aldex_volcano_plot.R#L243           y = Inf, ...
R/aldex_volcano_plot.R#L244           label = paste0("Higher in\n",  ...
R/aldex_volcano_plot.R#L245           color = col_sup, ...
R/aldex_volcano_plot.R#L246           family = "serif", ...
R/aldex_volcano_plot.R#L247           fontface = "bold", ...
R/aldex_volcano_plot.R#L248           size = 5, ...
R/aldex_volcano_plot.R#L249           hjust = 1, ...
R/aldex_volcano_plot.R#L250           vjust = 1.3 ...
R/aldex_volcano_plot.R#L254   } else if (type == "volcano") { ...
R/aldex_volcano_plot.R#L257       dplyr::mutate( ...
R/aldex_volcano_plot.R#L261                            paste("Lower  ...
R/aldex_volcano_plot.R#L262                            paste("Higher ...
R/aldex_volcano_plot.R#L263       ) ...
R/aldex_volcano_plot.R#L267       dplyr::filter(significant) %>% ...
R/aldex_volcano_plot.R#L268       dplyr::group_by(direction) %>% ...
R/aldex_volcano_plot.R#L269       dplyr::slice_max(order_by = abs(di ...
R/aldex_volcano_plot.R#L277       ggplot2::geom_point( ...
R/aldex_volcano_plot.R#L282       ) + ...
R/aldex_volcano_plot.R#L283       ggplot2::geom_point( ...
R/aldex_volcano_plot.R#L287       ) + ...
R/aldex_volcano_plot.R#L288       ggplot2::scale_color_manual(values ...
R/aldex_volcano_plot.R#L289       ggplot2::geom_vline( ...
R/aldex_volcano_plot.R#L293       ) + ...
R/aldex_volcano_plot.R#L294       ggplot2::geom_hline( ...
R/aldex_volcano_plot.R#L298       ) + ...
R/aldex_volcano_plot.R#L299       ggplot2::labs( ...
R/aldex_volcano_plot.R#L303       ) + ...
R/aldex_volcano_plot.R#L304       .mbm_theme(legend_position = "none ...
R/aldex_volcano_plot.R#L305       # Generous top headroom: the corne ...
R/aldex_volcano_plot.R#L306       # padding, strictly above the high ...
R/aldex_volcano_plot.R#L307       # compete with that point's own ta ...
R/aldex_volcano_plot.R#L308       ggplot2::scale_x_continuous(expand ...
R/aldex_volcano_plot.R#L309       ggplot2::scale_y_continuous(expand ...
R/aldex_volcano_plot.R#L313       plot_taxa <- if (filter_uncultured ...
R/aldex_volcano_plot.R#L315       } else top_taxa ...
R/aldex_volcano_plot.R#L316       if (nrow(plot_taxa) > 0) { ...
R/aldex_volcano_plot.R#L318           ggplot2::geom_text( ...
R/aldex_volcano_plot.R#L326           ) ...
R/aldex_volcano_plot.R#L327       } ...
R/aldex_volcano_plot.R#L335       ggplot2::annotate( ...
R/aldex_volcano_plot.R#L346       ) + ...
R/aldex_volcano_plot.R#L347       ggplot2::annotate( ...
R/aldex_volcano_plot.R#L358       ) ...
R/aldex_volcano_plot.R#L359   } ...
R/aldex_volcano_plot.R#L360    ...
R/aldex_volcano_plot.R#L361   return(p) ...
R/alpha_decay_plot.R#L122   # ---- 0. Validate inputs ---- ...
R/alpha_decay_plot.R#L123   method <- match.arg(method, c("spearma ...
R/alpha_decay_plot.R#L125   if (!cont_var %in% colnames(metadata)) ...
R/alpha_decay_plot.R#L127   if (!is.null(group_col) && !group_col  ...
R/alpha_decay_plot.R#L130   # ---- 1. Align table and metadata --- ...
R/alpha_decay_plot.R#L131   sample_col <- colnames(metadata)[1] ...
R/alpha_decay_plot.R#L132   tax_idx    <- grep("^taxonomy$", colna ...
R/alpha_decay_plot.R#L133   if (length(tax_idx) != 1) ...
R/alpha_decay_plot.R#L136   common <- intersect(colnames(table)[-t ...
R/alpha_decay_plot.R#L137                       as.character(metad ...
R/alpha_decay_plot.R#L138   if (length(common) == 0) ...
R/alpha_decay_plot.R#L141   counts_t <- data.frame(t(table[, commo ...
R/alpha_decay_plot.R#L143   # ---- 2. Compute Hill numbers ---- ...
R/alpha_decay_plot.R#L144   hills <- data.frame( ...
R/alpha_decay_plot.R#L150   ) ...
R/alpha_decay_plot.R#L152   # ---- 3. Merge with metadata ---- ...
R/alpha_decay_plot.R#L153   meta_sub              <- metadata ...
R/alpha_decay_plot.R#L154   meta_sub[[sample_col]] <- as.character ...
R/alpha_decay_plot.R#L155   meta_sub[[cont_var]]   <- suppressWarn ...
R/alpha_decay_plot.R#L157   hills_meta <- dplyr::left_join(hills,  ...
R/alpha_decay_plot.R#L158                                  by = st ...
R/alpha_decay_plot.R#L160   # ---- 4. Pivot to long ---- ...
R/alpha_decay_plot.R#L161   hills_long <- tidyr::pivot_longer( ...
R/alpha_decay_plot.R#L166   ) ...
R/alpha_decay_plot.R#L167   hills_long <- hills_long[!is.na(hills_ ...
R/alpha_decay_plot.R#L168                               !is.na(hil ...
R/alpha_decay_plot.R#L170   # ---- 5. Compute per-group stats ---- ...
R/alpha_decay_plot.R#L171   group_vars <- if (!is.null(group_col)) ...
R/alpha_decay_plot.R#L172   rho_sym    <- if (method == "spearman" ...
R/alpha_decay_plot.R#L174   # Helper that receives one sub-data fr ...
R/alpha_decay_plot.R#L175   .compute_stats <- function(df) { ...
R/alpha_decay_plot.R#L182       stats::cor.test(x, y, method = met ...
R/alpha_decay_plot.R#L183       error = function(e) NULL ...
R/alpha_decay_plot.R#L193       sprintf("%s = %.3f\np = %s\nR2 = % ...
R/alpha_decay_plot.R#L194               rho_sym, rho, .mbm_format_ ...
R/alpha_decay_plot.R#L196       sprintf("%s = %.3f\np = %s", rho_s ...
R/alpha_decay_plot.R#L200                label = label, stringsAsF ...
R/alpha_decay_plot.R#L201   } ...
R/alpha_decay_plot.R#L203   stats_df <- hills_long %>% ...
R/alpha_decay_plot.R#L208   # ---- 5b. Position annotations: right ...
R/alpha_decay_plot.R#L209   #          (group 1 left, group 2 righ ...
R/alpha_decay_plot.R#L210   line_gap <- if (show_lm_stats) 5.5 els ...
R/alpha_decay_plot.R#L212   if (!is.null(group_col)) { ...
R/alpha_decay_plot.R#L217       dplyr::mutate( ...
R/alpha_decay_plot.R#L220           ifelse(.grp_idx %% 2 == 1, "le ...
R/alpha_decay_plot.R#L221       ) %>% ...
R/alpha_decay_plot.R#L222       dplyr::arrange(q, side, .grp_idx)  ...
R/alpha_decay_plot.R#L223       dplyr::group_by(q, side) %>% ...
R/alpha_decay_plot.R#L224       dplyr::mutate(slot = dplyr::row_nu ...
R/alpha_decay_plot.R#L225       dplyr::ungroup() %>% ...
R/alpha_decay_plot.R#L226       dplyr::mutate( ...
R/alpha_decay_plot.R#L234       ) ...
R/alpha_decay_plot.R#L235   } else { ...
R/alpha_decay_plot.R#L237       dplyr::mutate(x_pos = Inf, hjust = ...
R/alpha_decay_plot.R#L238   } ...
R/alpha_decay_plot.R#L240   # ---- 6. Color scale ---- ...
R/alpha_decay_plot.R#L241   colorb_default <- if (!is.null(group_c ...
R/alpha_decay_plot.R#L243   } else { ...
R/alpha_decay_plot.R#L245   } ...
R/alpha_decay_plot.R#L246   color_scale <- if (!is.null(group_colo ...
R/alpha_decay_plot.R#L248   } else { ...
R/alpha_decay_plot.R#L250       "colorb"  = ggplot2::scale_color_m ...
R/alpha_decay_plot.R#L251       "grey"    = ggplot2::scale_color_g ...
R/alpha_decay_plot.R#L252       "viridis" = ggplot2::scale_color_v ...
R/alpha_decay_plot.R#L253       "brewer"  = ggplot2::scale_color_b ...
R/alpha_decay_plot.R#L254       ggplot2::scale_color_manual(values ...
R/alpha_decay_plot.R#L256   } ...
R/alpha_decay_plot.R#L258   # ---- 7. Build plot ---- ...
R/alpha_decay_plot.R#L259   aes_pts <- if (!is.null(group_col)) { ...
R/alpha_decay_plot.R#L261       x     = .data[[cont_var]], ...
R/alpha_decay_plot.R#L262       y     = hill, ...
R/alpha_decay_plot.R#L263       color = .data[[group_col]] ...
R/alpha_decay_plot.R#L265   } else { ...
R/alpha_decay_plot.R#L267   } ...
R/alpha_decay_plot.R#L269   # Annotation mapping (color per group  ...
R/alpha_decay_plot.R#L270   aes_ann <- if (!is.null(group_col)) { ...
R/alpha_decay_plot.R#L272                  hjust = hjust, vjust =  ...
R/alpha_decay_plot.R#L273                  color = .data[[group_co ...
R/alpha_decay_plot.R#L274   } else { ...
R/alpha_decay_plot.R#L276                  hjust = hjust, vjust =  ...
R/alpha_decay_plot.R#L277   } ...
R/alpha_decay_plot.R#L279   facet_ncol <- if (facet_orientation == ...
R/alpha_decay_plot.R#L280   q_labeller <- ggplot2::as_labeller(.mb ...
R/alpha_decay_plot.R#L282   # When ungrouped, match alpha_hill_cor ...
R/alpha_decay_plot.R#L283   # when grouped, let each group keep it ...
R/alpha_decay_plot.R#L284   smooth_layer <- if (is.null(group_col) ...
R/alpha_decay_plot.R#L286       method    = "lm", ...
R/alpha_decay_plot.R#L287       formula   = y ~ x, ...
R/alpha_decay_plot.R#L288       se        = TRUE, ...
R/alpha_decay_plot.R#L289       linewidth = line_width, ...
R/alpha_decay_plot.R#L290       color     = "#D55E00", ...
R/alpha_decay_plot.R#L291       fill      = "#56B4E9" ...
R/alpha_decay_plot.R#L293   } else { ...
R/alpha_decay_plot.R#L295       method    = "lm", ...
R/alpha_decay_plot.R#L296       formula   = y ~ x, ...
R/alpha_decay_plot.R#L297       se        = TRUE, ...
R/alpha_decay_plot.R#L298       linewidth = line_width ...
R/alpha_decay_plot.R#L300   } ...
R/alpha_decay_plot.R#L302   # Shared y-axis range across the three ...
R/alpha_decay_plot.R#L303   y_range <- if (!free_y) range(hills_lo ...
R/alpha_decay_plot.R#L305   # ---- 7. Build one panel per q level, ...
R/alpha_decay_plot.R#L306   # A/B/C tags land outside each panel ( ...
R/alpha_decay_plot.R#L307   q_levels <- intersect(c("q0", "q1", "q ...
R/alpha_decay_plot.R#L309   build_q_panel <- function(q_level) { ...
R/alpha_decay_plot.R#L311       ggplot2::geom_point(size = point_s ...
R/alpha_decay_plot.R#L312       smooth_layer + ...
R/alpha_decay_plot.R#L313       ggplot2::geom_text( ...
R/alpha_decay_plot.R#L320       ) + ...
R/alpha_decay_plot.R#L321       ggplot2::facet_wrap(~q, ncol = 1,  ...
R/alpha_decay_plot.R#L322       color_scale + ...
R/alpha_decay_plot.R#L323       { if (!is.null(y_range)) ggplot2:: ...
R/alpha_decay_plot.R#L324       ggplot2::labs( ...
R/alpha_decay_plot.R#L328       ) + ...
R/alpha_decay_plot.R#L329       ggplot2::theme_bw() + ...
R/alpha_decay_plot.R#L330       ggplot2::theme( ...
R/alpha_decay_plot.R#L333           size = 12, color = "black", fa ...
R/alpha_decay_plot.R#L337           size = 14, color = "black", fa ...
R/alpha_decay_plot.R#L340           size = 14, color = "black", fa ...
R/alpha_decay_plot.R#L343           size = 12, colour = "black", f ...
R/alpha_decay_plot.R#L346           size = 12, color = "black", fa ...
R/alpha_decay_plot.R#L349           size = 14, color = "black", fa ...
R/alpha_decay_plot.R#L352           size = 12, color = "black", fa ...
R/alpha_decay_plot.R#L355       ) ...
R/alpha_decay_plot.R#L356   } ...
R/alpha_decay_plot.R#L358   panel_letters <- if (!is.null(panel_la ...
R/alpha_decay_plot.R#L360   } else if (identical(panel_label_case, ...
R/alpha_decay_plot.R#L362   } else { ...
R/alpha_decay_plot.R#L364   } ...
R/alpha_decay_plot.R#L366   plots <- lapply(q_levels, build_q_pane ...
R/alpha_decay_plot.R#L368   has_legend <- !is.null(group_col) && s ...
R/alpha_decay_plot.R#L369   if (has_legend) { ...
R/alpha_decay_plot.R#L372   } ...
R/alpha_decay_plot.R#L374   panel_grid <- cowplot::plot_grid( ...
R/alpha_decay_plot.R#L385   ) ...
R/alpha_decay_plot.R#L387   p <- if (has_legend) { ...
R/alpha_decay_plot.R#L389       "top"    = cowplot::plot_grid(leg, ...
R/alpha_decay_plot.R#L390       "left"   = cowplot::plot_grid(leg, ...
R/alpha_decay_plot.R#L391       "right"  = cowplot::plot_grid(pane ...
R/alpha_decay_plot.R#L392       cowplot::plot_grid(panel_grid, leg ...
R/alpha_decay_plot.R#L394   } else { ...
R/alpha_decay_plot.R#L396   } ...
R/alpha_decay_plot.R#L398   if (!is.null(title)) { ...
R/alpha_decay_plot.R#L400       cowplot::draw_label(title, fontfac ...
R/alpha_decay_plot.R#L402   } ...
R/alpha_decay_plot.R#L404   p ...
R/alpha_diversity_plot.R#L113   # Treat metadata's first column as the ...
R/alpha_diversity_plot.R#L114   colnames(metadata)[1] <- "SAMPLEID" ...
R/alpha_diversity_plot.R#L116   #this part may not be necessary; not s ...
R/alpha_diversity_plot.R#L117   #without a taxonomic ID, since that do ...
R/alpha_diversity_plot.R#L118   #table <- table[, c("taxonomy", setdif ...
R/alpha_diversity_plot.R#L119   # Remove uninformative taxonomy string ...
R/alpha_diversity_plot.R#L120   #table <- table %>% ...
R/alpha_diversity_plot.R#L121    # dplyr::filter(taxonomy != "d__Bacte ...
R/alpha_diversity_plot.R#L122    ...
R/alpha_diversity_plot.R#L123   # Keep only samples present in both ta ...
R/alpha_diversity_plot.R#L124   # doesn't matter here: per-sample dive ...
R/alpha_diversity_plot.R#L125   # independently, and results are joine ...
R/alpha_diversity_plot.R#L126   sample_order <- metadata[[1]] ...
R/alpha_diversity_plot.R#L127   common_samples <- intersect(colnames(t ...
R/alpha_diversity_plot.R#L128   if (length(common_samples) == 0) stop( ...
R/alpha_diversity_plot.R#L129   table <- table[, common_samples, drop  ...
R/alpha_diversity_plot.R#L130   table <- data.frame(t(table)) ...
R/alpha_diversity_plot.R#L131    ...
R/alpha_diversity_plot.R#L132   if (!is.null(rarefy_depth) && rarefy_d ...
R/alpha_diversity_plot.R#L134   } ...
R/alpha_diversity_plot.R#L135    ...
R/alpha_diversity_plot.R#L136   # Estimate diversity indices ...
R/alpha_diversity_plot.R#L137   est_richness <- vegan::estimateR(table ...
R/alpha_diversity_plot.R#L138   chao1 <- est_richness["S.chao1", ] ...
R/alpha_diversity_plot.R#L139   shannon <- vegan::diversity(table, ind ...
R/alpha_diversity_plot.R#L140   simpson <- vegan::diversity(table, ind ...
R/alpha_diversity_plot.R#L142   # Build unified data frame ...
R/alpha_diversity_plot.R#L143   results <- data.frame( ...
R/alpha_diversity_plot.R#L148   ) ...
R/alpha_diversity_plot.R#L149    ...
R/alpha_diversity_plot.R#L150   # Unir con metadata por SAMPLEID ...
R/alpha_diversity_plot.R#L151   results <- dplyr::left_join(results, m ...
R/alpha_diversity_plot.R#L152    ...
R/alpha_diversity_plot.R#L153   # Guardar tabla si se solicita ...
R/alpha_diversity_plot.R#L154   if (save_table) { ...
R/alpha_diversity_plot.R#L156       results, ...
R/alpha_diversity_plot.R#L157       file = table_filename, ...
R/alpha_diversity_plot.R#L158       sep = "\t", ...
R/alpha_diversity_plot.R#L159       quote = FALSE, ...
R/alpha_diversity_plot.R#L160       row.names = FALSE ...
R/alpha_diversity_plot.R#L163   } ...
R/alpha_diversity_plot.R#L164    ...
R/alpha_diversity_plot.R#L165   results[[fill_col]] <- factor(results[ ...
R/alpha_diversity_plot.R#L166   results[[x_col]] <- factor(results[[x_ ...
R/alpha_diversity_plot.R#L167    ...
R/alpha_diversity_plot.R#L168   results_largo <- tidyr::pivot_longer( ...
R/alpha_diversity_plot.R#L173   ) ...
R/alpha_diversity_plot.R#L174    ...
R/alpha_diversity_plot.R#L175   colorb_default <- if (nlevels(results[ ...
R/alpha_diversity_plot.R#L176   fill_scale <- if (!is.null(group_color ...
R/alpha_diversity_plot.R#L178   } else { ...
R/alpha_diversity_plot.R#L180            "colorb" = ggplot2::scale_fil ...
R/alpha_diversity_plot.R#L181            "grey" = ggplot2::scale_fill_ ...
R/alpha_diversity_plot.R#L182            "viridis" = ggplot2::scale_fi ...
R/alpha_diversity_plot.R#L183            "brewer" = ggplot2::scale_fil ...
R/alpha_diversity_plot.R#L184            ggplot2::scale_fill_grey(star ...
R/alpha_diversity_plot.R#L186   } ...
R/alpha_diversity_plot.R#L187    ...
R/alpha_diversity_plot.R#L188   facet_scales <- if (free_y) "free_y" e ...
R/alpha_diversity_plot.R#L190   # Panel tags (A/B/C) are always added. ...
R/alpha_diversity_plot.R#L191   # build the grid as separate cowplot-c ...
R/alpha_diversity_plot.R#L192   # faceted ggplot, so the tags land tru ...
R/alpha_diversity_plot.R#L193   # mechanism already used by alpha_hill ...
R/alpha_diversity_plot.R#L194   # instead of trying to carve out space ...
R/alpha_diversity_plot.R#L195   use_grid_compose <- is.null(facet_by2) ...
R/alpha_diversity_plot.R#L198   facet_config <- if (!is.null(facet_by) ...
R/alpha_diversity_plot.R#L200       stats::as.formula(paste(facet_by2, ...
R/alpha_diversity_plot.R#L202       stats::as.formula(paste("Index +", ...
R/alpha_diversity_plot.R#L205       formula_facet, ...
R/alpha_diversity_plot.R#L206       nest_line = ggplot2::element_line( ...
R/alpha_diversity_plot.R#L207       scales = facet_scales ...
R/alpha_diversity_plot.R#L209   } else if (!is.null(facet_by)) { ...
R/alpha_diversity_plot.R#L211       stats::as.formula(paste(facet_by,  ...
R/alpha_diversity_plot.R#L213       stats::as.formula(paste("Index ~", ...
R/alpha_diversity_plot.R#L217       ggh4x::facet_grid2( ...
R/alpha_diversity_plot.R#L221       ) ...
R/alpha_diversity_plot.R#L223       ggh4x::facet_grid2( ...
R/alpha_diversity_plot.R#L226       ) ...
R/alpha_diversity_plot.R#L228   } else { ...
R/alpha_diversity_plot.R#L230       ~Index, ...
R/alpha_diversity_plot.R#L231       ncol = if (facet_orientation == "h ...
R/alpha_diversity_plot.R#L233       } else { ...
R/alpha_diversity_plot.R#L235       }, ...
R/alpha_diversity_plot.R#L236       nrow = if (facet_orientation == "v ...
R/alpha_diversity_plot.R#L238       } else { ...
R/alpha_diversity_plot.R#L240       }, ...
R/alpha_diversity_plot.R#L241       scales = if (free_y) "free_y" else ...
R/alpha_diversity_plot.R#L243   } ...
R/alpha_diversity_plot.R#L244    ...
R/alpha_diversity_plot.R#L245    ...
R/alpha_diversity_plot.R#L246   capa_geom <- if (type == "boxplot") { ...
R/alpha_diversity_plot.R#L248       width = 0.5, ...
R/alpha_diversity_plot.R#L249       position = ggplot2::position_dodge ...
R/alpha_diversity_plot.R#L251   } else if (type == "barplot") { ...
R/alpha_diversity_plot.R#L253       stat = "summary", ...
R/alpha_diversity_plot.R#L254       fun = "mean", ...
R/alpha_diversity_plot.R#L255       position = ggplot2::position_dodge ...
R/alpha_diversity_plot.R#L256       width = 0.5, ...
R/alpha_diversity_plot.R#L257       color = "black" ...
R/alpha_diversity_plot.R#L259   } else { ...
R/alpha_diversity_plot.R#L261   } ...
R/alpha_diversity_plot.R#L262    ...
R/alpha_diversity_plot.R#L263   capa_error <- if (type == "barplot") { ...
R/alpha_diversity_plot.R#L265       fun.data = "mean_sdl", ...
R/alpha_diversity_plot.R#L266       fun.args = list(mult = 1), ...
R/alpha_diversity_plot.R#L267       geom = "errorbar", ...
R/alpha_diversity_plot.R#L268       width = 0.2, ...
R/alpha_diversity_plot.R#L269       position = ggplot2::position_dodge ...
R/alpha_diversity_plot.R#L271   } else { ...
R/alpha_diversity_plot.R#L273   } ...
R/alpha_diversity_plot.R#L274    ...
R/alpha_diversity_plot.R#L275   aspect_ratio_theme <- if (!is.null(asp ...
R/alpha_diversity_plot.R#L277   } else if (facet_orientation == "horiz ...
R/alpha_diversity_plot.R#L279   } else { ...
R/alpha_diversity_plot.R#L281   } ...
R/alpha_diversity_plot.R#L283   if (use_grid_compose) { ...
R/alpha_diversity_plot.R#L302       panel_labels ...
R/alpha_diversity_plot.R#L304       letters[seq_len(n_rows_grid * n_co ...
R/alpha_diversity_plot.R#L306       LETTERS[seq_len(n_rows_grid * n_co ...
R/alpha_diversity_plot.R#L310       index_val <- col_levels[col_idx] ...
R/alpha_diversity_plot.R#L311       fb_val    <- row_levels[row_idx] ...
R/alpha_diversity_plot.R#L312       cell_data <- results_largo[results ...
R/alpha_diversity_plot.R#L313       if (has_facet_by) cell_data <- cel ...
R/alpha_diversity_plot.R#L315       p_cell <- ggplot2::ggplot( ...
R/alpha_diversity_plot.R#L318       ) + ...
R/alpha_diversity_plot.R#L323           legend_position = legend_posit ...
R/alpha_diversity_plot.R#L324           extra = ggplot2::theme( ...
R/alpha_diversity_plot.R#L327           ) ...
R/alpha_diversity_plot.R#L329       # Only applied when the user expli ...
R/alpha_diversity_plot.R#L330       # shrinks each cowplot cell's pane ...
R/alpha_diversity_plot.R#L331       # around it. Left NULL each panel  ...
R/alpha_diversity_plot.R#L332       if (!is.null(aspect_ratio)) { ...
R/alpha_diversity_plot.R#L334       } ...
R/alpha_diversity_plot.R#L335       # Note: no per-panel aspect.ratio  ...
R/alpha_diversity_plot.R#L336       # - forcing a fixed ratio on each  ...
R/alpha_diversity_plot.R#L337       # shrinks the panel to fit within  ...
R/alpha_diversity_plot.R#L338       # it instead of filling the cell t ...
R/alpha_diversity_plot.R#L340       if (!is.null(stat)) { ...
R/alpha_diversity_plot.R#L350           ggplot2::scale_y_continuous(ex ...
R/alpha_diversity_plot.R#L351           ggpubr::stat_compare_means( ...
R/alpha_diversity_plot.R#L354               label = paste0("p = ", sca ...
R/alpha_diversity_plot.R#L358           ) ...
R/alpha_diversity_plot.R#L359       } ...
R/alpha_diversity_plot.R#L361       show_top_strip   <- row_idx == 1 ...
R/alpha_diversity_plot.R#L362       show_right_strip <- has_facet_by & ...
R/alpha_diversity_plot.R#L364       if (show_top_strip && show_right_s ...
R/alpha_diversity_plot.R#L366           ggplot2::facet_grid( ...
R/alpha_diversity_plot.R#L369           ) + ...
R/alpha_diversity_plot.R#L370           ggplot2::theme( ...
R/alpha_diversity_plot.R#L374           ) ...
R/alpha_diversity_plot.R#L375       } else if (show_top_strip) { ...
R/alpha_diversity_plot.R#L377           ggplot2::facet_wrap(~Index) + ...
R/alpha_diversity_plot.R#L378           ggplot2::theme( ...
R/alpha_diversity_plot.R#L381           ) ...
R/alpha_diversity_plot.R#L382       } else if (show_right_strip) { ...
R/alpha_diversity_plot.R#L384           ggplot2::facet_grid(rows = ggp ...
R/alpha_diversity_plot.R#L385           ggplot2::theme( ...
R/alpha_diversity_plot.R#L388           ) ...
R/alpha_diversity_plot.R#L389       } ...
R/alpha_diversity_plot.R#L391       # Shared axes: y-axis text only on ...
R/alpha_diversity_plot.R#L392       # on the last row, matching the pr ...
R/alpha_diversity_plot.R#L393       # invisible (colour = NA) rather t ...
R/alpha_diversity_plot.R#L394       # its allotted space to zero and w ...
R/alpha_diversity_plot.R#L395       # visible axis text shorter/narrow ...
R/alpha_diversity_plot.R#L396       if (col_idx != 1) { ...
R/alpha_diversity_plot.R#L398           axis.text.y  = ggplot2::elemen ...
R/alpha_diversity_plot.R#L399           axis.ticks.y = ggplot2::elemen ...
R/alpha_diversity_plot.R#L401       } ...
R/alpha_diversity_plot.R#L402       if (row_idx != n_rows_grid) { ...
R/alpha_diversity_plot.R#L404           axis.text.x  = .mbm_x_text(x_l ...
R/alpha_diversity_plot.R#L405           axis.ticks.x = ggplot2::elemen ...
R/alpha_diversity_plot.R#L407       } ...
R/alpha_diversity_plot.R#L408       p_cell ...
R/alpha_diversity_plot.R#L417       for (col_idx in seq_len(n_cols_gri ...
R/alpha_diversity_plot.R#L422       } ...
R/alpha_diversity_plot.R#L427       leg <- cowplot::get_legend(build_c ...
R/alpha_diversity_plot.R#L435       plotlist         = plots, ...
R/alpha_diversity_plot.R#L436       ncol             = grid_ncol, ...
R/alpha_diversity_plot.R#L437       labels           = labels_full, ...
R/alpha_diversity_plot.R#L438       label_fontfamily = "serif", ...
R/alpha_diversity_plot.R#L439       label_fontface   = if (panel_label ...
R/alpha_diversity_plot.R#L440       label_size       = 14, ...
R/alpha_diversity_plot.R#L441       label_x          = 0, ...
R/alpha_diversity_plot.R#L442       label_y          = 1, ...
R/alpha_diversity_plot.R#L443       hjust            = -0.2, ...
R/alpha_diversity_plot.R#L444       vjust            = 1.3 ...
R/alpha_diversity_plot.R#L448       switch(legend_position, ...
R/alpha_diversity_plot.R#L453       ) ...
R/alpha_diversity_plot.R#L455       panel_grid ...
R/alpha_diversity_plot.R#L459       title_grob <- cowplot::ggdraw() + ...
R/alpha_diversity_plot.R#L461       p <- cowplot::plot_grid(title_grob ...
R/alpha_diversity_plot.R#L465   } ...
R/alpha_diversity_plot.R#L467   # Calcular label.y ajustado por q ...
R/alpha_diversity_plot.R#L468   p <- ggplot2::ggplot( ...
R/alpha_diversity_plot.R#L471   ) + ...
R/alpha_diversity_plot.R#L477       title = title, ...
R/alpha_diversity_plot.R#L478       x = x_axis_title, ...
R/alpha_diversity_plot.R#L479       y = y_axis_title, ...
R/alpha_diversity_plot.R#L480       fill = legend_title ...
R/alpha_diversity_plot.R#L483       legend_position = if (show_legend) ...
R/alpha_diversity_plot.R#L484       extra = ggplot2::theme( ...
R/alpha_diversity_plot.R#L490       ) ...
R/alpha_diversity_plot.R#L492    ...
R/alpha_diversity_plot.R#L493   if (!is.null(stat)) { ...
R/alpha_diversity_plot.R#L496       dplyr::group_split(dplyr::across(d ...
R/alpha_diversity_plot.R#L497       purrr::map(~ { ...
R/alpha_diversity_plot.R#L509           data = .x, ...
R/alpha_diversity_plot.R#L510           method = stat, ...
R/alpha_diversity_plot.R#L511           mapping = ggplot2::aes( ...
R/alpha_diversity_plot.R#L513           ), ...
R/alpha_diversity_plot.R#L514           size = 3.5, ...
R/alpha_diversity_plot.R#L515           family= "serif", ...
R/alpha_diversity_plot.R#L516           hide.ns = TRUE, ...
R/alpha_diversity_plot.R#L517           label.y = y_val, ...
R/alpha_diversity_plot.R#L518           label.x = x_center ...
R/alpha_diversity_plot.R#L520       }) ...
R/alpha_diversity_plot.R#L523       ggplot2::scale_y_continuous(expand ...
R/alpha_diversity_plot.R#L524       p_vals_layers ...
R/alpha_diversity_plot.R#L525   } ...
R/alpha_diversity_plot.R#L527   { ...
R/alpha_diversity_plot.R#L535       panel_labels ...
R/alpha_diversity_plot.R#L553       t_now <- g$layout$t[g$layout$name  ...
R/alpha_diversity_plot.R#L554       g <- gtable::gtable_add_rows(g, ta ...
R/alpha_diversity_plot.R#L558       panel_cell <- g$layout[g$layout$na ...
R/alpha_diversity_plot.R#L559       if (nrow(panel_cell) == 1) { ...
R/alpha_diversity_plot.R#L562           g, ...
R/alpha_diversity_plot.R#L563           grid::textGrob( ...
R/alpha_diversity_plot.R#L570               fontface = if (panel_label ...
R/alpha_diversity_plot.R#L571               fontfamily = "serif", ...
R/alpha_diversity_plot.R#L572               fontsize = 13 ...
R/alpha_diversity_plot.R#L574           ), ...
R/alpha_diversity_plot.R#L575           t = tag_row, l = max(1, panel_ ...
R/alpha_diversity_plot.R#L576           z = Inf, ...
R/alpha_diversity_plot.R#L577           name = paste0("panel-tag-", i) ...
R/alpha_diversity_plot.R#L579       } ...
R/alpha_diversity_plot.R#L582   } ...
R/alpha_diversity_plot.R#L584   return(p) ...
R/alpha_hill_corr_plot.R#L63   # --- Data preparation --- ...
R/alpha_hill_corr_plot.R#L64   table <- table[, !colnames(table) %in% ...
R/alpha_hill_corr_plot.R#L65   table <- data.frame(t(table)) ...
R/alpha_hill_corr_plot.R#L67   # --- Compute Hill numbers --- ...
R/alpha_hill_corr_plot.R#L68   q_data <- data.frame( ...
R/alpha_hill_corr_plot.R#L74   ) ...
R/alpha_hill_corr_plot.R#L76   if (save_table) { ...
R/alpha_hill_corr_plot.R#L78                        quote = FALSE, ro ...
R/alpha_hill_corr_plot.R#L80   } ...
R/alpha_hill_corr_plot.R#L82   # --- Common base theme --- ...
R/alpha_hill_corr_plot.R#L83   base_theme <- .mbm_theme( ...
R/alpha_hill_corr_plot.R#L86       legend.title = ggplot2::element_bl ...
R/alpha_hill_corr_plot.R#L88   ) ...
R/alpha_hill_corr_plot.R#L89    ...
R/alpha_hill_corr_plot.R#L90   # --- Aspect ratio --- ...
R/alpha_hill_corr_plot.R#L91   aspect_ratio_theme <- if (facet_orient ...
R/alpha_hill_corr_plot.R#L92    ...
R/alpha_hill_corr_plot.R#L93   # --- q0 plot --- ...
R/alpha_hill_corr_plot.R#L94   q0_vs_depth <- ggpubr::ggscatter( ...
R/alpha_hill_corr_plot.R#L100       method = method, ...
R/alpha_hill_corr_plot.R#L101       label.x = 3, ...
R/alpha_hill_corr_plot.R#L102       label.sep = "\n", ...
R/alpha_hill_corr_plot.R#L103       p.accuracy = 0.001, ...
R/alpha_hill_corr_plot.R#L104       r.accuracy = 0.001, ...
R/alpha_hill_corr_plot.R#L105       size = 4.5, ...
R/alpha_hill_corr_plot.R#L106       family = "serif", ...
R/alpha_hill_corr_plot.R#L107       fontface = "bold", ...
R/alpha_hill_corr_plot.R#L108       color = "black" ...
R/alpha_hill_corr_plot.R#L110   ) + ...
R/alpha_hill_corr_plot.R#L114    ...
R/alpha_hill_corr_plot.R#L115   # --- q1 plot --- ...
R/alpha_hill_corr_plot.R#L116   q1_vs_depth <- ggpubr::ggscatter( ...
R/alpha_hill_corr_plot.R#L122       method = method, ...
R/alpha_hill_corr_plot.R#L123       label.x = 3, ...
R/alpha_hill_corr_plot.R#L124       label.sep = "\n", ...
R/alpha_hill_corr_plot.R#L125       p.accuracy = 0.001, ...
R/alpha_hill_corr_plot.R#L126       r.accuracy = 0.001, ...
R/alpha_hill_corr_plot.R#L127       size = 4.5, ...
R/alpha_hill_corr_plot.R#L128       family = "serif", ...
R/alpha_hill_corr_plot.R#L129       fontface = "bold", ...
R/alpha_hill_corr_plot.R#L130       color = "black" ...
R/alpha_hill_corr_plot.R#L132   ) + ...
R/alpha_hill_corr_plot.R#L136    ...
R/alpha_hill_corr_plot.R#L137   # --- q2 plot --- ...
R/alpha_hill_corr_plot.R#L138   q2_vs_depth <- ggpubr::ggscatter( ...
R/alpha_hill_corr_plot.R#L144       method = method, ...
R/alpha_hill_corr_plot.R#L145       label.x = 3, ...
R/alpha_hill_corr_plot.R#L146       label.sep = "\n", ...
R/alpha_hill_corr_plot.R#L147       p.accuracy = 0.001, ...
R/alpha_hill_corr_plot.R#L148       r.accuracy = 0.001, ...
R/alpha_hill_corr_plot.R#L149       size = 4.5, ...
R/alpha_hill_corr_plot.R#L150       family = "serif", ...
R/alpha_hill_corr_plot.R#L151       fontface = "bold", ...
R/alpha_hill_corr_plot.R#L152       color = "black" ...
R/alpha_hill_corr_plot.R#L154   ) + ...
R/alpha_hill_corr_plot.R#L158    ...
R/alpha_hill_corr_plot.R#L159   # --- Compose plot grid --- ...
R/alpha_hill_corr_plot.R#L160   resolved_labels <- if (!is.null(panel_ ...
R/alpha_hill_corr_plot.R#L162   } else if (identical(panel_label_case, ...
R/alpha_hill_corr_plot.R#L163   panel_fontface <- if (panel_label_bold ...
R/alpha_hill_corr_plot.R#L165   grid_plot <- if (facet_orientation ==  ...
R/alpha_hill_corr_plot.R#L167       q0_vs_depth, q1_vs_depth, q2_vs_de ...
R/alpha_hill_corr_plot.R#L168       labels = resolved_labels, ...
R/alpha_hill_corr_plot.R#L169       nrow = 1, ...
R/alpha_hill_corr_plot.R#L170       label_fontfamily = "serif", ...
R/alpha_hill_corr_plot.R#L171       label_fontface = panel_fontface, ...
R/alpha_hill_corr_plot.R#L172       label_size = 14, ...
R/alpha_hill_corr_plot.R#L173       label_x = 0, ...
R/alpha_hill_corr_plot.R#L174       label_y = 1, ...
R/alpha_hill_corr_plot.R#L175       hjust = -0.2, ...
R/alpha_hill_corr_plot.R#L176       vjust = 1.3 ...
R/alpha_hill_corr_plot.R#L178   } else { ...
R/alpha_hill_corr_plot.R#L180       q0_vs_depth, q1_vs_depth, q2_vs_de ...
R/alpha_hill_corr_plot.R#L181       labels = resolved_labels, ...
R/alpha_hill_corr_plot.R#L182       ncol = 1, ...
R/alpha_hill_corr_plot.R#L183       label_fontfamily = "serif", ...
R/alpha_hill_corr_plot.R#L184       label_fontface = panel_fontface, ...
R/alpha_hill_corr_plot.R#L185       label_size = 14, ...
R/alpha_hill_corr_plot.R#L186       label_x = 0, ...
R/alpha_hill_corr_plot.R#L187       label_y = 1, ...
R/alpha_hill_corr_plot.R#L188       hjust = -0.2, ...
R/alpha_hill_corr_plot.R#L189       vjust = 1.3 ...
R/alpha_hill_corr_plot.R#L191   } ...
R/alpha_hill_corr_plot.R#L192    ...
R/alpha_hill_corr_plot.R#L193   # --- Plot title --- ...
R/alpha_hill_corr_plot.R#L194   if (is.character(title)) { ...
R/alpha_hill_corr_plot.R#L196       return(grid_plot) ...
R/alpha_hill_corr_plot.R#L198       title_grob <- cowplot::ggdraw() + ...
R/alpha_hill_corr_plot.R#L203       title_grob <- cowplot::ggdraw() + ...
R/alpha_hill_corr_plot.R#L209   } else { ...
R/alpha_hill_corr_plot.R#L211   } ...
R/alpha_hill_plot.R#L108    ...
R/alpha_hill_plot.R#L109   sample_order <- metadata[[1]] ...
R/alpha_hill_plot.R#L110   common_samples <- intersect(colnames(t ...
R/alpha_hill_plot.R#L111   if (length(common_samples) == 0) stop( ...
R/alpha_hill_plot.R#L113   # Keep and align only the samples pres ...
R/alpha_hill_plot.R#L114   # in the same order, so the positional ...
R/alpha_hill_plot.R#L115   # data.frame(q0, q1, q2, metadata)) li ...
R/alpha_hill_plot.R#L116   table <- table[, common_samples, drop  ...
R/alpha_hill_plot.R#L117   metadata <- metadata[match(common_samp ...
R/alpha_hill_plot.R#L118   table <- data.frame(t(table)) ...
R/alpha_hill_plot.R#L119    ...
R/alpha_hill_plot.R#L120   results <- data.frame( ...
R/alpha_hill_plot.R#L125   ) ...
R/alpha_hill_plot.R#L126    ...
R/alpha_hill_plot.R#L127   # Guardar tabla si se solicita ...
R/alpha_hill_plot.R#L128   if (save_table) { ...
R/alpha_hill_plot.R#L130       results, ...
R/alpha_hill_plot.R#L131       file = table_filename, ...
R/alpha_hill_plot.R#L132       sep = "\t", ...
R/alpha_hill_plot.R#L133       quote = FALSE, ...
R/alpha_hill_plot.R#L134       row.names = FALSE ...
R/alpha_hill_plot.R#L137   } ...
R/alpha_hill_plot.R#L138    ...
R/alpha_hill_plot.R#L139    ...
R/alpha_hill_plot.R#L140   results[[fill_col]] <- factor(results[ ...
R/alpha_hill_plot.R#L141   results[[x_col]] <- factor(results[[x_ ...
R/alpha_hill_plot.R#L142    ...
R/alpha_hill_plot.R#L143   results_largo <- tidyr::pivot_longer( ...
R/alpha_hill_plot.R#L148   ) ...
R/alpha_hill_plot.R#L149    ...
R/alpha_hill_plot.R#L150   colorb_default <- if (nlevels(results[ ...
R/alpha_hill_plot.R#L151   fill_scale <- if (!is.null(group_color ...
R/alpha_hill_plot.R#L153   } else { ...
R/alpha_hill_plot.R#L155            "colorb" = ggplot2::scale_fil ...
R/alpha_hill_plot.R#L156            "grey" = ggplot2::scale_fill_ ...
R/alpha_hill_plot.R#L157            "viridis" = ggplot2::scale_fi ...
R/alpha_hill_plot.R#L158            "brewer" = ggplot2::scale_fil ...
R/alpha_hill_plot.R#L159            ggplot2::scale_fill_grey(star ...
R/alpha_hill_plot.R#L161   } ...
R/alpha_hill_plot.R#L162    ...
R/alpha_hill_plot.R#L163   facet_scales <- if (free_y) "free_y" e ...
R/alpha_hill_plot.R#L164   q_labeller <- .mbm_q_labeller(strip_te ...
R/alpha_hill_plot.R#L166   # Panel tags (A/B/C) are always added. ...
R/alpha_hill_plot.R#L167   # build the grid as separate cowplot-c ...
R/alpha_hill_plot.R#L168   # faceted ggplot, so the tags land tru ...
R/alpha_hill_plot.R#L169   # mechanism already used by alpha_hill ...
R/alpha_hill_plot.R#L170   # instead of trying to carve out space ...
R/alpha_hill_plot.R#L171   use_grid_compose <- is.null(facet_by2) ...
R/alpha_hill_plot.R#L174   facet_config <- if (!is.null(facet_by) ...
R/alpha_hill_plot.R#L176       stats::as.formula(paste(facet_by2, ...
R/alpha_hill_plot.R#L178       stats::as.formula(paste("q +", fac ...
R/alpha_hill_plot.R#L181       formula_facet, ...
R/alpha_hill_plot.R#L182       nest_line = ggplot2::element_line( ...
R/alpha_hill_plot.R#L183       scales = facet_scales, ...
R/alpha_hill_plot.R#L184       labeller = ggplot2::labeller(q = q ...
R/alpha_hill_plot.R#L186   } else if (!is.null(facet_by)) { ...
R/alpha_hill_plot.R#L188       stats::as.formula(paste(facet_by,  ...
R/alpha_hill_plot.R#L190       stats::as.formula(paste("q ~", fac ...
R/alpha_hill_plot.R#L194       ggh4x::facet_grid2( ...
R/alpha_hill_plot.R#L199       ) ...
R/alpha_hill_plot.R#L201       ggh4x::facet_grid2( ...
R/alpha_hill_plot.R#L205       ) ...
R/alpha_hill_plot.R#L207   } else { ...
R/alpha_hill_plot.R#L209       ~q, ...
R/alpha_hill_plot.R#L210       ncol = if (facet_orientation == "h ...
R/alpha_hill_plot.R#L212       } else { ...
R/alpha_hill_plot.R#L214       }, ...
R/alpha_hill_plot.R#L215       nrow = if (facet_orientation == "v ...
R/alpha_hill_plot.R#L217       } else { ...
R/alpha_hill_plot.R#L219       }, ...
R/alpha_hill_plot.R#L220       scales = if (free_y) "free_y" else ...
R/alpha_hill_plot.R#L221       labeller = q_labeller ...
R/alpha_hill_plot.R#L223   } ...
R/alpha_hill_plot.R#L224    ...
R/alpha_hill_plot.R#L225    ...
R/alpha_hill_plot.R#L226   capa_geom <- if (type == "boxplot") { ...
R/alpha_hill_plot.R#L228       width = 0.5, ...
R/alpha_hill_plot.R#L229       position = ggplot2::position_dodge ...
R/alpha_hill_plot.R#L231   } else if (type == "barplot") { ...
R/alpha_hill_plot.R#L233       stat = "summary", ...
R/alpha_hill_plot.R#L234       fun = "mean", ...
R/alpha_hill_plot.R#L235       position = ggplot2::position_dodge ...
R/alpha_hill_plot.R#L236       width = 0.5, ...
R/alpha_hill_plot.R#L237       color = "black" ...
R/alpha_hill_plot.R#L239   } else { ...
R/alpha_hill_plot.R#L241   } ...
R/alpha_hill_plot.R#L242    ...
R/alpha_hill_plot.R#L243   capa_error <- if (type == "barplot") { ...
R/alpha_hill_plot.R#L245       fun.data = "mean_sdl", ...
R/alpha_hill_plot.R#L246       fun.args = list(mult = 1), ...
R/alpha_hill_plot.R#L247       geom = "errorbar", ...
R/alpha_hill_plot.R#L248       width = 0.2, ...
R/alpha_hill_plot.R#L249       position = ggplot2::position_dodge ...
R/alpha_hill_plot.R#L251   } else { ...
R/alpha_hill_plot.R#L253   } ...
R/alpha_hill_plot.R#L254    ...
R/alpha_hill_plot.R#L255   aspect_ratio_theme <- if (!is.null(asp ...
R/alpha_hill_plot.R#L257   } else if (facet_orientation == "horiz ...
R/alpha_hill_plot.R#L259   } else { ...
R/alpha_hill_plot.R#L261   } ...
R/alpha_hill_plot.R#L263   if (use_grid_compose) { ...
R/alpha_hill_plot.R#L282       panel_labels ...
R/alpha_hill_plot.R#L284       letters[seq_len(n_rows_grid * n_co ...
R/alpha_hill_plot.R#L286       LETTERS[seq_len(n_rows_grid * n_co ...
R/alpha_hill_plot.R#L290       q_val  <- col_levels[col_idx] ...
R/alpha_hill_plot.R#L291       fb_val <- row_levels[row_idx] ...
R/alpha_hill_plot.R#L292       cell_data <- results_largo[results ...
R/alpha_hill_plot.R#L293       if (has_facet_by) cell_data <- cel ...
R/alpha_hill_plot.R#L295       p_cell <- ggplot2::ggplot( ...
R/alpha_hill_plot.R#L298       ) + ...
R/alpha_hill_plot.R#L303           legend_position = legend_posit ...
R/alpha_hill_plot.R#L304           extra = ggplot2::theme( ...
R/alpha_hill_plot.R#L312           ) ...
R/alpha_hill_plot.R#L314       # A fixed aspect.ratio shrinks eac ...
R/alpha_hill_plot.R#L315       # its slot, leaving dead space aro ...
R/alpha_hill_plot.R#L316       # user explicitly asks for one. Le ...
R/alpha_hill_plot.R#L317       # stretches to fill its cell the w ...
R/alpha_hill_plot.R#L318       if (!is.null(aspect_ratio)) { ...
R/alpha_hill_plot.R#L320       } ...
R/alpha_hill_plot.R#L322       if (!is.null(stat)) { ...
R/alpha_hill_plot.R#L332           ggplot2::scale_y_continuous(ex ...
R/alpha_hill_plot.R#L333           ggpubr::stat_compare_means( ...
R/alpha_hill_plot.R#L336               label = paste0("p = ", sca ...
R/alpha_hill_plot.R#L340           ) ...
R/alpha_hill_plot.R#L341       } ...
R/alpha_hill_plot.R#L343       show_top_strip   <- row_idx == 1 ...
R/alpha_hill_plot.R#L344       show_right_strip <- has_facet_by & ...
R/alpha_hill_plot.R#L346       if (show_top_strip && show_right_s ...
R/alpha_hill_plot.R#L348           ggplot2::facet_grid( ...
R/alpha_hill_plot.R#L352           ) + ...
R/alpha_hill_plot.R#L353           ggplot2::theme( ...
R/alpha_hill_plot.R#L357           ) ...
R/alpha_hill_plot.R#L358       } else if (show_top_strip) { ...
R/alpha_hill_plot.R#L360           ggplot2::facet_wrap(~q, labell ...
R/alpha_hill_plot.R#L361           ggplot2::theme( ...
R/alpha_hill_plot.R#L364           ) ...
R/alpha_hill_plot.R#L365       } else if (show_right_strip) { ...
R/alpha_hill_plot.R#L367           ggplot2::facet_grid(rows = ggp ...
R/alpha_hill_plot.R#L368           ggplot2::theme( ...
R/alpha_hill_plot.R#L371           ) ...
R/alpha_hill_plot.R#L372       } ...
R/alpha_hill_plot.R#L374       # Shared axes: y-axis text only on ...
R/alpha_hill_plot.R#L375       # on the last row, matching the pr ...
R/alpha_hill_plot.R#L376       # invisible (colour = NA) rather t ...
R/alpha_hill_plot.R#L377       # its allotted space to zero and w ...
R/alpha_hill_plot.R#L378       # visible axis text shorter/narrow ...
R/alpha_hill_plot.R#L379       if (col_idx != 1) { ...
R/alpha_hill_plot.R#L381           axis.text.y  = ggplot2::elemen ...
R/alpha_hill_plot.R#L382           axis.ticks.y = ggplot2::elemen ...
R/alpha_hill_plot.R#L384       } ...
R/alpha_hill_plot.R#L385       if (row_idx != n_rows_grid) { ...
R/alpha_hill_plot.R#L387           axis.text.x  = .mbm_x_text(x_l ...
R/alpha_hill_plot.R#L388           axis.ticks.x = ggplot2::elemen ...
R/alpha_hill_plot.R#L390       } ...
R/alpha_hill_plot.R#L391       p_cell ...
R/alpha_hill_plot.R#L400       for (col_idx in seq_len(n_cols_gri ...
R/alpha_hill_plot.R#L405       } ...
R/alpha_hill_plot.R#L410       leg <- cowplot::get_legend(build_c ...
R/alpha_hill_plot.R#L418       plotlist         = plots, ...
R/alpha_hill_plot.R#L419       ncol             = grid_ncol, ...
R/alpha_hill_plot.R#L420       labels           = labels_full, ...
R/alpha_hill_plot.R#L421       label_fontfamily = "serif", ...
R/alpha_hill_plot.R#L422       label_fontface   = if (panel_label ...
R/alpha_hill_plot.R#L423       label_size       = 14, ...
R/alpha_hill_plot.R#L424       label_x          = 0, ...
R/alpha_hill_plot.R#L425       label_y          = 1, ...
R/alpha_hill_plot.R#L426       hjust            = -0.2, ...
R/alpha_hill_plot.R#L427       vjust            = 1.3 ...
R/alpha_hill_plot.R#L431       switch(legend_position, ...
R/alpha_hill_plot.R#L436       ) ...
R/alpha_hill_plot.R#L438       panel_grid ...
R/alpha_hill_plot.R#L442       title_grob <- cowplot::ggdraw() + ...
R/alpha_hill_plot.R#L444       p <- cowplot::plot_grid(title_grob ...
R/alpha_hill_plot.R#L448   } ...
R/alpha_hill_plot.R#L450   # Calcular label.y ajustado por q ...
R/alpha_hill_plot.R#L451   p <- ggplot2::ggplot( ...
R/alpha_hill_plot.R#L454   ) + ...
R/alpha_hill_plot.R#L460       title = title, ...
R/alpha_hill_plot.R#L461       x = x_axis_title, ...
R/alpha_hill_plot.R#L462       y = y_axis_title, ...
R/alpha_hill_plot.R#L463       fill = legend_title ...
R/alpha_hill_plot.R#L466       legend_position = if (show_legend) ...
R/alpha_hill_plot.R#L467       extra = ggplot2::theme( ...
R/alpha_hill_plot.R#L473       ) ...
R/alpha_hill_plot.R#L475    ...
R/alpha_hill_plot.R#L476   if (!is.null(stat)) { ...
R/alpha_hill_plot.R#L479       dplyr::group_split(dplyr::across(d ...
R/alpha_hill_plot.R#L480       purrr::map(~ { ...
R/alpha_hill_plot.R#L492           data = .x, ...
R/alpha_hill_plot.R#L493           method = stat, ...
R/alpha_hill_plot.R#L494           mapping = ggplot2::aes( ...
R/alpha_hill_plot.R#L496           ), ...
R/alpha_hill_plot.R#L497           size = 3.5, ...
R/alpha_hill_plot.R#L498           family= "serif", ...
R/alpha_hill_plot.R#L499           hide.ns = TRUE, ...
R/alpha_hill_plot.R#L500           label.y = y_val, ...
R/alpha_hill_plot.R#L501           label.x = x_center ...
R/alpha_hill_plot.R#L503       }) ...
R/alpha_hill_plot.R#L506       ggplot2::scale_y_continuous(expand ...
R/alpha_hill_plot.R#L507       p_vals_layers ...
R/alpha_hill_plot.R#L508   } ...
R/alpha_hill_plot.R#L510   { ...
R/alpha_hill_plot.R#L518       panel_labels ...
R/alpha_hill_plot.R#L536       t_now <- g$layout$t[g$layout$name  ...
R/alpha_hill_plot.R#L537       g <- gtable::gtable_add_rows(g, ta ...
R/alpha_hill_plot.R#L541       panel_cell <- g$layout[g$layout$na ...
R/alpha_hill_plot.R#L542       if (nrow(panel_cell) == 1) { ...
R/alpha_hill_plot.R#L545           g, ...
R/alpha_hill_plot.R#L546           grid::textGrob( ...
R/alpha_hill_plot.R#L553               fontface = if (panel_label ...
R/alpha_hill_plot.R#L554               fontfamily = "serif", ...
R/alpha_hill_plot.R#L555               fontsize = 13 ...
R/alpha_hill_plot.R#L557           ), ...
R/alpha_hill_plot.R#L558           t = tag_row, l = max(1, panel_ ...
R/alpha_hill_plot.R#L559           z = Inf, ...
R/alpha_hill_plot.R#L560           name = paste0("panel-tag-", i) ...
R/alpha_hill_plot.R#L562       } ...
R/alpha_hill_plot.R#L565   } ...
R/alpha_hill_plot.R#L567   return(p) ...
R/ancombc_plot.R#L87                          metadata, ...
R/ancombc_plot.R#L88                          col_cond, ...
R/ancombc_plot.R#L89                          tax_level       ...
R/ancombc_plot.R#L90                          prv_cut         ...
R/ancombc_plot.R#L91                          p_adj_method    ...
R/ancombc_plot.R#L92                          formula         ...
R/ancombc_plot.R#L93                          rand_formula    ...
R/ancombc_plot.R#L94                          ref_level       ...
R/ancombc_plot.R#L95                          diverging_palet ...
R/ancombc_plot.R#L96                          bar_colors      ...
R/ancombc_plot.R#L97                          save_table      ...
R/ancombc_plot.R#L98                          table_filename  ...
R/ancombc_plot.R#L100   if (length(bar_colors) < 2) ...
R/ancombc_plot.R#L103   # --- 0. package checks -------------- ...
R/ancombc_plot.R#L104   # ANCOMBC, phyloseq, and microbiome (a ...
R/ancombc_plot.R#L105   # needs internally for its data_sanity ...
R/ancombc_plot.R#L106   for (pkg in c("ANCOMBC", "phyloseq", " ...
R/ancombc_plot.R#L108       stop( ...
R/ancombc_plot.R#L112       ) ...
R/ancombc_plot.R#L114   } ...
R/ancombc_plot.R#L115   # --- 1. validate inputs ------------- ...
R/ancombc_plot.R#L116   if (!col_cond %in% colnames(metadata)) ...
R/ancombc_plot.R#L119   if (!is.null(ref_level)) { ...
R/ancombc_plot.R#L121       stop("ref_level '", ref_level, "'  ...
R/ancombc_plot.R#L123   } ...
R/ancombc_plot.R#L125   tax_col <- grep("taxonomy|taxon|taxa", ...
R/ancombc_plot.R#L126   if (length(tax_col) != 1) ...
R/ancombc_plot.R#L129   names(table)[tax_col] <- "taxonomy" ...
R/ancombc_plot.R#L131   # --- 2. build phyloseq object ------- ...
R/ancombc_plot.R#L132   table_counts <- table %>% dplyr::selec ...
R/ancombc_plot.R#L133   otumat  <- as.matrix(table_counts) ...
R/ancombc_plot.R#L135   taxa_df <- table %>% ...
R/ancombc_plot.R#L138   taxmat  <- .mbm_parse_taxonomy(taxa_df ...
R/ancombc_plot.R#L140   sample_id_col <- colnames(metadata)[1] ...
R/ancombc_plot.R#L142   # Build sample_data: use base R to avo ...
R/ancombc_plot.R#L143   meta_df <- as.data.frame(metadata) ...
R/ancombc_plot.R#L144   rownames(meta_df) <- meta_df[[sample_i ...
R/ancombc_plot.R#L145   meta_df[[sample_id_col]] <- NULL ...
R/ancombc_plot.R#L147   OTU        <- phyloseq::otu_table(otum ...
R/ancombc_plot.R#L148   TAX        <- phyloseq::tax_table(taxm ...
R/ancombc_plot.R#L149   sampledata <- phyloseq::sample_data(me ...
R/ancombc_plot.R#L151   physeq      <- phyloseq::phyloseq(OTU, ...
R/ancombc_plot.R#L152   physeq_filt <- phyloseq::prune_taxa( ...
R/ancombc_plot.R#L154   ) ...
R/ancombc_plot.R#L155   dat <- physeq_filt ...
R/ancombc_plot.R#L157   # --- 3. run ANCOMBC2 ---------------- ...
R/ancombc_plot.R#L158   fix_formula <- if (is.null(formula)) c ...
R/ancombc_plot.R#L160   # `group` (and the struc_zero/neg_lb m ...
R/ancombc_plot.R#L161   # for a categorical grouping variable. ...
R/ancombc_plot.R#L162   # continuous gradient like "dist_km"), ...
R/ancombc_plot.R#L163   # no group, no structural-zero detecti ...
R/ancombc_plot.R#L164   is_continuous_cond <- is.numeric(meta_ ...
R/ancombc_plot.R#L165   if (is_continuous_cond) { ...
R/ancombc_plot.R#L168   } ...
R/ancombc_plot.R#L170   ancombc_res <- ANCOMBC::ancombc2( ...
R/ancombc_plot.R#L184   ) ...
R/ancombc_plot.R#L186   res_prim <- ancombc_res$res ...
R/ancombc_plot.R#L188   if (save_table) { ...
R/ancombc_plot.R#L190                        quote = FALSE, ro ...
R/ancombc_plot.R#L192   } ...
R/ancombc_plot.R#L194   # --- 4. parse formula terms to plot - ...
R/ancombc_plot.R#L195   # Build list of terms: variables + int ...
R/ancombc_plot.R#L196   fix_formula_str <- if (is.null(formula ...
R/ancombc_plot.R#L197   simple_terms    <- trimws(unlist(strsp ...
R/ancombc_plot.R#L198   simple_terms    <- unique(simple_terms ...
R/ancombc_plot.R#L200   # add interaction terms if * was used ...
R/ancombc_plot.R#L201   all_terms <- simple_terms ...
R/ancombc_plot.R#L202   if (grepl("\\*", fix_formula_str)) { ...
R/ancombc_plot.R#L204       grep("\\*", unlist(strsplit(fix_fo ...
R/ancombc_plot.R#L205       "\\*" ...
R/ancombc_plot.R#L209   } ...
R/ancombc_plot.R#L211   # --- 5. helper functions ------------ ...
R/ancombc_plot.R#L213   .make_barplot <- function(res, lfc_col ...
R/ancombc_plot.R#L220       dplyr::select(taxon, dplyr::all_of ...
R/ancombc_plot.R#L221       dplyr::filter(.data[[diff_col]] %i ...
R/ancombc_plot.R#L222       dplyr::arrange(.data[[lfc_col]]) % ...
R/ancombc_plot.R#L223       dplyr::mutate( ...
R/ancombc_plot.R#L231           ifelse(.data[[lfc_col]] > 0, c ...
R/ancombc_plot.R#L232           levels = c(cmp_group, ref_grou ...
R/ancombc_plot.R#L234       ) ...
R/ancombc_plot.R#L240       paste0("Higher in ", c(cmp_group,  ...
R/ancombc_plot.R#L241       c(cmp_group, ref_group) ...
R/ancombc_plot.R#L245       ggplot2::ggplot(ggplot2::aes( ...
R/ancombc_plot.R#L247       )) + ...
R/ancombc_plot.R#L248       ggplot2::geom_col(width = 0.7, col ...
R/ancombc_plot.R#L249       ggplot2::geom_errorbar( ...
R/ancombc_plot.R#L251           xmin = .data[[lfc_col]] - .dat ...
R/ancombc_plot.R#L252           xmax = .data[[lfc_col]] + .dat ...
R/ancombc_plot.R#L255       ) + ...
R/ancombc_plot.R#L256       ggplot2::geom_vline(xintercept = 0 ...
R/ancombc_plot.R#L257       ggplot2::scale_fill_manual(values  ...
R/ancombc_plot.R#L258       ggplot2::labs( ...
R/ancombc_plot.R#L262       ) + ...
R/ancombc_plot.R#L263       .mbm_theme( ...
R/ancombc_plot.R#L266           axis.text.y        = ggplot2:: ...
R/ancombc_plot.R#L267                                          ...
R/ancombc_plot.R#L268           panel.grid         = ggplot2:: ...
R/ancombc_plot.R#L270       ) ...
R/ancombc_plot.R#L271   } ...
R/ancombc_plot.R#L273   # Continuous covariate (e.g. "dist_km" ...
R/ancombc_plot.R#L274   # compare against, so bars are colored ...
R/ancombc_plot.R#L275   .make_continuous_barplot <- function(r ...
R/ancombc_plot.R#L277       dplyr::select(taxon, dplyr::all_of ...
R/ancombc_plot.R#L278       dplyr::filter(.data[[diff_col]] %i ...
R/ancombc_plot.R#L279       dplyr::arrange(.data[[lfc_col]]) % ...
R/ancombc_plot.R#L280       dplyr::mutate( ...
R/ancombc_plot.R#L284           ifelse(.data[[lfc_col]] > 0, " ...
R/ancombc_plot.R#L285           levels = c("Increases", "Decre ...
R/ancombc_plot.R#L287       ) ...
R/ancombc_plot.R#L293       Increases = paste0("Increases with ...
R/ancombc_plot.R#L294       Decreases = paste0("Decreases with ...
R/ancombc_plot.R#L298       ggplot2::ggplot(ggplot2::aes( ...
R/ancombc_plot.R#L300       )) + ...
R/ancombc_plot.R#L301       ggplot2::geom_col(width = 0.7, col ...
R/ancombc_plot.R#L302       ggplot2::geom_errorbar( ...
R/ancombc_plot.R#L304           xmin = .data[[lfc_col]] - .dat ...
R/ancombc_plot.R#L305           xmax = .data[[lfc_col]] + .dat ...
R/ancombc_plot.R#L308       ) + ...
R/ancombc_plot.R#L309       ggplot2::geom_vline(xintercept = 0 ...
R/ancombc_plot.R#L310       ggplot2::scale_fill_manual(values  ...
R/ancombc_plot.R#L311       ggplot2::labs( ...
R/ancombc_plot.R#L315       ) + ...
R/ancombc_plot.R#L316       .mbm_theme( ...
R/ancombc_plot.R#L319           axis.text.y        = ggplot2:: ...
R/ancombc_plot.R#L320                                          ...
R/ancombc_plot.R#L321           panel.grid         = ggplot2:: ...
R/ancombc_plot.R#L323       ) ...
R/ancombc_plot.R#L324   } ...
R/ancombc_plot.R#L326   .make_heatmap <- function(res, lfc_col ...
R/ancombc_plot.R#L328       dplyr::select(taxon, dplyr::all_of ...
R/ancombc_plot.R#L331       dplyr::filter(dplyr::if_any(dplyr: ...
R/ancombc_plot.R#L336       dplyr::select(taxon, dplyr::all_of ...
R/ancombc_plot.R#L337       dplyr::mutate( ...
R/ancombc_plot.R#L340       ) %>% ...
R/ancombc_plot.R#L341       tidyr::pivot_longer( ...
R/ancombc_plot.R#L345       ) %>% ...
R/ancombc_plot.R#L346       dplyr::mutate( ...
R/ancombc_plot.R#L348       ) ...
R/ancombc_plot.R#L355       ggplot2::ggplot(ggplot2::aes(x = c ...
R/ancombc_plot.R#L356       ggplot2::geom_tile(color = "black" ...
R/ancombc_plot.R#L357       ggplot2::scale_fill_gradient2( ...
R/ancombc_plot.R#L362       ) + ...
R/ancombc_plot.R#L363       ggplot2::geom_text(ggplot2::aes(la ...
R/ancombc_plot.R#L364       ggplot2::labs( ...
R/ancombc_plot.R#L368       ) + ...
R/ancombc_plot.R#L369       .mbm_theme( ...
R/ancombc_plot.R#L372           axis.text.y = ggplot2::element ...
R/ancombc_plot.R#L373                                          ...
R/ancombc_plot.R#L374           axis.text.x = ggplot2::element ...
R/ancombc_plot.R#L375                                          ...
R/ancombc_plot.R#L377       ) ...
R/ancombc_plot.R#L378   } ...
R/ancombc_plot.R#L380   # --- 6. build one plot per term ----- ...
R/ancombc_plot.R#L381   plots <- list() ...
R/ancombc_plot.R#L383   for (term in all_terms) { ...
R/ancombc_plot.R#L391       p <- if (is.numeric(meta_df[[term] ...
R/ancombc_plot.R#L393       } else { ...
R/ancombc_plot.R#L395       } ...
R/ancombc_plot.R#L397       p <- .make_heatmap(res_prim, lfc_t ...
R/ancombc_plot.R#L401       plots[[term]] <- p ...
R/ancombc_plot.R#L402       # also print diagnostic ...
R/ancombc_plot.R#L403       n_sig <- if (length(lfc_t) == 1) ...
R/ancombc_plot.R#L405       else ...
R/ancombc_plot.R#L407                   function(r) any(r %in% ...
R/ancombc_plot.R#L408       message(sprintf("Term '%s': %d sig ...
R/ancombc_plot.R#L410       message(sprintf("Term '%s': no sig ...
R/ancombc_plot.R#L412   } ...
R/ancombc_plot.R#L414   if (length(plots) == 0) ...
R/ancombc_plot.R#L416       "No significantly different taxa f ...
R/ancombc_plot.R#L417       "Try p_adj_method = 'BH' or lower  ...
R/ancombc_plot.R#L420   # return single plot directly, or name ...
R/ancombc_plot.R#L421   if (length(plots) == 1) return(plots[[ ...
R/ancombc_plot.R#L422   return(plots) ...
R/beta_decay_plot.R#L129   # ---- 0. Validate inputs ---- ...
R/beta_decay_plot.R#L130   method <- match.arg(method, c("spearma ...
R/beta_decay_plot.R#L132   if (!lat_col %in% colnames(metadata)) ...
R/beta_decay_plot.R#L134   if (!lon_col %in% colnames(metadata)) ...
R/beta_decay_plot.R#L136   if (!is.null(group_col) && !group_col  ...
R/beta_decay_plot.R#L139   requireNamespace("vegan",     quietly  ...
R/beta_decay_plot.R#L140   requireNamespace("geosphere", quietly  ...
R/beta_decay_plot.R#L142   # ---- 1. Extract and align abundance  ...
R/beta_decay_plot.R#L143   sample_col <- colnames(metadata)[1] ...
R/beta_decay_plot.R#L144   tax_idx    <- grep("^taxonomy$", colna ...
R/beta_decay_plot.R#L145   if (length(tax_idx) != 1) ...
R/beta_decay_plot.R#L148   common <- intersect( ...
R/beta_decay_plot.R#L151   ) ...
R/beta_decay_plot.R#L152   if (length(common) == 0) ...
R/beta_decay_plot.R#L155   # samples x taxa  (vegan expects rows  ...
R/beta_decay_plot.R#L156   otu_t        <- t(as.matrix(table[, co ...
R/beta_decay_plot.R#L157   mode(otu_t)  <- "numeric" ...
R/beta_decay_plot.R#L159   # align metadata rows to the same orde ...
R/beta_decay_plot.R#L160   meta_sub <- metadata[as.character(meta ...
R/beta_decay_plot.R#L161                        drop = FALSE] ...
R/beta_decay_plot.R#L162   meta_sub <- meta_sub[match(rownames(ot ...
R/beta_decay_plot.R#L163                              as.characte ...
R/beta_decay_plot.R#L164                        drop = FALSE] ...
R/beta_decay_plot.R#L166   # groups, aligned to the same sample o ...
R/beta_decay_plot.R#L167   groups <- if (!is.null(group_col)) as. ...
R/beta_decay_plot.R#L169   # ---- 2. Pairwise dissimilarity matri ...
R/beta_decay_plot.R#L170   dis_mat <- vegan::vegdist(otu_t, metho ...
R/beta_decay_plot.R#L172   # ---- 3. Geographic distance matrix ( ...
R/beta_decay_plot.R#L173   coords  <- cbind( ...
R/beta_decay_plot.R#L176   ) ...
R/beta_decay_plot.R#L177   geo_mat <- geosphere::distm(coords) /  ...
R/beta_decay_plot.R#L178   rownames(geo_mat) <- rownames(otu_t) ...
R/beta_decay_plot.R#L179   colnames(geo_mat) <- rownames(otu_t) ...
R/beta_decay_plot.R#L181   # ---- 4. Build long-format pairwise d ...
R/beta_decay_plot.R#L182   snames       <- rownames(otu_t) ...
R/beta_decay_plot.R#L183   dis_full     <- as.matrix(dis_mat) ...
R/beta_decay_plot.R#L185   idx          <- which(lower.tri(dis_fu ...
R/beta_decay_plot.R#L186   pairs        <- data.frame( ...
R/beta_decay_plot.R#L192   ) ...
R/beta_decay_plot.R#L193   pairs$similarity <- 1 - pairs$dissim ...
R/beta_decay_plot.R#L195   # With group_col, keep only within-gro ...
R/beta_decay_plot.R#L196   # part of any single group's Mantel te ...
R/beta_decay_plot.R#L197   if (!is.null(group_col)) { ...
R/beta_decay_plot.R#L202   } ...
R/beta_decay_plot.R#L204   # remove pairs with NA coordinates ...
R/beta_decay_plot.R#L205   pairs <- pairs[stats::complete.cases(p ...
R/beta_decay_plot.R#L207   # ---- 5. Mantel test + regression (gl ...
R/beta_decay_plot.R#L208   method_sym <- paste0(tools::toTitleCas ...
R/beta_decay_plot.R#L210   .fmt_label <- function(mantel_res, slo ...
R/beta_decay_plot.R#L212       sprintf( ...
R/beta_decay_plot.R#L215       ) ...
R/beta_decay_plot.R#L217       sprintf( ...
R/beta_decay_plot.R#L220       ) ...
R/beta_decay_plot.R#L222   } ...
R/beta_decay_plot.R#L224   # samp_idx: indices (into dis_full/geo ...
R/beta_decay_plot.R#L225   # this group (or all samples, when ung ...
R/beta_decay_plot.R#L226   .group_stats <- function(samp_idx, sub ...
R/beta_decay_plot.R#L233       label = .fmt_label(mantel_res, unn ...
R/beta_decay_plot.R#L234                          summary(lm_fit) ...
R/beta_decay_plot.R#L236   } ...
R/beta_decay_plot.R#L238   if (is.null(group_col)) { ...
R/beta_decay_plot.R#L241       geo_km = Inf, similarity = Inf, la ...
R/beta_decay_plot.R#L242       hjust = 1.05, vjust = 1.1, ...
R/beta_decay_plot.R#L243       stringsAsFactors = FALSE ...
R/beta_decay_plot.R#L245   } else { ...
R/beta_decay_plot.R#L251       g         <- group_levels[i] ...
R/beta_decay_plot.R#L252       samp_idx  <- which(groups == g) ...
R/beta_decay_plot.R#L253       sub_pairs <- pairs[pairs$group ==  ...
R/beta_decay_plot.R#L254       if (length(samp_idx) < 3 || nrow(s ...
R/beta_decay_plot.R#L256       res  <- .group_stats(samp_idx, sub ...
R/beta_decay_plot.R#L257       side <- if (n_groups == 1) "right" ...
R/beta_decay_plot.R#L258       data.frame( ...
R/beta_decay_plot.R#L266       ) ...
R/beta_decay_plot.R#L270       stop("No group in `group_col` has  ...
R/beta_decay_plot.R#L271            "coordinates; cannot run a pe ...
R/beta_decay_plot.R#L274       dplyr::group_by(side) %>% ...
R/beta_decay_plot.R#L275       dplyr::mutate(slot = dplyr::row_nu ...
R/beta_decay_plot.R#L277       dplyr::ungroup() %>% ...
R/beta_decay_plot.R#L278       as.data.frame() ...
R/beta_decay_plot.R#L279   } ...
R/beta_decay_plot.R#L281   # ---- 6. Y-axis label ---- ...
R/beta_decay_plot.R#L282   dist_labels <- c( ...
R/beta_decay_plot.R#L292   ) ...
R/beta_decay_plot.R#L293   dist_name <- if (distance %in% names(d ...
R/beta_decay_plot.R#L294   y_lab     <- if (!is.null(y_axis_title ...
R/beta_decay_plot.R#L297   # ---- 7. Build ggplot ---- ...
R/beta_decay_plot.R#L298   aes_pts <- if (is.null(group_col)) { ...
R/beta_decay_plot.R#L300   } else { ...
R/beta_decay_plot.R#L302   } ...
R/beta_decay_plot.R#L303   aes_ann <- if (is.null(group_col)) { ...
R/beta_decay_plot.R#L305                  hjust = hjust, vjust =  ...
R/beta_decay_plot.R#L306   } else { ...
R/beta_decay_plot.R#L308                  hjust = hjust, vjust =  ...
R/beta_decay_plot.R#L309   } ...
R/beta_decay_plot.R#L311   point_layer <- if (is.null(group_col)) ...
R/beta_decay_plot.R#L314   } else { ...
R/beta_decay_plot.R#L316   } ...
R/beta_decay_plot.R#L318   smooth_layer <- if (is.null(group_col) ...
R/beta_decay_plot.R#L320                          color = line_co ...
R/beta_decay_plot.R#L321   } else { ...
R/beta_decay_plot.R#L323                          linewidth = 0.9 ...
R/beta_decay_plot.R#L324   } ...
R/beta_decay_plot.R#L326   color_scale <- NULL ...
R/beta_decay_plot.R#L327   if (!is.null(group_col)) { ...
R/beta_decay_plot.R#L331       ggplot2::scale_color_manual(name = ...
R/beta_decay_plot.R#L333       switch(palette, ...
R/beta_decay_plot.R#L338       ) ...
R/beta_decay_plot.R#L340   } ...
R/beta_decay_plot.R#L342   p <- ggplot2::ggplot(pairs, aes_pts) + ...
R/beta_decay_plot.R#L346       data        = ann_df, ...
R/beta_decay_plot.R#L347       mapping     = aes_ann, ...
R/beta_decay_plot.R#L348       size        = annotation_size, ...
R/beta_decay_plot.R#L349       family      = "serif", ...
R/beta_decay_plot.R#L350       inherit.aes = FALSE, ...
R/beta_decay_plot.R#L351       show.legend = FALSE ...
R/beta_decay_plot.R#L355       title = title, ...
R/beta_decay_plot.R#L356       x     = x_axis_title, ...
R/beta_decay_plot.R#L357       y     = y_lab ...
R/beta_decay_plot.R#L361       panel.grid       = ggplot2::elemen ...
R/beta_decay_plot.R#L362       axis.title.x     = ggplot2::elemen ...
R/beta_decay_plot.R#L364       ), ...
R/beta_decay_plot.R#L365       axis.title.y     = ggplot2::elemen ...
R/beta_decay_plot.R#L367       ), ...
R/beta_decay_plot.R#L368       axis.text.x      = ggplot2::elemen ...
R/beta_decay_plot.R#L370       ), ...
R/beta_decay_plot.R#L371       axis.text.y      = ggplot2::elemen ...
R/beta_decay_plot.R#L373       ), ...
R/beta_decay_plot.R#L374       plot.title       = ggplot2::elemen ...
R/beta_decay_plot.R#L376       ), ...
R/beta_decay_plot.R#L377       legend.title     = ggplot2::elemen ...
R/beta_decay_plot.R#L379       ), ...
R/beta_decay_plot.R#L380       legend.text      = ggplot2::elemen ...
R/beta_decay_plot.R#L382       ) ...
R/beta_decay_plot.R#L385   p ...
R/beta_dissimilarity_plot.R#L69    ...
R/beta_dissimilarity_plot.R#L70   # --- Remove taxonomy column if presen ...
R/beta_dissimilarity_plot.R#L71   tax_col <- grep("taxonomy|Taxonomy|tax ...
R/beta_dissimilarity_plot.R#L72   if(length(tax_col) == 1) table <- tabl ...
R/beta_dissimilarity_plot.R#L73    ...
R/beta_dissimilarity_plot.R#L74   partition <- match.arg(partition) ...
R/beta_dissimilarity_plot.R#L75   family <- match.arg(family) ...
R/beta_dissimilarity_plot.R#L76    ...
R/beta_dissimilarity_plot.R#L77   table[table>0] <- 1 ...
R/beta_dissimilarity_plot.R#L78   table_filtered <- table[rowSums(table) ...
R/beta_dissimilarity_plot.R#L79   table_t <- as.data.frame(t(table_filte ...
R/beta_dissimilarity_plot.R#L80   table_t[] <- lapply(table_t, as.numeri ...
R/beta_dissimilarity_plot.R#L81   rownames(table_t) <- colnames(table_fi ...
R/beta_dissimilarity_plot.R#L82    ...
R/beta_dissimilarity_plot.R#L83   if(partition=="shared") { ...
R/beta_dissimilarity_plot.R#L85   } else { ...
R/beta_dissimilarity_plot.R#L88       beta_mat <- if(partition=="turnove ...
R/beta_dissimilarity_plot.R#L90       beta_mat <- if(partition=="turnove ...
R/beta_dissimilarity_plot.R#L92   } ...
R/beta_dissimilarity_plot.R#L93    ...
R/beta_dissimilarity_plot.R#L94   # --- Convert to long format --- ...
R/beta_dissimilarity_plot.R#L95   beta_df <- reshape2::melt(as.matrix(be ...
R/beta_dissimilarity_plot.R#L96   beta_df <- dplyr::filter(beta_df, !is. ...
R/beta_dissimilarity_plot.R#L97    ...
R/beta_dissimilarity_plot.R#L98   beta_df <- dplyr::left_join(beta_df, m ...
R/beta_dissimilarity_plot.R#L100    ...
R/beta_dissimilarity_plot.R#L101   # --- Construct comparison labels --- ...
R/beta_dissimilarity_plot.R#L102   beta_df <- dplyr::mutate(beta_df, ...
R/beta_dissimilarity_plot.R#L103                            condition1_gr ...
R/beta_dissimilarity_plot.R#L104                                          ...
R/beta_dissimilarity_plot.R#L105                                          ...
R/beta_dissimilarity_plot.R#L106   beta_df <- dplyr::distinct(beta_df, si ...
R/beta_dissimilarity_plot.R#L107    ...
R/beta_dissimilarity_plot.R#L108   # Filter if comparison_condition1 spec ...
R/beta_dissimilarity_plot.R#L109   if(!is.null(comparison_condition1)) { ...
R/beta_dissimilarity_plot.R#L111   } ...
R/beta_dissimilarity_plot.R#L112    ...
R/beta_dissimilarity_plot.R#L113    ...
R/beta_dissimilarity_plot.R#L114   if (save_table) { ...
R/beta_dissimilarity_plot.R#L116       beta_df, ...
R/beta_dissimilarity_plot.R#L117       file = table_filename, ...
R/beta_dissimilarity_plot.R#L118       sep = "\t", ...
R/beta_dissimilarity_plot.R#L119       quote = FALSE, ...
R/beta_dissimilarity_plot.R#L120       row.names = FALSE ...
R/beta_dissimilarity_plot.R#L123   } ...
R/beta_dissimilarity_plot.R#L124   # --- Default palettes if missing --- ...
R/beta_dissimilarity_plot.R#L125   n_groups <- length(unique(beta_df$cond ...
R/beta_dissimilarity_plot.R#L126   if(is.null(group_colors)) { ...
R/beta_dissimilarity_plot.R#L128   } ...
R/beta_dissimilarity_plot.R#L129   if(!is.null(names(group_colors)==FALSE ...
R/beta_dissimilarity_plot.R#L131   if(!is.null(condition2_col)) { ...
R/beta_dissimilarity_plot.R#L134   } ...
R/beta_dissimilarity_plot.R#L135    ...
R/beta_dissimilarity_plot.R#L137   base_theme <- .mbm_theme( ...
R/beta_dissimilarity_plot.R#L140       panel.grid  = ggplot2::element_bla ...
R/beta_dissimilarity_plot.R#L141       strip.text  = .mbm_strip_text(stri ...
R/beta_dissimilarity_plot.R#L142       axis.text.x = .mbm_x_text(x_label_ ...
R/beta_dissimilarity_plot.R#L144   ) ...
R/beta_dissimilarity_plot.R#L145   if (!is.null(aspect_ratio)) { ...
R/beta_dissimilarity_plot.R#L147   } ...
R/beta_dissimilarity_plot.R#L149   # --- Create figure --- ...
R/beta_dissimilarity_plot.R#L150   if(!is.null(condition2_col)) { ...
R/beta_dissimilarity_plot.R#L152       beta_df, x="condition1_group", y=" ...
R/beta_dissimilarity_plot.R#L154       ggplot2::ylab(paste0("Beta diversi ...
R/beta_dissimilarity_plot.R#L155       ggplot2::scale_fill_manual(values= ...
R/beta_dissimilarity_plot.R#L156       ggplot2::labs(fill = "Comparison") ...
R/beta_dissimilarity_plot.R#L157       base_theme + ...
R/beta_dissimilarity_plot.R#L158       ggh4x::facet_grid2( ...
R/beta_dissimilarity_plot.R#L162       ) + ...
R/beta_dissimilarity_plot.R#L163       ggplot2::xlab(x_axis_title) ...
R/beta_dissimilarity_plot.R#L164   } else { ...
R/beta_dissimilarity_plot.R#L166       beta_df, x="condition1_group", y=" ...
R/beta_dissimilarity_plot.R#L168       ggplot2::ylab(paste0("Beta diversi ...
R/beta_dissimilarity_plot.R#L169       ggplot2::scale_fill_manual(values= ...
R/beta_dissimilarity_plot.R#L170       ggplot2::xlab(x_axis_title) + ...
R/beta_dissimilarity_plot.R#L171       base_theme ...
R/beta_dissimilarity_plot.R#L172   } ...
R/beta_dissimilarity_plot.R#L174   if (!is.null(stat)) { ...
R/beta_dissimilarity_plot.R#L176       method = stat, ...
R/beta_dissimilarity_plot.R#L177       mapping = ggplot2::aes( ...
R/beta_dissimilarity_plot.R#L179       ), ...
R/beta_dissimilarity_plot.R#L180       size = 3.5, family = "serif", hide ...
R/beta_dissimilarity_plot.R#L182   } ...
R/beta_dissimilarity_plot.R#L184   return(figura) ...
R/beta_diversity.R#L60                       metadata,  ...
R/beta_diversity.R#L61                       comparison_conditi ...
R/beta_diversity.R#L62                       comparison_conditi ...
R/beta_diversity.R#L63                       condition1.x, ...
R/beta_diversity.R#L64                       condition1.y, ...
R/beta_diversity.R#L65                       condition2.x, ...
R/beta_diversity.R#L66                       condition2.y, ...
R/beta_diversity.R#L67                       color_facets_x, ...
R/beta_diversity.R#L68                       color_axis_x, ...
R/beta_diversity.R#L69                       x_axis_title = "Se ...
R/beta_diversity.R#L70                       show_x_labels = FA ...
R/beta_diversity.R#L71                       x_label_angle = 0, ...
R/beta_diversity.R#L72                       strip_text_bold =  ...
R/beta_diversity.R#L73                       strip_text_color = ...
R/beta_diversity.R#L74                       aspect_ratio = NUL ...
R/beta_diversity.R#L75                       stat = NULL, ...
R/beta_diversity.R#L76                       save_table = FALSE ...
R/beta_diversity.R#L77                       table_filename = " ...
R/beta_diversity.R#L79   # Treat metadata's first column as the ...
R/beta_diversity.R#L80   colnames(metadata)[1] <- "OTUID" ...
R/beta_diversity.R#L82   # Drop a taxonomy column if present, s ...
R/beta_diversity.R#L83   tax_col <- grep("taxonomy|Taxonomy|tax ...
R/beta_diversity.R#L84   if (length(tax_col) == 1) table <- tab ...
R/beta_diversity.R#L86   # Paso 1: Filtrar y transponer tabla O ...
R/beta_diversity.R#L87   otu_filter <- table %>% ...
R/beta_diversity.R#L89    ...
R/beta_diversity.R#L90   if (nrow(otu_filter) == 0) stop("OTU t ...
R/beta_diversity.R#L92   otu_filter_t <- as.data.frame(t(otu_fi ...
R/beta_diversity.R#L94   # Paso 2: Calcular diversidad beta (Hi ...
R/beta_diversity.R#L95   beta_q_list <- list() ...
R/beta_diversity.R#L96   for (q in c(0, 1, 2)) { ...
R/beta_diversity.R#L98       # hill_taxa_parti_pairwise() print ...
R/beta_diversity.R#L99       # bar straight to stdout (not via  ...
R/beta_diversity.R#L100       # suppressMessages() can't catch - ...
R/beta_diversity.R#L101       # still returning the function's a ...
R/beta_diversity.R#L102       result <- NULL ...
R/beta_diversity.R#L103       utils::capture.output( ...
R/beta_diversity.R#L105       ) ...
R/beta_diversity.R#L106       result %>% ...
R/beta_diversity.R#L109       warning("Could not compute hill_ta ...
R/beta_diversity.R#L110       NULL ...
R/beta_diversity.R#L113   } ...
R/beta_diversity.R#L114    ...
R/beta_diversity.R#L115   beta_total <- dplyr::bind_rows(beta_q_ ...
R/beta_diversity.R#L116    ...
R/beta_diversity.R#L117   if (nrow(beta_total) == 0) stop("Could ...
R/beta_diversity.R#L120   # Paso 3: Unir con metadata ...
R/beta_diversity.R#L121   beta_formato <- beta_total %>% ...
R/beta_diversity.R#L124    ...
R/beta_diversity.R#L125   if (nrow(beta_formato) == 0) stop("Cou ...
R/beta_diversity.R#L128   # Paso 4: Crear comparaciones y filtra ...
R/beta_diversity.R#L129   beta_final <- beta_formato %>% ...
R/beta_diversity.R#L135       q == 0 ~ "q0", q == 1 ~ "q1", q == ...
R/beta_diversity.R#L137    ...
R/beta_diversity.R#L138   if (nrow(beta_final) == 0) stop("After ...
R/beta_diversity.R#L140   if (save_table) { ...
R/beta_diversity.R#L142                        quote = FALSE, ro ...
R/beta_diversity.R#L144   } ...
R/beta_diversity.R#L146   # Paso 5: Crear grafico ...
R/beta_diversity.R#L147   q_labeller <- .mbm_q_labeller(strip_te ...
R/beta_diversity.R#L149   # The x-axis groups are already named  ...
R/beta_diversity.R#L150   # hidden by default; `show_x_labels =  ...
R/beta_diversity.R#L151   # `x_label_angle`, as in the other bar ...
R/beta_diversity.R#L152   x_text  <- if (show_x_labels) .mbm_x_t ...
R/beta_diversity.R#L153   x_ticks <- if (show_x_labels) ggplot2: ...
R/beta_diversity.R#L155   figura <- beta_final %>% ...
R/beta_diversity.R#L160                        scales = "free_x" ...
R/beta_diversity.R#L161                        labeller = ggplot ...
R/beta_diversity.R#L162                        strip = ggh4x::st ...
R/beta_diversity.R#L164       legend_position = "right", ...
R/beta_diversity.R#L165       extra = ggplot2::theme( ...
R/beta_diversity.R#L170                                          ...
R/beta_diversity.R#L178       ) ...
R/beta_diversity.R#L182   if (!is.null(aspect_ratio)) { ...
R/beta_diversity.R#L184   } ...
R/beta_diversity.R#L186   if (!is.null(stat)) { ...
R/beta_diversity.R#L192       ggplot2::scale_y_continuous(expand ...
R/beta_diversity.R#L193       ggpubr::stat_compare_means( ...
R/beta_diversity.R#L196           label = paste0("p = ", scales: ...
R/beta_diversity.R#L199       ) ...
R/beta_diversity.R#L200   } ...
R/beta_diversity.R#L202   # Devuelve plot ...
R/beta_diversity.R#L203   return(list(plot = figura)) ...
R/beta_ord_plot.R#L76                           distance = "co ...
R/beta_ord_plot.R#L77                           ordination = " ...
R/beta_ord_plot.R#L78                           group_col = NU ...
R/beta_ord_plot.R#L79                           palette = "col ...
R/beta_ord_plot.R#L80                           shape_col = NU ...
R/beta_ord_plot.R#L81                           legend_title = ...
R/beta_ord_plot.R#L82                           taxonomy_db =  ...
R/beta_ord_plot.R#L83                           arrows_size =  ...
R/beta_ord_plot.R#L84                           top_n = 5, ...
R/beta_ord_plot.R#L85                           title = "auto" ...
R/beta_ord_plot.R#L86                           save_table = F ...
R/beta_ord_plot.R#L87                           table_filename ...
R/beta_ord_plot.R#L88                           seed = 123) { ...
R/beta_ord_plot.R#L89    ...
R/beta_ord_plot.R#L90   requireNamespace("vegan") ...
R/beta_ord_plot.R#L91   requireNamespace("ggplot2") ...
R/beta_ord_plot.R#L92   requireNamespace("ggrepel") ...
R/beta_ord_plot.R#L93   requireNamespace("ALDEx2") ...
R/beta_ord_plot.R#L94   requireNamespace("dplyr") ...
R/beta_ord_plot.R#L95   requireNamespace("stringr") ...
R/beta_ord_plot.R#L97   # vegan::vegdist() matches its method  ...
R/beta_ord_plot.R#L98   # "Jaccard" errors with "invalid dista ...
R/beta_ord_plot.R#L99   # which isn't obvious from the outside ...
R/beta_ord_plot.R#L100   # here happens to be lowercase - norma ...
R/beta_ord_plot.R#L101   distance <- tolower(distance) ...
R/beta_ord_plot.R#L103   tax_col <- grep("taxonomy|Taxonomy|tax ...
R/beta_ord_plot.R#L104   if(length(tax_col) != 1) stop("There i ...
R/beta_ord_plot.R#L105    ...
R/beta_ord_plot.R#L106   if (ordination == "PCA" && distance != ...
R/beta_ord_plot.R#L108   } ...
R/beta_ord_plot.R#L109    ...
R/beta_ord_plot.R#L110   tax_col <- names(table)[ncol(table)] ...
R/beta_ord_plot.R#L111   taxonomy <- table[[tax_col]] ...
R/beta_ord_plot.R#L112   abund_table <- table[, -ncol(table)] ...
R/beta_ord_plot.R#L113    ...
R/beta_ord_plot.R#L114   if ("Feature.ID" %in% names(abund_tabl ...
R/beta_ord_plot.R#L117   } else { ...
R/beta_ord_plot.R#L119   } ...
R/beta_ord_plot.R#L120   rownames(abund_table) <- feature_ids ...
R/beta_ord_plot.R#L121   otu_table <- as.data.frame(lapply(abun ...
R/beta_ord_plot.R#L122   rownames(otu_table) <- feature_ids ...
R/beta_ord_plot.R#L123    ...
R/beta_ord_plot.R#L124    ...
R/beta_ord_plot.R#L125   metadata_ids <- trimws(as.character(me ...
R/beta_ord_plot.R#L126   sample_ids <- trimws(colnames(otu_tabl ...
R/beta_ord_plot.R#L127   colnames(otu_table) <- sample_ids ...
R/beta_ord_plot.R#L128   metadata[[1]] <- metadata_ids ...
R/beta_ord_plot.R#L129    ...
R/beta_ord_plot.R#L130   common_samples <- intersect(sample_ids ...
R/beta_ord_plot.R#L131   if (length(common_samples) == 0) stop( ...
R/beta_ord_plot.R#L132   otu_table <- otu_table[, common_sample ...
R/beta_ord_plot.R#L133   metadata <- metadata[metadata_ids %in% ...
R/beta_ord_plot.R#L134    ...
R/beta_ord_plot.R#L135   if (distance == "compositional") { ...
R/beta_ord_plot.R#L140                                    denom ...
R/beta_ord_plot.R#L143   } else if (distance %in% c("aitchison" ...
R/beta_ord_plot.R#L146   } else if (distance == "sorensen") { ...
R/beta_ord_plot.R#L152   } else { ...
R/beta_ord_plot.R#L155   } ...
R/beta_ord_plot.R#L156    ...
R/beta_ord_plot.R#L157   expl_var <- NULL ...
R/beta_ord_plot.R#L158   res <- switch(ordination, ...
R/beta_ord_plot.R#L160                   pca_input <- if (!is.n ...
R/beta_ord_plot.R#L161                   pca <- prcomp(pca_inpu ...
R/beta_ord_plot.R#L162                   list(ord = pca, expl_v ...
R/beta_ord_plot.R#L165                   pcoa <- cmdscale(dist_ ...
R/beta_ord_plot.R#L166                   eigs <- pcoa$eig ...
R/beta_ord_plot.R#L167                   list(ord = pcoa, expl_ ...
R/beta_ord_plot.R#L171   ) ...
R/beta_ord_plot.R#L172    ...
R/beta_ord_plot.R#L173   ord_res <- res$ord ...
R/beta_ord_plot.R#L174   expl_var <- res$expl_var ...
R/beta_ord_plot.R#L175    ...
R/beta_ord_plot.R#L176    ...
R/beta_ord_plot.R#L177   ord_df <- switch(ordination, ...
R/beta_ord_plot.R#L178                    "PCA" = as.data.frame ...
R/beta_ord_plot.R#L179                    "PCoA" = { ...
R/beta_ord_plot.R#L180                      df <- as.data.frame ...
R/beta_ord_plot.R#L181                      colnames(df) <- c(" ...
R/beta_ord_plot.R#L182                      df ...
R/beta_ord_plot.R#L183                    }, ...
R/beta_ord_plot.R#L184                    "NMDS" = as.data.fram ...
R/beta_ord_plot.R#L185    ...
R/beta_ord_plot.R#L186   ord_df$SampleID <- rownames(ord_df) ...
R/beta_ord_plot.R#L187   colnames(metadata)[1] <- "SampleID" ...
R/beta_ord_plot.R#L188   merged <- dplyr::inner_join(ord_df, me ...
R/beta_ord_plot.R#L189   if (nrow(merged) == 0) stop("No common ...
R/beta_ord_plot.R#L190    ...
R/beta_ord_plot.R#L191   x_lab <- if (!is.null(expl_var)) paste ...
R/beta_ord_plot.R#L192   y_lab <- if (!is.null(expl_var)) paste ...
R/beta_ord_plot.R#L193    ...
R/beta_ord_plot.R#L194   is_continuous <- !is.null(group_col) & ...
R/beta_ord_plot.R#L195   legend_name   <- ifelse(is.null(legend ...
R/beta_ord_plot.R#L196   colorb_default <- if (!is_continuous & ...
R/beta_ord_plot.R#L199   } else { ...
R/beta_ord_plot.R#L201   } ...
R/beta_ord_plot.R#L203   # `palette` can be a palette *name* (s ...
R/beta_ord_plot.R#L204   # colors*; either way, is_continuous d ...
R/beta_ord_plot.R#L205   # gradient/gradientn scale or a discre ...
R/beta_ord_plot.R#L206   is_named_palette <- is.character(palet ...
R/beta_ord_plot.R#L208   .group_scale <- function(aesthetic) { ...
R/beta_ord_plot.R#L211       if (!is_named_palette) { ...
R/beta_ord_plot.R#L214       } else if (palette == "gradient")  ...
R/beta_ord_plot.R#L217       } else { ...
R/beta_ord_plot.R#L221       } ...
R/beta_ord_plot.R#L223       if (!is_named_palette) { ...
R/beta_ord_plot.R#L226       } else { ...
R/beta_ord_plot.R#L228           "grey"    = if (fill) ggplot2: ...
R/beta_ord_plot.R#L229                       else ggplot2::scal ...
R/beta_ord_plot.R#L230           "viridis" = if (fill) ggplot2: ...
R/beta_ord_plot.R#L231                       else ggplot2::scal ...
R/beta_ord_plot.R#L232           "brewer"  = if (fill) ggplot2: ...
R/beta_ord_plot.R#L233                       else ggplot2::scal ...
R/beta_ord_plot.R#L234           # "colorb" (default) or any ot ...
R/beta_ord_plot.R#L235           if (fill) ggplot2::scale_fill_ ...
R/beta_ord_plot.R#L236           else ggplot2::scale_color_manu ...
R/beta_ord_plot.R#L238       } ...
R/beta_ord_plot.R#L240   } ...
R/beta_ord_plot.R#L242   if (is.null(shape_col)) { ...
R/beta_ord_plot.R#L244       x = .data[[names(ord_df)[1]]], ...
R/beta_ord_plot.R#L245       y = .data[[names(ord_df)[2]]], ...
R/beta_ord_plot.R#L246       fill = .data[[group_col]] ...
R/beta_ord_plot.R#L248       ggplot2::geom_point(size = 4, shap ...
R/beta_ord_plot.R#L249       .group_scale("fill") ...
R/beta_ord_plot.R#L251   } else { ...
R/beta_ord_plot.R#L253       x = .data[[names(ord_df)[1]]], ...
R/beta_ord_plot.R#L254       y = .data[[names(ord_df)[2]]], ...
R/beta_ord_plot.R#L255       color = .data[[group_col]], ...
R/beta_ord_plot.R#L256       shape = .data[[shape_col]] ...
R/beta_ord_plot.R#L258       ggplot2::geom_point(size = 4) + ...
R/beta_ord_plot.R#L259       .group_scale("color") ...
R/beta_ord_plot.R#L260   } ...
R/beta_ord_plot.R#L262   p <- p + ...
R/beta_ord_plot.R#L266       x       = x_lab, ...
R/beta_ord_plot.R#L267       y       = y_lab, ...
R/beta_ord_plot.R#L268       title   = if (identical(title, "au ...
R/beta_ord_plot.R#L270       caption = if (ordination == "NMDS" ...
R/beta_ord_plot.R#L273       legend_position = "right", ...
R/beta_ord_plot.R#L274       extra = ggplot2::theme( ...
R/beta_ord_plot.R#L278                                          ...
R/beta_ord_plot.R#L279       ) ...
R/beta_ord_plot.R#L281    ...
R/beta_ord_plot.R#L282   rot_df_out <- NULL ...
R/beta_ord_plot.R#L283   if (ordination == "PCA") { ...
R/beta_ord_plot.R#L296        ...
R/beta_ord_plot.R#L297       # --- 1) Manejo de NA o vacio --- ...
R/beta_ord_plot.R#L298       if (is.na(taxon_string) || taxon_s ...
R/beta_ord_plot.R#L300       } ...
R/beta_ord_plot.R#L301        ...
R/beta_ord_plot.R#L302       # --- 2) Separar por niveles taxon ...
R/beta_ord_plot.R#L303       levels <- unlist(strsplit(taxon_st ...
R/beta_ord_plot.R#L304       levels <- trimws(levels) ...
R/beta_ord_plot.R#L305        ...
R/beta_ord_plot.R#L306       # --- 3) Limpieza por base de dato ...
R/beta_ord_plot.R#L307       # Matched case-insensitively below ...
R/beta_ord_plot.R#L308       # all need to hit the same branch, ...
R/beta_ord_plot.R#L309       # concatenation special case furth ...
R/beta_ord_plot.R#L310       # (falling back to species-only) i ...
R/beta_ord_plot.R#L311       # and the caller's casing doesn't  ...
R/beta_ord_plot.R#L312       clean_by_db <- list( ...
R/beta_ord_plot.R#L318       ) ...
R/beta_ord_plot.R#L320       taxonomy_db_norm <- tolower(taxono ...
R/beta_ord_plot.R#L321       cleaner <- clean_by_db[[taxonomy_d ...
R/beta_ord_plot.R#L322        ...
R/beta_ord_plot.R#L323       # Si no existe el limpiador, usar  ...
R/beta_ord_plot.R#L324       if (is.null(cleaner)) { ...
R/beta_ord_plot.R#L326       } ...
R/beta_ord_plot.R#L327        ...
R/beta_ord_plot.R#L328       # --- 4) Limpiar niveles --- ...
R/beta_ord_plot.R#L329       levels_clean <- vapply(levels, cle ...
R/beta_ord_plot.R#L330       levels_clean <- trimws(levels_clea ...
R/beta_ord_plot.R#L331        ...
R/beta_ord_plot.R#L332        ...
R/beta_ord_plot.R#L333       # --- 5) Seleccion del nivel mas e ...
R/beta_ord_plot.R#L334       invalid_literals <- c("", " ", "NA ...
R/beta_ord_plot.R#L336        ...
R/beta_ord_plot.R#L337       invalid_regex <- c("bacteriap[0-9] ...
R/beta_ord_plot.R#L338        ...
R/beta_ord_plot.R#L339       for (i in length(levels_clean):1)  ...
R/beta_ord_plot.R#L346            ...
R/beta_ord_plot.R#L347           # > Regla especial: Kraken2 sp ...
R/beta_ord_plot.R#L348           if (taxonomy_db_norm == "krake ...
R/beta_ord_plot.R#L353               genus <- sub("g__", "", ge ...
R/beta_ord_plot.R#L354               species <- lvl ...
R/beta_ord_plot.R#L355                ...
R/beta_ord_plot.R#L356               # Evitar errores por empti ...
R/beta_ord_plot.R#L357               if (genus != "" && species ...
R/beta_ord_plot.R#L361               } ...
R/beta_ord_plot.R#L363           } ...
R/beta_ord_plot.R#L364            ...
R/beta_ord_plot.R#L365           # Nivel normal ...
R/beta_ord_plot.R#L366           return(lvl) ...
R/beta_ord_plot.R#L368       } ...
R/beta_ord_plot.R#L369        ...
R/beta_ord_plot.R#L370       return("Unclassified") ...
R/beta_ord_plot.R#L389       ggplot2::geom_segment(data = rot_d ...
R/beta_ord_plot.R#L394       ggrepel::geom_label_repel(data = r ...
R/beta_ord_plot.R#L399   } ...
R/beta_ord_plot.R#L400    ...
R/beta_ord_plot.R#L401   # --- Centrar ejes simetricamente --- ...
R/beta_ord_plot.R#L402   x_limits <- range(merged[[names(ord_df ...
R/beta_ord_plot.R#L403   y_limits <- range(merged[[names(ord_df ...
R/beta_ord_plot.R#L404   max_range <- max(abs(x_limits), abs(y_ ...
R/beta_ord_plot.R#L405   p <- p + ggplot2::coord_cartesian(xlim ...
R/beta_ord_plot.R#L409   if (save_table) { ...
R/beta_ord_plot.R#L414       loading_out <- rot_df_out ...
R/beta_ord_plot.R#L415       colnames(loading_out)[colnames(loa ...
R/beta_ord_plot.R#L416       loading_out$type <- "loading" ...
R/beta_ord_plot.R#L417       combined_table <- dplyr::bind_rows ...
R/beta_ord_plot.R#L419       combined_table <- site_out ...
R/beta_ord_plot.R#L422                        quote = FALSE, ro ...
R/beta_ord_plot.R#L424   } ...
R/beta_ord_plot.R#L426   return(p) ...
R/beta_partition_ord_plot.R#L63   suppressWarnings({ ...
R/beta_partition_ord_plot.R#L68       # find the taxonomy column ...
R/beta_partition_ord_plot.R#L69       tax_cols <- grep("taxonomy|taxon|T ...
R/beta_partition_ord_plot.R#L71       if (length(tax_cols) > 0) { ...
R/beta_partition_ord_plot.R#L73       } ...
R/beta_partition_ord_plot.R#L75       # keep only numeric columns ...
R/beta_partition_ord_plot.R#L76       table <- table[, vapply(table, is. ...
R/beta_partition_ord_plot.R#L77        ...
R/beta_partition_ord_plot.R#L78       # convertir a matriz ...
R/beta_partition_ord_plot.R#L79       table <- as.matrix(table) ...
R/beta_partition_ord_plot.R#L81    ...
R/beta_partition_ord_plot.R#L82   # --- 1. Convert to presence/absence - ...
R/beta_partition_ord_plot.R#L83   table_pa <- table ...
R/beta_partition_ord_plot.R#L84   table_pa[table_pa > 0] <- 1 ...
R/beta_partition_ord_plot.R#L85   table_pa <- table_pa %>%  ...
R/beta_partition_ord_plot.R#L91    ...
R/beta_partition_ord_plot.R#L92   colnames(metadata)[1] <- "SampleID" ...
R/beta_partition_ord_plot.R#L93    ...
R/beta_partition_ord_plot.R#L94   # --- 2. Beta diversity partition --- ...
R/beta_partition_ord_plot.R#L95   beta <- betapart::beta.pair(table_pa,  ...
R/beta_partition_ord_plot.R#L96   if(index == "jaccard"){ ...
R/beta_partition_ord_plot.R#L100   } else if(index == "sorensen"){ ...
R/beta_partition_ord_plot.R#L104   } else { ...
R/beta_partition_ord_plot.R#L106   } ...
R/beta_partition_ord_plot.R#L107    ...
R/beta_partition_ord_plot.R#L108   # --- 3. Merge with metadata --- ...
R/beta_partition_ord_plot.R#L109    ...
R/beta_partition_ord_plot.R#L110   #if (!"SampleID" %in% colnames(metadat ...
R/beta_partition_ord_plot.R#L111    # stop("La tabla metadata no contiene ...
R/beta_partition_ord_plot.R#L112   #} ...
R/beta_partition_ord_plot.R#L113    ...
R/beta_partition_ord_plot.R#L114   names(metadata)[1] <- "SampleID" ...
R/beta_partition_ord_plot.R#L115    ...
R/beta_partition_ord_plot.R#L116   env1 <- table_pa %>% tibble::as_tibble ...
R/beta_partition_ord_plot.R#L118    ...
R/beta_partition_ord_plot.R#L119   # --- 4. betadisper for ordination --- ...
R/beta_partition_ord_plot.R#L120   jacs <- vegan::betadisper(jac, factor( ...
R/beta_partition_ord_plot.R#L121   jtus <- vegan::betadisper(jtu, factor( ...
R/beta_partition_ord_plot.R#L122   jnes <- vegan::betadisper(jne, factor( ...
R/beta_partition_ord_plot.R#L123    ...
R/beta_partition_ord_plot.R#L124   # Guardar tabla si se solicita ...
R/beta_partition_ord_plot.R#L125   if (save_table) { ...
R/beta_partition_ord_plot.R#L129       data.frame( ...
R/beta_partition_ord_plot.R#L135       ) ...
R/beta_partition_ord_plot.R#L160   } ...
R/beta_partition_ord_plot.R#L161    ...
R/beta_partition_ord_plot.R#L162   mean_jac <- round(mean(as.dist(jac)),  ...
R/beta_partition_ord_plot.R#L163   mean_turn <- round(mean(as.dist(jtu)), ...
R/beta_partition_ord_plot.R#L164   mean_nes <- round(mean(as.dist(jne)),  ...
R/beta_partition_ord_plot.R#L165    ...
R/beta_partition_ord_plot.R#L166   # --- 5. Internal plotting function -- ...
R/beta_partition_ord_plot.R#L167   function_plot_beta <- function(x, env) ...
R/beta_partition_ord_plot.R#L174       ggplot2::geom_point( ...
R/beta_partition_ord_plot.R#L176           dplyr::inner_join(env, by = "S ...
R/beta_partition_ord_plot.R#L178           x = x, y = y, ...
R/beta_partition_ord_plot.R#L179           color = .data[[group_col]], ...
R/beta_partition_ord_plot.R#L180           shape = if (!is.null(shape_col ...
R/beta_partition_ord_plot.R#L183       ) + ...
R/beta_partition_ord_plot.R#L184       ggplot2::xlab(xlabs) + ggplot2::yl ...
R/beta_partition_ord_plot.R#L185       ggplot2::geom_segment( ...
R/beta_partition_ord_plot.R#L189       ) ...
R/beta_partition_ord_plot.R#L192       ggplot2::scale_color_manual(values ...
R/beta_partition_ord_plot.R#L194       ggplot2::scale_color_manual(values ...
R/beta_partition_ord_plot.R#L196       ggplot2::scale_color_manual(values ...
R/beta_partition_ord_plot.R#L200       ggplot2::geom_label(data = y$df_me ...
R/beta_partition_ord_plot.R#L201                           fill = "white" ...
R/beta_partition_ord_plot.R#L202                           fontface = "bo ...
R/beta_partition_ord_plot.R#L203       ggplot2::geom_vline(xintercept = 0 ...
R/beta_partition_ord_plot.R#L204       ggplot2::geom_hline(yintercept = 0 ...
R/beta_partition_ord_plot.R#L205       color_scale + ...
R/beta_partition_ord_plot.R#L206       ggplot2::labs(color = if(!is.null( ...
R/beta_partition_ord_plot.R#L207       .mbm_theme( ...
R/beta_partition_ord_plot.R#L210           # Horizontal (not stacked) so  ...
R/beta_partition_ord_plot.R#L211           # the slim top strip reserved  ...
R/beta_partition_ord_plot.R#L212           # instead of overflowing onto  ...
R/beta_partition_ord_plot.R#L213           legend.box        = "horizonta ...
R/beta_partition_ord_plot.R#L214           panel.grid.major  = ggplot2::e ...
R/beta_partition_ord_plot.R#L215           plot.margin       = grid::unit ...
R/beta_partition_ord_plot.R#L216           aspect.ratio      = 3/10, ...
R/beta_partition_ord_plot.R#L217           panel.border      = ggplot2::e ...
R/beta_partition_ord_plot.R#L218           axis.line         = ggplot2::e ...
R/beta_partition_ord_plot.R#L219           axis.line.y.right = ggplot2::e ...
R/beta_partition_ord_plot.R#L220           axis.line.x.top   = ggplot2::e ...
R/beta_partition_ord_plot.R#L222       ) ...
R/beta_partition_ord_plot.R#L226   } ...
R/beta_partition_ord_plot.R#L227    ...
R/beta_partition_ord_plot.R#L228   # --- 6. Generate plots --- ...
R/beta_partition_ord_plot.R#L229   plot_jac  <- function_plot_beta(jacs,  ...
R/beta_partition_ord_plot.R#L231       colour = ggplot2::guide_legend(nro ...
R/beta_partition_ord_plot.R#L232       # Without an explicit title, ggplo ...
R/beta_partition_ord_plot.R#L233       # aes() expression used for `shape ...
R/beta_partition_ord_plot.R#L234       # conditional itself) as the legen ...
R/beta_partition_ord_plot.R#L235       shape  = ggplot2::guide_legend(nro ...
R/beta_partition_ord_plot.R#L237    ...
R/beta_partition_ord_plot.R#L238   plot_turn <- function_plot_beta(jtus,  ...
R/beta_partition_ord_plot.R#L239   plot_nes  <- function_plot_beta(jnes,  ...
R/beta_partition_ord_plot.R#L240    ...
R/beta_partition_ord_plot.R#L241   leg <- cowplot::get_legend(plot_jac) ...
R/beta_partition_ord_plot.R#L242   resolved_labels <- if (!is.null(panel_ ...
R/beta_partition_ord_plot.R#L244   } else if (identical(panel_label_case, ...
R/beta_partition_ord_plot.R#L245   panel_fontface <- if (panel_label_bold ...
R/beta_partition_ord_plot.R#L246   panel <- cowplot::plot_grid( ...
R/beta_partition_ord_plot.R#L248       ggplot2::ylab("DIM2") + ggplot2::x ...
R/beta_partition_ord_plot.R#L249      plot_turn + ggplot2::theme(legend.p ...
R/beta_partition_ord_plot.R#L250       ggplot2::ylab("") + ggplot2::xlab( ...
R/beta_partition_ord_plot.R#L252       ggplot2::ylab("") + ggplot2::xlab( ...
R/beta_partition_ord_plot.R#L261    ...
R/beta_partition_ord_plot.R#L262   combined_plot <- cowplot::plot_grid(le ...
R/beta_partition_ord_plot.R#L263    ...
R/beta_partition_ord_plot.R#L264   return(combined_plot) ...
R/beta_partition_ord_plot.R#L265   })  # <- closes suppressWarnings ...
R/beta_test_table.R#L86    ...
R/beta_test_table.R#L87   test <- match.arg(test) ...
R/beta_test_table.R#L88   raw_input <- is.data.frame(table) ...
R/beta_test_table.R#L90   # --- Aceptar tambien data.frame o un  ...
R/beta_test_table.R#L91   if (inherits(table, "dist")) { ...
R/beta_test_table.R#L93   } else if (is.data.frame(table)) { ...
R/beta_test_table.R#L97       table <- table[, -tax_cols[1], dro ...
R/beta_test_table.R#L105   } else if (!is.matrix(table)) { ...
R/beta_test_table.R#L107   } ...
R/beta_test_table.R#L108    ...
R/beta_test_table.R#L109   # --- Detectar orientacion --- ...
R/beta_test_table.R#L110   if (ncol(table) == nrow(metadata)) { ...
R/beta_test_table.R#L112   } else if (nrow(table) != nrow(metadat ...
R/beta_test_table.R#L114   } ...
R/beta_test_table.R#L115    ...
R/beta_test_table.R#L116   # --- Verificaciones --- ...
R/beta_test_table.R#L117   if (test == "permanova") { ...
R/beta_test_table.R#L121       stop("Variables ", paste(vars[!var ...
R/beta_test_table.R#L123   } ...
R/beta_test_table.R#L124    ...
R/beta_test_table.R#L125   strata <- NULL ...
R/beta_test_table.R#L126   if (!is.null(strata_var)) { ...
R/beta_test_table.R#L128       stop("Strata variable ", strata_va ...
R/beta_test_table.R#L131   } ...
R/beta_test_table.R#L132    ...
R/beta_test_table.R#L133   # --- Distancia (mismo criterio que be ...
R/beta_test_table.R#L134   if (method == "compositional") { ...
R/beta_test_table.R#L136       stop("method = 'compositional' req ...
R/beta_test_table.R#L137            "(data frame with a taxonomy  ...
R/beta_test_table.R#L143                                      den ...
R/beta_test_table.R#L146   } else if (method %in% c("aitchison",  ...
R/beta_test_table.R#L148   } else { ...
R/beta_test_table.R#L150   } ...
R/beta_test_table.R#L152   # --- PERMANOVA --- ...
R/beta_test_table.R#L153   if (test == "permanova") { ...
R/beta_test_table.R#L162   } ...
R/beta_test_table.R#L164   # --- BETADISPER / PERMDISP --- ...
R/beta_test_table.R#L165   if (test == "betadisper") { ...
R/beta_test_table.R#L175   } ...
R/beta_test_table.R#L176    ...
R/beta_test_table.R#L177   # --- Formato numerico --- ...
R/beta_test_table.R#L178   # The p-value column uses significant- ...
R/beta_test_table.R#L179   # every other figure in the package) i ...
R/beta_test_table.R#L180   # rounding applied to the other numeri ...
R/beta_test_table.R#L181   # round small p-values (e.g. 0.0004) d ...
R/beta_test_table.R#L182   col_p_name <- grep("Pr", names(tabla), ...
R/beta_test_table.R#L183   tabla <- tabla %>% ...
R/beta_test_table.R#L189   if (save_table) { ...
R/beta_test_table.R#L191                        quote = FALSE, ro ...
R/beta_test_table.R#L193   } ...
R/beta_test_table.R#L195   # --- Crear tabla visual --- ...
R/beta_test_table.R#L196   tab <- ggpubr::ggtexttable(tabla, ...
R/beta_test_table.R#L197                              rows = NULL ...
R/beta_test_table.R#L198                              theme = ggp ...
R/beta_test_table.R#L199                                colnames  ...
R/beta_test_table.R#L200                                  fill =  ...
R/beta_test_table.R#L201                                  color = ...
R/beta_test_table.R#L202                                  face =  ...
R/beta_test_table.R#L203                                  size =  ...
R/beta_test_table.R#L204                                  fontfac ...
R/beta_test_table.R#L205                                  fontfam ...
R/beta_test_table.R#L206                                ), ...
R/beta_test_table.R#L207                                tbody.sty ...
R/beta_test_table.R#L208                                  fill =  ...
R/beta_test_table.R#L209                                  color = ...
R/beta_test_table.R#L210                                  size =  ...
R/beta_test_table.R#L211                                  fontfam ...
R/beta_test_table.R#L212                                ) ...
R/beta_test_table.R#L213                              ) ...
R/beta_test_table.R#L214   ) ...
R/beta_test_table.R#L215    ...
R/beta_test_table.R#L216   # --- Lineas bajo encabezado --- ...
R/beta_test_table.R#L217   tab <- tab %>% ...
R/beta_test_table.R#L220    ...
R/beta_test_table.R#L221   # --- Resaltar p-valores --- ...
R/beta_test_table.R#L222   col_p <- grep("Pr", names(tabla), igno ...
R/beta_test_table.R#L223   if (length(col_p) > 0) { ...
R/beta_test_table.R#L231       for (fila in filas_signif) { ...
R/beta_test_table.R#L233       } ...
R/beta_test_table.R#L235   } ...
R/beta_test_table.R#L236    ...
R/beta_test_table.R#L238   return(tab) ...
R/cca_rda_biplot.R#L58                        env_data, ...
R/cca_rda_biplot.R#L59                        env_vars, ...
R/cca_rda_biplot.R#L60                        method = "hell", ...
R/cca_rda_biplot.R#L61                        metadata = NULL, ...
R/cca_rda_biplot.R#L62                        group_col = NULL, ...
R/cca_rda_biplot.R#L63                        group_colors = NU ...
R/cca_rda_biplot.R#L64                        legend_title = NU ...
R/cca_rda_biplot.R#L65                        scale_env = TRUE, ...
R/cca_rda_biplot.R#L66                        pval_threshold =  ...
R/cca_rda_biplot.R#L67                        show_all_env_vect ...
R/cca_rda_biplot.R#L68                        analysis = "CCA", ...
R/cca_rda_biplot.R#L69                        seed = 123, ...
R/cca_rda_biplot.R#L70                        scale_arrows = 1, ...
R/cca_rda_biplot.R#L71                        title = "auto", ...
R/cca_rda_biplot.R#L72                        save_table = FALS ...
R/cca_rda_biplot.R#L73                        table_filename =  ...
R/cca_rda_biplot.R#L74   tax_col <- grep("taxonomy|Taxonomy|tax ...
R/cca_rda_biplot.R#L75   if(length(tax_col) != 1) stop("There i ...
R/cca_rda_biplot.R#L76    ...
R/cca_rda_biplot.R#L77   # 1. Process species table (remove las ...
R/cca_rda_biplot.R#L78   taxonomy_col <- ncol(table) ...
R/cca_rda_biplot.R#L79   spp_table <- table[, -taxonomy_col, dr ...
R/cca_rda_biplot.R#L80    ...
R/cca_rda_biplot.R#L81   # Transpose table ...
R/cca_rda_biplot.R#L83    ...
R/cca_rda_biplot.R#L84    ...
R/cca_rda_biplot.R#L85   # 2. Process metadata and handle hash  ...
R/cca_rda_biplot.R#L86   # Treat the first column as the sample ...
R/cca_rda_biplot.R#L87   if (!is.null(metadata)) colnames(metad ...
R/cca_rda_biplot.R#L88   rownames(metadata) <- metadata$SampleI ...
R/cca_rda_biplot.R#L89   if (!is.null(metadata)) { ...
R/cca_rda_biplot.R#L95       metadata[[1]] ...
R/cca_rda_biplot.R#L97       rownames(metadata) ...
R/cca_rda_biplot.R#L105       warning("No exact ID matches found ...
R/cca_rda_biplot.R#L106       rownames(spp_table) <- original_me ...
R/cca_rda_biplot.R#L107       common_samples <- original_meta_id ...
R/cca_rda_biplot.R#L111       stop("No matching samples found.\n ...
R/cca_rda_biplot.R#L112            "Table samples (first 6): ",  ...
R/cca_rda_biplot.R#L113            "Metadata samples (first 6):  ...
R/cca_rda_biplot.R#L114            "Solutions:\n", ...
R/cca_rda_biplot.R#L115            "1. Ensure metadata has a col ...
R/cca_rda_biplot.R#L116            "2. Provide metadata in the s ...
R/cca_rda_biplot.R#L123   } ...
R/cca_rda_biplot.R#L124    ...
R/cca_rda_biplot.R#L126   # 4. Transform species data ...
R/cca_rda_biplot.R#L127   spp_hell <- vegan::decostand(spp_table ...
R/cca_rda_biplot.R#L128   # Align environmental data with specie ...
R/cca_rda_biplot.R#L129   env_data <- env_data[rownames(spp_tabl ...
R/cca_rda_biplot.R#L130    ...
R/cca_rda_biplot.R#L131   # 2. Scale env data ...
R/cca_rda_biplot.R#L132   if (scale_env) { ...
R/cca_rda_biplot.R#L134   } else { ...
R/cca_rda_biplot.R#L136   } ...
R/cca_rda_biplot.R#L137    ...
R/cca_rda_biplot.R#L138    ...
R/cca_rda_biplot.R#L139   # Align environmental data with specie ...
R/cca_rda_biplot.R#L140   if (!all(rownames(spp_table) %in% rown ...
R/cca_rda_biplot.R#L142   } ...
R/cca_rda_biplot.R#L143    ...
R/cca_rda_biplot.R#L144   env_data <- env_data[rownames(spp_tabl ...
R/cca_rda_biplot.R#L145    ...
R/cca_rda_biplot.R#L146   ...
R/cca_rda_biplot.R#L147   # 3. Verificar correspondencia de fila ...
R/cca_rda_biplot.R#L148   stopifnot(identical(rownames(spp_table ...
R/cca_rda_biplot.R#L149    ...
R/cca_rda_biplot.R#L150   # 4. Run CCA or RDA depending on the r ...
R/cca_rda_biplot.R#L151   restore_seed <- .mbm_save_seed() ...
R/cca_rda_biplot.R#L152   on.exit(restore_seed(), add = TRUE) ...
R/cca_rda_biplot.R#L153   set.seed(seed) ...
R/cca_rda_biplot.R#L154   if (toupper(analysis) == "RDA") { ...
R/cca_rda_biplot.R#L157   } else { ...
R/cca_rda_biplot.R#L160   } ...
R/cca_rda_biplot.R#L161    ...
R/cca_rda_biplot.R#L162   # 5. Ajuste de vectores ambientales ...
R/cca_rda_biplot.R#L163   fit <- vegan::envfit(ord_result, env_s ...
R/cca_rda_biplot.R#L164    ...
R/cca_rda_biplot.R#L165   # 6. Select variables to plot ...
R/cca_rda_biplot.R#L166   if (show_all_env_vectors) { ...
R/cca_rda_biplot.R#L168   } else { ...
R/cca_rda_biplot.R#L171       warning("No hay variables ambienta ...
R/cca_rda_biplot.R#L172       return(ggplot2::ggplot() + ggplot2 ...
R/cca_rda_biplot.R#L175   } ...
R/cca_rda_biplot.R#L176    ...
R/cca_rda_biplot.R#L177   vectors_scores <- vegan::scores(fit, d ...
R/cca_rda_biplot.R#L179   vectors_scores$Variable <- rownames(ve ...
R/cca_rda_biplot.R#L181   # 7. Coordenadas de sitios ...
R/cca_rda_biplot.R#L182   site_scores <- vegan::scores(ord_resul ...
R/cca_rda_biplot.R#L183   colnames(site_scores)[seq_len(2)] <- a ...
R/cca_rda_biplot.R#L184   site_scores$SampleID <- rownames(site_ ...
R/cca_rda_biplot.R#L186   if (save_table) { ...
R/cca_rda_biplot.R#L195                        quote = FALSE, ro ...
R/cca_rda_biplot.R#L197   } ...
R/cca_rda_biplot.R#L198    ...
R/cca_rda_biplot.R#L199   # 8. Agregar metadata ...
R/cca_rda_biplot.R#L200   if (!is.null(metadata) && !is.null(gro ...
R/cca_rda_biplot.R#L202       metadata$SampleID <- rownames(meta ...
R/cca_rda_biplot.R#L211       color_values <- rep(default_colors ...
R/cca_rda_biplot.R#L212       names(color_values) <- groups_pres ...
R/cca_rda_biplot.R#L213       group_colors <- color_values ...
R/cca_rda_biplot.R#L219       ggplot2::geom_point(size = 4, shap ...
R/cca_rda_biplot.R#L220       ggplot2::scale_fill_manual(name =  ...
R/cca_rda_biplot.R#L221   } else { ...
R/cca_rda_biplot.R#L223       ggplot2::geom_point(size = 4, shap ...
R/cca_rda_biplot.R#L224   } ...
R/cca_rda_biplot.R#L226   # 9. Add environmental vectors ...
R/cca_rda_biplot.R#L227   plot <- plot + ...
R/cca_rda_biplot.R#L229       data = vectors_scores, ...
R/cca_rda_biplot.R#L230       ggplot2::aes(x = 0, y = 0, ...
R/cca_rda_biplot.R#L231                  xend = .data[[axis_name ...
R/cca_rda_biplot.R#L232                  yend = .data[[axis_name ...
R/cca_rda_biplot.R#L233       arrow = ggplot2::arrow(length = gr ...
R/cca_rda_biplot.R#L234       color = "black", ...
R/cca_rda_biplot.R#L235       inherit.aes = FALSE ...
R/cca_rda_biplot.R#L238       data = vectors_scores, ...
R/cca_rda_biplot.R#L239       ggplot2::aes( ...
R/cca_rda_biplot.R#L243       ), ...
R/cca_rda_biplot.R#L244       color = "black", ...
R/cca_rda_biplot.R#L245       size = 5, ...
R/cca_rda_biplot.R#L246       family = "serif", ...
R/cca_rda_biplot.R#L247       hjust = 0.5, ...
R/cca_rda_biplot.R#L248       vjust = -0.5, ...
R/cca_rda_biplot.R#L249       inherit.aes = FALSE ...
R/cca_rda_biplot.R#L253   # 10. Scale plot limits + unified them ...
R/cca_rda_biplot.R#L254   max_range <- max(abs(c(site_scores[[ax ...
R/cca_rda_biplot.R#L255                          vectors_scores[ ...
R/cca_rda_biplot.R#L256                          site_scores[[ax ...
R/cca_rda_biplot.R#L257                          vectors_scores[ ...
R/cca_rda_biplot.R#L258   buffer <- 1.1 ...
R/cca_rda_biplot.R#L259   plot <- plot + ...
R/cca_rda_biplot.R#L265       legend_position = "right", ...
R/cca_rda_biplot.R#L266       extra = ggplot2::theme( ...
R/cca_rda_biplot.R#L271                                          ...
R/cca_rda_biplot.R#L272       ) ...
R/cca_rda_biplot.R#L276   # 11. Plot title ...
R/cca_rda_biplot.R#L277   auto_title <- paste(toupper(analysis), ...
R/cca_rda_biplot.R#L278   plot <- plot + ggplot2::labs( ...
R/cca_rda_biplot.R#L280   ) ...
R/cca_rda_biplot.R#L281    ...
R/cca_rda_biplot.R#L282   return(plot) ...
R/collapse_table.R#L43                           metadata, ...
R/collapse_table.R#L44                           level = "genus ...
R/collapse_table.R#L45                           rel_abun = FAL ...
R/collapse_table.R#L46                           save_table = F ...
R/collapse_table.R#L47                           table_filename ...
R/collapse_table.R#L48   # --- Order columns --- ...
R/collapse_table.R#L49   table <- table[, c("taxonomy", setdiff ...
R/collapse_table.R#L50   ordered_samples <- intersect(metadata[ ...
R/collapse_table.R#L51   table <- table[, c("taxonomy", ordered ...
R/collapse_table.R#L53   # Save rownames as a temporary column, ...
R/collapse_table.R#L54   if (!is.null(rownames(table))) { ...
R/collapse_table.R#L56   } else { ...
R/collapse_table.R#L58   } ...
R/collapse_table.R#L60   # --- Strip trailing empty taxonomy le ...
R/collapse_table.R#L61   table$taxonomy <- gsub("(;__)+$", "",  ...
R/collapse_table.R#L63   # --- Map the requested level to its p ...
R/collapse_table.R#L64   level_idx <- switch( ...
R/collapse_table.R#L73   ) ...
R/collapse_table.R#L75   # --- Compute the resolution depth of  ...
R/collapse_table.R#L76   get_depth <- function(tax) { ...
R/collapse_table.R#L79   } ...
R/collapse_table.R#L80   table$depth <- vapply(table$taxonomy,  ...
R/collapse_table.R#L82   # --- Split rows by resolution depth - ...
R/collapse_table.R#L83   lowres <- ...
R/collapse_table.R#L85   highres <- ...
R/collapse_table.R#L88   # --- Collapse highres rows down to th ...
R/collapse_table.R#L89   highres$taxonomy <- vapply(highres$tax ...
R/collapse_table.R#L92   }, character(1)) ...
R/collapse_table.R#L94   # --- Group and sum, keeping one origi ...
R/collapse_table.R#L95   highres <- highres %>% ...
R/collapse_table.R#L98       OTU_ID = dplyr::first(OTU_ID), ...
R/collapse_table.R#L99       # keep one of the original IDs ...
R/collapse_table.R#L100       dplyr::across(where(is.numeric), \ ...
R/collapse_table.R#L101       .groups = "drop" ...
R/collapse_table.R#L104   # --- Combine lowres and highres --- ...
R/collapse_table.R#L105   table_final <- dplyr::bind_rows(lowres ...
R/collapse_table.R#L106                                   highre ...
R/collapse_table.R#L108   # --- Drop the depth column --- ...
R/collapse_table.R#L109   table_final <- ...
R/collapse_table.R#L111   table_final <- tibble::column_to_rowna ...
R/collapse_table.R#L113   # --- Convert to relative abundance -- ...
R/collapse_table.R#L114   if (rel_abun) { ...
R/collapse_table.R#L119   } ...
R/collapse_table.R#L121   # --- Long format --- ...
R/collapse_table.R#L122   table_long <- table_final %>% ...
R/collapse_table.R#L124       cols = dplyr::all_of(ordered_sampl ...
R/collapse_table.R#L125       names_to = "SAMPLEID", ...
R/collapse_table.R#L126       values_to = ifelse(rel_abun, "Rela ...
R/collapse_table.R#L129   # --- Save table to disk if requested  ...
R/collapse_table.R#L130   if (save_table) { ...
R/collapse_table.R#L132       table_final, ...
R/collapse_table.R#L133       file = table_filename, ...
R/collapse_table.R#L134       sep = "\t", ...
R/collapse_table.R#L135       quote = FALSE, ...
R/collapse_table.R#L136       col.names = NA ...
R/collapse_table.R#L139   } ...
R/collapse_table.R#L141   return(list(collapsed_table = table_fi ...
R/collapse_table.R#L142               long_format = table_long)) ...
R/corr_env_abund_plot.R#L101   geom <- match.arg(geom) ...
R/corr_env_abund_plot.R#L102   rownames(table) <- NULL ...
R/corr_env_abund_plot.R#L103    ...
R/corr_env_abund_plot.R#L104    ...
R/corr_env_abund_plot.R#L105   tax_col <- grep("taxonomy|Taxonomy|tax ...
R/corr_env_abund_plot.R#L106   if(length(tax_col) != 1) stop("There i ...
R/corr_env_abund_plot.R#L107    ...
R/corr_env_abund_plot.R#L108   # Remove uninformative taxonomy string ...
R/corr_env_abund_plot.R#L109   table <- table %>% ...
R/corr_env_abund_plot.R#L122    ...
R/corr_env_abund_plot.R#L123    ...
R/corr_env_abund_plot.R#L124   # Align samples across table, env_tabl ...
R/corr_env_abund_plot.R#L125   if (!is.null(metadata)) { ...
R/corr_env_abund_plot.R#L135   } else { ...
R/corr_env_abund_plot.R#L142   } ...
R/corr_env_abund_plot.R#L143    ...
R/corr_env_abund_plot.R#L144   # --- Ensure unique identifiers --- ...
R/corr_env_abund_plot.R#L145   if (!is.null(rownames(table))) { ...
R/corr_env_abund_plot.R#L147   } else { ...
R/corr_env_abund_plot.R#L149   } ...
R/corr_env_abund_plot.R#L150    ...
R/corr_env_abund_plot.R#L151   # --- Strip trailing empty taxonomy le ...
R/corr_env_abund_plot.R#L152   table$taxonomy <- gsub("(;__)+$", "",  ...
R/corr_env_abund_plot.R#L153    ...
R/corr_env_abund_plot.R#L154   # --- Determine the index of the taxon ...
R/corr_env_abund_plot.R#L155   level_idx <- switch(level, ...
R/corr_env_abund_plot.R#L156                       kingdom = 1, phylu ...
R/corr_env_abund_plot.R#L157                       family = 5, genus  ...
R/corr_env_abund_plot.R#L158    ...
R/corr_env_abund_plot.R#L159   # --- Compute the taxonomic depth of e ...
R/corr_env_abund_plot.R#L160   get_depth <- function(tax) { ...
R/corr_env_abund_plot.R#L163   } ...
R/corr_env_abund_plot.R#L164   table$depth <- vapply(table$taxonomy,  ...
R/corr_env_abund_plot.R#L166   # --- Split rows by taxonomic resoluti ...
R/corr_env_abund_plot.R#L167   lowres <- table[table$depth < level_id ...
R/corr_env_abund_plot.R#L168   highres <- table[table$depth >= level_ ...
R/corr_env_abund_plot.R#L169    ...
R/corr_env_abund_plot.R#L170   # --- Trim and collapse taxonomies wit ...
R/corr_env_abund_plot.R#L171   highres$taxonomy <- vapply(highres$tax ...
R/corr_env_abund_plot.R#L174   }, character(1)) ...
R/corr_env_abund_plot.R#L175    ...
R/corr_env_abund_plot.R#L176   # --- Colapsar correctamente taxones r ...
R/corr_env_abund_plot.R#L177   highres <- highres %>% ...
R/corr_env_abund_plot.R#L180       OTU_ID = paste(unique(OTU_ID), col ...
R/corr_env_abund_plot.R#L181       dplyr::across(dplyr::where(is.nume ...
R/corr_env_abund_plot.R#L182       .groups = "drop" ...
R/corr_env_abund_plot.R#L184    ...
R/corr_env_abund_plot.R#L185    ...
R/corr_env_abund_plot.R#L186   # --- Combinar lowres y highres --- ...
R/corr_env_abund_plot.R#L187   table_final <- dplyr::bind_rows( ...
R/corr_env_abund_plot.R#L190   ) ...
R/corr_env_abund_plot.R#L191    ...
R/corr_env_abund_plot.R#L192   # --- Limpiar tabla final --- ...
R/corr_env_abund_plot.R#L193   table_final <- table_final[, c("OTU_ID ...
R/corr_env_abund_plot.R#L194   table_final <- tibble::column_to_rowna ...
R/corr_env_abund_plot.R#L195    ...
R/corr_env_abund_plot.R#L196    ...
R/corr_env_abund_plot.R#L197   # rownames(table) <- make.unique(table ...
R/corr_env_abund_plot.R#L198   #table$taxonomy <- NULL ...
R/corr_env_abund_plot.R#L199    ...
R/corr_env_abund_plot.R#L200   table <- table_final ...
R/corr_env_abund_plot.R#L201    ...
R/corr_env_abund_plot.R#L202    ...
R/corr_env_abund_plot.R#L203   #modificar la columna taxonomy para so ...
R/corr_env_abund_plot.R#L204   #this way the plot shows only that nam ...
R/corr_env_abund_plot.R#L205    ...
R/corr_env_abund_plot.R#L206    ...
R/corr_env_abund_plot.R#L207   if (taxonomy_db %in% c("unite","silva" ...
R/corr_env_abund_plot.R#L209       dplyr::mutate( ...
R/corr_env_abund_plot.R#L211           taxonomy == "Other" ~ "Other", ...
R/corr_env_abund_plot.R#L212           grepl("g__[^;]*;.*s__[^;]*", t ...
R/corr_env_abund_plot.R#L215               stringr::str_extract(taxon ...
R/corr_env_abund_plot.R#L217           grepl("g__[^;]*", taxonomy) &  ...
R/corr_env_abund_plot.R#L219           grepl("f__[^;]*", taxonomy) &  ...
R/corr_env_abund_plot.R#L221           grepl("o__[^;]*", taxonomy) &  ...
R/corr_env_abund_plot.R#L223           grepl("c__[^;]*", taxonomy) &  ...
R/corr_env_abund_plot.R#L225           grepl("p__[^;]*", taxonomy) &  ...
R/corr_env_abund_plot.R#L227           TRUE ~ "Unclassified" ...
R/corr_env_abund_plot.R#L229       ) ...
R/corr_env_abund_plot.R#L230   } ...
R/corr_env_abund_plot.R#L231   if (taxonomy_db == "Kraken2" && level  ...
R/corr_env_abund_plot.R#L233       dplyr::mutate( ...
R/corr_env_abund_plot.R#L235           taxonomy == "Other" ~ "Other", ...
R/corr_env_abund_plot.R#L236           grepl("g__[^;]*;.*s__[^;]*", t ...
R/corr_env_abund_plot.R#L239               stringr::str_extract(taxon ...
R/corr_env_abund_plot.R#L240               stringr::str_extract(taxon ...
R/corr_env_abund_plot.R#L242           grepl("g__[^;]*", taxonomy) &  ...
R/corr_env_abund_plot.R#L244           grepl("f__[^;]*", taxonomy) &  ...
R/corr_env_abund_plot.R#L246           grepl("o__[^;]*", taxonomy) &  ...
R/corr_env_abund_plot.R#L248           grepl("c__[^;]*", taxonomy) &  ...
R/corr_env_abund_plot.R#L250           grepl("p__[^;]*", taxonomy) &  ...
R/corr_env_abund_plot.R#L252           TRUE ~ "Unclassified" ...
R/corr_env_abund_plot.R#L254       ) ...
R/corr_env_abund_plot.R#L255   } ...
R/corr_env_abund_plot.R#L256    ...
R/corr_env_abund_plot.R#L257    ...
R/corr_env_abund_plot.R#L258   # Simplify taxonomy for SILVA ...
R/corr_env_abund_plot.R#L259   if (taxonomy_db %in% c("silva") && lev ...
R/corr_env_abund_plot.R#L261       dplyr::mutate( ...
R/corr_env_abund_plot.R#L263           taxonomy == "Other" ~ "Other", ...
R/corr_env_abund_plot.R#L264           grepl("g__[^;]*", taxonomy) &  ...
R/corr_env_abund_plot.R#L265           grepl("f__[^;]*", taxonomy) &  ...
R/corr_env_abund_plot.R#L266           grepl("o__[^;]*", taxonomy) &  ...
R/corr_env_abund_plot.R#L267           grepl("c__[^;]*", taxonomy) &  ...
R/corr_env_abund_plot.R#L268           grepl("p__[^;]*", taxonomy) &  ...
R/corr_env_abund_plot.R#L269           TRUE ~ "Unclassified" ...
R/corr_env_abund_plot.R#L271       ) ...
R/corr_env_abund_plot.R#L272   } ...
R/corr_env_abund_plot.R#L273    ...
R/corr_env_abund_plot.R#L274    ...
R/corr_env_abund_plot.R#L275   if (taxonomy_db %in% c("unite", "Krake ...
R/corr_env_abund_plot.R#L277       dplyr::mutate( ...
R/corr_env_abund_plot.R#L279           taxonomy == "Other" ~ "Other", ...
R/corr_env_abund_plot.R#L280           grepl("g__[^;]*", taxonomy) &  ...
R/corr_env_abund_plot.R#L281           grepl("f__[^;]*", taxonomy) &  ...
R/corr_env_abund_plot.R#L282           grepl("o__[^;]*", taxonomy) &  ...
R/corr_env_abund_plot.R#L283           grepl("c__[^;]*", taxonomy) &  ...
R/corr_env_abund_plot.R#L284           grepl("p__[^;]*", taxonomy) &  ...
R/corr_env_abund_plot.R#L285           TRUE ~ "Unclassified" ...
R/corr_env_abund_plot.R#L287       ) ...
R/corr_env_abund_plot.R#L288   } ...
R/corr_env_abund_plot.R#L289   if (taxonomy_db %in% c("unite","silva" ...
R/corr_env_abund_plot.R#L291       dplyr::mutate( ...
R/corr_env_abund_plot.R#L293           taxonomy == "Other" ~ "Other", ...
R/corr_env_abund_plot.R#L294           grepl("f__[^;]*", taxonomy) &  ...
R/corr_env_abund_plot.R#L295           grepl("o__[^;]*", taxonomy) &  ...
R/corr_env_abund_plot.R#L296           grepl("c__[^;]*", taxonomy) &  ...
R/corr_env_abund_plot.R#L297           grepl("p__[^;]*", taxonomy) &  ...
R/corr_env_abund_plot.R#L298           TRUE ~ "Unclassified" ...
R/corr_env_abund_plot.R#L300       ) ...
R/corr_env_abund_plot.R#L301   } ...
R/corr_env_abund_plot.R#L302    ...
R/corr_env_abund_plot.R#L303   if (taxonomy_db %in% c("unite","silva" ...
R/corr_env_abund_plot.R#L305       dplyr::mutate( ...
R/corr_env_abund_plot.R#L307           taxonomy == "Other" ~ "Other", ...
R/corr_env_abund_plot.R#L308           grepl("o__[^;]*", taxonomy) &  ...
R/corr_env_abund_plot.R#L309           grepl("c__[^;]*", taxonomy) &  ...
R/corr_env_abund_plot.R#L310           grepl("p__[^;]*", taxonomy) &  ...
R/corr_env_abund_plot.R#L311           TRUE ~ "Unclassified" ...
R/corr_env_abund_plot.R#L313       ) ...
R/corr_env_abund_plot.R#L314   } ...
R/corr_env_abund_plot.R#L315    ...
R/corr_env_abund_plot.R#L316   if (taxonomy_db %in% c("unite","silva" ...
R/corr_env_abund_plot.R#L318       dplyr::mutate( ...
R/corr_env_abund_plot.R#L320           taxonomy == "Other" ~ "Other", ...
R/corr_env_abund_plot.R#L321           grepl("c__[^;]*", taxonomy) &  ...
R/corr_env_abund_plot.R#L322           grepl("p__[^;]*", taxonomy) &  ...
R/corr_env_abund_plot.R#L323           TRUE ~ "Unclassified" ...
R/corr_env_abund_plot.R#L325       ) ...
R/corr_env_abund_plot.R#L326   } ...
R/corr_env_abund_plot.R#L327   if (taxonomy_db %in% c("unite","silva" ...
R/corr_env_abund_plot.R#L329       dplyr::mutate( ...
R/corr_env_abund_plot.R#L331           taxonomy == "Other" ~ "Other", ...
R/corr_env_abund_plot.R#L332           grepl("p__[^;]*", taxonomy) ~  ...
R/corr_env_abund_plot.R#L333           TRUE ~ "Unclassified" ...
R/corr_env_abund_plot.R#L335       ) ...
R/corr_env_abund_plot.R#L336   } ...
R/corr_env_abund_plot.R#L337    ...
R/corr_env_abund_plot.R#L338   # 1. Convert row names into an OTU_ID  ...
R/corr_env_abund_plot.R#L339   table <- table %>% ...
R/corr_env_abund_plot.R#L342   # 2. Create a new table called taxon w ...
R/corr_env_abund_plot.R#L343   taxon <- table %>% ...
R/corr_env_abund_plot.R#L346   # 3. Remove the taxonomy column from t ...
R/corr_env_abund_plot.R#L347   table <- table %>% ...
R/corr_env_abund_plot.R#L350   # 4. Convert OTU_ID back into row name ...
R/corr_env_abund_plot.R#L351   table <- table %>% ...
R/corr_env_abund_plot.R#L353    ...
R/corr_env_abund_plot.R#L354    ...
R/corr_env_abund_plot.R#L355    ...
R/corr_env_abund_plot.R#L356   # Default palette ...
R/corr_env_abund_plot.R#L357   if (is.null(col_palette)) { ...
R/corr_env_abund_plot.R#L359       # Sequential, colorblind-friendly  ...
R/corr_env_abund_plot.R#L360       # the heatmap body in aldex_heatma ...
R/corr_env_abund_plot.R#L361       col_palette <- viridis::viridis(20 ...
R/corr_env_abund_plot.R#L363       preset <- .mbm_div_palettes[[diver ...
R/corr_env_abund_plot.R#L364       if (is.null(preset)) { ...
R/corr_env_abund_plot.R#L369       } ...
R/corr_env_abund_plot.R#L370       col_palette <- grDevices::colorRam ...
R/corr_env_abund_plot.R#L372   } ...
R/corr_env_abund_plot.R#L373   # --- Filas comunes ...
R/corr_env_abund_plot.R#L374   common_samples <- base::intersect(coln ...
R/corr_env_abund_plot.R#L375   counts <- table[, common_samples, drop ...
R/corr_env_abund_plot.R#L376   env <- env_table[common_samples, , dro ...
R/corr_env_abund_plot.R#L377    ...
R/corr_env_abund_plot.R#L378    ...
R/corr_env_abund_plot.R#L379   # Seleccionar solo las variables ambie ...
R/corr_env_abund_plot.R#L380   if (!is.null(cond_vect)) { ...
R/corr_env_abund_plot.R#L384   } ...
R/corr_env_abund_plot.R#L385    ...
R/corr_env_abund_plot.R#L386    ...
R/corr_env_abund_plot.R#L387   # Descartar columnas no numericas (p.e ...
R/corr_env_abund_plot.R#L388   # mezcladas en env_table); stats::cor( ...
R/corr_env_abund_plot.R#L389   is_num <- vapply(env, is.numeric, logi ...
R/corr_env_abund_plot.R#L390   if (!all(is_num)) { ...
R/corr_env_abund_plot.R#L394   } ...
R/corr_env_abund_plot.R#L396   # Filtrar variables constantes ...
R/corr_env_abund_plot.R#L397   env <- env[, apply(env, 2, sd, na.rm = ...
R/corr_env_abund_plot.R#L398   abund <- sweep(counts, 2, colSums(coun ...
R/corr_env_abund_plot.R#L399   abund <- abund[apply(abund, 1, sd, na. ...
R/corr_env_abund_plot.R#L400    ...
R/corr_env_abund_plot.R#L401   # Overall correlation matrix ...
R/corr_env_abund_plot.R#L402   corr_mat <- stats::cor(env, t(abund),  ...
R/corr_env_abund_plot.R#L403    ...
R/corr_env_abund_plot.R#L404    ...
R/corr_env_abund_plot.R#L405    ...
R/corr_env_abund_plot.R#L406   # Guardar tabla si se solicita ...
R/corr_env_abund_plot.R#L407   if (save_table) { ...
R/corr_env_abund_plot.R#L413       corr_df, ...
R/corr_env_abund_plot.R#L414       file = table_filename, ...
R/corr_env_abund_plot.R#L415       sep = "\t", ...
R/corr_env_abund_plot.R#L416       quote = FALSE, ...
R/corr_env_abund_plot.R#L417       row.names = FALSE ...
R/corr_env_abund_plot.R#L421   } ...
R/corr_env_abund_plot.R#L422    ...
R/corr_env_abund_plot.R#L423   # --- Calcular p-values si se indica p ...
R/corr_env_abund_plot.R#L424   if (!is.null(pval_threshold)) { ...
R/corr_env_abund_plot.R#L426                        nrow = ncol(env), ...
R/corr_env_abund_plot.R#L427                        ncol = nrow(abund ...
R/corr_env_abund_plot.R#L428                        dimnames = list(c ...
R/corr_env_abund_plot.R#L431       for (tax_id in rownames(abund)) { ...
R/corr_env_abund_plot.R#L433           cor.test(env[[env_var]], as.nu ...
R/corr_env_abund_plot.R#L436       } ...
R/corr_env_abund_plot.R#L443   } ...
R/corr_env_abund_plot.R#L444    ...
R/corr_env_abund_plot.R#L445    ...
R/corr_env_abund_plot.R#L446    ...
R/corr_env_abund_plot.R#L447   # Hierarchical clustering ...
R/corr_env_abund_plot.R#L448   if (hc.order) { ...
R/corr_env_abund_plot.R#L456   } ...
R/corr_env_abund_plot.R#L457    ...
R/corr_env_abund_plot.R#L458   # Convertir a formato largo ...
R/corr_env_abund_plot.R#L459   corr_df <- reshape2::melt(corr_mat, ...
R/corr_env_abund_plot.R#L462   # --- Add taxonomy to the melted resul ...
R/corr_env_abund_plot.R#L463   # corr_df$Group holds the OTU_IDs; joi ...
R/corr_env_abund_plot.R#L464   corr_df <- dplyr::left_join( ...
R/corr_env_abund_plot.R#L468   ) ...
R/corr_env_abund_plot.R#L469    ...
R/corr_env_abund_plot.R#L470   # Replace "Group" with the taxonomic n ...
R/corr_env_abund_plot.R#L471   corr_df$Taxon <- corr_df$taxonomy ...
R/corr_env_abund_plot.R#L472   corr_df$taxonomy <- NULL ...
R/corr_env_abund_plot.R#L473   # Base plot ...
R/corr_env_abund_plot.R#L474   if (invert_axes) { ...
R/corr_env_abund_plot.R#L476                          ggplot2::aes(x  ...
R/corr_env_abund_plot.R#L477   } else { ...
R/corr_env_abund_plot.R#L479                          ggplot2::aes(x  ...
R/corr_env_abund_plot.R#L480   } ...
R/corr_env_abund_plot.R#L481    ...
R/corr_env_abund_plot.R#L482   # Choose plot type: "tile" behaves lik ...
R/corr_env_abund_plot.R#L483   if (geom == "tile") { ...
R/corr_env_abund_plot.R#L486       p <- ...
R/corr_env_abund_plot.R#L488                                size = 3, ...
R/corr_env_abund_plot.R#L489                                color = " ...
R/corr_env_abund_plot.R#L491   } else if (geom == "circle") { ...
R/corr_env_abund_plot.R#L493                                  shape = ...
R/corr_env_abund_plot.R#L494                                  color = ...
R/corr_env_abund_plot.R#L495       ggplot2::scale_size(range = c(2, 1 ...
R/corr_env_abund_plot.R#L497       p <- ...
R/corr_env_abund_plot.R#L499                                size = 3, ...
R/corr_env_abund_plot.R#L500                                vjust = 0 ...
R/corr_env_abund_plot.R#L502   } ...
R/corr_env_abund_plot.R#L503    ...
R/corr_env_abund_plot.R#L504   # Colores y tema ...
R/corr_env_abund_plot.R#L505   p <- p + ...
R/corr_env_abund_plot.R#L507                                   limits ...
R/corr_env_abund_plot.R#L508                                   name = ...
R/corr_env_abund_plot.R#L510       legend_position = "right", ...
R/corr_env_abund_plot.R#L511       extra = ggplot2::theme( ...
R/corr_env_abund_plot.R#L516       ) ...
R/corr_env_abund_plot.R#L519    ...
R/corr_env_abund_plot.R#L520   return(p) ...
R/merge_feature_taxonomy.R#L33                                    save_ ...
R/merge_feature_taxonomy.R#L34                                    table ...
R/merge_feature_taxonomy.R#L35   # Ensure both inputs are data frames ...
R/merge_feature_taxonomy.R#L36   table <- as.data.frame(table) ...
R/merge_feature_taxonomy.R#L37   taxonomy <- as.data.frame(taxonomy) ...
R/merge_feature_taxonomy.R#L38    ...
R/merge_feature_taxonomy.R#L39   # Extract rownames (feature IDs) ...
R/merge_feature_taxonomy.R#L40   ids_table <- rownames(table) ...
R/merge_feature_taxonomy.R#L41   ids_taxonomy <- rownames(taxonomy) ...
R/merge_feature_taxonomy.R#L42   common_species <- intersect(ids_table, ...
R/merge_feature_taxonomy.R#L43    ...
R/merge_feature_taxonomy.R#L44   # Validations ...
R/merge_feature_taxonomy.R#L45   if (length(common_species) == 0) { ...
R/merge_feature_taxonomy.R#L47   } ...
R/merge_feature_taxonomy.R#L48    ...
R/merge_feature_taxonomy.R#L49   if (!all(ids_taxonomy %in% ids_table)) ...
R/merge_feature_taxonomy.R#L53   } ...
R/merge_feature_taxonomy.R#L54    ...
R/merge_feature_taxonomy.R#L55   # Subset to common features only ...
R/merge_feature_taxonomy.R#L56   table <- table[common_species, , drop  ...
R/merge_feature_taxonomy.R#L57   taxonomy <- taxonomy[common_species, , ...
R/merge_feature_taxonomy.R#L58    ...
R/merge_feature_taxonomy.R#L59   # Prepare for join: convert rownames t ...
R/merge_feature_taxonomy.R#L60   table$OTUID <- rownames(table) ...
R/merge_feature_taxonomy.R#L61   taxonomy$OTUID <- rownames(taxonomy) ...
R/merge_feature_taxonomy.R#L62    ...
R/merge_feature_taxonomy.R#L63   # Join by OTUID ...
R/merge_feature_taxonomy.R#L64   joined <- dplyr::left_join(table, taxo ...
R/merge_feature_taxonomy.R#L65    ...
R/merge_feature_taxonomy.R#L66   # Rename the taxonomy column to 'taxon ...
R/merge_feature_taxonomy.R#L67   taxonomy_cols <- setdiff(colnames(taxo ...
R/merge_feature_taxonomy.R#L68   if (length(taxonomy_cols) == 1) { ...
R/merge_feature_taxonomy.R#L70   } ...
R/merge_feature_taxonomy.R#L71    ...
R/merge_feature_taxonomy.R#L72   # Set OTUID as rownames again ...
R/merge_feature_taxonomy.R#L73   rownames(joined) <- joined$OTUID ...
R/merge_feature_taxonomy.R#L74   joined$OTUID <- NULL ...
R/merge_feature_taxonomy.R#L76   if (save_table) { ...
R/merge_feature_taxonomy.R#L78                        quote = FALSE, co ...
R/merge_feature_taxonomy.R#L80   } ...
R/merge_feature_taxonomy.R#L82   return(joined) ...
R/random_forest_lollipop_plot.R#L35                                   metada ...
R/random_forest_lollipop_plot.R#L36                                   top_n  ...
R/random_forest_lollipop_plot.R#L37                                   size = ...
R/random_forest_lollipop_plot.R#L38                                   variab ...
R/random_forest_lollipop_plot.R#L39                                   group_ ...
R/random_forest_lollipop_plot.R#L40                                   title  ...
R/random_forest_lollipop_plot.R#L41                                   save_t ...
R/random_forest_lollipop_plot.R#L42                                   table_ ...
R/random_forest_lollipop_plot.R#L44   tax_col <- grep("taxonomy|Taxonomy|tax ...
R/random_forest_lollipop_plot.R#L45   if(length(tax_col) != 1) stop("There i ...
R/random_forest_lollipop_plot.R#L47   # Set default figure title if not prov ...
R/random_forest_lollipop_plot.R#L48   if (is.null(title)) { ...
R/random_forest_lollipop_plot.R#L50   } ...
R/random_forest_lollipop_plot.R#L51    ...
R/random_forest_lollipop_plot.R#L52   # Extract taxonomy column for later us ...
R/random_forest_lollipop_plot.R#L53   ncols <- ncol(table) ...
R/random_forest_lollipop_plot.R#L54   table_numeric <- table[-ncols] ...
R/random_forest_lollipop_plot.R#L55   taxonomy <- table[ncols] ...
R/random_forest_lollipop_plot.R#L56    ...
R/random_forest_lollipop_plot.R#L57   # Transpose if samples are in rows ...
R/random_forest_lollipop_plot.R#L58   if (ncol(table_numeric) < nrow(table_n ...
R/random_forest_lollipop_plot.R#L60   } ...
R/random_forest_lollipop_plot.R#L61    ...
R/random_forest_lollipop_plot.R#L62   # Find common samples between table an ...
R/random_forest_lollipop_plot.R#L63   common_samples <- intersect(rownames(t ...
R/random_forest_lollipop_plot.R#L64    ...
R/random_forest_lollipop_plot.R#L65   # Filter both datasets to include only ...
R/random_forest_lollipop_plot.R#L66   otu_filtered <- table_numeric[common_s ...
R/random_forest_lollipop_plot.R#L67   metadata_filtered <- metadata[metadata ...
R/random_forest_lollipop_plot.R#L68    ...
R/random_forest_lollipop_plot.R#L69   # Convert response variable to factor ...
R/random_forest_lollipop_plot.R#L70   response <- as.factor(metadata_filtere ...
R/random_forest_lollipop_plot.R#L71    ...
R/random_forest_lollipop_plot.R#L72   # Validate response variable has at le ...
R/random_forest_lollipop_plot.R#L73   if (length(unique(response)) < 2) { ...
R/random_forest_lollipop_plot.R#L75   } ...
R/random_forest_lollipop_plot.R#L76    ...
R/random_forest_lollipop_plot.R#L77   # Run Random Forest analysis ...
R/random_forest_lollipop_plot.R#L78   rf_model <- randomForest::randomForest ...
R/random_forest_lollipop_plot.R#L83   ) ...
R/random_forest_lollipop_plot.R#L84    ...
R/random_forest_lollipop_plot.R#L85   # Extract feature importance ...
R/random_forest_lollipop_plot.R#L86   importance_df <- randomForest::importa ...
R/random_forest_lollipop_plot.R#L87   importance_df <- as.data.frame(importa ...
R/random_forest_lollipop_plot.R#L88    ...
R/random_forest_lollipop_plot.R#L89   # Get top features by MeanDecreaseGini ...
R/random_forest_lollipop_plot.R#L90   importance_df$ASV <- rownames(importan ...
R/random_forest_lollipop_plot.R#L91   top_asvs <- importance_df %>%  ...
R/random_forest_lollipop_plot.R#L94    ...
R/random_forest_lollipop_plot.R#L95   # Merge with original taxonomy ...
R/random_forest_lollipop_plot.R#L96   top_asvs <- dplyr::left_join( ...
R/random_forest_lollipop_plot.R#L100   ) %>% ...
R/random_forest_lollipop_plot.R#L102    ...
R/random_forest_lollipop_plot.R#L103   # Parse taxonomy into different levels ...
R/random_forest_lollipop_plot.R#L104   top_asvs <- top_asvs %>% ...
R/random_forest_lollipop_plot.R#L106       col = taxonomy_original, ...
R/random_forest_lollipop_plot.R#L107       into = c("Domain", "Phylum", "Clas ...
R/random_forest_lollipop_plot.R#L108       sep = ";", ...
R/random_forest_lollipop_plot.R#L109       fill = "right"  ...
R/random_forest_lollipop_plot.R#L112    ...
R/random_forest_lollipop_plot.R#L113   # Simplify taxonomy labels for plottin ...
R/random_forest_lollipop_plot.R#L114   top_asvs.modified <- top_asvs %>% ...
R/random_forest_lollipop_plot.R#L116       taxonomy = dplyr::case_when( ...
R/random_forest_lollipop_plot.R#L118           sub(".*g__([^;]*).*", "\\1", t ...
R/random_forest_lollipop_plot.R#L120           paste0("other ", stringr::str_ ...
R/random_forest_lollipop_plot.R#L122           paste0("other ", stringr::str_ ...
R/random_forest_lollipop_plot.R#L124           paste0("other ", stringr::str_ ...
R/random_forest_lollipop_plot.R#L126           paste0("other ", stringr::str_ ...
R/random_forest_lollipop_plot.R#L128       ), ...
R/random_forest_lollipop_plot.R#L129       Phylum = dplyr::case_when( ...
R/random_forest_lollipop_plot.R#L135       ), ...
R/random_forest_lollipop_plot.R#L136       # A unique row id (not the display ...
R/random_forest_lollipop_plot.R#L137       # the axis even when two features  ...
R/random_forest_lollipop_plot.R#L138       # name; the axis is then labeled w ...
R/random_forest_lollipop_plot.R#L139       # scale_x_discrete(labels = ...) b ...
R/random_forest_lollipop_plot.R#L140       row_id = paste0("row", dplyr::row_ ...
R/random_forest_lollipop_plot.R#L142   # Generate warning if any updated phyl ...
R/random_forest_lollipop_plot.R#L143   updated_phyla <- c("p__Proteobacteria" ...
R/random_forest_lollipop_plot.R#L144                      "p__Bacteroidetes", ...
R/random_forest_lollipop_plot.R#L145   present_phyla <- intersect(updated_phy ...
R/random_forest_lollipop_plot.R#L146    ...
R/random_forest_lollipop_plot.R#L147   if(length(present_phyla) > 0) { ...
R/random_forest_lollipop_plot.R#L149       Old = c("Proteobacteria", "Actinob ...
R/random_forest_lollipop_plot.R#L150       New = c("Pseudomonadota", "Actinom ...
R/random_forest_lollipop_plot.R#L158   } ...
R/random_forest_lollipop_plot.R#L159   # Use custom palette if provided, othe ...
R/random_forest_lollipop_plot.R#L160   n_phyla <- length(unique(top_asvs.modi ...
R/random_forest_lollipop_plot.R#L161   if (!is.null(group_colors)) { ...
R/random_forest_lollipop_plot.R#L163       warning(sprintf("Custom palette ha ...
R/random_forest_lollipop_plot.R#L164                       length(group_color ...
R/random_forest_lollipop_plot.R#L165       group_colors <- rep_len(group_colo ...
R/random_forest_lollipop_plot.R#L168   } else { ...
R/random_forest_lollipop_plot.R#L170   } ...
R/random_forest_lollipop_plot.R#L171    ...
R/random_forest_lollipop_plot.R#L172   # Convert importance values to numeric ...
R/random_forest_lollipop_plot.R#L173   top_asvs.modified$MeanDecreaseGini <-  ...
R/random_forest_lollipop_plot.R#L175   if (save_table) { ...
R/random_forest_lollipop_plot.R#L177                        quote = FALSE, ro ...
R/random_forest_lollipop_plot.R#L179   } ...
R/random_forest_lollipop_plot.R#L181   # Create lollipop plot ...
R/random_forest_lollipop_plot.R#L182   row_labels <- setNames(top_asvs.modifi ...
R/random_forest_lollipop_plot.R#L183   lollipop <- ggplot2::ggplot( ...
R/random_forest_lollipop_plot.R#L188   ) + ...
R/random_forest_lollipop_plot.R#L190       ggplot2::aes( ...
R/random_forest_lollipop_plot.R#L195       ), ...
R/random_forest_lollipop_plot.R#L196       color = "black", ...
R/random_forest_lollipop_plot.R#L197       linewidth = 1 ...
R/random_forest_lollipop_plot.R#L206       legend_position = "right", ...
R/random_forest_lollipop_plot.R#L207       extra = ggplot2::theme( ...
R/random_forest_lollipop_plot.R#L211                                          ...
R/random_forest_lollipop_plot.R#L212       ) ...
R/random_forest_lollipop_plot.R#L214    ...
R/random_forest_lollipop_plot.R#L215   return(lollipop)  ...
R/ratios_bubble_plot.R#L59                                  metadat ...
R/ratios_bubble_plot.R#L60                                  conditi ...
R/ratios_bubble_plot.R#L61                                  conditi ...
R/ratios_bubble_plot.R#L62                                  conditi ...
R/ratios_bubble_plot.R#L63                                  taxonom ...
R/ratios_bubble_plot.R#L64                                  top_n = ...
R/ratios_bubble_plot.R#L65                                  level = ...
R/ratios_bubble_plot.R#L66                                  x_axis_ ...
R/ratios_bubble_plot.R#L67                                  legend_ ...
R/ratios_bubble_plot.R#L68                                  group_c ...
R/ratios_bubble_plot.R#L69                                  save_ta ...
R/ratios_bubble_plot.R#L70                                  table_f ...
R/ratios_bubble_plot.R#L71   # Filtrar metadatos a las condiciones  ...
R/ratios_bubble_plot.R#L72   metadata_sub <- metadata %>% ...
R/ratios_bubble_plot.R#L76   samples <- metadata_sub$SampleID ...
R/ratios_bubble_plot.R#L78   # Split table into taxonomy and abunda ...
R/ratios_bubble_plot.R#L79   abundance_raw <- table %>% ...
R/ratios_bubble_plot.R#L82   # Collapse by taxonomy if there are du ...
R/ratios_bubble_plot.R#L83   abundance_raw <- abundance_raw %>% ...
R/ratios_bubble_plot.R#L87   # Fix taxonomy according to database a ...
R/ratios_bubble_plot.R#L88   abundance_raw <- abundance_raw %>% ...
R/ratios_bubble_plot.R#L90       taxonomy = dplyr::case_when( ...
R/ratios_bubble_plot.R#L92           taxonomy == "Other" ~ "Other", ...
R/ratios_bubble_plot.R#L93           grepl("g__[^;]*;.*s__[^;]*", t ...
R/ratios_bubble_plot.R#L96               stringr::str_extract(taxon ...
R/ratios_bubble_plot.R#L97               " ", ...
R/ratios_bubble_plot.R#L98               stringr::str_extract(taxon ...
R/ratios_bubble_plot.R#L100           grepl("g__[^;]*", taxonomy) & ...
R/ratios_bubble_plot.R#L103               "other ", ...
R/ratios_bubble_plot.R#L104               stringr::str_extract(taxon ...
R/ratios_bubble_plot.R#L106           grepl("f__[^;]*", taxonomy) & ...
R/ratios_bubble_plot.R#L109               "other ", ...
R/ratios_bubble_plot.R#L110               stringr::str_extract(taxon ...
R/ratios_bubble_plot.R#L112           grepl("o__[^;]*", taxonomy) & ...
R/ratios_bubble_plot.R#L115               "other ", ...
R/ratios_bubble_plot.R#L116               stringr::str_extract(taxon ...
R/ratios_bubble_plot.R#L118           grepl("c__[^;]*", taxonomy) & ...
R/ratios_bubble_plot.R#L121               "other ", ...
R/ratios_bubble_plot.R#L122               stringr::str_extract(taxon ...
R/ratios_bubble_plot.R#L124           grepl("p__[^;]*", taxonomy) & ...
R/ratios_bubble_plot.R#L127               "other ", ...
R/ratios_bubble_plot.R#L128               stringr::str_extract(taxon ...
R/ratios_bubble_plot.R#L130           TRUE ~ "Unclassified" ...
R/ratios_bubble_plot.R#L134           level == "genus" ~ dplyr::case ...
R/ratios_bubble_plot.R#L137               !grepl("g__uncultured|g__$ ...
R/ratios_bubble_plot.R#L139               !grepl("f__uncultured|f__$ ...
R/ratios_bubble_plot.R#L142               ), ...
R/ratios_bubble_plot.R#L144               !grepl("o__uncultured|o__$ ...
R/ratios_bubble_plot.R#L147               ), ...
R/ratios_bubble_plot.R#L149               !grepl("c__uncultured|c__$ ...
R/ratios_bubble_plot.R#L152               ), ...
R/ratios_bubble_plot.R#L154               !grepl("p__uncultured|p__$ ...
R/ratios_bubble_plot.R#L157               ), ...
R/ratios_bubble_plot.R#L159           ), ...
R/ratios_bubble_plot.R#L162           level == "phylum" ~ dplyr::cas ...
R/ratios_bubble_plot.R#L166           ), ...
R/ratios_bubble_plot.R#L169       ) ...
R/ratios_bubble_plot.R#L173    ...
R/ratios_bubble_plot.R#L174   # Calcular abundancias relativas por m ...
R/ratios_bubble_plot.R#L175   abundance_rel <- abundance_raw %>% ...
R/ratios_bubble_plot.R#L181   # Convertir a formato largo ...
R/ratios_bubble_plot.R#L182   long_data <- abundance_rel %>% ...
R/ratios_bubble_plot.R#L186   # Compute mean abundance per condition ...
R/ratios_bubble_plot.R#L187   summary_data <- long_data %>% ...
R/ratios_bubble_plot.R#L191       names_from = Condition, ...
R/ratios_bubble_plot.R#L192       values_from = MeanAbundance, ...
R/ratios_bubble_plot.R#L193       values_fill = 0 ...
R/ratios_bubble_plot.R#L197       Ratio = dplyr::if_else( ...
R/ratios_bubble_plot.R#L201       ), ...
R/ratios_bubble_plot.R#L202       Dominant = dplyr::if_else(.data[[c ...
R/ratios_bubble_plot.R#L203                          condition_A, ...
R/ratios_bubble_plot.R#L204                          condition_B), ...
R/ratios_bubble_plot.R#L205       MeanAbund = mean(c(.data[[conditio ...
R/ratios_bubble_plot.R#L209   # Select the top_n most abundant taxa ...
R/ratios_bubble_plot.R#L210   top_taxa <- summary_data %>% ...
R/ratios_bubble_plot.R#L214   if (save_table) { ...
R/ratios_bubble_plot.R#L216                        quote = FALSE, ro ...
R/ratios_bubble_plot.R#L218   } ...
R/ratios_bubble_plot.R#L220   # Bubble plot ...
R/ratios_bubble_plot.R#L221   legend_name <- if (!is.null(legend_tit ...
R/ratios_bubble_plot.R#L222   ggplot2::ggplot(top_taxa, ...
R/ratios_bubble_plot.R#L223          ggplot2::aes( ...
R/ratios_bubble_plot.R#L224            x = reorder(taxonomy, Ratio), ...
R/ratios_bubble_plot.R#L225            y = Dominant, ...
R/ratios_bubble_plot.R#L226            size = MeanAbund, ...
R/ratios_bubble_plot.R#L227            fill = Dominant ...
R/ratios_bubble_plot.R#L228          )) + ...
R/ratios_bubble_plot.R#L231       values = if (!is.null(group_colors ...
R/ratios_bubble_plot.R#L235       x    = x_axis_title, ...
R/ratios_bubble_plot.R#L236       y    = legend_name, ...
R/ratios_bubble_plot.R#L237       size = "Ratio", ...
R/ratios_bubble_plot.R#L238       fill = legend_name ...
R/ratios_bubble_plot.R#L242       legend_position = "right", ...
R/ratios_bubble_plot.R#L243       extra = ggplot2::theme( ...
R/ratios_bubble_plot.R#L245       ) ...
R/venn_plot.R#L56                               selected_s ...
R/venn_plot.R#L57                               title = NU ...
R/venn_plot.R#L58                               group_colo ...
R/venn_plot.R#L59                               save_table ...
R/venn_plot.R#L60                               table_file ...
R/venn_plot.R#L61   table <- as.data.frame(table) ...
R/venn_plot.R#L62   metadata <- as.data.frame(metadata) ...
R/venn_plot.R#L63    ...
R/venn_plot.R#L64   tax_col <- grep("taxonomy|Taxonomy|tax ...
R/venn_plot.R#L65   if(length(tax_col) != 1) stop("There i ...
R/venn_plot.R#L66    ...
R/venn_plot.R#L67   if (!merge_by %in% colnames(metadata)) ...
R/venn_plot.R#L68    ...
R/venn_plot.R#L69   common_samples <- intersect(colnames(t ...
R/venn_plot.R#L70   table <- table[, c(common_samples), dr ...
R/venn_plot.R#L71   metadata <- metadata[metadata[[1]] %in ...
R/venn_plot.R#L72   rownames(metadata) <- NULL ...
R/venn_plot.R#L73    ...
R/venn_plot.R#L74   if (!is.null(selected_samples)) { ...
R/venn_plot.R#L78   } ...
R/venn_plot.R#L79    ...
R/venn_plot.R#L80   metadata_split <- split(metadata[[1]], ...
R/venn_plot.R#L81   metadata_split <- metadata_split[vappl ...
R/venn_plot.R#L82   num_groups <- length(metadata_split) ...
R/venn_plot.R#L83    ...
R/venn_plot.R#L84   # Default palette - Okabe-Ito (colorbl ...
R/venn_plot.R#L85   use_manual <- !is.null(group_colors) ...
R/venn_plot.R#L86   if (!use_manual) { ...
R/venn_plot.R#L88       .mbm_colors_2group ...
R/venn_plot.R#L90       rep_len(.mbm_colors, num_groups) ...
R/venn_plot.R#L92   } else { ...
R/venn_plot.R#L94   } ...
R/venn_plot.R#L95    ...
R/venn_plot.R#L96   # Build the list of sets to compare ...
R/venn_plot.R#L97   lista <- lapply(metadata_split, functi ...
R/venn_plot.R#L100       subset_core <- subset[rowMeans(sub ...
R/venn_plot.R#L101        ...
R/venn_plot.R#L103       subset_core <- subset[rowSums(subs ...
R/venn_plot.R#L107   }) ...
R/venn_plot.R#L108   names(lista) <- names(metadata_split) ...
R/venn_plot.R#L110   if (save_table) { ...
R/venn_plot.R#L114                        quote = FALSE, ro ...
R/venn_plot.R#L116   } ...
R/venn_plot.R#L118   # Method selection ...
R/venn_plot.R#L119   if (tolower(method) == "ggvenndiagram" ...
R/venn_plot.R#L121       lista, ...
R/venn_plot.R#L122       label_alpha = 0, ...
R/venn_plot.R#L123       set_color   = group_colors, ...
R/venn_plot.R#L124       edge_size   = 1 ...
R/venn_plot.R#L126       ggplot2::scale_fill_gradient(low = ...
R/venn_plot.R#L127                                    na.va ...
R/venn_plot.R#L129   } else if (tolower(method) == "ggvenn" ...
R/venn_plot.R#L136   } else { ...
R/venn_plot.R#L138   } ...
R/venn_plot.R#L140   # Base theme for Venn (theme_void keep ...
R/venn_plot.R#L141   venn_plot <- venn_plot + ...
R/venn_plot.R#L144       legend.position = "right", ...
R/venn_plot.R#L145       legend.text     = ggplot2::element ...
R/venn_plot.R#L146       legend.title    = ggplot2::element ...
R/venn_plot.R#L147                                          ...
R/venn_plot.R#L150   # Add title only when provided ...
R/venn_plot.R#L151   if (!is.null(title)) { ...
R/venn_plot.R#L153       ggplot2::labs(title = title) + ...
R/venn_plot.R#L154       ggplot2::theme( ...
R/venn_plot.R#L156                                          ...
R/venn_plot.R#L157       ) ...
R/venn_plot.R#L158   } ...
R/venn_plot.R#L159   return(venn_plot) ...
R/zzz.R#L29   if (sum(colnames(taxonomy) %in% c("Fea ...
R/zzz.R#L31   } ...
R/zzz.R#L33   taxonomy <- taxonomy[, c("Feature.ID", ...
R/zzz.R#L34   if (trim_extra) { ...
R/zzz.R#L37   } ...
R/zzz.R#L38   taxonomy <- suppressWarnings( ...
R/zzz.R#L40       c("Kingdom", "Phylum", "Class", "O ...
R/zzz.R#L41       sep = tax_sep, fill = "right", ext ...
R/zzz.R#L42   ) ...
R/zzz.R#L43   taxonomy <- apply(taxonomy, 2, functio ...
R/zzz.R#L44   taxonomy <- as.data.frame(taxonomy) ...
R/zzz.R#L45   rownames(taxonomy) <- taxonomy$Feature ...
R/zzz.R#L46   taxonomy$Feature.ID <- NULL ...
R/zzz.R#L47   taxonomy ...
R/zzz.R#L60   groups <- factor(groups) ...
R/zzz.R#L62   n_axes <- length(vegan::eigenvals(beta ...
R/zzz.R#L63   if (n_axes < 2) { ...
R/zzz.R#L65       "This dissimilarity partition only ...
R/zzz.R#L66       "so a 2D spider plot can't be draw ...
R/zzz.R#L67       "of the beta-diversity partition ( ...
R/zzz.R#L68       "the whole dataset - i.e. it's a p ...
R/zzz.R#L69       call. = FALSE ...
R/zzz.R#L71   } ...
R/zzz.R#L73   df_ord <- vegan::scores(betadisper_obj ...
R/zzz.R#L74   df_ord <- data.frame(x = df_ord[, 1],  ...
R/zzz.R#L76   df_mean.ord <- stats::aggregate(df_ord ...
R/zzz.R#L78   df_spiders <- df_ord ...
R/zzz.R#L79   df_spiders$cntr.x <- df_mean.ord$x[mat ...
R/zzz.R#L80   df_spiders$cntr.y <- df_mean.ord$y[mat ...
R/zzz.R#L82   # % variance explained, following the  ...
R/zzz.R#L83   # package for PCoA axes (positive eige ...
R/zzz.R#L84   # falls back to a plain "PCoAn" label  ...
R/zzz.R#L85   # non-positive), the same situation or ...
R/zzz.R#L86   eig <- vegan::eigenvals(betadisper_obj ...
R/zzz.R#L87   pos_sum <- sum(eig[eig > 0]) ...
R/zzz.R#L88   axis_label <- function(i) { ...
R/zzz.R#L90       paste0("PCoA", i) ...
R/zzz.R#L92       sprintf("PCoA%d (%.1f%%)", i, 100  ...
R/zzz.R#L94   } ...
R/zzz.R#L96   list( ...
R/zzz.R#L102   ) ...
R/zzz.R#L112   scales::label_pvalue(accuracy = accura ...
R/zzz.R#L128   had_seed <- exists(".Random.seed", env ...
R/zzz.R#L129   old_seed <- if (had_seed) get(".Random ...
R/zzz.R#L130   function() { ...
R/zzz.R#L132       assign(".Random.seed", old_seed, e ...
R/zzz.R#L134       rm(".Random.seed", envir = .Global ...
R/zzz.R#L136   } ...
R/zzz.R#L144   base <- ggplot2::theme_bw(base_family  ...
R/zzz.R#L146       plot.title       = ggplot2::elemen ...
R/zzz.R#L147                                          ...
R/zzz.R#L148       plot.subtitle    = ggplot2::elemen ...
R/zzz.R#L149                                          ...
R/zzz.R#L150       axis.text.x      = ggplot2::elemen ...
R/zzz.R#L151       axis.text.y      = ggplot2::elemen ...
R/zzz.R#L152       axis.title.x     = ggplot2::elemen ...
R/zzz.R#L153       axis.title.y     = ggplot2::elemen ...
R/zzz.R#L154       legend.position  = legend_position ...
R/zzz.R#L155       legend.title     = ggplot2::elemen ...
R/zzz.R#L156                                          ...
R/zzz.R#L157       legend.text      = ggplot2::elemen ...
R/zzz.R#L158       strip.text       = ggplot2::elemen ...
R/zzz.R#L159                                          ...
R/zzz.R#L160       strip.background = ggplot2::elemen ...
R/zzz.R#L161                                          ...
R/zzz.R#L162       panel.grid.minor = ggplot2::elemen ...
R/zzz.R#L164   if (!is.null(extra)) base <- base + ex ...
R/zzz.R#L165   base ...
R/zzz.R#L176   ggplot2::element_text( ...
R/zzz.R#L182   ) ...
R/zzz.R#L190   ggplot2::element_text( ...
R/zzz.R#L196   ) ...
R/zzz.R#L203   "BuOr" = c("#0072B2", "white", "#E69F0 ...
R/zzz.R#L204   "BuVm" = c("#0072B2", "white", "#D55E0 ...
R/zzz.R#L205   "BuPk" = c("#0072B2", "white", "#CC79A ...
R/zzz.R#L206   "GnPk" = c("#009E73", "white", "#CC79A ...
R/zzz.R#L207   "PuYl" = c("#440154", "white", "#FDE72 ...
R/zzz.R#L216   q0 = 'bolditalic(q)*bold("=0")', ...
R/zzz.R#L217   q1 = 'bolditalic(q)*bold("=1")', ...
R/zzz.R#L218   q2 = 'bolditalic(q)*bold("=2")' ...
R/zzz.R#L225   q0 = 'italic(q)*"=0"', ...
R/zzz.R#L226   q1 = 'italic(q)*"=1"', ...
R/zzz.R#L227   q2 = 'italic(q)*"=2"' ...
R/zzz.R#L232   ggplot2::as_labeller( ...
R/zzz.R#L235   ) ...
R/zzz.R#L246                  "#0072B2", "#D55E00", " ...
R/zzz.R#L264   # pipe ...
R/zzz.R#L265   "%>%", ...
R/zzz.R#L266   # common column names across functions ...
R/zzz.R#L267   ".", ...
R/zzz.R#L268   ".data", ...
R/zzz.R#L269   ":=", ...
R/zzz.R#L270   "taxonomy", ...
R/zzz.R#L271   "taxonomy2", ...
R/zzz.R#L272   "taxonomy_original", ...
R/zzz.R#L273   "OTUID", ...
R/zzz.R#L274   "OTU_ID", ...
R/zzz.R#L275   "SampleID", ...
R/zzz.R#L276   "Taxon", ...
R/zzz.R#L277   "Phylum", ...
R/zzz.R#L278   "taxon", ...
R/zzz.R#L279   "taxRank", ...
R/zzz.R#L280   # abundance / stats columns ...
R/zzz.R#L281   "Abundance", ...
R/zzz.R#L282   "RelativeAbundance", ...
R/zzz.R#L283   "MeanAbundance", ...
R/zzz.R#L284   "SumAbundance", ...
R/zzz.R#L285   "MeanAbund", ...
R/zzz.R#L286   "max_abund", ...
R/zzz.R#L287   "abun", ...
R/zzz.R#L288   "abund", ...
R/zzz.R#L289   # ordination columns ...
R/zzz.R#L290   "PC1", ...
R/zzz.R#L291   "PC2", ...
R/zzz.R#L292   "x", ...
R/zzz.R#L293   "y", ...
R/zzz.R#L294   "cntr.x", ...
R/zzz.R#L295   "cntr.y", ...
R/zzz.R#L296   "label", ...
R/zzz.R#L297   "ids", ...
R/zzz.R#L298   # beta diversity ...
R/zzz.R#L299   "TD_beta", ...
R/zzz.R#L300   "site1", ...
R/zzz.R#L301   "site2", ...
R/zzz.R#L302   "value", ...
R/zzz.R#L303   "name", ...
R/zzz.R#L304   "comparison", ...
R/zzz.R#L305   "grupo", ...
R/zzz.R#L306   # aldex columns ...
R/zzz.R#L307   "diff.btw", ...
R/zzz.R#L308   "effect", ...
R/zzz.R#L309   "wi.eBH", ...
R/zzz.R#L310   "wi.ep", ...
R/zzz.R#L311   "log_pvalue", ...
R/zzz.R#L312   "significant", ...
R/zzz.R#L313   "direction", ...
R/zzz.R#L314   # ancombc columns ...
R/zzz.R#L315   "lfc", ...
R/zzz.R#L316   "direct", ...
R/zzz.R#L317   # ratio plot ...
R/zzz.R#L318   "Ratio", ...
R/zzz.R#L319   "Dominant", ...
R/zzz.R#L320   "Condition", ...
R/zzz.R#L321   # random forest ...
R/zzz.R#L322   "MeanDecreaseGini", ...
R/zzz.R#L323   # corr plot ...
R/zzz.R#L324   "Correlation", ...
R/zzz.R#L325   "Environmental", ...
R/zzz.R#L326   # beta boxplot ...
R/zzz.R#L327   "compar_condition1", ...
R/zzz.R#L328   "compar_condition2", ...
R/zzz.R#L329   # taxonomy parsing ...
R/zzz.R#L330   "k", "p", "o", "f", "g", "s", ...
R/zzz.R#L331   # abundance heatmap ...
R/zzz.R#L332   "asv", ...
R/zzz.R#L333   "phylum", ...
R/zzz.R#L334   # misc ...
R/zzz.R#L335   "Group", ...
R/zzz.R#L336   "condition1_group", ...
R/zzz.R#L337   "across", ...
R/zzz.R#L338   "all_of", ...
R/zzz.R#L339   "where", ...
R/zzz.R#L340   "everything", ...
R/zzz.R#L341   "desc", ...
R/zzz.R#L342   "vars", ...
R/zzz.R#L343   "unit", ...
R/zzz.R#L344   # base R functions flagged ...
R/zzz.R#L345   "setNames", ...
R/zzz.R#L346   "reorder", ...
R/zzz.R#L347   "head", ...
R/zzz.R#L348   "as.dist", ...
R/zzz.R#L349   "as.formula", ...
R/zzz.R#L350   "cmdscale", ...
R/zzz.R#L351   "cor.test", ...
R/zzz.R#L352   "dist", ...
R/zzz.R#L353   "prcomp", ...
R/zzz.R#L354   "sd", ...
R/zzz.R#L355   "var", ...
R/zzz.R#L356   # alpha_decay_plot / beta_decay_plot c ...
R/zzz.R#L357   ".grp_idx", ...
R/zzz.R#L358   "side", ...
R/zzz.R#L359   "slot", ...
R/zzz.R#L360   "hill", ...
R/zzz.R#L361   "x_pos", ...
R/zzz.R#L362   "y_pos", ...
R/zzz.R#L363   "hjust", ...
R/zzz.R#L364   "vjust", ...
R/zzz.R#L365   "geo_km", ...
R/zzz.R#L366   "similarity", ...
R/zzz.R#L367   "group", ...
R/zzz.R#L368   # alpha_diversity_plot facet formula ...
R/zzz.R#L369   "Index", ...
R/zzz.R#L370   # cca_rda_biplot vector labels ...
R/zzz.R#L371   "Variable", ...
R/zzz.R#L372   # random_forest_lollipop_plot row ids ...
R/zzz.R#L373   "row_id" ...
vignettes/metabarcoding.Rmd#L18   fig.align = "center", ...
vignettes/metabarcoding.Rmd#L19   out.width = "100%", ...
vignettes/metabarcoding.Rmd#L20   fig.width = 7, ...
vignettes/metabarcoding.Rmd#L21   fig.height = 5, ...
vignettes/metabarcoding.Rmd#L22   dpi = 96 ...
vignettes/metabarcoding.Rmd#L71   as.data.frame() ...
vignettes/metabarcoding.Rmd#L74   as.data.frame() %>% rename(taxonomy =  ...
vignettes/metabarcoding.Rmd#L75   dplyr::select(-Confidence) %>% ...
vignettes/metabarcoding.Rmd#L76   column_to_rownames(var = "Feature.ID") ...
vignettes/metabarcoding.Rmd#L79   rename(taxonomy = Taxon) %>% ...
vignettes/metabarcoding.Rmd#L80   dplyr::select(-Consensus) %>% ...
vignettes/metabarcoding.Rmd#L81   column_to_rownames(var = "Feature.ID") ...
vignettes/metabarcoding.Rmd#L96   filter(Month == "2") ...
vignettes/metabarcoding.Rmd#L110   bacteria_metadata$SAMPLEID %in% colnam ...
vignettes/metabarcoding.Rmd#L115   bacteria_metadata$SAMPLEID %in% sample ...
vignettes/metabarcoding.Rmd#L122   fungi_metadata$SAMPLEID %in% colnames( ...
vignettes/metabarcoding.Rmd#L128   fungi_metadata$SAMPLEID %in% samples_f ...
vignettes/metabarcoding.Rmd#L144                                      tax ...
vignettes/metabarcoding.Rmd#L174                   metadata = metadata_ba ...
vignettes/metabarcoding.Rmd#L175                   taxonomy_db = "silva", ...
vignettes/metabarcoding.Rmd#L176                   level = "phylum", ...
vignettes/metabarcoding.Rmd#L177                   top_n = 15, ...
vignettes/metabarcoding.Rmd#L178                   x_col = "Type_of_soil" ...
vignettes/metabarcoding.Rmd#L179                   facet_col = "Treatment ...
vignettes/metabarcoding.Rmd#L180                   add_remained = TRUE, ...
vignettes/metabarcoding.Rmd#L181                   label =   "Phylum", ...
vignettes/metabarcoding.Rmd#L182                   x_label_angle = 45, ...
vignettes/metabarcoding.Rmd#L183                   save_table = FALSE) ...
vignettes/metabarcoding.Rmd#L189                   metadata = metadata_fu ...
vignettes/metabarcoding.Rmd#L190                   x_col = "Treatment", ...
vignettes/metabarcoding.Rmd#L191                   facet_col = "Type_of_s ...
vignettes/metabarcoding.Rmd#L192                   add_remained = TRUE, ...
vignettes/metabarcoding.Rmd#L193                   label =   "Genera", ...
vignettes/metabarcoding.Rmd#L194                   x_label_angle = 45, ...
vignettes/metabarcoding.Rmd#L195                   save_table = FALSE) ...
vignettes/metabarcoding.Rmd#L213                   metadata = metadata_ba ...
vignettes/metabarcoding.Rmd#L214                   top_n = 20, ...
vignettes/metabarcoding.Rmd#L215                   show_column_names = FA ...
vignettes/metabarcoding.Rmd#L216                   condition1 = "Type_of_ ...
vignettes/metabarcoding.Rmd#L217                   condition2 = "Treatmen ...
vignettes/metabarcoding.Rmd#L218                   feature_prefix = "ASV" ...
vignettes/metabarcoding.Rmd#L223                   metadata = metadata_fu ...
vignettes/metabarcoding.Rmd#L224                   top_n = 20, ...
vignettes/metabarcoding.Rmd#L225                   show_column_names = FA ...
vignettes/metabarcoding.Rmd#L226                   condition1 = "Type_of_ ...
vignettes/metabarcoding.Rmd#L227                   condition2 = "Treatmen ...
vignettes/metabarcoding.Rmd#L228                   feature_prefix = "ASV" ...
vignettes/metabarcoding.Rmd#L244   table       = table_bac, ...
vignettes/metabarcoding.Rmd#L245   output_file = "sankey_bacteria.html", ...
vignettes/metabarcoding.Rmd#L246   maxn        = 15, ...
vignettes/metabarcoding.Rmd#L247   taxRanks    = c("P", "C", "O", "F", "G ...
vignettes/metabarcoding.Rmd#L248   taxonomy_db = "silva" ...
vignettes/metabarcoding.Rmd#L336  `alpha_decay_plot()` makes a regression ...
vignettes/metabarcoding.Rmd#L344   filter(Type_of_soil %in% c("Bulk soil" ...
vignettes/metabarcoding.Rmd#L347                  metadata = metadata_bac ...
vignettes/metabarcoding.Rmd#L348                  cont_var = "pH", ...
vignettes/metabarcoding.Rmd#L349                  group_col = "Type_of_so ...
vignettes/metabarcoding.Rmd#L350                  x_axis_title = "Soil pH ...
vignettes/metabarcoding.Rmd#L360                   metadata = metadata_fu ...
vignettes/metabarcoding.Rmd#L361                   merge_by = "Type_of_so ...
vignettes/metabarcoding.Rmd#L362                   min_prevalence = 0 ) ...
vignettes/metabarcoding.Rmd#L383   table = table_fung, ...
vignettes/metabarcoding.Rmd#L384   metadata = metadata_fungi, ...
vignettes/metabarcoding.Rmd#L385   level = "genus" ...
vignettes/metabarcoding.Rmd#L389   table = table_genus$collapsed_table, ...
vignettes/metabarcoding.Rmd#L390   metadata = metadata_fungi, ...
vignettes/metabarcoding.Rmd#L391   merge_by = "Type_of_soil" ...
vignettes/metabarcoding.Rmd#L405                   metadata = metadata_fu ...
vignettes/metabarcoding.Rmd#L406                   merge_by = "Type_of_so ...
vignettes/metabarcoding.Rmd#L407                   min_prevalence = 0.2 ) ...
vignettes/metabarcoding.Rmd#L415                   metadata = metadata_fu ...
vignettes/metabarcoding.Rmd#L416                   merge_by = "Type_of_so ...
vignettes/metabarcoding.Rmd#L417                   min_prevalence = 0,    ...
vignettes/metabarcoding.Rmd#L418                   group_colors = c("#1B9 ...
vignettes/metabarcoding.Rmd#L426                   metadata = metadata_fu ...
vignettes/metabarcoding.Rmd#L427                   merge_by = "Type_of_so ...
vignettes/metabarcoding.Rmd#L428                   method = "ggvenndiagra ...
vignettes/metabarcoding.Rmd#L445               metadata = metadata_bacter ...
vignettes/metabarcoding.Rmd#L446                distance = "compositional ...
vignettes/metabarcoding.Rmd#L447               ordination = "PCA", ...
vignettes/metabarcoding.Rmd#L448               group_col = "Type_of_soil" ...
vignettes/metabarcoding.Rmd#L449               shape_col = "Treatment") ...
vignettes/metabarcoding.Rmd#L454               metadata = metadata_fungi, ...
vignettes/metabarcoding.Rmd#L455               group_col = "Type_of_soil" ...
vignettes/metabarcoding.Rmd#L456               shape_col = "Treatment", ...
vignettes/metabarcoding.Rmd#L457               distance = "compositional" ...
vignettes/metabarcoding.Rmd#L458               ordination = "PCA") ...
vignettes/metabarcoding.Rmd#L498   table = table_bac, ...
vignettes/metabarcoding.Rmd#L499   metadata = metadata_bacteria, ...
vignettes/metabarcoding.Rmd#L500   index = "jaccard", ...
vignettes/metabarcoding.Rmd#L501   group_col = "Type_of_soil", ...
vignettes/metabarcoding.Rmd#L502   shape_col = "Treatment",  ...
vignettes/metabarcoding.Rmd#L503   save_table = FALSE) ...
vignettes/metabarcoding.Rmd#L508   table = table_fung, ...
vignettes/metabarcoding.Rmd#L509   metadata = metadata_fungi, ...
vignettes/metabarcoding.Rmd#L510   index = "jaccard", ...
vignettes/metabarcoding.Rmd#L511   group_col = "Type_of_soil", ...
vignettes/metabarcoding.Rmd#L512   shape_col = "Treatment",  ...
vignettes/metabarcoding.Rmd#L513   save_table = FALSE) ...
vignettes/metabarcoding.Rmd#L535                        metadata = metada ...
vignettes/metabarcoding.Rmd#L536                        comparison_condit ...
vignettes/metabarcoding.Rmd#L537                        condition1_col =  ...
vignettes/metabarcoding.Rmd#L538                        condition2_col =  ...
vignettes/metabarcoding.Rmd#L539                        x_axis_title = "S ...
vignettes/metabarcoding.Rmd#L540                        x_label_angle = 4 ...
vignettes/metabarcoding.Rmd#L541                        stat = "kruskal.t ...
vignettes/metabarcoding.Rmd#L542                        partition = "shar ...
vignettes/metabarcoding.Rmd#L543                        family = "jaccard ...
vignettes/metabarcoding.Rmd#L544                        save_table = FALS ...
vignettes/metabarcoding.Rmd#L555                        metadata = metada ...
vignettes/metabarcoding.Rmd#L556                        comparison_condit ...
vignettes/metabarcoding.Rmd#L557                        condition1_col =  ...
vignettes/metabarcoding.Rmd#L558                        condition2_col =  ...
vignettes/metabarcoding.Rmd#L559                        x_axis_title = "S ...
vignettes/metabarcoding.Rmd#L560                        x_label_angle = 4 ...
vignettes/metabarcoding.Rmd#L561                        stat = "kruskal.t ...
vignettes/metabarcoding.Rmd#L562                        partition = "shar ...
vignettes/metabarcoding.Rmd#L563                        family = "jaccard ...
vignettes/metabarcoding.Rmd#L564                        save_table = FALS ...
vignettes/metabarcoding.Rmd#L581   table                 = table_fungi, ...
vignettes/metabarcoding.Rmd#L582   metadata              = metadata_fungi ...
vignettes/metabarcoding.Rmd#L583   comparison_condition1 = c("Rhizosphere ...
vignettes/metabarcoding.Rmd#L584   comparison_condition2 = c("TC_vs_TC",  ...
vignettes/metabarcoding.Rmd#L585   condition1.x          = "Type_of_soil. ...
vignettes/metabarcoding.Rmd#L586   condition1.y          = "Type_of_soil. ...
vignettes/metabarcoding.Rmd#L587   condition2.x          = "Treatment.x", ...
vignettes/metabarcoding.Rmd#L588   condition2.y          = "Treatment.y", ...
vignettes/metabarcoding.Rmd#L589   color_facets_x        = "#5D478B", ...
vignettes/metabarcoding.Rmd#L590   color_axis_x          = c("Roots" = "# ...
vignettes/metabarcoding.Rmd#L591   stat                  = "wilcox.test" ...
vignettes/metabarcoding.Rmd#L604   Loc = 0:8, ...
vignettes/metabarcoding.Rmd#L605   lat = 19.0 + seq(0, 0.8, length.out =  ...
vignettes/metabarcoding.Rmd#L606   lon = -99.0 + seq(0, 0.8, length.out = ...
vignettes/metabarcoding.Rmd#L613   filter(Type_of_soil != "Uncultivated") ...
vignettes/metabarcoding.Rmd#L619   table     = table_bac, ...
vignettes/metabarcoding.Rmd#L620   metadata  = metadata_bacteria_decay, ...
vignettes/metabarcoding.Rmd#L621   lat_col   = "lat", ...
vignettes/metabarcoding.Rmd#L622   lon_col   = "lon", ...
vignettes/metabarcoding.Rmd#L623   distance  = "jaccard", ...
vignettes/metabarcoding.Rmd#L624   group_col = "Type_of_soil" ...
vignettes/metabarcoding.Rmd#L655   filter(Type_of_soil == "Roots" | Type_ ...
vignettes/metabarcoding.Rmd#L667                    metadata = metadata_b ...
vignettes/metabarcoding.Rmd#L668                    col_cond = "Type_of_s ...
vignettes/metabarcoding.Rmd#L669                    type = "volcano", ...
vignettes/metabarcoding.Rmd#L670                    label_size = 3, ...
vignettes/metabarcoding.Rmd#L671                    filter_uncultured = T ...
vignettes/metabarcoding.Rmd#L689   table        = table_bac_compar, ...
vignettes/metabarcoding.Rmd#L690   metadata     = metadata_bacteria_compa ...
vignettes/metabarcoding.Rmd#L691   col_cond     = "Type_of_soil", ...
vignettes/metabarcoding.Rmd#L692   tax_level    = "Genus", ...
vignettes/metabarcoding.Rmd#L693   prv_cut      = 0.3, ...
vignettes/metabarcoding.Rmd#L694   p_adj_method = "BH" ...
vignettes/metabarcoding.Rmd#L703   filter(Type_of_soil == "Bulk soil" | T ...
vignettes/metabarcoding.Rmd#L713                    metadata = metadata_f ...
vignettes/metabarcoding.Rmd#L714                    col_cond = "Type_of_s ...
vignettes/metabarcoding.Rmd#L725   table = table_bac,  ...
vignettes/metabarcoding.Rmd#L726   metadata = metadata_bacteria,  ...
vignettes/metabarcoding.Rmd#L727   top_n = 10,  ...
vignettes/metabarcoding.Rmd#L728   variable_to_predict = "Type_of_soil") ...
vignettes/metabarcoding.Rmd#L735            metadata = metadata_fungi_com ...
vignettes/metabarcoding.Rmd#L736            condition_col = "Type_of_soil ...
vignettes/metabarcoding.Rmd#L737            top_n = 20, ...
vignettes/metabarcoding.Rmd#L738            condition_A = "Rhizosphere", ...
vignettes/metabarcoding.Rmd#L739            condition_B = "Bulk soil") ...
vignettes/metabarcoding.Rmd#L754   dplyr::select(SAMPLEID, pH:Arbus_per)  ...
vignettes/metabarcoding.Rmd#L755   remove_rownames() %>% ...
vignettes/metabarcoding.Rmd#L756   column_to_rownames(var = "SAMPLEID") ...
vignettes/metabarcoding.Rmd#L795   match(metadata_fungi$SAMPLEID, rowname ...
vignettes/metabarcoding.Rmd#L803                env_data = env_table_fung ...
vignettes/metabarcoding.Rmd#L804                metadata = metadata_fungi ...
vignettes/metabarcoding.Rmd#L805                env_vars = c("pH","TN","W ...
vignettes/metabarcoding.Rmd#L806                analysis = "RDA", ...
vignettes/metabarcoding.Rmd#L807                show_all_env_vectors = TR ...
vignettes/metabarcoding.Rmd#L808                group_col = "Type_of_soil ...
vignettes/metabarcoding.Rmd#L809                scale_arrows = 3) ...
vignettes/metabarcoding_es.Rmd#L18   fig.align = "center", ...
vignettes/metabarcoding_es.Rmd#L19   out.width = "100%", ...
vignettes/metabarcoding_es.Rmd#L20   fig.width = 7, ...
vignettes/metabarcoding_es.Rmd#L21   fig.height = 5, ...
vignettes/metabarcoding_es.Rmd#L22   dpi = 96 ...
vignettes/metabarcoding_es.Rmd#L71   as.data.frame() ...
vignettes/metabarcoding_es.Rmd#L74   as.data.frame() %>% rename(taxonomy =  ...
vignettes/metabarcoding_es.Rmd#L75   dplyr::select(-Confidence) %>% ...
vignettes/metabarcoding_es.Rmd#L76   column_to_rownames(var = "Feature.ID") ...
vignettes/metabarcoding_es.Rmd#L79   rename(taxonomy = Taxon) %>% ...
vignettes/metabarcoding_es.Rmd#L80   dplyr::select(-Consensus) %>% ...
vignettes/metabarcoding_es.Rmd#L81   column_to_rownames(var = "Feature.ID") ...
vignettes/metabarcoding_es.Rmd#L96   filter(Month == "2") ...
vignettes/metabarcoding_es.Rmd#L110   bacteria_metadata$SAMPLEID %in% colnam ...
vignettes/metabarcoding_es.Rmd#L115   bacteria_metadata$SAMPLEID %in% sample ...
vignettes/metabarcoding_es.Rmd#L122   fungi_metadata$SAMPLEID %in% colnames( ...
vignettes/metabarcoding_es.Rmd#L128   fungi_metadata$SAMPLEID %in% samples_f ...
vignettes/metabarcoding_es.Rmd#L144                                      tax ...
vignettes/metabarcoding_es.Rmd#L174                   metadata = metadata_ba ...
vignettes/metabarcoding_es.Rmd#L175                   taxonomy_db = "silva", ...
vignettes/metabarcoding_es.Rmd#L176                   level = "phylum", ...
vignettes/metabarcoding_es.Rmd#L177                   top_n = 15, ...
vignettes/metabarcoding_es.Rmd#L178                   x_col = "Type_of_soil" ...
vignettes/metabarcoding_es.Rmd#L179                   facet_col = "Treatment ...
vignettes/metabarcoding_es.Rmd#L180                   add_remained = TRUE, ...
vignettes/metabarcoding_es.Rmd#L181                   label =   "Phylum", ...
vignettes/metabarcoding_es.Rmd#L182                   x_label_angle = 45, ...
vignettes/metabarcoding_es.Rmd#L183                   save_table = FALSE) ...
vignettes/metabarcoding_es.Rmd#L189                   metadata = metadata_fu ...
vignettes/metabarcoding_es.Rmd#L190                   x_col = "Treatment", ...
vignettes/metabarcoding_es.Rmd#L191                   facet_col = "Type_of_s ...
vignettes/metabarcoding_es.Rmd#L192                   add_remained = TRUE, ...
vignettes/metabarcoding_es.Rmd#L193                   label =   "Genera", ...
vignettes/metabarcoding_es.Rmd#L194                   x_label_angle = 45, ...
vignettes/metabarcoding_es.Rmd#L195                   save_table = FALSE) ...
vignettes/metabarcoding_es.Rmd#L213                   metadata = metadata_ba ...
vignettes/metabarcoding_es.Rmd#L214                   top_n = 20, ...
vignettes/metabarcoding_es.Rmd#L215                   show_column_names = FA ...
vignettes/metabarcoding_es.Rmd#L216                   condition1 = "Type_of_ ...
vignettes/metabarcoding_es.Rmd#L217                   condition2 = "Treatmen ...
vignettes/metabarcoding_es.Rmd#L218                   feature_prefix = "ASV" ...
vignettes/metabarcoding_es.Rmd#L223                   metadata = metadata_fu ...
vignettes/metabarcoding_es.Rmd#L224                   top_n = 20, ...
vignettes/metabarcoding_es.Rmd#L225                   show_column_names = FA ...
vignettes/metabarcoding_es.Rmd#L226                   condition1 = "Type_of_ ...
vignettes/metabarcoding_es.Rmd#L227                   condition2 = "Treatmen ...
vignettes/metabarcoding_es.Rmd#L228                   feature_prefix = "ASV" ...
vignettes/metabarcoding_es.Rmd#L244   table       = table_bac, ...
vignettes/metabarcoding_es.Rmd#L245   output_file = "sankey_bacteria.html", ...
vignettes/metabarcoding_es.Rmd#L246   maxn        = 15, ...
vignettes/metabarcoding_es.Rmd#L247   taxRanks    = c("P", "C", "O", "F", "G ...
vignettes/metabarcoding_es.Rmd#L248   taxonomy_db = "silva" ...
vignettes/metabarcoding_es.Rmd#L345   filter(Type_of_soil %in% c("Bulk soil" ...
vignettes/metabarcoding_es.Rmd#L348                  metadata = metadata_bac ...
vignettes/metabarcoding_es.Rmd#L349                  cont_var = "pH", ...
vignettes/metabarcoding_es.Rmd#L350                  group_col = "Type_of_so ...
vignettes/metabarcoding_es.Rmd#L351                  x_axis_title = "Soil pH ...
vignettes/metabarcoding_es.Rmd#L361                   metadata = metadata_fu ...
vignettes/metabarcoding_es.Rmd#L362                   merge_by = "Type_of_so ...
vignettes/metabarcoding_es.Rmd#L363                   min_prevalence = 0 ) ...
vignettes/metabarcoding_es.Rmd#L384   table = table_fung, ...
vignettes/metabarcoding_es.Rmd#L385   metadata = metadata_fungi, ...
vignettes/metabarcoding_es.Rmd#L386   level = "genus" ...
vignettes/metabarcoding_es.Rmd#L390   table = table_genus$collapsed_table, ...
vignettes/metabarcoding_es.Rmd#L391   metadata = metadata_fungi, ...
vignettes/metabarcoding_es.Rmd#L392   merge_by = "Type_of_soil" ...
vignettes/metabarcoding_es.Rmd#L406                   metadata = metadata_fu ...
vignettes/metabarcoding_es.Rmd#L407                   merge_by = "Type_of_so ...
vignettes/metabarcoding_es.Rmd#L408                   min_prevalence = 0.2 ) ...
vignettes/metabarcoding_es.Rmd#L416                   metadata = metadata_fu ...
vignettes/metabarcoding_es.Rmd#L417                   merge_by = "Type_of_so ...
vignettes/metabarcoding_es.Rmd#L418                   min_prevalence = 0, ...
vignettes/metabarcoding_es.Rmd#L419                   group_colors = c("#1B9 ...
vignettes/metabarcoding_es.Rmd#L427                   metadata = metadata_fu ...
vignettes/metabarcoding_es.Rmd#L428                   merge_by = "Type_of_so ...
vignettes/metabarcoding_es.Rmd#L429                   method = "ggvenndiagra ...
vignettes/metabarcoding_es.Rmd#L446               metadata = metadata_bacter ...
vignettes/metabarcoding_es.Rmd#L447                distance = "compositional ...
vignettes/metabarcoding_es.Rmd#L448               ordination = "PCA", ...
vignettes/metabarcoding_es.Rmd#L449               group_col = "Type_of_soil" ...
vignettes/metabarcoding_es.Rmd#L450               shape_col = "Treatment") ...
vignettes/metabarcoding_es.Rmd#L455               metadata = metadata_fungi, ...
vignettes/metabarcoding_es.Rmd#L456               group_col = "Type_of_soil" ...
vignettes/metabarcoding_es.Rmd#L457               shape_col = "Treatment", ...
vignettes/metabarcoding_es.Rmd#L458               distance = "compositional" ...
vignettes/metabarcoding_es.Rmd#L459               ordination = "PCA") ...
vignettes/metabarcoding_es.Rmd#L499   table = table_bac, ...
vignettes/metabarcoding_es.Rmd#L500   metadata = metadata_bacteria, ...
vignettes/metabarcoding_es.Rmd#L501   index = "jaccard", ...
vignettes/metabarcoding_es.Rmd#L502   group_col = "Type_of_soil", ...
vignettes/metabarcoding_es.Rmd#L503   shape_col = "Treatment", ...
vignettes/metabarcoding_es.Rmd#L504   save_table = FALSE) ...
vignettes/metabarcoding_es.Rmd#L509   table = table_fung, ...
vignettes/metabarcoding_es.Rmd#L510   metadata = metadata_fungi, ...
vignettes/metabarcoding_es.Rmd#L511   index = "jaccard", ...
vignettes/metabarcoding_es.Rmd#L512   group_col = "Type_of_soil", ...
vignettes/metabarcoding_es.Rmd#L513   shape_col = "Treatment", ...
vignettes/metabarcoding_es.Rmd#L514   save_table = FALSE) ...
vignettes/metabarcoding_es.Rmd#L536                        metadata = metada ...
vignettes/metabarcoding_es.Rmd#L537                        comparison_condit ...
vignettes/metabarcoding_es.Rmd#L538                        condition1_col =  ...
vignettes/metabarcoding_es.Rmd#L539                        condition2_col =  ...
vignettes/metabarcoding_es.Rmd#L540                        x_axis_title = "S ...
vignettes/metabarcoding_es.Rmd#L541                        x_label_angle = 4 ...
vignettes/metabarcoding_es.Rmd#L542                        stat = "kruskal.t ...
vignettes/metabarcoding_es.Rmd#L543                        partition = "shar ...
vignettes/metabarcoding_es.Rmd#L544                        family = "jaccard ...
vignettes/metabarcoding_es.Rmd#L545                        save_table = FALS ...
vignettes/metabarcoding_es.Rmd#L556                        metadata = metada ...
vignettes/metabarcoding_es.Rmd#L557                        comparison_condit ...
vignettes/metabarcoding_es.Rmd#L558                        condition1_col =  ...
vignettes/metabarcoding_es.Rmd#L559                        condition2_col =  ...
vignettes/metabarcoding_es.Rmd#L560                        x_axis_title = "S ...
vignettes/metabarcoding_es.Rmd#L561                        x_label_angle = 4 ...
vignettes/metabarcoding_es.Rmd#L562                        stat = "kruskal.t ...
vignettes/metabarcoding_es.Rmd#L563                        partition = "shar ...
vignettes/metabarcoding_es.Rmd#L564                        family = "jaccard ...
vignettes/metabarcoding_es.Rmd#L565                        save_table = FALS ...
vignettes/metabarcoding_es.Rmd#L582   table                 = table_fungi, ...
vignettes/metabarcoding_es.Rmd#L583   metadata              = metadata_fungi ...
vignettes/metabarcoding_es.Rmd#L584   comparison_condition1 = c("Rhizosphere ...
vignettes/metabarcoding_es.Rmd#L585   comparison_condition2 = c("TC_vs_TC",  ...
vignettes/metabarcoding_es.Rmd#L586   condition1.x          = "Type_of_soil. ...
vignettes/metabarcoding_es.Rmd#L587   condition1.y          = "Type_of_soil. ...
vignettes/metabarcoding_es.Rmd#L588   condition2.x          = "Treatment.x", ...
vignettes/metabarcoding_es.Rmd#L589   condition2.y          = "Treatment.y", ...
vignettes/metabarcoding_es.Rmd#L590   color_facets_x        = "#5D478B", ...
vignettes/metabarcoding_es.Rmd#L591   color_axis_x          = c("Roots" = "# ...
vignettes/metabarcoding_es.Rmd#L592   stat                  = "wilcox.test" ...
vignettes/metabarcoding_es.Rmd#L605   Loc = 0:8, ...
vignettes/metabarcoding_es.Rmd#L606   lat = 19.0 + seq(0, 0.8, length.out =  ...
vignettes/metabarcoding_es.Rmd#L607   lon = -99.0 + seq(0, 0.8, length.out = ...
vignettes/metabarcoding_es.Rmd#L614   filter(Type_of_soil != "Uncultivated") ...
vignettes/metabarcoding_es.Rmd#L620   table     = table_bac, ...
vignettes/metabarcoding_es.Rmd#L621   metadata  = metadata_bacteria_decay, ...
vignettes/metabarcoding_es.Rmd#L622   lat_col   = "lat", ...
vignettes/metabarcoding_es.Rmd#L623   lon_col   = "lon", ...
vignettes/metabarcoding_es.Rmd#L624   distance  = "jaccard", ...
vignettes/metabarcoding_es.Rmd#L625   group_col = "Type_of_soil" ...
vignettes/metabarcoding_es.Rmd#L656   filter(Type_of_soil == "Roots" | Type_ ...
vignettes/metabarcoding_es.Rmd#L668                    metadata = metadata_b ...
vignettes/metabarcoding_es.Rmd#L669                    col_cond = "Type_of_s ...
vignettes/metabarcoding_es.Rmd#L670                    type = "volcano", ...
vignettes/metabarcoding_es.Rmd#L671                    label_size = 3, ...
vignettes/metabarcoding_es.Rmd#L672                    filter_uncultured = T ...
vignettes/metabarcoding_es.Rmd#L690   table        = table_bac_compar, ...
vignettes/metabarcoding_es.Rmd#L691   metadata     = metadata_bacteria_compa ...
vignettes/metabarcoding_es.Rmd#L692   col_cond     = "Type_of_soil", ...
vignettes/metabarcoding_es.Rmd#L693   tax_level    = "Genus", ...
vignettes/metabarcoding_es.Rmd#L694   prv_cut      = 0.3, ...
vignettes/metabarcoding_es.Rmd#L695   p_adj_method = "BH" ...
vignettes/metabarcoding_es.Rmd#L704   filter(Type_of_soil == "Bulk soil" | T ...
vignettes/metabarcoding_es.Rmd#L714                    metadata = metadata_f ...
vignettes/metabarcoding_es.Rmd#L715                    col_cond = "Type_of_s ...
vignettes/metabarcoding_es.Rmd#L726   table = table_bac, ...
vignettes/metabarcoding_es.Rmd#L727   metadata = metadata_bacteria, ...
vignettes/metabarcoding_es.Rmd#L728   top_n = 10, ...
vignettes/metabarcoding_es.Rmd#L729   variable_to_predict = "Type_of_soil") ...
vignettes/metabarcoding_es.Rmd#L736            metadata = metadata_fungi_com ...
vignettes/metabarcoding_es.Rmd#L737            condition_col = "Type_of_soil ...
vignettes/metabarcoding_es.Rmd#L738            top_n = 20, ...
vignettes/metabarcoding_es.Rmd#L739            condition_A = "Rhizosphere", ...
vignettes/metabarcoding_es.Rmd#L740            condition_B = "Bulk soil") ...
vignettes/metabarcoding_es.Rmd#L755   dplyr::select(SAMPLEID, pH:Arbus_per)  ...
vignettes/metabarcoding_es.Rmd#L756   remove_rownames() %>% ...
vignettes/metabarcoding_es.Rmd#L757   column_to_rownames(var = "SAMPLEID") ...
vignettes/metabarcoding_es.Rmd#L796   match(metadata_fungi$SAMPLEID, rowname ...
vignettes/metabarcoding_es.Rmd#L804                env_data = env_table_fung ...
vignettes/metabarcoding_es.Rmd#L805                metadata = metadata_fungi ...
vignettes/metabarcoding_es.Rmd#L806                env_vars = c("pH","TN","W ...
vignettes/metabarcoding_es.Rmd#L807                analysis = "RDA", ...
vignettes/metabarcoding_es.Rmd#L808                show_all_env_vectors = TR ...
vignettes/metabarcoding_es.Rmd#L809                group_col = "Type_of_soil ...
vignettes/metabarcoding_es.Rmd#L810                scale_arrows = 3) ...
vignettes/metagenomic.Rmd#L18   fig.align = "center", ...
vignettes/metagenomic.Rmd#L19   out.width = "100%", ...
vignettes/metagenomic.Rmd#L20   fig.width = 7, ...
vignettes/metagenomic.Rmd#L21   fig.height = 5, ...
vignettes/metagenomic.Rmd#L22   dpi = 96 ...
vignettes/metagenomic.Rmd#L72   metadata_meta$SAMPLEID[match(id_metage ...
vignettes/metagenomic.Rmd#L90   dplyr::select(-Site) %>% # drop the CS ...
vignettes/metagenomic.Rmd#L91   dplyr::rename(Polygon_num = pol, Site  ...
vignettes/metagenomic.Rmd#L92   dplyr::select(Polygon_num, Site, Trans ...
vignettes/metagenomic.Rmd#L95   dplyr::mutate(Polygon_num = as.integer ...
vignettes/metagenomic.Rmd#L96   dplyr::left_join(coord_meta, by = c("P ...
vignettes/metagenomic.Rmd#L97   dplyr::mutate(Site = as.character(Site ...
vignettes/metagenomic.Rmd#L106                   metadata = metadata_me ...
vignettes/metagenomic.Rmd#L107                   taxonomy_db = "Kraken2 ...
vignettes/metagenomic.Rmd#L108                   level = "genus", ...
vignettes/metagenomic.Rmd#L109                   top_n = 20, ...
vignettes/metagenomic.Rmd#L110                   x_col = "Polygon", ...
vignettes/metagenomic.Rmd#L111                   x_axis_title = "Polygo ...
vignettes/metagenomic.Rmd#L112                   add_remained = TRUE, ...
vignettes/metagenomic.Rmd#L113                   label = "Genus", ...
vignettes/metagenomic.Rmd#L114                   save_table = FALSE) ...
vignettes/metagenomic.Rmd#L122                   metadata = metadata_me ...
vignettes/metagenomic.Rmd#L123                   top_n = 20, ...
vignettes/metagenomic.Rmd#L124                   show_column_names = FA ...
vignettes/metagenomic.Rmd#L125                   condition1 = "Polygon" ...
vignettes/metagenomic.Rmd#L126                   feature_prefix = "Taxo ...
vignettes/metagenomic.Rmd#L157                  metadata = metadata_met ...
vignettes/metagenomic.Rmd#L158                  cont_var = "pH", ...
vignettes/metagenomic.Rmd#L159                  x_axis_title = "Soil pH ...
vignettes/metagenomic.Rmd#L172               metadata = metadata_meta, ...
vignettes/metagenomic.Rmd#L173               distance = "jaccard", ...
vignettes/metagenomic.Rmd#L174               ordination = "PCoA", ...
vignettes/metagenomic.Rmd#L175               group_col = "Polygon") ...
vignettes/metagenomic.Rmd#L198   table    = table_meta, ...
vignettes/metagenomic.Rmd#L199   metadata = metadata_meta, ...
vignettes/metagenomic.Rmd#L200   lat_col  = "Latitude", ...
vignettes/metagenomic.Rmd#L201   lon_col  = "Longitude", ...
vignettes/metagenomic.Rmd#L202   distance = "jaccard" ...
vignettes/metagenomic.Rmd#L214   filter(Polygon == "Pol2" | Polygon ==  ...
vignettes/metagenomic.Rmd#L221                    metadata = metadata_m ...
vignettes/metagenomic.Rmd#L222                    col_cond = "Polygon") ...
vignettes/metagenomic.Rmd#L227   table        = table_meta_compar, ...
vignettes/metagenomic.Rmd#L228   metadata     = metadata_meta_compar, ...
vignettes/metagenomic.Rmd#L229   col_cond     = "Polygon", ...
vignettes/metagenomic.Rmd#L230   tax_level    = "Genus", ...
vignettes/metagenomic.Rmd#L231   prv_cut      = 0.05, ...
vignettes/metagenomic.Rmd#L232   p_adj_method = "BH" ...
vignettes/metagenomic.Rmd#L246            metadata = metadata_meta_comp ...
vignettes/metagenomic.Rmd#L247            condition_col = "Polygon", ...
vignettes/metagenomic.Rmd#L248            top_n = 20, ...
vignettes/metagenomic.Rmd#L249            condition_A = "Pol2", ...
vignettes/metagenomic.Rmd#L250            condition_B = "Pol5") ...
vignettes/metagenomic.Rmd#L259   dplyr::select(SAMPLEID, pH:ARENA) %>% ...
vignettes/metagenomic.Rmd#L260   remove_rownames() %>% ...
vignettes/metagenomic.Rmd#L261   column_to_rownames(var = "SAMPLEID") ...
vignettes/metagenomic.Rmd#L279   match(metadata_meta$SAMPLEID, rownames ...
vignettes/metagenomic.Rmd#L284                env_data = env_table_meta ...
vignettes/metagenomic.Rmd#L285                metadata = metadata_meta, ...
vignettes/metagenomic.Rmd#L286                env_vars = c("pH", "MO",  ...
vignettes/metagenomic.Rmd#L287                analysis = "CCA", ...
vignettes/metagenomic.Rmd#L288                show_all_env_vectors = TR ...
vignettes/metagenomic.Rmd#L289                group_col = "Polygon", ...
vignettes/metagenomic.Rmd#L290                scale_arrows = 3) ...
vignettes/metagenomic_es.Rmd#L18   fig.align = "center", ...
vignettes/metagenomic_es.Rmd#L19   out.width = "100%", ...
vignettes/metagenomic_es.Rmd#L20   fig.width = 7, ...
vignettes/metagenomic_es.Rmd#L21   fig.height = 5, ...
vignettes/metagenomic_es.Rmd#L22   dpi = 96 ...
vignettes/metagenomic_es.Rmd#L72   metadata_meta$SAMPLEID[match(id_metage ...
vignettes/metagenomic_es.Rmd#L90   dplyr::select(-Site) %>% # descartamos ...
vignettes/metagenomic_es.Rmd#L91   dplyr::rename(Polygon_num = pol, Site  ...
vignettes/metagenomic_es.Rmd#L92   dplyr::select(Polygon_num, Site, Trans ...
vignettes/metagenomic_es.Rmd#L95   dplyr::mutate(Polygon_num = as.integer ...
vignettes/metagenomic_es.Rmd#L96   dplyr::left_join(coord_meta, by = c("P ...
vignettes/metagenomic_es.Rmd#L97   dplyr::mutate(Site = as.character(Site ...
vignettes/metagenomic_es.Rmd#L106                   metadata = metadata_me ...
vignettes/metagenomic_es.Rmd#L107                   taxonomy_db = "Kraken2 ...
vignettes/metagenomic_es.Rmd#L108                   level = "genus", ...
vignettes/metagenomic_es.Rmd#L109                   top_n = 20, ...
vignettes/metagenomic_es.Rmd#L110                   x_col = "Polygon", ...
vignettes/metagenomic_es.Rmd#L111                   x_axis_title = "Polygo ...
vignettes/metagenomic_es.Rmd#L112                   add_remained = TRUE, ...
vignettes/metagenomic_es.Rmd#L113                   label = "Genus", ...
vignettes/metagenomic_es.Rmd#L114                   save_table = FALSE) ...
vignettes/metagenomic_es.Rmd#L122                   metadata = metadata_me ...
vignettes/metagenomic_es.Rmd#L123                   top_n = 20, ...
vignettes/metagenomic_es.Rmd#L124                   show_column_names = FA ...
vignettes/metagenomic_es.Rmd#L125                   condition1 = "Polygon" ...
vignettes/metagenomic_es.Rmd#L126                   feature_prefix = "Taxo ...
vignettes/metagenomic_es.Rmd#L157                  metadata = metadata_met ...
vignettes/metagenomic_es.Rmd#L158                  cont_var = "pH", ...
vignettes/metagenomic_es.Rmd#L159                  x_axis_title = "Soil pH ...
vignettes/metagenomic_es.Rmd#L172               metadata = metadata_meta, ...
vignettes/metagenomic_es.Rmd#L173               distance = "jaccard", ...
vignettes/metagenomic_es.Rmd#L174               ordination = "PCoA", ...
vignettes/metagenomic_es.Rmd#L175               group_col = "Polygon") ...
vignettes/metagenomic_es.Rmd#L198   table    = table_meta, ...
vignettes/metagenomic_es.Rmd#L199   metadata = metadata_meta, ...
vignettes/metagenomic_es.Rmd#L200   lat_col  = "Latitude", ...
vignettes/metagenomic_es.Rmd#L201   lon_col  = "Longitude", ...
vignettes/metagenomic_es.Rmd#L202   distance = "jaccard" ...
vignettes/metagenomic_es.Rmd#L214   filter(Polygon == "Pol2" | Polygon ==  ...
vignettes/metagenomic_es.Rmd#L221                    metadata = metadata_m ...
vignettes/metagenomic_es.Rmd#L222                    col_cond = "Polygon") ...
vignettes/metagenomic_es.Rmd#L227   table        = table_meta_compar, ...
vignettes/metagenomic_es.Rmd#L228   metadata     = metadata_meta_compar, ...
vignettes/metagenomic_es.Rmd#L229   col_cond     = "Polygon", ...
vignettes/metagenomic_es.Rmd#L230   tax_level    = "Genus", ...
vignettes/metagenomic_es.Rmd#L231   prv_cut      = 0.05, ...
vignettes/metagenomic_es.Rmd#L232   p_adj_method = "BH" ...
vignettes/metagenomic_es.Rmd#L246            metadata = metadata_meta_comp ...
vignettes/metagenomic_es.Rmd#L247            condition_col = "Polygon", ...
vignettes/metagenomic_es.Rmd#L248            top_n = 20, ...
vignettes/metagenomic_es.Rmd#L249            condition_A = "Pol2", ...
vignettes/metagenomic_es.Rmd#L250            condition_B = "Pol5") ...
vignettes/metagenomic_es.Rmd#L259   dplyr::select(SAMPLEID, pH:ARENA) %>% ...
vignettes/metagenomic_es.Rmd#L260   remove_rownames() %>% ...
vignettes/metagenomic_es.Rmd#L261   column_to_rownames(var = "SAMPLEID") ...
vignettes/metagenomic_es.Rmd#L279   match(metadata_meta$SAMPLEID, rownames ...
vignettes/metagenomic_es.Rmd#L284                env_data = env_table_meta ...
vignettes/metagenomic_es.Rmd#L285                metadata = metadata_meta, ...
vignettes/metagenomic_es.Rmd#L286                env_vars = c("pH", "MO",  ...
vignettes/metagenomic_es.Rmd#L287                analysis = "CCA", ...
vignettes/metagenomic_es.Rmd#L288                show_all_env_vectors = TR ...
vignettes/metagenomic_es.Rmd#L289                group_col = "Polygon", ...
vignettes/metagenomic_es.Rmd#L290                scale_arrows = 3) ...
Checking if package already exists in CRAN... OK
Checking for bioc-devel mailing list subscription...
Cannot determine whether maintainer is subscribed to the Bioc-Devel mailing list (requires admin credentials). Subscribe here: https://stat.ethz.ch/mailman/listinfo/bioc-devel
Checking for support site registration... OK
