#OTUID	taxonomy	Confidence
000054513d432761712fe0d1ceb368b8	d__Bacteria; p__Actinobacteriota; c__Actinobacteria; o__Corynebacteriales; f__Nocardiaceae; g__Rhodococcus	0.9564868411210931
00167031e57d1ca5505f61a2b110ca3c	d__Bacteria; p__Firmicutes; c__Bacilli; o__Bacillales; f__Bacillaceae; g__Bacillus	0.9358134131266724
0017ab05db0ccc3d241b4b050d44fb55	d__Bacteria; p__Chloroflexi; c__Anaerolineae; o__Caldilineales; f__Caldilineaceae; g__uncultured; s__uncultured_Caldilineales	0.9715255585031954
0019cd9f64cf8cb3dd7e42789424b8d0	d__Bacteria; p__Acidobacteriota; c__Holophagae; o__Subgroup_7; f__Subgroup_7; g__Subgroup_7; s__uncultured_Desulfovirga	0.8764602643697428
0025965baa7d164cfe233c93f7d71771	d__Bacteria; p__Proteobacteria; c__Gammaproteobacteria; o__Burkholderiales; f__Nitrosomonadaceae; g__mle1-7; s__uncultured_soil	0.9208271402898907
003265baa838dafa09ab9f00add4d96a	d__Bacteria; p__Acidobacteriota; c__Holophagae; o__Subgroup_7; f__Subgroup_7; g__Subgroup_7; s__uncultured_proteobacterium	0.9893488383751814
0037186b0f60e10b1dfbca4eb910757f	d__Bacteria; p__Gemmatimonadota; c__Gemmatimonadetes; o__Gemmatimonadales; f__Gemmatimonadaceae; g__Gemmatimonas	0.9977198841609707
0039527d8d6b3d858881307a9081c74d	d__Bacteria; p__Gemmatimonadota; c__BD2-11_terrestrial_group; o__BD2-11_terrestrial_group; f__BD2-11_terrestrial_group; g__BD2-11_terrestrial_group	0.9999122838865828
003d268edd72af4edcc3defe656c68b9	d__Bacteria; p__Actinobacteriota; c__Thermoleophilia; o__Solirubrobacterales; f__Solirubrobacteraceae; g__Solirubrobacter	0.9563918281193429
0055f79de250db9085cda94543e80e2b	d__Bacteria; p__Planctomycetota; c__Planctomycetes; o__Pirellulales; f__Pirellulaceae; g__uncultured	0.7788534152536857
005e44a74906af5164005b30211e7a26	d__Bacteria; p__Acidobacteriota; c__Thermoanaerobaculia; o__Thermoanaerobaculales; f__Thermoanaerobaculaceae; g__Subgroup_10; s__uncultured_Holophaga	0.8729137968088113
00616c012c90800c1b564132ffdd6ed8	d__Bacteria; p__Chloroflexi; c__Anaerolineae; o__Anaerolineales; f__Anaerolineaceae; g__uncultured	0.8538490078612166
006c0490dc099c11e516511efa0d40c9	d__Bacteria; p__Actinobacteriota; c__Thermoleophilia; o__Gaiellales; f__Gaiellaceae; g__Gaiella	0.8933796392785683
00713651e701e537bed3a3bcf3085b87	d__Bacteria; p__Planctomycetota; c__Planctomycetes; o__Pirellulales; f__Pirellulaceae; g__Pirellula; s__uncultured_soil	0.9208733896620097
00742eb547fdd6bff4b793fa0356464a	d__Bacteria; p__Planctomycetota; c__Planctomycetes; o__Pirellulales; f__Pirellulaceae; g__Rhodopirellula	0.9984490423410014
007590b05447d079575f53c219f9c2ae	d__Bacteria; p__Bacteroidota; c__Bacteroidia; o__Flavobacteriales; f__Flavobacteriaceae	0.9999983835168462
0075e9fba8853feb74e408c7174a3d8a	d__Bacteria; p__Acidobacteriota; c__Vicinamibacteria; o__Vicinamibacterales; f__uncultured; g__uncultured	0.9999982405951704
0078952fa962d5b87f184d577d9ae150	d__Bacteria; p__Proteobacteria; c__Gammaproteobacteria; o__Pseudomonadales; f__Pseudomonadaceae; g__Pseudomonas	0.9998685844976632
007f9e87d31357c40d4c573e2157d3d7	d__Bacteria; p__Acidobacteriota; c__Subgroup_22; o__Subgroup_22; f__Subgroup_22; g__Subgroup_22	0.9999651568556128
0089040d041888e3ae4aa4e0010a0e36	d__Bacteria; p__Proteobacteria; c__Gammaproteobacteria; o__Burkholderiales	0.9980339827549567
008d6a9456c97f9ab1d29dd60ebf0d55	d__Bacteria; p__Gemmatimonadota; c__S0134_terrestrial_group; o__S0134_terrestrial_group; f__S0134_terrestrial_group; g__S0134_terrestrial_group; s__uncultured_compost	0.9998570145075522
008f01081321ece6d0cdad44f6e2d52c	d__Bacteria; p__Firmicutes; c__Bacilli; o__Thermoactinomycetales; f__Thermoactinomycetaceae; g__Planifilum	0.9999998528506593
0094b51964b9dda2abcbab4dfa31d04a	d__Bacteria; p__Gemmatimonadota; c__Longimicrobia; o__Longimicrobiales; f__Longimicrobiaceae; g__Longimicrobiaceae; s__uncultured_bacterium	0.9847402862840587
009724f8a38d6922fcf3c3a7873176b9	d__Bacteria; p__Chloroflexi; c__Dehalococcoidia; o__S085; f__S085; g__S085; s__uncultured_soil	0.8473649746271982
009bd7ea8175611c839d6663fffef0d5	d__Bacteria; p__Verrucomicrobiota; c__Verrucomicrobiae; o__Chthoniobacterales; f__Chthoniobacteraceae; g__Chthoniobacter; s__uncultured_Spartobacteria	0.933009345979113
009d73171cc4d7f2515b0d4141d76eca	d__Bacteria; p__Actinobacteriota; c__Thermoleophilia; o__Gaiellales; f__Gaiellaceae; g__Gaiella	0.9167939188723259
009ed3647b2a7ca9b5d7135599e2033c	d__Bacteria; p__Chloroflexi; c__Chloroflexia; o__Chloroflexales; f__Roseiflexaceae; g__uncultured; s__uncultured_Chloroflexaceae	0.8554926119141595
00a91ecad8bb193958bc7eb17f4574e4	d__Bacteria; p__Firmicutes; c__Clostridia; o__Peptostreptococcales-Tissierellales; f__Peptostreptococcales-Tissierellales; g__Brassicibacter; s__uncultured_bacterium	0.7784151679795793
00b5a9df699aae70231f35ebea4407f9	d__Bacteria; p__Myxococcota; c__Polyangia; o__Polyangiales; f__Sandaracinaceae; g__uncultured; s__uncultured_Polyangiaceae	0.9767458598857856
00c98ad231bcac681133b0e57bc40cbd	d__Bacteria; p__Bacteroidota; c__Bacteroidia; o__Flavobacteriales; f__Flavobacteriaceae; g__Flavobacterium; s__Flavobacterium_caeni	0.9969271036363763
00d6d1f00a29b52271dcafe046580f9c	d__Bacteria; p__Gemmatimonadota; c__Gemmatimonadetes; o__Gemmatimonadales; f__Gemmatimonadaceae; g__uncultured	0.9999522373417832
00e59c93f76026e033c50eeef7f99068	d__Bacteria; p__Bacteroidota; c__Bacteroidia; o__Cytophagales; f__Hymenobacteraceae; g__Pontibacter	0.9970397790505574
00f2ae273de4fa14f5b7a17e55e116b2	d__Bacteria; p__Actinobacteriota; c__Acidimicrobiia; o__Microtrichales; f__Ilumatobacteraceae; g__Ilumatobacter	0.9961135849108518
00f620273eefcb4070a0edf6c1f19953	d__Bacteria; p__Proteobacteria; c__Gammaproteobacteria; o__Xanthomonadales; f__Xanthomonadaceae; g__Stenotrophomonas	0.9886625706605155
010fb7e4ae42f383810b60c5a44c9025	d__Bacteria; p__Planctomycetota; c__Planctomycetes; o__Gemmatales; f__Gemmataceae; g__uncultured	0.9851536474030986
010fe23ba1fd17178be30796eb85ba39	d__Bacteria; p__Myxococcota; c__Polyangia; o__Polyangiales; f__Sandaracinaceae; g__uncultured; s__uncultured_Polyangiaceae	0.9911860613897844
01142569a76bddb26900d6489d214041	d__Bacteria; p__Proteobacteria; c__Gammaproteobacteria; o__Burkholderiales; f__Nitrosomonadaceae; g__MND1	0.9997169577105888
01180cbeb3d88bdb6f77aa6ffe13bed4	d__Bacteria; p__Planctomycetota; c__OM190; o__OM190; f__OM190; g__OM190	0.9999863701858946
011b610835ecdf1fbfb180a8d39ef052	d__Bacteria; p__Proteobacteria; c__Gammaproteobacteria; o__Xanthomonadales; f__Xanthomonadaceae; g__Pseudoxanthomonas	0.9867317156624897
012871784f77c9dca7d446ddef2048d1	d__Bacteria; p__Bacteroidota; c__Bacteroidia; o__Bacteroidales; f__Paludibacteraceae; g__Paludibacter	0.9773593001176156
01442fc4151c7d7ad66dcd0042a1e0ea	d__Bacteria; p__Proteobacteria; c__Gammaproteobacteria; o__Burkholderiales; f__Burkholderiaceae; g__Cupriavidus	0.9979058283075138
015f0be1d2a566e658df5549102ebb10	d__Bacteria; p__Verrucomicrobiota; c__Verrucomicrobiae; o__Pedosphaerales; f__Pedosphaeraceae; g__Pedosphaeraceae; s__uncultured_bacterium	0.7129964817124588
015f364f150b230450da0a123e7bb8ab	d__Bacteria; p__Proteobacteria; c__Gammaproteobacteria; o__Burkholderiales; f__Comamonadaceae; g__Rhizobacter; s__Methylibium_sp.	0.7019268741427304
01672c8398910da0f8c1d065aed12203	d__Bacteria; p__Actinobacteriota; c__Acidimicrobiia; o__Microtrichales	0.9375346923437526
017d8e0dec57b416548ff7ad521d5690	d__Bacteria; p__Myxococcota; c__Polyangia; o__Haliangiales; f__Haliangiaceae; g__Haliangium	0.9999406055284861
01815d20c92877b90a65c5b7326980fe	d__Bacteria; p__Myxococcota; c__Polyangia; o__Haliangiales; f__Haliangiaceae; g__Haliangium; s__uncultured_Myxococcales	0.9927861586874843
01836b37f8b903254a9e9d0ade51cd19	d__Bacteria; p__Proteobacteria; c__Gammaproteobacteria; o__Burkholderiales; f__Comamonadaceae; g__Hydrogenophaga	0.9559994604232303
01838ce3eeb33d484a445cbf1e9a4296	d__Bacteria; p__Firmicutes; c__Bacilli; o__Paenibacillales; f__Paenibacillaceae; g__Paenibacillus	0.9998907982060432
0184c6cc80104e0695b6224b94864e6c	d__Bacteria; p__Verrucomicrobiota; c__Verrucomicrobiae; o__Chthoniobacterales; f__Chthoniobacteraceae; g__Chthoniobacter; s__uncultured_bacterium	0.9655662410514116
01924c4587b1de83c7420013e9e55254	d__Bacteria; p__Myxococcota; c__Polyangia; o__Polyangiales; f__Sandaracinaceae; g__uncultured	0.9988654209038246
019a3f07017e35486e84e9ab04092994	d__Bacteria; p__Acidobacteriota; c__Vicinamibacteria; o__Vicinamibacterales; f__uncultured; g__uncultured	0.9999419453774323
019ca0ecb1e83525272a6ea53b75e51d	d__Bacteria; p__Actinobacteriota; c__Acidimicrobiia; o__IMCC26256; f__IMCC26256; g__IMCC26256	0.9965971866688168
01a7280f2104a19e9f55d6f3ec7b9680	d__Bacteria; p__Planctomycetota; c__Phycisphaerae; o__Phycisphaerales; f__Phycisphaeraceae; g__AKYG587; s__uncultured_bacterium	0.9004911947198844
01a92f0c9b76f6dc0e0cdcfe87ac7233	d__Bacteria; p__Chloroflexi; c__Chloroflexia; o__Chloroflexales; f__Roseiflexaceae; g__uncultured	0.9299427837666706
01afdfb3b86e3a9716b61199391eeff0	d__Bacteria; p__Nitrospirota; c__Nitrospiria; o__Nitrospirales; f__Nitrospiraceae; g__Nitrospira	0.9999999994390637
01beb467f9616cea5aed075b8087e49d	d__Bacteria; p__Actinobacteriota; c__Thermoleophilia; o__Gaiellales	0.9998698165511398
01d202eb018829d77e0101e84c264e48	d__Bacteria; p__Bacteroidota; c__Bacteroidia; o__Cytophagales; f__Microscillaceae; g__uncultured	0.9873857937850506
01d9e2c804beae1cd098f02d5cf2fa26	d__Bacteria; p__Acidobacteriota; c__Subgroup_22; o__Subgroup_22; f__Subgroup_22; g__Subgroup_22	0.7145563453107704
01e1e90daaa4d947fcf8c87b19bf9914	d__Bacteria; p__Verrucomicrobiota; c__Verrucomicrobiae; o__Pedosphaerales; f__Pedosphaeraceae; g__Ellin517; s__uncultured_bacterium	0.9976778673652511
01fa943529ad630d69dfbb2e5767a99d	d__Bacteria; p__Myxococcota; c__Polyangia; o__Polyangiales; f__BIrii41; g__BIrii41	0.99164737103368
0209379d5f90d415d26722a1c0af2dce	d__Bacteria; p__Planctomycetota; c__Planctomycetes; o__Pirellulales; f__Pirellulaceae; g__uncultured	0.9826853000879694
0218be0cf026a3ba13961434d7e6c2ca	d__Bacteria; p__Myxococcota; c__Polyangia; o__Polyangiales; f__Polyangiaceae; g__Pajaroellobacter	0.9885673940885953
021fe2023622fb9d64a99a1e89022541	d__Bacteria; p__Myxococcota; c__Polyangia; o__Haliangiales; f__Haliangiaceae; g__Haliangium	0.9999464456281023
0220064477ec1972322696787426d026	d__Bacteria; p__Chloroflexi; c__Chloroflexia; o__Thermomicrobiales; f__JG30-KF-CM45; g__JG30-KF-CM45; s__metagenome	0.9082092339560607
023fbf25f837712795b13f388cecb89d	d__Bacteria; p__Bacteroidota; c__Bacteroidia; o__Chitinophagales; f__Chitinophagaceae; g__Flavisolibacter	0.8793135458886389
024a0e0348ed9abe9ae1c48b1b7ba09e	d__Bacteria; p__Chloroflexi; c__Anaerolineae; o__Anaerolineales; f__Anaerolineaceae	0.9999055776143684
025de2b4e488495c07dbed1e615b149b	d__Bacteria; p__Actinobacteriota; c__MB-A2-108; o__MB-A2-108; f__MB-A2-108; g__MB-A2-108; s__uncultured_actinobacterium	0.9955981454910734
0267ba9db97e00ae01fc2cccbb6263e0	d__Bacteria; p__Actinobacteriota; c__Actinobacteria	0.9999980174687596
026ad0ea53fb202ebb770acf65705d6e	d__Bacteria; p__Proteobacteria; c__Gammaproteobacteria; o__Pseudomonadales; f__Moraxellaceae; g__uncultured	0.8349534902680045
02715f61835fceb5c1069241c56cd5c1	d__Bacteria; p__Actinobacteriota; c__Acidimicrobiia; o__Microtrichales; f__Iamiaceae; g__Iamia	0.9809376323679994
0273707384afdd41e9d022b539094211	d__Bacteria; p__Actinobacteriota; c__Thermoleophilia; o__Gaiellales	0.9999991694497343
02885abbcdcc612eb02c0755e318b1dd	d__Bacteria; p__Firmicutes; c__Bacilli; o__Bacillales; f__Bacillaceae; g__Bacillus	0.9997762134493069
028cdf08bc1fe665e2f4db284c661550	d__Bacteria; p__Proteobacteria; c__Gammaproteobacteria; o__Burkholderiales; f__SC-I-84; g__SC-I-84	0.9970523332014872
0294b697982657f78e0f1fdfa60250b7	d__Bacteria; p__Proteobacteria; c__Gammaproteobacteria	0.999999999728994
02a7249506cce4d8de62cb42d224894e	d__Bacteria; p__Planctomycetota; c__Planctomycetes; o__Isosphaerales; f__Isosphaeraceae; g__uncultured	0.9375777706944907
02a88507c6b781fa6ba5f0accd147fd5	d__Bacteria; p__Verrucomicrobiota; c__Verrucomicrobiae; o__Verrucomicrobiales; f__Verrucomicrobiaceae; g__Roseimicrobium	0.9999904974546945
02b86e434b0dd5260a147acf69fec32f	d__Bacteria; p__Verrucomicrobiota; c__Chlamydiae; o__Chlamydiales; f__Parachlamydiaceae	0.8129619925001625
02bb371787fcdab25021b115fa860b59	d__Bacteria; p__Planctomycetota; c__Planctomycetes; o__Pirellulales; f__Pirellulaceae; g__uncultured; s__uncultured_Planctomycetaceae	0.9707730840057266
02be88982ddd8f273fa5c6cd18f3eb22	d__Bacteria; p__Planctomycetota; c__OM190; o__OM190; f__OM190; g__OM190; s__uncultured_bacterium	0.9820700801176934
02cd53025763c2e7c3c40500563690a6	d__Bacteria; p__Acidobacteriota; c__Subgroup_22; o__Subgroup_22; f__Subgroup_22; g__Subgroup_22; s__uncultured_bacterium	0.8571903123501285
02d9900d3c399b37dfcc548192fe4070	d__Bacteria; p__Desulfobacterota; c__Desulfuromonadia; o__Desulfuromonadia	0.8539961489469201
02e50e767961303272d99b31f457da0a	d__Bacteria; p__Chloroflexi; c__Anaerolineae; o__Anaerolineales; f__Anaerolineaceae	0.9999518503380589
02eab4dd1c847ac37dbd904b62b885ce	d__Bacteria; p__Planctomycetota; c__Planctomycetes; o__Planctomycetales; f__uncultured; g__uncultured; s__uncultured_Planctomyces	0.7748654428133559
02ee2fd2ecec695cc087788e4fc76df2	d__Bacteria; p__Myxococcota; c__Polyangia; o__Nannocystales; f__Nannocystaceae; g__Nannocystis	0.7153089909970841
02eed1f4f4033b69bc676c74b2d56c3f	d__Bacteria; p__Chloroflexi; c__Anaerolineae; o__Anaerolineales; f__Anaerolineaceae; g__uncultured	0.9694134539050391
02f72c7adfe1fd9ca9741aa39a41bbf2	d__Bacteria; p__Armatimonadota; c__Fimbriimonadia; o__Fimbriimonadales; f__Fimbriimonadaceae; g__Fimbriimonadaceae	0.9765683477948374
02fc21e72f66adea757b355edea4a369	d__Bacteria; p__Actinobacteriota; c__Acidimicrobiia	0.9996999623063637
031158c0bf724ffd5e409d80f1e90bc5	d__Bacteria; p__Acidobacteriota; c__Vicinamibacteria; o__Vicinamibacterales; f__uncultured; g__uncultured	0.9912750588302903
03144c3feea7ed0710075e2cc2519d30	d__Bacteria; p__Acidobacteriota; c__Vicinamibacteria; o__Vicinamibacterales; f__Vicinamibacteraceae; g__Vicinamibacteraceae	0.999147522146918
03149cd5b0c540414600488c0538b47e	d__Bacteria; p__Acidobacteriota; c__Subgroup_22; o__Subgroup_22; f__Subgroup_22; g__Subgroup_22; s__uncultured_bacterium	0.8816297870323663
031693ab9ac6ab7916adb354b0aaf47e	d__Bacteria; p__Acidobacteriota; c__Blastocatellia; o__DS-100; f__DS-100; g__DS-100	0.9912888331263405
03242c85216a05aa921dedfa113234a8	d__Bacteria; p__Acidobacteriota; c__Vicinamibacteria; o__Vicinamibacterales; f__uncultured; g__uncultured	0.979859583359856
033a3975512e612ca43261b0eaa39a9f	d__Bacteria; p__Planctomycetota; c__Phycisphaerae; o__S-70; f__S-70; g__S-70; s__uncultured_bacterium	0.9852905526729576
036155b64e95d21f235a034ae65c6bbb	d__Bacteria; p__Nitrospirota; c__Nitrospiria; o__Nitrospirales; f__Nitrospiraceae; g__Nitrospira	0.9999999947060538
036574bb8e05f3b9a11ab7a4090d6950	d__Bacteria; p__Actinobacteriota; c__Thermoleophilia; o__Gaiellales	0.9999992952481899
037ae9a0837b27151825ed3234d41dfa	d__Bacteria; p__Planctomycetota; c__Phycisphaerae; o__Phycisphaerales; f__Phycisphaeraceae; g__SM1A02; s__uncultured_soil	0.9826914642238328
0388f969e3527b2938acc676d6757bdb	d__Bacteria; p__Proteobacteria; c__Alphaproteobacteria; o__Rhodobacterales; f__Rhodobacteraceae; g__Amaricoccus	0.9621123934316684
038eaca8bc9eae4a25092457913325f2	d__Bacteria; p__Bdellovibrionota; c__Oligoflexia; o__Oligoflexales; f__uncultured; g__uncultured	0.9999192611530967
03a92e40b45c0f932ab070b8d8ad9ff4	d__Bacteria; p__Gemmatimonadota	0.9989863808461328
03b1a0f0a77335be9f0927622d5edb10	d__Bacteria; p__Acidobacteriota; c__Vicinamibacteria; o__Vicinamibacterales; f__uncultured; g__uncultured	0.9955615317334298
03cf8e47931aea08392374e9cd6d72ab	d__Bacteria; p__Planctomycetota; c__OM190; o__OM190; f__OM190; g__OM190; s__metagenome	0.8720598962169511
03d2cc3f7b2bc352752d39e3738d0af9	d__Bacteria; p__Patescibacteria; c__Berkelbacteria; o__Berkelbacteria; f__Berkelbacteria; g__Berkelbacteria; s__uncultured_bacterium	0.7951862088810402
03e021feb00f8361de130e7cfbd2c068	d__Bacteria; p__Verrucomicrobiota; c__Verrucomicrobiae; o__Chthoniobacterales; f__Chthoniobacteraceae; g__Chthoniobacter	0.9928918816742436
03f6091f5aacb69f06fc925acd1c9506	d__Bacteria; p__Chloroflexi; c__Anaerolineae; o__Caldilineales; f__Caldilineaceae; g__Litorilinea; s__uncultured_bacterium	0.9998552651634816
03fa30c650f77ab8c36a4322ee961792	d__Bacteria; p__Verrucomicrobiota; c__Verrucomicrobiae; o__Chthoniobacterales; f__Chthoniobacteraceae; g__Chthoniobacter	0.8737185272464567
03fd5210ad992fddd0cc44a0690c49c6	d__Bacteria; p__Firmicutes; c__Bacilli; o__Lactobacillales; f__Lactobacillaceae; g__Lactobacillus	0.9999968941509478
04132853a0688af924f860b33cd75050	d__Bacteria; p__Chloroflexi; c__Ktedonobacteria; o__C0119; f__C0119; g__C0119; s__uncultured_soil	0.9727805427671714
0423b07a3f982f5987d57b4d280d1860	d__Bacteria; p__Myxococcota; c__Myxococcia; o__Myxococcales; f__Myxococcaceae; g__Myxococcus	0.9390043116720336
04306f750e88d0ca7f9a6fc65b5d9f0d	d__Bacteria; p__Proteobacteria; c__Alphaproteobacteria; o__Acetobacterales; f__Acetobacteraceae; g__Acetobacter	0.9049289996233739
04380db87439566253a5e075266d16b2	d__Bacteria; p__Proteobacteria; c__Gammaproteobacteria; o__Gammaproteobacteria_Incertae_Sedis; f__Unknown_Family; g__Acidibacter; s__uncultured_bacterium	0.7401492025225945
043e49769042c0cc8b943aab1d47b277	d__Bacteria; p__Chloroflexi; c__JG30-KF-CM66; o__JG30-KF-CM66; f__JG30-KF-CM66; g__JG30-KF-CM66; s__uncultured_Chloroflexi	0.8550801606632275
043e8e861c8af12660ee9725d68bb8ee	d__Bacteria; p__Myxococcota; c__Polyangia; o__Polyangiales; f__Sandaracinaceae; g__Sandaracinus; s__Sandaracinus_amylolyticus	0.9873617114087758
043ed70d16f0efbbbe3832135e58bc3d	d__Bacteria; p__Verrucomicrobiota; c__Verrucomicrobiae; o__Chthoniobacterales; f__Chthoniobacteraceae; g__Chthoniobacter	0.9998728095090722
043f93fc9eca19d79db57cdda4dc47e2	d__Bacteria; p__Firmicutes; c__Bacilli; o__Paenibacillales; f__Paenibacillaceae; g__Cohnella	0.999999646681965
045946f4810c571753bcbdefb0cb4515	d__Bacteria; p__Proteobacteria; c__Alphaproteobacteria; o__Caulobacterales; f__Hyphomonadaceae; g__SWB02	0.9901141556923521
04651403e2b443111d9e3fca306c7414	d__Bacteria; p__Elusimicrobiota; c__Elusimicrobia; o__MVP-88; f__MVP-88; g__MVP-88	0.9999998042652508
0467d453f6a8b17ebd93862d3cf07314	d__Bacteria; p__Firmicutes; c__Bacilli; o__Paenibacillales; f__Paenibacillaceae; g__Paenibacillus; s__Paenibacillus_pasadenensis	0.8504454972613732
046da4f4cbbb12f0ed3d4b423951ce63	d__Bacteria; p__Proteobacteria; c__Gammaproteobacteria; o__Xanthomonadales; f__Xanthomonadaceae; g__Lysobacter	0.8392883397990897
04802ea3db69761d479be8850d395591	d__Bacteria; p__Acidobacteriota; c__Vicinamibacteria; o__Vicinamibacterales; f__Vicinamibacteraceae; g__Vicinamibacteraceae	0.9997528172657781
0485e9653bc08a8f0ec79d2938d10f63	d__Bacteria; p__Acidobacteriota; c__Vicinamibacteria; o__Vicinamibacterales; f__uncultured; g__uncultured; s__uncultured_Acidobacteriaceae	0.7603182632276412
0494ab7f8766579941d113348b1ea579	d__Bacteria; p__Acidobacteriota; c__Blastocatellia; o__Pyrinomonadales; f__Pyrinomonadaceae; g__RB41	0.9997996518072017
0494b6e13caf2e557b917c09fce9e8ad	d__Bacteria; p__Acidobacteriota; c__Vicinamibacteria; o__Vicinamibacterales; f__uncultured; g__uncultured	0.9999993787414144
04c0e199f09de5aa997763e821da5e31	d__Bacteria; p__Acidobacteriota; c__Blastocatellia; o__11-24; f__11-24; g__11-24; s__uncultured_bacterium	0.8380467331520347
04c0e66bbee90413c85c2fcc0d7d35af	d__Bacteria; p__Proteobacteria; c__Gammaproteobacteria; o__Steroidobacterales; f__Steroidobacteraceae; g__uncultured; s__uncultured_bacterium	0.7008108737053954
04c401c148042a5cb6bab39ffb01031e	d__Bacteria; p__Acidobacteriota; c__Vicinamibacteria; o__Vicinamibacterales; f__Vicinamibacteraceae; g__Luteitalea	0.9999987226831626
04c9061f64b923158047e32339a7d2b2	d__Bacteria; p__Planctomycetota; c__Planctomycetes; o__Isosphaerales; f__Isosphaeraceae	0.9996670833260053
04d1790ba736ca3787b88cd07d65876d	d__Bacteria; p__Verrucomicrobiota; c__Verrucomicrobiae; o__Pedosphaerales; f__Pedosphaeraceae; g__Pedosphaeraceae	0.976540364088946
04e2f750f16652392c65d04ea65b8074	d__Bacteria; p__Proteobacteria; c__Gammaproteobacteria; o__Burkholderiales; f__SC-I-84; g__SC-I-84	0.9952677639081513
04e8fe42be56f2520b08f4287ef39e99	d__Bacteria; p__Firmicutes; c__Bacilli; o__Bacillales; f__Bacillaceae; g__Bacillus	0.9975947248957081
04ea3cabe4f3ca08f41140823a72e06c	d__Bacteria; p__Bacteroidota; c__Bacteroidia; o__Flavobacteriales; f__Flavobacteriaceae; g__Flavobacterium	0.999200139031983
050af0cd88f3ddbd8329377953cf4597	d__Bacteria; p__Actinobacteriota; c__Thermoleophilia; o__Solirubrobacterales; f__67-14; g__67-14	0.9828097958511699
0514290a036664e53e2253f9e3da763b	d__Archaea; p__Nanoarchaeota; c__Nanoarchaeia; o__Woesearchaeales; f__SCGC_AAA011-D5; g__SCGC_AAA011-D5; s__Nanoarchaeota_archaeon	0.9797523395940513
0518a82fb167194c0c6fa18ac9d9b20e	d__Bacteria; p__Bdellovibrionota; c__Bdellovibrionia; o__Bdellovibrionales; f__Bdellovibrionaceae; g__Bdellovibrio; s__Bdellovibrio_bacteriovorus	0.7852655382114867
05260440c37aa1879a0d6966c8d2fd58	d__Bacteria; p__Proteobacteria; c__Gammaproteobacteria; o__Burkholderiales; f__Nitrosomonadaceae; g__mle1-7	0.974854913674135
052d288e1251ca9f552cd26d1d7e7627	d__Bacteria; p__Planctomycetota; c__OM190; o__OM190; f__OM190; g__OM190; s__planctomycete_A-2	0.9077712075692825
0538e1beed69f098c3f602130ee11a1c	d__Bacteria; p__Actinobacteriota; c__Thermoleophilia; o__Gaiellales	0.999997077872062
0550f9fb5f979967c248410a6efdbadd	d__Bacteria; p__Firmicutes; c__Bacilli; o__Haloplasmatales; f__Haloplasmataceae; g__Haloplasma	0.9990192768253654
0552badce5b023d71c872f48a2bc1bcf	d__Bacteria; p__Chloroflexi; c__Ktedonobacteria; o__Ktedonobacterales; f__Ktedonobacteraceae; g__uncultured	0.921171204758386
056965e453f1e2653e85cedd25106029	d__Bacteria; p__Verrucomicrobiota; c__Verrucomicrobiae; o__Chthoniobacterales; f__Chthoniobacteraceae; g__Candidatus_Udaeobacter	0.7592774490352643
0571a6164cb8630a809970ed76639238	d__Bacteria; p__Gemmatimonadota; c__Longimicrobia; o__Longimicrobiales; f__Longimicrobiaceae; g__Longimicrobium; s__uncultured_bacterium	0.9206776380008166
058675e841fbcf8a0ebd4796f8618846	d__Bacteria; p__Planctomycetota; c__Planctomycetes; o__Pirellulales; f__Pirellulaceae; g__Pir4_lineage; s__uncultured_Planctomycetales	0.9945892179681407
058b4346e01dfa07c24728a1e499de1a	d__Bacteria; p__Proteobacteria; c__Gammaproteobacteria; o__Burkholderiales; f__Nitrosomonadaceae; g__Ellin6067	0.9999585302302388
0590e6672bb2c55c0ff54999a2b6dcfe	d__Bacteria; p__Actinobacteriota; c__Actinobacteria; o__Streptosporangiales; f__Thermomonosporaceae; g__Actinomadura; s__Actinomadura_rubrobrunea	0.8780559975545492
0594844086e9035b03fb130a93602bc0	d__Bacteria; p__Acidobacteriota	0.7538177368081919
059e124ad6ba8f98c3d21db28a075ea8	d__Bacteria; p__Proteobacteria; c__Alphaproteobacteria; o__Rhizobiales; f__Rhizobiaceae	0.995553668074007
05a2a83af5937293308cf1aa5133a81b	d__Bacteria; p__Myxococcota; c__Polyangia; o__Polyangiales; f__Phaselicystidaceae; g__Phaselicystis	0.9051324872303704
05a6bd228d14b3b05cf91a48c13abcb6	d__Bacteria; p__Acidobacteriota; c__Vicinamibacteria; o__Vicinamibacterales; f__Vicinamibacteraceae; g__Vicinamibacteraceae	0.9999959827141703
05aaf0002f8296c687876f8df6d5f322	d__Bacteria; p__Sumerlaeota; c__Sumerlaeia; o__Sumerlaeales; f__Sumerlaeaceae; g__Sumerlaea; s__uncultured_bacterium	0.9831687859931468
05d6a4a0b66a651280cba1cd1ce72927	d__Bacteria; p__Gemmatimonadota; c__Longimicrobia; o__Longimicrobiales; f__Longimicrobiaceae; g__YC-ZSS-LKJ147; s__uncultured_bacterium	0.8818655768245706
05d8bb26fe0c0da9b31c799dfaa4e698	d__Bacteria; p__Planctomycetota; c__Planctomycetes; o__Gemmatales; f__Gemmataceae; g__uncultured	0.9855365250960278
05f1f033ad890304296a09e9c2322258	d__Bacteria; p__Bacteroidota; c__Kapabacteria; o__Kapabacteriales; f__Kapabacteriales; g__Kapabacteriales; s__uncultured_Chlorobiales	0.7071625773671016
05f24db05e8ed9a92b3f1c206fed103b	d__Bacteria; p__Planctomycetota; c__Planctomycetes; o__Pirellulales; f__Pirellulaceae	0.9995858146461548
06064c372bb624503c2905d13f7691f5	d__Bacteria; p__Proteobacteria; c__Alphaproteobacteria; o__Rhizobiales; f__Rhizobiaceae; g__Allorhizobium-Neorhizobium-Pararhizobium-Rhizobium	0.9150356512064423
0606ca722027937fe22c2ed7e579a9a2	d__Bacteria; p__Acidobacteriota; c__Vicinamibacteria; o__Vicinamibacterales; f__uncultured; g__uncultured; s__uncultured_Acidobacteria	0.8356142876933077
061ac0812eea463c530763209bcd2a26	d__Bacteria; p__Verrucomicrobiota; c__Verrucomicrobiae; o__Opitutales; f__Opitutaceae; g__Opitutus	0.7552133458279083
062815533bd17cd0e93ce9e32f583bed	d__Bacteria; p__Actinobacteriota; c__Thermoleophilia; o__Solirubrobacterales; f__67-14; g__67-14	0.9999704260155386
062f7552b747dccab9586dff7275b5d9	d__Bacteria; p__Actinobacteriota; c__Acidimicrobiia; o__Microtrichales; f__Ilumatobacteraceae	0.999902867888643
06338fd54738916c5d2d17a3e8d7a475	d__Bacteria; p__Proteobacteria; c__Gammaproteobacteria	0.9999998675263767
06388ad3e5c489db1b14ca5d7c913563	d__Bacteria; p__Proteobacteria; c__Alphaproteobacteria; o__Rhodospirillales; f__uncultured; g__uncultured; s__uncultured_Magnetospirillum	0.7596935465090382
065a8bcaafb7dd33bcfc59a7da1bce0a	d__Bacteria; p__Planctomycetota; c__Planctomycetes; o__Pirellulales; f__Pirellulaceae; g__uncultured; s__uncultured_bacterium	0.9575240223888551
06601b1df0d06d33ccd7fcf632f8695e	d__Bacteria; p__Acidobacteriota; c__Subgroup_22; o__Subgroup_22; f__Subgroup_22; g__Subgroup_22	0.999968794464999
0660da28c869a19b6cadf355493db519	d__Bacteria; p__Proteobacteria; c__Alphaproteobacteria; o__Azospirillales; f__Azospirillaceae; g__Azospirillum	0.8932326108128684
066762041733eadd4cc0bf80969e7f88	d__Bacteria; p__Verrucomicrobiota; c__Verrucomicrobiae; o__Verrucomicrobiales; f__Verrucomicrobiaceae; g__uncultured; s__uncultured_Verrucomicrobia	0.9594431198461704
0670ad6c3b4c7b59ba228b9f4dc7332a	d__Bacteria; p__Planctomycetota; c__Planctomycetes; o__Pirellulales; f__Pirellulaceae; g__uncultured	0.8822884269282775
06761c2b72e0082786142922cd8fd1b6	d__Bacteria; p__Proteobacteria; c__Gammaproteobacteria; o__Pseudomonadales; f__Pseudomonadaceae; g__Pseudomonas	0.9976467477903141
06795ee6189b7e22021031c884e12706	d__Bacteria; p__Chloroflexi; c__Dehalococcoidia; o__S085; f__S085; g__S085; s__metagenome	0.9312737997787931
068100e7cfce771913e4d0017c2a0b31	d__Bacteria; p__Myxococcota; c__Polyangia; o__Haliangiales; f__Haliangiaceae; g__Haliangium; s__uncultured_Kofleriaceae	0.9914937895346229
068ac98b6f91643cca67790d2c3d6657	d__Bacteria; p__Proteobacteria; c__Gammaproteobacteria	0.9999648360052726
068c67c8d9e20b9ef7e1d84d6c199d82	d__Bacteria; p__Proteobacteria; c__Gammaproteobacteria; o__Pseudomonadales; f__Moraxellaceae; g__Acinetobacter	0.9967864886845096
06934a31c6d4b768c0c02ac056f37151	d__Bacteria; p__Acidobacteriota; c__Subgroup_25; o__Subgroup_25; f__Subgroup_25; g__Subgroup_25	0.9999999977412547
06a69f5bf36a678600414f346b4a5dbd	d__Bacteria; p__Actinobacteriota; c__Thermoleophilia; o__Solirubrobacterales; f__Solirubrobacteraceae; g__Solirubrobacter; s__uncultured_actinobacterium	0.8367383048211174
06bf8157e2426b1d4d64933d28f13633	d__Bacteria; p__Proteobacteria; c__Gammaproteobacteria; o__Burkholderiales; f__Neisseriaceae; g__Neisseria	0.9998725592369391
06c3f2f757733b2544c6af93738b36a2	d__Bacteria; p__Chloroflexi; c__Anaerolineae; o__Ardenticatenales; f__uncultured; g__uncultured; s__uncultured_Litorilinea	0.9985443053279622
06cb03cddd8a12dbfaf27e8984b395c4	d__Bacteria; p__Proteobacteria; c__Alphaproteobacteria; o__Sphingomonadales; f__Sphingomonadaceae	0.9999468586279069
06ccbb1e91afaefa20214e87cf6c3be5	d__Bacteria; p__Gemmatimonadota; c__Gemmatimonadetes; o__Gemmatimonadales; f__Gemmatimonadaceae	0.9985507953042414
06d016d3ccc055e37e0a0d30efef8ad3	d__Bacteria; p__Myxococcota; c__Polyangia; o__Polyangiales; f__BIrii41; g__BIrii41	0.9970443604452012
06d54692150027cd30d741392e7a0512	d__Bacteria; p__Acidobacteriota; c__Vicinamibacteria; o__Vicinamibacterales; f__uncultured; g__uncultured; s__uncultured_Acidobacteriaceae	0.789221012295213
06dcb234586a2dc12dfe6391878a6c2a	d__Bacteria; p__Acidobacteriota; c__Vicinamibacteria; o__Vicinamibacterales; f__uncultured; g__uncultured	0.9999998343543816
06e6b921ba1088cc643ae354ee376959	d__Bacteria; p__Latescibacterota; c__Latescibacterota; o__Latescibacterota; f__Latescibacterota; g__Latescibacterota; s__uncultured_bacterium	0.954865880989161
06e9439823e065c900c7e97ca53bb2a3	d__Bacteria; p__Firmicutes; c__Limnochordia; o__M55-D21; f__M55-D21; g__M55-D21; s__uncultured_bacterium	0.9964658389211253
06f841054ce55d8b3fb0a597be3198fc	d__Bacteria; p__Proteobacteria; c__Alphaproteobacteria; o__Sphingomonadales; f__Sphingomonadaceae	0.998913860123963
06ff73a10c49e9886038e2a7f73efdfb	d__Bacteria; p__Acidobacteriota; c__Vicinamibacteria; o__Vicinamibacterales; f__uncultured; g__uncultured	0.9998540234505305
0702ec46e8d2927a4f65b91c55418e85	d__Bacteria; p__Planctomycetota; c__Phycisphaerae; o__Phycisphaerales; f__Phycisphaeraceae; g__SM1A02; s__uncultured_bacterium	0.9919752515592716
070c09a74b0e6a81a6701a771b8b2504	d__Bacteria; p__Planctomycetota; c__BD7-11; o__BD7-11; f__BD7-11; g__BD7-11; s__uncultured_bacterium	0.9989502754417691
0716790008ec2afaf3ecda1728f3419e	d__Bacteria; p__Bacteroidota; c__Bacteroidia; o__Chitinophagales; f__Chitinophagaceae; g__Terrimonas	0.9709852326385316
071aa23d4a467dd530efc9f2ea06457f	d__Bacteria; p__Myxococcota; c__Polyangia; o__Polyangiales; f__BIrii41; g__BIrii41; s__uncultured_delta	0.763138031171422
072471669641f6e91114a5681c387e37	d__Bacteria; p__Verrucomicrobiota; c__Verrucomicrobiae; o__UA11; f__UA11; g__UA11; s__uncultured_bacterium	0.995061585989937
072b47d141756a747f9d70d7c5a68718	d__Bacteria; p__Myxococcota; c__bacteriap25; o__bacteriap25; f__bacteriap25; g__bacteriap25; s__uncultured_Syntrophobacterales	0.9981123912307934
0743fbff8b7cb9025d4c441ca207d68b	d__Bacteria; p__Chloroflexi; c__Anaerolineae; o__Ardenticatenales; f__uncultured; g__uncultured; s__uncultured_Litorilinea	0.9988955402426859
07529bee7ab9c848b458949705707ba8	d__Bacteria; p__Acidobacteriota; c__Vicinamibacteria; o__Vicinamibacterales; f__uncultured; g__uncultured; s__uncultured_Acidobacteriales	0.7994849750860452
0769fefa53ec0cab719818b08a8b8b6b	d__Bacteria; p__Myxococcota; c__Myxococcia; o__Myxococcales; f__Myxococcaceae; g__P3OB-42; s__uncultured_bacterium	0.9410251665255693
0770fbf28cd307a08bf557af7ffecfd3	d__Bacteria; p__Patescibacteria; c__Saccharimonadia; o__Saccharimonadales	0.999999999223332
0772a0bc1b26dc69ca0e661557f3393d	d__Bacteria; p__Planctomycetota; c__Planctomycetes; o__Isosphaerales; f__Isosphaeraceae; g__uncultured	0.7667660479283599
0775c6ca0322f92f8a4af7166f861f2e	d__Bacteria; p__Actinobacteriota; c__Actinobacteria; o__Propionibacteriales; f__Nocardioidaceae; g__Nocardioides	0.880949168845857
077b2f30ca6280d4721f454f0544536b	d__Bacteria; p__Actinobacteriota; c__Thermoleophilia; o__Solirubrobacterales; f__67-14; g__67-14	0.9848695266728063
07996de6e2f4ecaa87ba8995aeb4f171	d__Bacteria; p__Bdellovibrionota; c__Bdellovibrionia; o__Bdellovibrionales; f__Bdellovibrionaceae; g__Bdellovibrio	0.9999999760166526
079c7b1c8402e20de686ea077101e542	d__Bacteria; p__Planctomycetota; c__Planctomycetes; o__Pirellulales; f__Pirellulaceae; g__Pirellula	0.9996303768199882
07a5a630aff18405e6097d1f95f5f4e7	d__Bacteria; p__Chloroflexi; c__Chloroflexia; o__Thermomicrobiales; f__JG30-KF-CM45; g__JG30-KF-CM45; s__uncultured_bacterium	0.9526260393284772
07a6af00f25f2dc6547e9e10c27a2d1e	d__Bacteria; p__Proteobacteria; c__Gammaproteobacteria; o__Burkholderiales; f__Oxalobacteraceae	0.9998854769024441
07a7f2c478ca10b8aa6e184d43dbd8f3	d__Bacteria; p__Chloroflexi; c__KD4-96; o__KD4-96; f__KD4-96; g__KD4-96	0.9999936502956124
07a92c06b312e675bc628c826cb416f8	d__Bacteria; p__Chloroflexi; c__Chloroflexia; o__Thermomicrobiales; f__JG30-KF-CM45; g__JG30-KF-CM45; s__uncultured_bacterium	0.8425445690135422
07b6126cf7be6291f9871906d6402121	d__Bacteria; p__Methylomirabilota; c__Methylomirabilia; o__Rokubacteriales; f__Rokubacteriales; g__Rokubacteriales	0.9999999987426716
07bceef228af2f223cdc54ba4f75056a	d__Bacteria; p__Proteobacteria; c__Gammaproteobacteria; o__Enterobacterales	0.9999993064085618
07bf6ee3d850d61935e4d54e3f8902f8	d__Bacteria; p__Bacteroidota; c__Bacteroidia; o__Flavobacteriales; f__Flavobacteriaceae; g__Flavobacterium; s__Flavobacterium_lacus	0.8338507394888158
07c0696ae850e40ccba3416069a0052c	d__Bacteria; p__Chloroflexi; c__TK10; o__TK10; f__TK10; g__TK10	0.99999124955402
07c14a69a046feb2d8cd58e6f83cf375	d__Bacteria; p__Firmicutes; c__Bacilli; o__Lactobacillales; f__Streptococcaceae; g__Streptococcus	0.9999686487879068
07c68a1de84d6495b6e27c627a3ba236	d__Bacteria; p__Bacteroidota; c__Bacteroidia; o__Chitinophagales; f__Chitinophagaceae; g__Terrimonas	0.9738811317037344
07cdf57d0353015acf33c2c5b70e65ce	d__Bacteria; p__Planctomycetota; c__Planctomycetes; o__Planctomycetales; f__uncultured; g__uncultured; s__metagenome	0.9845492847197792
07ce20eb7665a9caddc9492b70c75223	d__Bacteria; p__Proteobacteria; c__Gammaproteobacteria; o__Burkholderiales; f__Nitrosomonadaceae; g__MND1	0.9840085636889625
07d0d5db35307f660f5108816d26d1a1	d__Bacteria; p__Planctomycetota; c__Planctomycetes; o__Pirellulales; f__Pirellulaceae; g__uncultured; s__uncultured_soil	0.838923453451451
07d44146cdbb5f1bfe5c2347b26ed8e0	d__Bacteria; p__Planctomycetota; c__Planctomycetes; o__Pirellulales; f__Pirellulaceae; g__Pir4_lineage; s__uncultured_soil	0.7402425624267774
07d53ffe09ea1ef2f866037fcb91d5cb	d__Bacteria; p__WPS-2; c__WPS-2; o__WPS-2; f__WPS-2; g__WPS-2; s__metagenome	0.9946603570884034
07ea3284bda2bf7daf1251ad2744e4c4	d__Bacteria; p__Actinobacteriota; c__Actinobacteria; o__Frankiales	0.9979270296549767
07fcc92f1274f1825698c0ccaf9dd7d3	d__Bacteria; p__Bdellovibrionota; c__Oligoflexia; o__Oligoflexales; f__Oligoflexales; g__Oligoflexus	0.9999932107964808
08114f437582e236c990aa7f6d2adb78	d__Bacteria; p__Chloroflexi; c__Chloroflexia; o__Thermomicrobiales; f__AKYG1722; g__AKYG1722	0.9999999997091104
0815e446b7b27a0cc50db994635c84f6	d__Bacteria; p__Verrucomicrobiota; c__Verrucomicrobiae; o__Verrucomicrobiales; f__DEV007; g__DEV007	0.953877602828017
081f9dfd6dea2ecc896aeeec41bb4df1	d__Bacteria; p__Acidobacteriota; c__Blastocatellia; o__Pyrinomonadales; f__Pyrinomonadaceae; g__RB41	0.9889878052644062
08241adab89462b7d693af857de63bb7	d__Bacteria; p__Firmicutes; c__Bacilli; o__Paenibacillales; f__Paenibacillaceae; g__Paenibacillus	0.9953104023745696
082459ac4c8ec75e4d2de9a12d0c3a8d	d__Bacteria; p__Verrucomicrobiota; c__Verrucomicrobiae; o__Pedosphaerales; f__Pedosphaeraceae; g__Pedosphaeraceae	0.9999919935857294
0830af17ab71d090308775bb6de39ddc	d__Bacteria; p__Acidobacteriota; c__Vicinamibacteria; o__Subgroup_17; f__Subgroup_17; g__Subgroup_17; s__uncultured_Acidobacteriales	0.9975717973793033
083c31e4ad0d6311c977cf383dff1ebe	d__Bacteria; p__Firmicutes; c__Bacilli; o__Paenibacillales; f__Paenibacillaceae; g__Paenibacillus; s__uncultured_Paenibacillaceae	0.807030090727202
083cbb131dd305a88b7d338bc371c35f	d__Bacteria; p__Verrucomicrobiota; c__Verrucomicrobiae; o__Verrucomicrobiales; f__Rubritaleaceae; g__Luteolibacter	0.9997983646449117
083cc7918a97fca1045cf7fbcf862c12	d__Bacteria; p__Actinobacteriota; c__Acidimicrobiia; o__Actinomarinales; f__uncultured; g__uncultured; s__uncultured_bacterium	0.7530280235708082
08462456292afa81a83b60506ce59a5c	d__Bacteria; p__Gemmatimonadota; c__Gemmatimonadetes; o__Gemmatimonadales; f__Gemmatimonadaceae; g__uncultured	0.9604468355364454
087b38ddbc4b74a5fc2a3b5f8694ba70	d__Bacteria; p__Actinobacteriota; c__Actinobacteria; o__Euzebyales; f__Euzebyaceae; g__uncultured; s__uncultured_bacterium	0.7557291668108236
087d358aaf77f81aaf50a623828865bb	d__Bacteria; p__Actinobacteriota; c__Thermoleophilia; o__uncultured; f__uncultured; g__uncultured; s__uncultured_bacterium	0.9973773845409871
0894bd04d5f4cc28f22a005d3fe43f12	d__Bacteria; p__Cyanobacteria; c__Cyanobacteriia; o__Chloroplast; f__Chloroplast; g__Chloroplast	0.9998731313020638
08a5d2fe64d91748edfb81e7bb6ffd5d	d__Bacteria; p__Acidobacteriota; c__Vicinamibacteria; o__Vicinamibacterales; f__Vicinamibacteraceae; g__Vicinamibacteraceae	0.7224359876278529
08aa7cd4667a76b7572104c65c055cde	d__Bacteria; p__Bacteroidota; c__Bacteroidia; o__Chitinophagales; f__Chitinophagaceae; g__Flavihumibacter	0.7594418021420482
08ab50920cb9d69fbe4d6f53c64d1e03	d__Bacteria; p__Actinobacteriota; c__MB-A2-108; o__MB-A2-108; f__MB-A2-108; g__MB-A2-108; s__uncultured_actinobacterium	0.9989606706789781
08b809a68126c38db786cafe9710b013	d__Bacteria; p__Proteobacteria; c__Gammaproteobacteria; o__Burkholderiales; f__Oxalobacteraceae; g__Noviherbaspirillum; s__uncultured_bacterium	0.9248237717003344
08bb8aa2634d3108dc7747b6122d275e	d__Bacteria; p__Acidobacteriota; c__Vicinamibacteria; o__Vicinamibacterales; f__uncultured; g__uncultured	0.9993253982613177
08c0a4df9465cc5d8ad7c3046744d0c4	d__Bacteria; p__Verrucomicrobiota; c__Verrucomicrobiae; o__Chthoniobacterales; f__Chthoniobacteraceae; g__Chthoniobacter; s__metagenome	0.9763044235951224
08c9514cbb2186910b65f66aa960b445	d__Bacteria; p__Patescibacteria; c__Saccharimonadia; o__Saccharimonadales	0.9999999953502421
08cce6dc0041721ec7703d5ef7aac7e9	d__Bacteria; p__Planctomycetota; c__OM190; o__OM190; f__OM190; g__OM190	0.9999762294944927
08d417a1d4bef7985c5cf9fcd49ecdbe	d__Bacteria; p__Actinobacteriota; c__Rubrobacteria; o__Rubrobacterales; f__Rubrobacteriaceae; g__Rubrobacter; s__uncultured_organism	0.899181371114486
08e13937c2d6a169843018c5942f487f	d__Bacteria; p__Firmicutes; c__Limnochordia; o__Limnochordales; f__uncultured; g__uncultured; s__uncultured_bacterium	0.8985749282533513
08e311f96c3441d9374bff77aa632030	d__Bacteria; p__Bacteroidota; c__Bacteroidia; o__Chitinophagales; f__Chitinophagaceae; g__Taibaiella	0.7093750297151868
08e6ac044b775179d28b5eb9a69d0528	d__Bacteria; p__Acidobacteriota; c__Vicinamibacteria; o__Vicinamibacterales; f__uncultured; g__uncultured	0.9998896754417372
090a2f8048c30efad3c36c0dda6a004c	d__Bacteria; p__Planctomycetota; c__Phycisphaerae; o__Tepidisphaerales; f__WD2101_soil_group; g__WD2101_soil_group; s__uncultured_bacterium	0.8349444542569519
09142ba07ed5fc5fe3110582536df51a	d__Bacteria; p__Myxococcota; c__Polyangia; o__Haliangiales; f__Haliangiaceae; g__Haliangium	0.9988237007919148
09225ec7044394bbd3b6811a6799e481	d__Bacteria; p__Verrucomicrobiota; c__Verrucomicrobiae; o__Pedosphaerales; f__Pedosphaeraceae	0.999999957833423
092e455a308a280f0cdf9a3d9f1bcb32	d__Bacteria; p__Firmicutes; c__Bacilli; o__Bacillales; f__Planococcaceae; g__Solibacillus	0.8085847497362528
0942776e3354900ae8ebba1b249369e7	d__Bacteria; p__Actinobacteriota; c__Actinobacteria; o__Micromonosporales; f__Micromonosporaceae	0.9999714446969675
0944ab3a75fa33954ebf9dd209e02a71	d__Bacteria; p__Proteobacteria; c__Gammaproteobacteria; o__Xanthomonadales; f__Xanthomonadaceae; g__Lysobacter	0.9721065418711113
09703a535f26e44e7b92486c6cb62876	d__Bacteria; p__Bacteroidota; c__Bacteroidia; o__Chitinophagales; f__Chitinophagaceae	0.9999973709293555
0971b785bb2da3bc51e69ca81b71771c	d__Bacteria	0.9999999992069754
09758e8b2b9d3b008f75429c07bfea8f	d__Bacteria; p__Proteobacteria; c__Gammaproteobacteria; o__Xanthomonadales; f__Xanthomonadaceae; g__Pseudoxanthomonas	0.9825195990033072
097ba1c3aad97eae35c0b7f0ac8e4f5c	d__Bacteria; p__Verrucomicrobiota; c__Verrucomicrobiae; o__Pedosphaerales; f__Pedosphaeraceae; g__Pedosphaeraceae; s__uncultured_subdivision	0.7286733331193682
098030c0b84cc4007c1f053944446172	d__Bacteria; p__Planctomycetota; c__Phycisphaerae; o__CCM11a; f__CCM11a; g__CCM11a; s__uncultured_Planctomycetia	0.9999955827562207
098d8840ac107f7cc215725b53606bae	d__Bacteria; p__Gemmatimonadota; c__Longimicrobia; o__Longimicrobiales; f__Longimicrobiaceae; g__YC-ZSS-LKJ147; s__uncultured_bacterium	0.7794537763249881
0993a81f95153043fef9b7b5aa624f3a	d__Bacteria; p__Firmicutes; c__Clostridia; o__Christensenellales; f__Christensenellaceae; g__uncultured	0.8801007146860467
09a028bad039dc12a8283ed85e8d3b6d	d__Bacteria; p__Acidobacteriota; c__Vicinamibacteria; o__Subgroup_17; f__Subgroup_17; g__Subgroup_17	0.999999997956588
09ae04c6bf93cacf18cedbcee187f95f	d__Bacteria; p__Actinobacteriota; c__Thermoleophilia; o__Gaiellales	0.9999979568046956
09b72bb480b2c04d1c3a6c1ad7321b79	d__Bacteria; p__Actinobacteriota; c__Thermoleophilia; o__Solirubrobacterales; f__Solirubrobacteraceae; g__Solirubrobacter; s__uncultured_bacterium	0.7252847996354681
09da9f8fea3a5d0201cda5b73d091f25	d__Bacteria; p__Acidobacteriota; c__Blastocatellia; o__Pyrinomonadales; f__Pyrinomonadaceae; g__RB41; s__metagenome	0.7120768777588167
09e44ce86cf192e77f61315cc8a82359	d__Bacteria; p__Bacteroidota; c__Bacteroidia; o__Flavobacteriales; f__Flavobacteriaceae; g__Flavobacterium	0.9998926764040456
09ec194fc0730acc8e8dc3fca0e16c36	d__Bacteria; p__Acidobacteriota; c__Acidobacteriae; o__Bryobacterales; f__Bryobacteraceae; g__Bryobacter	0.9785283939786175
09f94345824c82e8fe0d824cc4478fb5	d__Bacteria; p__Proteobacteria; c__Gammaproteobacteria; o__Xanthomonadales	0.9999844946361395
0a035423c4bf71a17566549f9b69448d	d__Bacteria	0.9999999956500878
0a0875a0acf4a28d1bc1c4d1d11aaa64	d__Bacteria; p__Firmicutes; c__Clostridia; o__Peptostreptococcales-Tissierellales; f__Anaerovoracaceae; g__Anaerovorax	0.9273694201112316
0a19a1cc3c692a1c3d40178dda36c163	d__Bacteria; p__Planctomycetota; c__Phycisphaerae; o__Tepidisphaerales; f__WD2101_soil_group; g__WD2101_soil_group; s__uncultured_bacterium	0.7828997360233508
0a19f8ed4a31a8a54118be7fb7affbdd	d__Bacteria; p__Firmicutes; c__Bacilli; o__Paenibacillales; f__Paenibacillaceae; g__Paenibacillus	0.9995760517669279
0a249bf6d729fdce076c9a5408fde0c8	d__Bacteria; p__Acidobacteriota; c__Vicinamibacteria; o__Vicinamibacterales; f__uncultured; g__uncultured; s__uncultured_Acidobacteriaceae	0.7957000061467979
0a25cdbd0660e68970c563c43a18f54a	d__Bacteria; p__Proteobacteria; c__Alphaproteobacteria; o__Caulobacterales; f__Caulobacteraceae; g__Brevundimonas; s__Brevundimonas_aveniformis	0.7412074958723948
0a4065a694d6b15f81cb90ed681f88a4	d__Bacteria; p__Acidobacteriota; c__Blastocatellia; o__Pyrinomonadales; f__Pyrinomonadaceae; g__RB41; s__uncultured_Acidobacteriaceae	0.7125321441911822
0a4295a96e36c8d5409d6f6360beccfb	d__Bacteria; p__Planctomycetota; c__Planctomycetes; o__Pirellulales; f__Pirellulaceae; g__Pirellula; s__metagenome	0.7102091180127891
0a479da0a0671ba73e4cc5afd5cb4a74	d__Bacteria; p__Proteobacteria; c__Gammaproteobacteria; o__Burkholderiales; f__SC-I-84; g__SC-I-84	0.9656020643746498
0a4f568d5004e7a75167de851ce8bb38	d__Bacteria; p__Acidobacteriota; c__Vicinamibacteria; o__Vicinamibacterales; f__uncultured; g__uncultured	0.9999985615973356
0a5e9254964fa32d2c559c120ae8edf8	d__Bacteria; p__Acidobacteriota; c__Vicinamibacteria; o__Vicinamibacterales; f__uncultured; g__uncultured	0.9999960015457448
0a64dfe269b4d7bbf28819e9f825278b	d__Bacteria; p__Planctomycetota; c__Planctomycetes; o__Gemmatales; f__Gemmataceae	0.999777834005875
0a77629964280b23c899ce567bdce3b5	d__Bacteria; p__Patescibacteria; c__Parcubacteria; o__Parcubacteria; f__Parcubacteria; g__Parcubacteria; s__uncultured_soil	0.9126784565177212
0a825d10d5162d13ac5e745608dfc9bf	d__Bacteria; p__Proteobacteria; c__Gammaproteobacteria; o__Cellvibrionales; f__Halieaceae; g__OM60(NOR5)_clade	0.9670549748243569
0a84c35341729d41d40caae12ae7976f	d__Bacteria; p__Actinobacteriota; c__Thermoleophilia; o__Gaiellales; f__Gaiellaceae; g__Gaiella	0.8418504986469618
0a8c44ca4d744e313e6dc5b239fca562	d__Bacteria; p__Firmicutes	0.9744647273823882
0a901627751ea8d9fd6357fc83ec8a2a	d__Bacteria; p__Actinobacteriota; c__Actinobacteria; o__Micrococcales; f__Microbacteriaceae; g__Agromyces	0.9999461451908471
0a949533cedf428341c25bf4035b74cb	d__Bacteria; p__Planctomycetota; c__Phycisphaerae; o__Tepidisphaerales; f__CPla-3_termite_group; g__CPla-3_termite_group; s__metagenome	0.9999993506938528
0aa68a533f2638aa4d5435d2b991dcfe	d__Bacteria; p__Firmicutes; c__Bacilli; o__Bacillales; f__Bacillaceae; g__Bacillus	0.9989671623847018
0aa6b210e902d8ab9d6f267407258ebb	d__Bacteria; p__Proteobacteria; c__Alphaproteobacteria; o__Caulobacterales; f__Caulobacteraceae; g__Phenylobacterium	0.8727910749942992
0aa924ae24b97c429d1e352c82ee1e7c	d__Bacteria; p__Chloroflexi; c__Ktedonobacteria; o__C0119; f__C0119; g__C0119; s__uncultured_bacterium	0.9761727821510764
0aa96f7290d0c27ac453c70a344da917	d__Bacteria; p__Chloroflexi; c__Chloroflexia; o__Thermomicrobiales; f__AKYG1722; g__AKYG1722; s__uncultured_bacterium	0.713697753144733
0aaad2df1a9cafab3b5c26049c25a99a	d__Bacteria; p__Chloroflexi; c__Anaerolineae; o__Anaerolineales; f__Anaerolineaceae; g__Anaerolinea	0.9987877898172899
0ab0e49a22ebfe921b5eb9bed475d4c3	d__Bacteria; p__Gemmatimonadota; c__S0134_terrestrial_group; o__S0134_terrestrial_group; f__S0134_terrestrial_group; g__S0134_terrestrial_group; s__uncultured_compost	0.7711277565751027
0ab9a976935482bce5f8af4cc6685147	d__Bacteria; p__Firmicutes; c__Bacilli; o__Paenibacillales; f__Paenibacillaceae; g__Paenibacillus	0.9994104856885263
0ab9e87e443580d53df7ae4dfb18d4c5	d__Bacteria; p__Acidobacteriota; c__Subgroup_5; o__Subgroup_5; f__Subgroup_5; g__Subgroup_5; s__uncultured_bacterium	0.7095886543260682
0abf773759106fa5336a0b5589688e66	d__Bacteria; p__Latescibacterota; c__Latescibacterota; o__Latescibacterota; f__Latescibacterota; g__Latescibacterota; s__uncultured_bacterium	0.9972894878960505
0ad87e097087fbb23f728822be879eee	d__Bacteria; p__Planctomycetota; c__Planctomycetes; o__Isosphaerales; f__Isosphaeraceae; g__uncultured; s__uncultured_bacterium	0.7599248446083927
0adfca7f3af2ba44e99c6fca205fe902	d__Bacteria; p__Acidobacteriota; c__Blastocatellia; o__Pyrinomonadales; f__Pyrinomonadaceae; g__RB41	0.9915475947196152
0aee6329e0b5b81449980151bf40205a	d__Bacteria; p__Actinobacteriota; c__Acidimicrobiia; o__Microtrichales; f__Microtrichaceae	0.9376840792683022
0afd24200c40f25cbc89348b1dd65d3e	d__Bacteria; p__Nitrospirota	0.9854902659979298
0b06028193ef1ce19f5339a8ba7d4448	d__Bacteria; p__Actinobacteriota; c__Actinobacteria; o__Micrococcales	0.9295005091093839
0b0b52bc528a4f0f24b88488f0cab342	d__Bacteria; p__Bacteroidota; c__Bacteroidia; o__Flavobacteriales; f__Flavobacteriaceae; g__Flavobacterium; s__Flavobacterium_hauense	0.7821794477121038
0b0bfde330074de484a930e28e89d327	d__Bacteria; p__Firmicutes; c__Bacilli; o__Paenibacillales; f__Paenibacillaceae; g__Thermobacillus; s__uncultured_Bacillus	0.9999623938789128
0b0ef47d675444edba522fd18ed53d90	d__Bacteria; p__Actinobacteriota; c__Thermoleophilia; o__Gaiellales; f__Gaiellaceae; g__Gaiella	0.7183107524050729
0b158c65cd22f6b5048fec1c00f9bc0c	d__Bacteria	0.9999999869167803
0b166ce3733fd4885aeca1cdb4c9007d	d__Bacteria; p__Actinobacteriota; c__Rubrobacteria; o__Rubrobacterales; f__Rubrobacteriaceae; g__Rubrobacter	0.9999999160589461
0b168793531e0ee926a81cda403b3d17	d__Bacteria; p__Planctomycetota; c__Planctomycetes; o__Pirellulales; f__Pirellulaceae; g__uncultured	0.7511185191102727
0b36e8e088d703661f236346844b3531	d__Bacteria; p__Acidobacteriota; c__Vicinamibacteria; o__Vicinamibacterales; f__uncultured; g__uncultured; s__uncultured_bacterium	0.9005309091470924
0b3ec431a8c2a9803784cc84a85ad164	d__Bacteria; p__Proteobacteria; c__Gammaproteobacteria; o__Burkholderiales; f__Sutterellaceae; g__uncultured; s__uncultured_bacterium	0.9605141036194116
0b46e6471df602d910196d30d2d2d516	d__Bacteria; p__NB1-j; c__NB1-j; o__NB1-j; f__NB1-j; g__NB1-j; s__uncultured_Myxococcales	0.881885293119491
0b68af5b1f239a07f20877b14cca0daa	d__Bacteria; p__Bacteroidota; c__Bacteroidia; o__Cytophagales; f__Microscillaceae; g__Ohtaekwangia	0.9356324612996098
0b73c4a91e4c52c0cf382ded6d371060	d__Bacteria; p__Acidobacteriota; c__Vicinamibacteria; o__Vicinamibacterales; f__Vicinamibacteraceae; g__Vicinamibacteraceae; s__uncultured_Acidobacteriales	0.7329666187248512
0b7c0186046909832a87f95aa432b54d	d__Bacteria	0.99999993078766
0b891870dbc1854ea548e82168cab960	d__Bacteria; p__Firmicutes; c__Bacilli; o__Bacillales; f__Planococcaceae	0.9986447638438383
0b8c07ef62d20804ef4e1873d4897736	d__Bacteria; p__Myxococcota; c__Polyangia; o__Polyangiales; f__Sandaracinaceae; g__uncultured	0.9982936121408663
0b9cd3ae698ea6569a1c463de218767a	d__Bacteria; p__Chloroflexi; c__Chloroflexia; o__Thermomicrobiales; f__JG30-KF-CM45; g__JG30-KF-CM45; s__metagenome	0.7902113933164394
0bb17b76444307fad9a0b84f46991923	d__Bacteria; p__Verrucomicrobiota; c__Verrucomicrobiae; o__Pedosphaerales; f__Pedosphaeraceae; g__Pedosphaeraceae	0.8577090464406355
0bb238aaee3ccb7dc8dfa86dbc1ba9f7	d__Bacteria; p__Proteobacteria; c__Gammaproteobacteria; o__Cellvibrionales; f__Halieaceae; g__OM60(NOR5)_clade; s__metagenome	0.9560560253361015
0bb95fbc9dcf2e2220e8765327c7aac5	d__Bacteria	0.9999999999999933
0bce68e9ab94f40d735d750e68bd8051	d__Bacteria; p__Proteobacteria; c__Gammaproteobacteria; o__Burkholderiales; f__Nitrosomonadaceae; g__MND1	0.9982191913308026
0bce9af1b6df34f34a8a45d45febd84c	d__Bacteria; p__Actinobacteriota; c__MB-A2-108; o__MB-A2-108; f__MB-A2-108; g__MB-A2-108; s__uncultured_actinobacterium	0.9944906289605862
0bd1333bfa375072d0725793f0051b51	d__Bacteria; p__Bacteroidota; c__Bacteroidia; o__Chitinophagales; f__Chitinophagaceae; g__Terrimonas	0.9890970117011836
0bdddf10e577657becec88e42001fd16	d__Bacteria; p__Proteobacteria; c__Alphaproteobacteria; o__Rhizobiales; f__Rhizobiales_Incertae_Sedis; g__Phreatobacter	0.8685719195680097
0beb31bcccfee237f848f91533280875	d__Bacteria; p__Actinobacteriota; c__Actinobacteria; o__Propionibacteriales; f__Nocardioidaceae; g__Aeromicrobium	0.7272147741709928
0bf98f862d4346af5031948dcf529b71	d__Bacteria; p__Gemmatimonadota; c__BD2-11_terrestrial_group; o__BD2-11_terrestrial_group; f__BD2-11_terrestrial_group; g__BD2-11_terrestrial_group; s__metagenome	0.9986952102108979
0c00c1894c26a5fa334bf07771b32d80	d__Bacteria; p__Planctomycetota; c__Phycisphaerae; o__Phycisphaerales; f__Phycisphaeraceae; g__SM1A02; s__uncultured_soil	0.9449740396399169
0c1fff2b18a673fc66b19b77d0c920a7	d__Bacteria; p__Myxococcota; c__Myxococcia; o__Myxococcales; f__Myxococcaceae; g__uncultured	0.9995755800160051
0c220792a46d97e28befc55ad2240462	d__Bacteria; p__Gemmatimonadota; c__BD2-11_terrestrial_group; o__BD2-11_terrestrial_group; f__BD2-11_terrestrial_group; g__BD2-11_terrestrial_group; s__metagenome	0.99589220724482
0c2423c3deac2831405857edfe3b2105	d__Bacteria; p__Firmicutes; c__Clostridia; o__Clostridiales	0.9958604598584753
0c2dc3145b564fffe1e6ccd347c1b753	d__Bacteria; p__Bacteroidota; c__Bacteroidia; o__Cytophagales; f__Microscillaceae; g__Ohtaekwangia	0.8640599696352095
0c4873b21bc241de638b626a671026e6	d__Bacteria; p__Proteobacteria; c__Gammaproteobacteria; o__Burkholderiales; f__Nitrosomonadaceae; g__Ellin6067; s__uncultured_delta	0.7519515378335863
0c48cc13d171ac2966f2d357f5b9d479	d__Bacteria; p__Verrucomicrobiota; c__Verrucomicrobiae; o__Pedosphaerales; f__Pedosphaeraceae; g__Pedosphaeraceae; s__uncultured_bacterium	0.7841504455430867
0c4d065ad910a708cec16e3ca2fd4db3	d__Bacteria; p__Chloroflexi; c__Anaerolineae; o__Ardenticatenales; f__Ardenticatenaceae; g__Ardenticatenaceae; s__uncultured_bacterium	0.9857474318660817
0c544d5f3a49a010971a96d8c39e4905	d__Bacteria; p__Firmicutes; c__Bacilli; o__Alicyclobacillales; f__Alicyclobacillaceae; g__Tumebacillus; s__uncultured_Tumebacillus	0.956727751266728
0c68364cae9f3ea56addaf0477a37c18	d__Bacteria; p__Planctomycetota; c__Planctomycetes; o__Gemmatales; f__Gemmataceae; g__uncultured	0.946182184647843
0c6c20e0ccc3af5805ea8209d6427a0d	d__Bacteria; p__Acidobacteriota; c__Vicinamibacteria; o__Vicinamibacterales; f__uncultured; g__uncultured	0.9973265224709665
0c6cffe5d6c099dc56f77baf727ad844	d__Bacteria; p__Chloroflexi; c__Chloroflexia; o__Chloroflexales; f__Roseiflexaceae; g__uncultured; s__uncultured_Chloroflexi	0.9971960652383842
0c6e5c99f94bd1966abbef19031968e2	d__Bacteria; p__Planctomycetota; c__Phycisphaerae; o__Phycisphaerales; f__Phycisphaeraceae; g__CL500-3; s__uncultured_bacterium	0.922741668165113
0c6eba6452635eecfb865a1049299176	d__Bacteria; p__Planctomycetota; c__Planctomycetes; o__Pirellulales; f__Pirellulaceae; g__uncultured; s__metagenome	0.9635568971469874
0c72bf923b5913b003bb5681c369c0c5	d__Bacteria; p__Chloroflexi; c__Gitt-GS-136; o__Gitt-GS-136; f__Gitt-GS-136; g__Gitt-GS-136	0.9999999828895167
0c76ba2bada6bc5a7d17ab27612d3256	d__Bacteria; p__Armatimonadota; c__Fimbriimonadia; o__Fimbriimonadales; f__Fimbriimonadaceae; g__Fimbriimonadaceae	0.9249687570027221
0c78285397fb853a0e39069213510c54	d__Bacteria; p__Acidobacteriota; c__Subgroup_11; o__Subgroup_11; f__Subgroup_11; g__Subgroup_11; s__uncultured_bacterium	0.9988755879422969
0c7eed5c292f582dd090dc92af4b5c2c	d__Bacteria; p__Actinobacteriota; c__Thermoleophilia; o__Gaiellales	0.999999212172047
0c86a8a5f77fc6043ba8e15aa1a7d4d1	d__Bacteria; p__Actinobacteriota; c__Acidimicrobiia; o__uncultured; f__uncultured; g__uncultured; s__uncultured_Iamia	0.8934735253153995
0c8735dbd345bdaeefc3add24ff465ab	d__Bacteria; p__Actinobacteriota; c__Thermoleophilia; o__Solirubrobacterales; f__Solirubrobacteraceae; g__Conexibacter; s__metagenome	0.7573010398534022
0c89177dd2de2b36e1690f70e2735772	d__Bacteria; p__Actinobacteriota; c__Thermoleophilia; o__Solirubrobacterales; f__67-14; g__67-14	0.9910084018761225
0c8bf3b2207ec839636693ee9be55df2	d__Bacteria; p__Actinobacteriota; c__Actinobacteria; o__Frankiales; f__Geodermatophilaceae	0.7550065128630156
0ca4b9004d16e8b6888a2497eee9aaa6	d__Bacteria; p__Proteobacteria; c__Alphaproteobacteria; o__Rhodobacterales; f__Rhodobacteraceae; g__Paracoccus	0.9768639161421542
0cb4d5a59db1bd494ac3642106472476	d__Bacteria; p__Bacteroidota; c__Bacteroidia; o__Bacteroidales; f__Prolixibacteraceae; g__WCHB1-32; s__uncultured_bacterium	0.8581814769310059
0cb64ce29d8f4adc3417feb247a93bc5	d__Bacteria; p__Verrucomicrobiota; c__Verrucomicrobiae; o__Pedosphaerales; f__Pedosphaeraceae; g__Ellin517; s__uncultured_Verrucomicrobia	0.9630471041156916
0cc54332120bb645339a9f696dadb59a	d__Bacteria; p__Acidobacteriota; c__Blastocatellia; o__11-24; f__11-24; g__11-24; s__uncultured_bacterium	0.9247541765582066
0ccfb8248aaa871d986fe05d81e6c16a	d__Bacteria; p__Methylomirabilota; c__Methylomirabilia; o__Rokubacteriales; f__WX65; g__WX65; s__uncultured_bacterium	0.9998136798665197
0cd794b36bf3b5a952c907e4cbaa263c	d__Bacteria; p__Acidobacteriota; c__Vicinamibacteria; o__Vicinamibacterales; f__uncultured; g__uncultured	0.9999728536764226
0ced6d108a6f8ed0aebdd23aa886b162	d__Bacteria; p__Patescibacteria; c__Saccharimonadia; o__Saccharimonadales	0.9999999992080811
0cf5462e5605cf1f2fd4e0d688ef111a	d__Bacteria; p__Firmicutes; c__Symbiobacteriia; o__Symbiobacteriales; f__Symbiobacteraceae; g__uncultured; s__uncultured_bacterium	0.9987092950444582
0cff74bfef6bd4c54fb855d1a5bc423e	d__Bacteria; p__Firmicutes; c__Symbiobacteriia; o__Symbiobacteriales; f__Symbiobacteraceae; g__uncultured	0.9568941863587621
0d068dd2757be97eb987cc604822543b	d__Bacteria; p__Cyanobacteria; c__Cyanobacteriia; o__Chloroplast; f__Chloroplast; g__Chloroplast; s__Daucus_carota	0.7834278693395279
0d074487afea03f80b3b8d5404faa501	d__Bacteria; p__Bdellovibrionota; c__Bdellovibrionia; o__Bdellovibrionales; f__Bdellovibrionaceae; g__Bdellovibrio	0.9999999484678747
0d1db0c440f321fe34aa5107f76a8464	d__Bacteria; p__Planctomycetota; c__Phycisphaerae; o__Tepidisphaerales; f__WD2101_soil_group; g__WD2101_soil_group	0.9999999796810614
0d20271e3e2dbc68e1de868599a9a1ae	d__Bacteria; p__Proteobacteria; c__Gammaproteobacteria; o__Enterobacterales; f__Enterobacteriaceae	0.9376165403285569
0d2510649a332ca359bcc3ac2b79eb8c	d__Bacteria; p__Planctomycetota; c__Planctomycetes; o__Pirellulales; f__Pirellulaceae; g__uncultured	0.9997222078661012
0d25163349d1e7b0de6773f2d320b6c9	d__Bacteria; p__Planctomycetota; c__Phycisphaerae; o__Tepidisphaerales; f__WD2101_soil_group; g__WD2101_soil_group; s__uncultured_bacterium	0.7221070713892803
0d3411ed32da8a64d23bda8dfa6c3bd5	d__Bacteria; p__Firmicutes; c__Bacilli; o__Bacillales; f__Marinococcaceae; g__Sinobaca	0.9998285168916192
0d34b0014797f00c19b251d3b2302b1c	d__Bacteria; p__Bacteroidota; c__Bacteroidia; o__Sphingobacteriales; f__Sphingobacteriaceae; g__Mucilaginibacter	0.9874350078149258
0d3eb38eb502c4ad13bd5a7060295411	d__Bacteria; p__Bacteroidota; c__Bacteroidia; o__Chitinophagales; f__Chitinophagaceae	0.9999997166274742
0d4d744898d5f2dced04e5ea07108e4f	d__Bacteria; p__Planctomycetota; c__Planctomycetes; o__Planctomycetales	0.96333667767251
0d67f5c00494eb7921c93302a5cad968	d__Bacteria; p__Acidobacteriota; c__Vicinamibacteria; o__Vicinamibacterales; f__uncultured; g__uncultured; s__uncultured_Acidobacteriaceae	0.7307478382677123
0d6b02a586d86c4e66dd0488294fe7e3	d__Bacteria; p__Planctomycetota; c__Phycisphaerae; o__Tepidisphaerales; f__WD2101_soil_group; g__WD2101_soil_group	0.9998576719730827
0d727a73e2b80c9f2edb5c637735c178	d__Bacteria; p__Planctomycetota; c__Planctomycetes; o__Planctomycetales; f__uncultured; g__uncultured; s__uncultured_planctomycete	0.9350683546516431
0d82533fd31bf55859123912a4804908	d__Bacteria; p__Armatimonadota; c__Fimbriimonadia; o__Fimbriimonadales; f__Fimbriimonadaceae; g__Fimbriimonadaceae	0.9999442533895124
0d8518ceac66f7d912af574a226c12a4	d__Bacteria; p__Acidobacteriota; c__Vicinamibacteria; o__Vicinamibacterales; f__uncultured; g__uncultured	0.9997242850548141
0d90eb4842c9ad9126ed33c538c768ac	d__Bacteria; p__Actinobacteriota; c__Actinobacteria; o__Micrococcales; f__Micrococcaceae	0.9367967258076614
0daf14c242ba2ad3b6a9f58c0313c048	d__Bacteria; p__Firmicutes; c__Clostridia; o__Peptococcales; f__Peptococcaceae; g__uncultured	0.8837837725363417
0db8a9a6290b98f4f0ab5f5c01e87908	d__Bacteria; p__Actinobacteriota; c__Acidimicrobiia; o__uncultured; f__uncultured; g__uncultured; s__uncultured_Acidimicrobiia	0.7852359188829053
0ddf7339b608a340252b33f63fcc0019	d__Bacteria; p__Actinobacteriota; c__Actinobacteria; o__Micrococcales; f__Microbacteriaceae; g__Agromyces	0.9999965046669974
0de5fe779ce2403ab5a944620222214b	d__Bacteria; p__Actinobacteriota; c__Actinobacteria; o__Glycomycetales; f__Glycomycetaceae; g__Glycomyces	0.999995698347026
0dee0227528f23f4fae17cd7ce890d77	d__Bacteria; p__Acidobacteriota; c__Blastocatellia; o__Pyrinomonadales; f__Pyrinomonadaceae; g__RB41; s__uncultured_Acidobacteriales	0.7539137069511116
0df9a66c1c32a9183051a274f0691a6f	d__Bacteria; p__Planctomycetota; c__OM190; o__OM190; f__OM190; g__OM190; s__uncultured_microorganism	0.9999488382375453
0e00a008071f50ebdda096be70172b9e	d__Bacteria; p__Gemmatimonadota; c__Gemmatimonadetes; o__Gemmatimonadales; f__Gemmatimonadaceae; g__uncultured	0.9931572679832756
0e060299cea14660f94d64eb3b3a99ee	d__Bacteria; p__Actinobacteriota; c__Actinobacteria; o__Frankiales	0.9878183306350796
0e0c488e70197ee866638fdb74b5fcd0	d__Bacteria; p__Acidobacteriota; c__Vicinamibacteria; o__Subgroup_17; f__Subgroup_17; g__Subgroup_17	0.9999997994654387
0e10bed59a1b54c6d4fdcc64005d053e	d__Bacteria; p__Actinobacteriota; c__Thermoleophilia; o__Solirubrobacterales; f__Solirubrobacteraceae; g__Solirubrobacter	0.9781595356646966
0e1af8b229208ae41a4f3a2ad1e3ea8d	d__Bacteria; p__Patescibacteria; c__Saccharimonadia; o__Saccharimonadales	0.9999999980135357
0e1bd67912032051d98f0a3ddbe174bd	d__Bacteria; p__Proteobacteria; c__Gammaproteobacteria; o__Burkholderiales; f__TRA3-20; g__TRA3-20; s__uncultured_Nitrosomonadales	0.9900857124081052
0e2148b44c5416be091f2a26494c6a70	d__Bacteria; p__Planctomycetota; c__Planctomycetes; o__Pirellulales; f__Pirellulaceae; g__Pirellula; s__uncultured_bacterium	0.7652587865112788
0e2b4d1fe54e0568e038f30a0666686a	d__Bacteria; p__Myxococcota; c__Polyangia; o__Blfdi19; f__Blfdi19; g__Blfdi19	0.9997806820502533
0e2effa69745fc7a0c38a656e59aeb5c	d__Bacteria; p__Chloroflexi; c__Chloroflexia; o__Chloroflexales; f__Roseiflexaceae; g__uncultured; s__uncultured_bacterium	0.9914381400160791
0e2f8922d533b8ea254884e38c7854f2	d__Bacteria; p__Myxococcota; c__Polyangia; o__Polyangiales; f__Sandaracinaceae; g__uncultured; s__metagenome	0.7809909275732074
0e311c2f1e3715cc7cae2f687d6db140	d__Bacteria; p__Desulfobacterota; c__uncultured; o__uncultured; f__uncultured; g__uncultured	0.7626209787163997
0e3d9fdf65e70860d40dae2138efa34e	d__Bacteria; p__Acidobacteriota; c__Blastocatellia; o__Pyrinomonadales; f__Pyrinomonadaceae; g__RB41; s__uncultured_Acidobacteriaceae	0.7241154205627625
0e3ffc2a68378086e2480831acd1a025	d__Bacteria; p__Actinobacteriota; c__Actinobacteria; o__Micrococcales; f__Intrasporangiaceae; g__Ornithinimicrobium; s__uncultured_actinobacterium	0.7745676444667985
0e4c9e09d41d60373a9ea77bb3966fab	d__Bacteria; p__Chloroflexi; c__KD4-96; o__KD4-96; f__KD4-96; g__KD4-96	0.9999429472977542
0e575a60269510d62b52878110f04d16	d__Bacteria; p__Actinobacteriota; c__Actinobacteria; o__Glycomycetales; f__Glycomycetaceae; g__Glycomyces; s__Glycomyces_algeriensis	0.7702661015848544
0e60f65125ce2bb449730aaca57cb760	d__Bacteria; p__Proteobacteria; c__Alphaproteobacteria; o__Rhizobiales; f__Rhizobiaceae; g__Allorhizobium-Neorhizobium-Pararhizobium-Rhizobium	0.9683387700451883
0e6591b8c5d361e2b281600443c50cbd	d__Bacteria; p__Proteobacteria; c__Gammaproteobacteria; o__Steroidobacterales; f__Steroidobacteraceae; g__uncultured	0.9999562743928972
0e6f2f27457ad996b5eafbf7d8202673	d__Bacteria; p__Bdellovibrionota; c__Oligoflexia; o__0319-6G20; f__0319-6G20; g__0319-6G20; s__uncultured_soil	0.7025288457337131
0e7beb2576cf57179a6ba4148c674074	d__Bacteria; p__Verrucomicrobiota; c__Verrucomicrobiae; o__Pedosphaerales; f__Pedosphaeraceae; g__Pedosphaeraceae; s__uncultured_soil	0.7561617281756555
0e816c5d1619287b86d087097a778226	d__Bacteria; p__Firmicutes; c__Bacilli; o__Lactobacillales; f__Streptococcaceae; g__Streptococcus; s__Streptococcus_gordonii	0.8510665450361526
0e87a264f152981a08643e6eb0c414b1	d__Bacteria; p__Myxococcota; c__Polyangia; o__Polyangiales; f__Polyangiaceae	0.9796932721515099
0e92574e5121180bd40b9678c90d6c2d	d__Bacteria; p__Entotheonellaeota; c__Entotheonellia; o__Entotheonellales; f__Entotheonellaceae; g__Entotheonellaceae	0.9991493115710911
0e9b654ce161f371aab99d8bb065eae3	d__Bacteria; p__Proteobacteria; c__Gammaproteobacteria; o__Cardiobacteriales; f__Cardiobacteriaceae; g__Cardiobacterium; s__Cardiobacterium_valvarum	0.9987463246707452
0e9f2cd159a316be8a05de68f50f3fec	d__Bacteria; p__Planctomycetota; c__Planctomycetes; o__Isosphaerales; f__Isosphaeraceae; g__uncultured	0.9674149397397148
0eb0aa276b012298a4e7538c64ddefce	d__Bacteria; p__Firmicutes; c__Bacilli; o__Lactobacillales; f__Aerococcaceae; g__Abiotrophia; s__uncultured_bacterium	0.976938624574034
0eb6479e5ffdaf9c7d464a152515f005	d__Bacteria; p__Cyanobacteria; c__Cyanobacteriia; o__Chloroplast; f__Chloroplast; g__Chloroplast	0.9999999999985103
0ec633fc2afef73d03d4d22ef01cf467	d__Bacteria; p__Bacteroidota; c__Bacteroidia; o__Chitinophagales; f__Chitinophagaceae; g__Niastella	0.9915558474578402
0ee434546ed19f50a207d3d352c0aa6e	d__Bacteria; p__Planctomycetota; c__Pla4_lineage; o__Pla4_lineage; f__Pla4_lineage; g__Pla4_lineage	0.9976760579426439
0ee82d8816bc9d9a397f4f206e504f2a	d__Bacteria; p__Proteobacteria; c__Gammaproteobacteria; o__Alteromonadales; f__Marinobacteraceae; g__Marinobacter	0.8199721720114839
0ef66a78236f90916afc2305f3ff6c80	d__Bacteria; p__Proteobacteria; c__Alphaproteobacteria; o__Rhizobiales; f__Rhizobiaceae	0.996519747809174
0efb252cdd5f86e6ebdcffc0a52b2565	d__Bacteria; p__Actinobacteriota; c__Acidimicrobiia; o__Microtrichales; f__Iamiaceae; g__Iamia	0.9322405339031951
0efdf9e23795676845f0564dce7e29fb	d__Bacteria; p__Planctomycetota; c__Pla4_lineage; o__Pla4_lineage; f__Pla4_lineage; g__Pla4_lineage	0.9996017650366049
0f088184934a6b0b4788b1c5c5b56d66	d__Bacteria; p__Myxococcota; c__Myxococcia; o__Myxococcales; f__Myxococcaceae; g__P3OB-42	0.9996870572707631
0f155401ac84b1b61f654d5e057bbe34	d__Bacteria; p__Chloroflexi; c__Anaerolineae; o__SBR1031; f__A4b; g__A4b	0.9995734266128559
0f162a696fa6497bee75af20b18f44d0	d__Bacteria; p__Firmicutes; c__Clostridia; o__Clostridia; f__Gracilibacteraceae; g__Lutispora; s__uncultured_bacterium	0.9956126142174032
0f1a0a1107c3b16d816a1847d70d6db7	d__Bacteria; p__Proteobacteria; c__Alphaproteobacteria; o__Rickettsiales; f__Mitochondria; g__Mitochondria	0.9999999999995423
0f1c7b4aa3aa8dcabb118d2021131c52	d__Bacteria; p__Bdellovibrionota; c__Oligoflexia; o__Silvanigrellales; f__Silvanigrellaceae	0.9990948214649771
0f1ef43f6b23a567aba80599766d70bc	d__Bacteria; p__Actinobacteriota; c__Actinobacteria; o__Propionibacteriales; f__Propionibacteriaceae	0.8656608732419253
0f2762192318c4f220cde2bcc99cd083	d__Bacteria; p__Acidobacteriota; c__Blastocatellia; o__11-24; f__11-24; g__11-24; s__uncultured_Acidobacteria	0.9125316159129992
0f348d2d93a667d21b77abb275a482ee	d__Bacteria; p__Proteobacteria; c__Alphaproteobacteria; o__uncultured; f__uncultured; g__uncultured	0.9999995615790854
0f3ae4a1e05f84e1a68c33c9848ac62a	d__Bacteria; p__Bacteroidota; c__Bacteroidia; o__Flavobacteriales; f__Flavobacteriaceae; g__Flavobacterium	0.9984670416169898
0f5c88b2e79c36e9a80b20bc80c998b1	d__Bacteria; p__Firmicutes; c__Bacilli; o__Bacillales; f__Bacillaceae; g__Bacillus	0.9085340951974386
0f75d5cd1e007fb7d73ee03839e06ca2	d__Bacteria; p__Planctomycetota; c__Planctomycetes; o__Pirellulales; f__Pirellulaceae; g__Pir4_lineage; s__uncultured_Planctomycetales	0.9595858838814818
0f77c033049ed3caef1fbda523fa54f8	d__Bacteria; p__Proteobacteria; c__Alphaproteobacteria; o__Micavibrionales; f__Micavibrionaceae; g__uncultured; s__uncultured_Alphaproteobacteria	0.9382158791393014
0f83c129d3b4f8f0c2a6ca2de6499848	d__Bacteria; p__Verrucomicrobiota; c__Verrucomicrobiae; o__Pedosphaerales; f__Pedosphaeraceae; g__Pedosphaeraceae; s__uncultured_subdivision	0.9456393072958948
0f867f9c3a7cbe3b21b5d42de4f4756d	d__Bacteria; p__WS2; c__WS2; o__WS2; f__WS2; g__WS2	0.99999999938473
0f91fa24341ac18ccceb7ffe9f487d66	d__Bacteria; p__Actinobacteriota; c__Rubrobacteria; o__Rubrobacterales; f__Rubrobacteriaceae; g__Rubrobacter	0.9999999967363903
0f98a73344c370b64fb1603ceecd997f	d__Bacteria; p__Planctomycetota; c__Planctomycetes; o__Pirellulales; f__Pirellulaceae; g__Pirellula; s__agricultural_soil	0.9998760503040206
0fa819980fdb4f2e22f4268999445d8f	d__Bacteria; p__Planctomycetota; c__Planctomycetes; o__Planctomycetales; f__uncultured; g__uncultured	0.9993462356983099
0faad52d7039327c69ddb89e2028ba04	d__Bacteria; p__Proteobacteria; c__Gammaproteobacteria; o__Cellvibrionales; f__Cellvibrionaceae; g__Cellvibrio	0.9999871486885122
0fac26c1f993368e5882ea1ef6e7cd3f	d__Bacteria; p__Acidobacteriota; c__Holophagae; o__Subgroup_7; f__Subgroup_7; g__Subgroup_7; s__uncultured_Acidobacteria	0.7358640262243495
0fac9e531014d6dbadbb687ecdf949fd	d__Bacteria; p__Myxococcota; c__Polyangia; o__Polyangiales; f__Sandaracinaceae; g__uncultured; s__uncultured_soil	0.9755548710313248
0fbdd064120a12aefcc55081af73abb5	d__Bacteria; p__Proteobacteria; c__Alphaproteobacteria; o__Sphingomonadales; f__Sphingomonadaceae; g__Sphingomonas	0.8700421643008069
0fc099077e77c46de8c17accea56a85c	d__Bacteria; p__Patescibacteria; c__Saccharimonadia; o__Saccharimonadales; f__Saccharimonadaceae	0.9859366714212543
0fc4426ed7dccc48ce27cfff8083433d	d__Bacteria; p__Proteobacteria; c__Gammaproteobacteria; o__Pseudomonadales; f__Pseudomonadaceae; g__Pseudomonas	0.9999695443310936
0fc8b604a120208fda8319b5be648b85	d__Bacteria; p__Acidobacteriota; c__Vicinamibacteria; o__Vicinamibacterales; f__uncultured; g__uncultured; s__uncultured_Acidobacteriaceae	0.9915476125781968
0fcc9c5c7771e8083f57eb82564367aa	d__Bacteria; p__Verrucomicrobiota; c__Verrucomicrobiae; o__Opitutales; f__Opitutaceae	0.9999999550452836
0fd3126118b13fb187bc55476a67c95a	d__Bacteria; p__Planctomycetota; c__OM190; o__OM190; f__OM190; g__OM190; s__uncultured_bacterium	0.9457897591248458
0febd4485a4e36e02e50e6f81592995f	d__Bacteria; p__Acidobacteriota; c__Vicinamibacteria; o__Vicinamibacterales; f__uncultured; g__uncultured; s__uncultured_bacterium	0.9224275677899684
1003538b72f9fd6156f0cfeca4350edb	d__Bacteria; p__Methylomirabilota; c__Methylomirabilia; o__Rokubacteriales; f__WX65; g__WX65; s__uncultured_bacterium	0.9997355926722176
1049fe8b692fa9c47939a477d7ae6a3e	d__Bacteria; p__Firmicutes; c__Bacilli; o__Haloplasmatales; f__Haloplasmataceae; g__Haloplasma	0.9999084692574144
1050d2ef036542502235b3acb47f2072	d__Bacteria; p__Acidobacteriota; c__Vicinamibacteria; o__Vicinamibacterales; f__uncultured; g__uncultured; s__uncultured_Acidobacteriaceae	0.8099630580735979
10562850cfc9ab656b5a25a025074d85	d__Bacteria; p__Acidobacteriota; c__Blastocatellia; o__Pyrinomonadales; f__Pyrinomonadaceae; g__RB41	0.9976668674432793
1058ac300aeb30497a04e1556d2f363b	d__Bacteria; p__Gemmatimonadota; c__Gemmatimonadetes; o__Gemmatimonadales; f__Gemmatimonadaceae; g__Gemmatimonas	0.7190571195659079
105bc6fd9c6c425207de1f90ea661410	d__Bacteria; p__Planctomycetota; c__Phycisphaerae; o__CCM11a; f__CCM11a; g__CCM11a; s__uncultured_Planctomycetia	0.9999792665678356
106b07ec9d3f2b238849b172ad196a65	d__Bacteria; p__Gemmatimonadota; c__Gemmatimonadetes; o__Gemmatimonadales; f__Gemmatimonadaceae; g__Gemmatimonas	0.7983674201772533
106ea23064427f7d6b3d386fd0579999	d__Bacteria; p__Actinobacteriota; c__Acidimicrobiia; o__Microtrichales; f__uncultured; g__uncultured	0.8302791163816333
106fce0b75709e692f240ea5e227397a	d__Bacteria; p__Proteobacteria; c__Gammaproteobacteria; o__Burkholderiales; f__Nitrosomonadaceae; g__Ellin6067	0.9999281495056809
1070fdb0531a451eaf4936d6b0fd24ee	d__Bacteria; p__Myxococcota; c__Polyangia; o__Polyangiales; f__Sandaracinaceae; g__uncultured	0.9994929595140295
107ec017b9cca24d7dbb58eed627072b	d__Bacteria; p__Acidobacteriota; c__Blastocatellia; o__11-24; f__11-24; g__11-24; s__uncultured_Acidobacteria	0.7294118261438503
108083ec0f7c42a1ad5aa13b0338ba74	d__Bacteria; p__Bacteroidota; c__Bacteroidia; o__Sphingobacteriales; f__Sphingobacteriaceae; g__Pedobacter	0.9349061117340509
108a2bf51c6c4ff007f0a7c0ccf6ae18	d__Bacteria; p__Verrucomicrobiota; c__Verrucomicrobiae; o__Verrucomicrobiales; f__Rubritaleaceae; g__Luteolibacter; s__Verrucomicrobium_sp.	0.8820565549602125
109803bb6070f55b6db3f9276a04d9ef	d__Bacteria; p__Proteobacteria; c__Gammaproteobacteria; o__Burkholderiales; f__Nitrosomonadaceae; g__Ellin6067; s__uncultured_delta	0.7065368441178641
109d5380085da36e745563972ab1d0c1	d__Bacteria; p__Acidobacteriota; c__Vicinamibacteria; o__Vicinamibacterales; f__Vicinamibacteraceae; g__Luteitalea	0.9999529618122835
10aa68d2b35c12534ac3cc5d596db232	d__Bacteria; p__Planctomycetota; c__Phycisphaerae; o__Tepidisphaerales; f__WD2101_soil_group; g__WD2101_soil_group	0.9999421218152474
10cf88d5a0f42a92134957c1f948158b	d__Bacteria; p__Acidobacteriota; c__Vicinamibacteria; o__Subgroup_17; f__Subgroup_17; g__Subgroup_17; s__uncultured_bacterium	0.7774838634413422
10d1fab6231d16bab3ad2a20042cf141	d__Bacteria; p__Firmicutes	0.999796969387603
10d2c6e1ba746429f7ffafb9a781ce16	d__Bacteria; p__Acidobacteriota; c__Vicinamibacteria; o__Vicinamibacterales; f__uncultured; g__uncultured	0.9997796212669621
10fd13573660cca222967b773bdf0833	d__Bacteria; p__Actinobacteriota; c__Actinobacteria; o__Propionibacteriales; f__Nocardioidaceae; g__Nocardioides; s__Nocardioides_dilutus	0.9800138491944343
112f83cf11ca94002c280255a9bea1ff	d__Bacteria; p__Methylomirabilota; c__Methylomirabilia; o__Rokubacteriales; f__Rokubacteriales; g__Rokubacteriales; s__metagenome	0.9768202836610386
11304afbfd05115b630908182c1680a7	d__Bacteria; p__WS2; c__WS2; o__WS2; f__WS2; g__WS2; s__uncultured_bacterium	0.8588898386447114
1132739a20ba5ff277751060f71ec4c8	d__Bacteria; p__Acidobacteriota; c__Vicinamibacteria; o__Vicinamibacterales; f__Vicinamibacteraceae; g__Vicinamibacteraceae	0.999999654780943
1157bfccba52fe3390e1d2c8360a906f	d__Bacteria; p__Chloroflexi; c__Anaerolineae; o__SBR1031; f__A4b; g__A4b	0.9995586368125684
116735b4660dfae52fe56595a418f265	d__Bacteria; p__Actinobacteriota; c__Rubrobacteria; o__Rubrobacterales; f__Rubrobacteriaceae; g__Rubrobacter; s__uncultured_Rubrobacter	0.748310492741061
116cb675b39d342ee3b474d0cbe4bc19	d__Bacteria; p__Acidobacteriota; c__Thermoanaerobaculia; o__Thermoanaerobaculales; f__Thermoanaerobaculaceae; g__Subgroup_10	0.9996702389641062
1195ec032e9df4632eb031fefe913ded	d__Bacteria; p__Proteobacteria; c__Gammaproteobacteria; o__Burkholderiales; f__Burkholderiaceae	0.891987264154108
11977645def567b0da9b2b4ccc7e9fcd	d__Bacteria; p__Bacteroidota; c__Bacteroidia; o__Chitinophagales; f__Saprospiraceae; g__uncultured	0.9997970973134082
11acd83cd8a0ceb2d1f59595522f2275	d__Bacteria; p__Acidobacteriota; c__Vicinamibacteria; o__Subgroup_17; f__Subgroup_17; g__Subgroup_17; s__uncultured_Acidobacteria	0.8199209643868505
11b3f51405627793aa8abfb4f5bfeb93	d__Bacteria; p__Chloroflexi; c__Anaerolineae; o__SBR1031; f__A4b; g__A4b	0.9999970203247445
11c0d6de28ab026a9ae17abe4efdd6bf	d__Bacteria; p__Proteobacteria; c__Alphaproteobacteria; o__Rhodospirillales; f__Magnetospirillaceae; g__Magnetospirillum	0.9783950657475944
11cafd1e6a2093997ad1f791e0a9c87a	d__Bacteria; p__Actinobacteriota; c__MB-A2-108; o__MB-A2-108; f__MB-A2-108; g__MB-A2-108; s__uncultured_bacterium	0.9533106416945419
11cbd25ab658561231ee37f02d0fa25f	d__Bacteria; p__Verrucomicrobiota; c__Verrucomicrobiae; o__Verrucomicrobiales; f__Rubritaleaceae; g__Luteolibacter; s__uncultured_Luteolibacter	0.9813681932795439
11dd5ceebde008fad59470650497837b	d__Bacteria; p__Firmicutes; c__Bacilli; o__Bacillales; f__Bacillaceae; g__Bacillus; s__Bacillus_halmapalus	0.7816151504442725
11e29ca48aa6f57b675b4ec909947bde	d__Bacteria; p__Chloroflexi; c__KD4-96; o__KD4-96; f__KD4-96; g__KD4-96; s__uncultured_bacterium	0.8027679742842035
11ec079782972b4c393dabf9c2ea5d4a	d__Bacteria; p__Proteobacteria; c__Gammaproteobacteria; o__Cellvibrionales; f__Cellvibrionaceae; g__Cellvibrio	0.9999795106058297
11ed0972601847ec168473a6bc4eeba7	d__Bacteria; p__Firmicutes; c__Bacilli; o__Bacillales; f__Bacillaceae; g__Ureibacillus; s__Ureibacillus_thermosphaericus	0.7725377628420378
11f4591ec52cc1555f4fc0bc52f28610	d__Bacteria; p__Desulfobacterota; c__uncultured; o__uncultured; f__uncultured; g__uncultured	0.9981976729625734
1209671816b4c29013c9d5504dfd464f	d__Bacteria; p__Proteobacteria; c__Gammaproteobacteria; o__Burkholderiales; f__Comamonadaceae; g__Aquabacterium	0.9953662459507744
120d5dcfa47ccc647b92e9fc041646e5	d__Bacteria; p__Actinobacteriota; c__Thermoleophilia; o__Solirubrobacterales; f__67-14; g__67-14; s__uncultured_bacterium	0.7433310631236048
12134319fd5946a443ebe1eaec6dbca1	d__Bacteria; p__Actinobacteriota; c__Actinobacteria; o__Corynebacteriales; f__Mycobacteriaceae; g__Mycobacterium	0.9959793577450531
122e18027cc745ff41aa8ccf6772cf32	d__Bacteria; p__Acidobacteriota; c__Vicinamibacteria; o__Vicinamibacterales; f__uncultured; g__uncultured; s__uncultured_bacterium	0.9319477139641912
1234621434ce4571bb24bc90dab0530f	d__Bacteria; p__Actinobacteriota; c__Actinobacteria; o__Streptosporangiales; f__Streptosporangiaceae	0.9976344035885807
1250c7f9491a246f526a01c493b267fe	d__Bacteria; p__Firmicutes; c__Clostridia; o__Caldicoprobacterales; f__Caldicoprobacteraceae; g__Caldicoprobacter; s__uncultured_bacterium	0.89881778129341
125c7ebf4a052377b00c030a10d96be2	d__Bacteria; p__Gemmatimonadota; c__S0134_terrestrial_group; o__S0134_terrestrial_group; f__S0134_terrestrial_group; g__S0134_terrestrial_group; s__uncultured_Gemmatimonadetes	0.8178017237044778
126cb36e4ace4bec79443619a9c750f4	d__Bacteria; p__Planctomycetota; c__Pla4_lineage; o__Pla4_lineage; f__Pla4_lineage; g__Pla4_lineage; s__uncultured_bacterium	0.8480485505252655
1276c3b069dcf36b72a3e13a578ac04d	d__Bacteria; p__Actinobacteriota; c__Acidimicrobiia; o__Microtrichales; f__Iamiaceae; g__Iamia; s__uncultured_bacterium	0.7601864385502352
128ac58630eca3794dc6e82a919daf65	d__Bacteria; p__Acidobacteriota; c__Thermoanaerobaculia; o__Thermoanaerobaculales; f__Thermoanaerobaculaceae; g__Subgroup_10; s__uncultured_soil	0.7112058575135753
12a413625c8d0d02407c5bf3b1d112cc	d__Bacteria	0.999999999991342
12b1009d41f0ee97a9a24c3d850562cb	d__Bacteria; p__Planctomycetota; c__Planctomycetes; o__Gemmatales; f__Gemmataceae; g__Fimbriiglobus	0.7193973818527103
12b157de1947091f20bab5c68722350b	d__Bacteria; p__Verrucomicrobiota; c__Verrucomicrobiae; o__Pedosphaerales; f__Pedosphaeraceae; g__Ellin517; s__metagenome	0.7782607355257075
12ca590db4df58ffce1db97bdad11aa6	d__Bacteria; p__Planctomycetota; c__OM190; o__OM190; f__OM190; g__OM190; s__uncultured_bacterium	0.9128520936434239
12d86b2d77b8d663550713562707bba6	d__Bacteria; p__Entotheonellaeota; c__Entotheonellia; o__Entotheonellales; f__Entotheonellaceae; g__Entotheonellaceae	0.9999999880294255
12e1a2bf952ff3c67eaf8a3659d6d252	d__Bacteria; p__Chloroflexi; c__Anaerolineae; o__SBR1031; f__A4b; g__A4b	0.999730545461093
12e9aef2ab07448634af19a38e887bbf	d__Bacteria; p__NB1-j; c__NB1-j; o__NB1-j; f__NB1-j; g__NB1-j	0.9998485533675981
12fd8efb82c3d4909543f6db9853134e	d__Bacteria; p__Bacteroidota; c__Bacteroidia; o__Chitinophagales; f__Saprospiraceae; g__uncultured	0.8143845612042313
12fec0a30007e66deeaaaf933389801d	d__Bacteria; p__Cyanobacteria; c__Cyanobacteriia; o__Cyanobacteriales; f__Xenococcaceae; g__Pleurocapsa_PCC-7319; s__uncultured_bacterium	0.7121336055748858
1306e0a20fadf8771d3f6b2706e33cc9	d__Bacteria; p__Gemmatimonadota; c__Gemmatimonadetes; o__Gemmatimonadales; f__Gemmatimonadaceae; g__uncultured	0.9975226896357791
1307cd9fb67f8269de7afa44c47a9ecb	d__Bacteria; p__Verrucomicrobiota; c__Verrucomicrobiae; o__Pedosphaerales; f__Pedosphaeraceae; g__Pedosphaeraceae	0.8306725961272129
130ce9daa89a62c8f695e9f6003fe9a0	d__Bacteria; p__Planctomycetota; c__Planctomycetes; o__Pirellulales; f__Pirellulaceae; g__Pirellula; s__uncultured_soil	0.9927405308067723
132d26d3ce6ac2ab25ccb4dd171879d7	d__Bacteria; p__Actinobacteriota; c__Actinobacteria; o__Streptomycetales; f__Streptomycetaceae	0.7737522187667119
133eebbbc8e5736bcd40ac62d0a9eb6e	d__Bacteria; p__Actinobacteriota; c__MB-A2-108; o__MB-A2-108; f__MB-A2-108; g__MB-A2-108; s__uncultured_Firmicutes	0.9903006233278154
1341185523a80fbb383cc720914409c4	d__Bacteria; p__Cyanobacteria; c__Cyanobacteriia; o__Chloroplast; f__Chloroplast; g__Chloroplast; s__Chloroplast_expression	0.8849749868575371
13458dda4d88b4c8feb568aea26572dd	d__Bacteria; p__Proteobacteria; c__Gammaproteobacteria	0.9999639427306984
1346bc9a0a2f59d9186d0c34ea789a15	d__Bacteria; p__Actinobacteriota; c__Thermoleophilia; o__Solirubrobacterales; f__67-14; g__67-14	0.8022881473050946
1348db75963997aca140e99c1ac22925	d__Bacteria; p__Gemmatimonadota; c__Longimicrobia; o__Longimicrobiales; f__Longimicrobiaceae; g__YC-ZSS-LKJ147; s__uncultured_bacterium	0.8853608246132799
1358167f0375c8636357c96e20d5959b	d__Bacteria; p__Gemmatimonadota; c__Gemmatimonadetes; o__Gemmatimonadales; f__Gemmatimonadaceae; g__uncultured	0.9455645445228373
1372ff498454dc309d757e28708d01a8	d__Bacteria; p__Proteobacteria; c__Gammaproteobacteria; o__Burkholderiales	0.9999676230874953
13870cf319997750e3b96bbb0b2f1aea	d__Bacteria; p__Actinobacteriota; c__Thermoleophilia; o__Gaiellales; f__uncultured; g__uncultured	0.960174623360421
138da9dc244c3292536cacb8df79467b	d__Bacteria; p__Myxococcota; c__Myxococcia; o__Myxococcales; f__Myxococcaceae	0.9993804117297065
1397ad6fd977e3995708705fecc80917	d__Bacteria; p__Acidobacteriota; c__Thermoanaerobaculia; o__Thermoanaerobaculales; f__Thermoanaerobaculaceae; g__Subgroup_10; s__uncultured_bacterium	0.8443195190179136
13a9dc3fef3f856c40e4ad7a29bc8243	d__Bacteria; p__Gemmatimonadota; c__S0134_terrestrial_group; o__S0134_terrestrial_group; f__S0134_terrestrial_group; g__S0134_terrestrial_group	0.999976509477465
13af884f146600d9290368038e0bcccf	d__Bacteria; p__Planctomycetota; c__Planctomycetes; o__Pirellulales; f__Pirellulaceae; g__uncultured	0.9839758510208433
13b63d5d91710637eee508ed31c3fdd8	d__Bacteria; p__Armatimonadota; c__Fimbriimonadia; o__Fimbriimonadales; f__Fimbriimonadaceae; g__Fimbriimonadaceae; s__uncultured_bacterium	0.9675908405890176
13bada323c020434faf47820782f7ff3	d__Bacteria; p__Verrucomicrobiota; c__Verrucomicrobiae; o__Chthoniobacterales; f__Chthoniobacteraceae; g__Chthoniobacter; s__metagenome	0.9414975547715726
13badcef862824ffd930aad9b2d4f63f	d__Bacteria	0.9999999754965523
13cbec364fb4b393f4dee525d71cbd9d	d__Bacteria; p__Gemmatimonadota; c__Gemmatimonadetes; o__Gemmatimonadales; f__Gemmatimonadaceae; g__Gemmatimonas	0.966943733700246
13d15064726c64daf89cae4a015715f0	d__Bacteria; p__Acidobacteriota; c__Holophagae; o__Subgroup_7; f__Subgroup_7; g__Subgroup_7	0.9999999850761359
13e7edef04ddfb473947f43faf48d7ba	d__Bacteria; p__Acidobacteriota; c__Thermoanaerobaculia; o__Thermoanaerobaculales; f__Thermoanaerobaculaceae; g__Subgroup_10	0.9999994234697298
13edf88d15657678d6b10b370a3b76dc	d__Bacteria; p__Planctomycetota; c__Phycisphaerae; o__Tepidisphaerales; f__WD2101_soil_group; g__WD2101_soil_group	0.9999999909436825
13f8afa3a14ee3a6496e13e16ab2127e	d__Archaea; p__Nanoarchaeota; c__Nanoarchaeia; o__Woesearchaeales; f__GW2011_GWC1_47_15; g__GW2011_GWC1_47_15	0.7211215995647984
14046881126715417c40418ec09e65ad	d__Bacteria; p__Planctomycetota; c__Phycisphaerae; o__Pla1_lineage; f__Pla1_lineage; g__Pla1_lineage; s__uncultured_bacterium	0.9998530434438099
140ba24565dee5911846e49145c6be40	d__Bacteria; p__Planctomycetota; c__OM190; o__OM190; f__OM190; g__OM190; s__uncultured_bacterium	0.9879789022915043
1449cef3beed3dbca4d6d0e4d88a1d92	d__Bacteria; p__Firmicutes; c__Clostridia; o__Clostridiales; f__Clostridiaceae; g__Clostridium_sensu_stricto_1	0.8153798474064221
1450d20d44fe92e524a845cacf9c0408	d__Bacteria; p__Acidobacteriota; c__Acidobacteriae; o__Bryobacterales; f__Bryobacteraceae; g__Bryobacter	0.8481002420542129
14532bf32bf5577ac7cbc4e7d7212fda	d__Bacteria; p__Acidobacteriota; c__Thermoanaerobaculia; o__Thermoanaerobaculales; f__Thermoanaerobaculaceae; g__Subgroup_10	0.9998993185001339
1458ca13011b0bb99fb828b836c6ae35	d__Bacteria; p__Methylomirabilota; c__Methylomirabilia; o__Rokubacteriales; f__Rokubacteriales; g__Rokubacteriales; s__uncultured_bacterium	0.7880004236103512
1459b4bc03a0415e8b27cb8105ae1d9a	d__Bacteria; p__Acidobacteriota; c__Thermoanaerobaculia; o__Thermoanaerobaculales; f__Thermoanaerobaculaceae; g__Subgroup_10; s__uncultured_soil	0.8727765168676334
146978187db920f9490eddad5c69bc97	d__Bacteria; p__Proteobacteria; c__Alphaproteobacteria; o__Caulobacterales; f__Caulobacteraceae; g__Brevundimonas	0.9986802439803366
14779f9dc3505598ad3d799e4ee676c4	d__Bacteria; p__Proteobacteria; c__Alphaproteobacteria; o__Rhizobiales; f__D05-2; g__D05-2	0.7030219722653627
147ae60335d12473e2d27a0b1e642bf4	d__Bacteria; p__Myxococcota; c__Polyangia; o__Haliangiales; f__Haliangiaceae; g__Haliangium; s__uncultured_prokaryote	0.9007088874065878
1489de3c8eff11c8331ca738495b4d3d	d__Bacteria; p__Proteobacteria; c__Alphaproteobacteria; o__Rhizobiales; f__Rhizobiaceae; g__Allorhizobium-Neorhizobium-Pararhizobium-Rhizobium	0.9268236708993096
14988d0db10e061908bb3fd7000d9e50	d__Bacteria; p__Proteobacteria; c__Gammaproteobacteria; o__Pseudomonadales; f__Moraxellaceae; g__Acinetobacter	0.9998011842012478
149c0e63c83113e1246c0e041de67d9c	d__Bacteria; p__Verrucomicrobiota; c__Chlamydiae; o__Chlamydiales; f__Parachlamydiaceae	0.969291946436635
14a67c8c8cc31d203eac8109443fab5f	d__Bacteria; p__Proteobacteria; c__Gammaproteobacteria; o__Pseudomonadales; f__Moraxellaceae; g__Cavicella	0.720776299257324
14b771bcf2020e71f7d8c559863be2aa	d__Bacteria; p__Verrucomicrobiota; c__Verrucomicrobiae; o__Chthoniobacterales; f__Chthoniobacteraceae; g__Chthoniobacter; s__bacterium_Ellin506	0.9909102682756662
14c3e634445dd0c60f6aebbadda13e87	d__Bacteria; p__Myxococcota; c__Myxococcia; o__Myxococcales; f__Myxococcaceae	0.9995517418378044
14caf4e321abcf999775eb5540eb0a66	d__Bacteria; p__Bacteroidota; c__SJA-28; o__SJA-28; f__SJA-28; g__SJA-28; s__metagenome	0.997602190824741
14e3c60cb885509667670151bc4a1df0	d__Bacteria; p__Actinobacteriota; c__Acidimicrobiia; o__Microtrichales; f__Ilumatobacteraceae; g__uncultured; s__uncultured_soil	0.7127907624903245
14e59a8edd811900f13971b2e2082706	d__Bacteria; p__Acidobacteriota; c__Vicinamibacteria; o__Vicinamibacterales; f__uncultured; g__uncultured	0.9999693190935237
14fe0aaa49835b1dcd4bad399f51e452	d__Bacteria; p__Proteobacteria; c__Gammaproteobacteria; o__Burkholderiales; f__Comamonadaceae	0.9988213868086644
1503d259863813b78b2bf0552520b696	d__Bacteria; p__Proteobacteria; c__Gammaproteobacteria; o__JG36-GS-52; f__JG36-GS-52; g__JG36-GS-52; s__uncultured_gamma	0.7878219187090347
150621390296902842f08c445d1e28bb	d__Bacteria; p__Patescibacteria; c__Parcubacteria; o__Candidatus_Adlerbacteria; f__Candidatus_Adlerbacteria; g__Candidatus_Adlerbacteria	0.9999996820856699
1512670338f8ce99c440c4451804abac	d__Bacteria; p__Verrucomicrobiota; c__Verrucomicrobiae; o__Pedosphaerales; f__Pedosphaeraceae; g__ADurb.Bin063-1	0.9913796117671104
1515e2afb122297855cb1e3e09ad6e12	d__Bacteria; p__Planctomycetota; c__Planctomycetes; o__Pirellulales; f__Pirellulaceae; g__uncultured; s__uncultured_bacterium	0.9123007013313236
1515f159c267fb47a7c90a6e7d455be0	d__Bacteria; p__Myxococcota; c__Polyangia; o__Polyangiales; f__Sandaracinaceae; g__uncultured; s__metagenome	0.797989285428746
1535075615e1a5fcb763c02ac226c1db	d__Bacteria; p__Acidobacteriota; c__Vicinamibacteria; o__Vicinamibacterales; f__uncultured; g__uncultured; s__uncultured_Acidobacteriaceae	0.7440331358219358
15410d762889d51818986bfcdb5d8965	d__Bacteria; p__Gemmatimonadota; c__AKAU4049; o__AKAU4049; f__AKAU4049; g__AKAU4049	0.9999999411938714
154b3d7f1a2f8415ae20aab73d97be97	d__Bacteria; p__Proteobacteria; c__Gammaproteobacteria; o__Steroidobacterales; f__Woeseiaceae; g__Woeseia	0.9134032171509154
154b8be9eea158f93d27d314d8e0e2c8	d__Bacteria; p__Firmicutes; c__Bacilli; o__Thermoactinomycetales; f__Thermoactinomycetaceae; g__Thermoactinomyces	0.999998348719495
1559f8b64dc2bdc8cdc26ff8a5ffa4cb	d__Bacteria; p__Desulfobacterota; c__Desulfobulbia; o__Desulfobulbales; f__Desulfobulbaceae; g__Desulfobulbus	0.9995269542132946
155ce872e148a98b7cd58ebad152dc43	d__Bacteria; p__Planctomycetota; c__Planctomycetes; o__Gemmatales; f__Gemmataceae; g__uncultured; s__uncultured_bacterium	0.9523447235715491
1562b72662df467cbcaf7facff14e2aa	d__Bacteria; p__Bacteroidota; c__Bacteroidia; o__Chitinophagales; f__Chitinophagaceae; g__Flavisolibacter; s__uncultured_Chitinophagaceae	0.8346445437321733
1570c69fbaa6b59735a52659fa772cda	d__Bacteria; p__Chloroflexi; c__Chloroflexia; o__Thermomicrobiales; f__AKYG1722; g__AKYG1722; s__uncultured_Chloroflexi	0.9855233937885456
1592d65b8a111a164a71b01a11be4fd3	d__Bacteria; p__Acidobacteriota; c__Vicinamibacteria; o__Vicinamibacterales; f__uncultured; g__uncultured; s__uncultured_Acidobacteriaceae	0.8059477364075696
1596472df984e1984092d97bae71ebc1	d__Bacteria; p__Verrucomicrobiota; c__Verrucomicrobiae; o__Pedosphaerales; f__Pedosphaeraceae; g__Pedosphaeraceae; s__uncultured_bacterium	0.7658096652675709
15a04b6b8865c805dff5f68fe3ad1645	d__Bacteria; p__Planctomycetota; c__Planctomycetes; o__Pirellulales; f__Pirellulaceae; g__Rhodopirellula; s__uncultured_Pirellula	0.9996645777091221
15a1d079cd2710fe2ce2226ebf720d13	d__Bacteria; p__Planctomycetota; c__Planctomycetes; o__Pirellulales; f__Pirellulaceae; g__uncultured	0.9573549431444781
15b86c871ea225f00730811abfb473cb	d__Bacteria; p__Bacteroidota; c__Bacteroidia; o__Chitinophagales; f__Chitinophagaceae; g__Flavisolibacter	0.9890543651283209
15c51e08a441b3e3277d3e3356dfb91c	d__Bacteria; p__Firmicutes; c__Symbiobacteriia; o__Symbiobacteriales; f__Symbiobacteraceae; g__uncultured; s__uncultured_bacterium	0.9997300889780233
15d5fa59a8e6af1e098126c1db796267	d__Bacteria; p__Chloroflexi; c__JG30-KF-CM66; o__JG30-KF-CM66; f__JG30-KF-CM66; g__JG30-KF-CM66; s__uncultured_Armatimonadetes	0.7168940140421772
15e095c0ff1e649257ad8bb96df2f753	d__Bacteria; p__Myxococcota; c__Myxococcia; o__Myxococcales; f__Myxococcaceae	0.9972277356993458
15e5169e0e80d396412311295d3f0394	d__Bacteria; p__Acidobacteriota; c__Holophagae; o__Subgroup_7; f__Subgroup_7; g__Subgroup_7; s__uncultured_bacterium	0.7222147277049056
15e7ed988afa880a78b7a3dc74bc6642	d__Bacteria; p__Planctomycetota; c__OM190; o__OM190; f__OM190; g__OM190; s__planctomycete_A-2	0.9120994115323359
15f6552b227709498431bbedd65d62c4	d__Bacteria; p__Cyanobacteria; c__Sericytochromatia; o__Sericytochromatia; f__Sericytochromatia; g__Sericytochromatia	0.9998898817412247
15f80bab681213b6d4cdc8519751a02f	d__Bacteria; p__Myxococcota; c__bacteriap25; o__bacteriap25; f__bacteriap25; g__bacteriap25	0.9570097629740233
16002a60407d25dbe61631362631a43e	d__Bacteria; p__Chloroflexi; c__Chloroflexia; o__Chloroflexales; f__Roseiflexaceae; g__uncultured; s__uncultured_Chloroflexi	0.8984699529952311
160e3574d043f1506a4fd9f03fd8b3f3	d__Bacteria; p__Proteobacteria; c__Gammaproteobacteria; o__Burkholderiales; f__TRA3-20; g__TRA3-20	0.9875789666877025
160f3e7550b6c3fb8651ff2c7481fc05	d__Bacteria; p__Acidobacteriota; c__Vicinamibacteria; o__Vicinamibacterales; f__uncultured; g__uncultured; s__uncultured_Acidobacteriaceae	0.7401862121949998
16157a2354e0c2159643541a55f3eb0d	d__Bacteria; p__Acidobacteriota; c__Blastocatellia; o__11-24; f__11-24; g__11-24; s__uncultured_Acidobacteria	0.7529665709589418
1615831f4208b1670e64fd12781a8a8b	d__Bacteria; p__Proteobacteria; c__Gammaproteobacteria; o__Burkholderiales; f__SC-I-84; g__SC-I-84	0.9935628522070566
162f2f20add487cef7d58c631cae6783	d__Bacteria; p__Firmicutes; c__Bacilli; o__Bacillales; f__Bacillaceae; g__Bacillus	0.987094793261324
16364032732b43bf8ce385a369d388ef	d__Bacteria; p__Bacteroidota; c__Bacteroidia; o__Flavobacteriales; f__Flavobacteriaceae; g__Capnocytophaga	0.9999816124719861
164e808361ebdc22b6e31ce1082a4ef4	d__Bacteria; p__Planctomycetota; c__Planctomycetes; o__Pirellulales; f__Pirellulaceae; g__Pirellula	0.9177520550710305
16595993c0aaa3cd89c3ad1ced4102df	d__Bacteria; p__Planctomycetota; c__vadinHA49; o__vadinHA49; f__vadinHA49; g__vadinHA49; s__uncultured_bacterium	0.9130615151629563
166095d442480a2b6fbb5e1468159d3c	d__Bacteria; p__Acidobacteriota; c__Vicinamibacteria; o__Vicinamibacterales; f__uncultured; g__uncultured; s__uncultured_bacterium	0.7457733430752169
167406459c8b8a25f3963d2908b15932	d__Bacteria; p__Acidobacteriota; c__Vicinamibacteria; o__Vicinamibacterales; f__Vicinamibacteraceae; g__Vicinamibacteraceae	0.9999651529522995
167d6a1a65291a4f05e56374a62f19a7	d__Bacteria; p__Proteobacteria; c__Gammaproteobacteria; o__Burkholderiales; f__Comamonadaceae	0.9967008854529672
1688fb218a410655e40f014ee84bf527	d__Bacteria; p__Proteobacteria; c__Gammaproteobacteria; o__Burkholderiales; f__Rhodocyclaceae	0.8456388777422128
168999a950ebe17e6d2ea1f90e557d91	d__Bacteria; p__Proteobacteria; c__Alphaproteobacteria; o__Rhizobiales; f__Rhizobiales_Incertae_Sedis; g__uncultured	0.9711822234322504
1692b60c0f032c92e26903ff92b84fae	d__Bacteria; p__Acidobacteriota; c__Vicinamibacteria; o__Vicinamibacterales; f__Vicinamibacteraceae; g__Vicinamibacteraceae; s__uncultured_Acidobacteria	0.8301043700837001
16966da276a94bf58a14254d383af13a	d__Bacteria; p__Actinobacteriota; c__Acidimicrobiia; o__IMCC26256; f__IMCC26256; g__IMCC26256	0.8105388242226057
169d39b4dca990cbb0749ce6710f8273	d__Bacteria; p__Acidobacteriota; c__Vicinamibacteria; o__Vicinamibacterales; f__Vicinamibacteraceae; g__Vicinamibacteraceae	0.9789126045834622
16b1164008e8ad63b91fae08f6934f00	d__Bacteria; p__Proteobacteria; c__Gammaproteobacteria; o__Steroidobacterales; f__Steroidobacteraceae; g__Steroidobacter	0.9832944916205983
16bac4b5a58242789e68e3999bdd80e4	d__Bacteria; p__Acidobacteriota; c__Subgroup_5; o__Subgroup_5; f__Subgroup_5; g__Subgroup_5; s__uncultured_bacterium	0.9805785764714485
16bbb79d5ed40c61ca29f844db57c8a2	d__Bacteria; p__Verrucomicrobiota; c__Chlamydiae; o__Chlamydiales; f__Parachlamydiaceae; g__Neochlamydia; s__uncultured_bacterium	0.9942113795104943
16caf6f5bc653fb6ba668eb821076a21	d__Bacteria; p__Actinobacteriota; c__Actinobacteria; o__Actinomycetales; f__Actinomycetaceae; g__Actinomyces; s__Schaalia_odontolytica	0.976216414661332
16d2220d7fb28a1b91035d41a1a2446a	d__Bacteria; p__Planctomycetota; c__Planctomycetes; o__Pirellulales; f__Pirellulaceae; g__Blastopirellula	0.9915933003867418
16e8155795f2791eafdadae2de63ad8e	d__Bacteria; p__Cyanobacteria; c__Sericytochromatia; o__Sericytochromatia; f__Sericytochromatia; g__Sericytochromatia; s__uncultured_bacterium	0.9582155724825199
16edbee7e2e318173f619cb580e6ad0c	d__Bacteria; p__Planctomycetota; c__Phycisphaerae; o__Phycisphaerales; f__Phycisphaeraceae; g__AKYG587; s__uncultured_bacterium	0.92535264786818
170aeeb2a31568eff3d73009d875a6dc	d__Bacteria; p__Patescibacteria; c__Parcubacteria; o__Candidatus_Moranbacteria; f__Candidatus_Moranbacteria; g__Candidatus_Moranbacteria; s__Candidatus_Moranbacteria	0.8807141649274925
170bbea36cc0c650f5d408703911ad72	d__Bacteria; p__Chloroflexi; c__OLB14; o__OLB14; f__OLB14; g__OLB14	0.9999988756238161
1729d1856f30e2cae79c6093e5feb52b	d__Bacteria; p__Planctomycetota; c__Planctomycetes; o__Pirellulales; f__Pirellulaceae; g__uncultured; s__uncultured_bacterium	0.8335053289857949
173f06a1971fb488fb3399eaa89db38b	d__Bacteria; p__Acidobacteriota; c__Vicinamibacteria; o__Vicinamibacterales; f__uncultured; g__uncultured; s__uncultured_Acidobacteriaceae	0.8685613869798186
1744056e4afe4908b35ee7aed8bcf356	d__Bacteria; p__NB1-j; c__NB1-j; o__NB1-j; f__NB1-j; g__NB1-j	0.9996317133170771
174d7745097feffc421b54170ce034f7	d__Bacteria; p__Proteobacteria; c__Gammaproteobacteria; o__Xanthomonadales; f__Xanthomonadaceae; g__Stenotrophomonas	0.9857983448667673
175794e047fa7a83c7fcb9c592b280f5	d__Bacteria; p__Verrucomicrobiota; c__Verrucomicrobiae; o__Chthoniobacterales; f__Chthoniobacteraceae; g__Chthoniobacter	0.7266449130973804
17623573855e4a181fc0589184a031bc	d__Bacteria; p__Acidobacteriota; c__Blastocatellia	0.865251379769154
1763b52c788640459885b8200fc5cf23	d__Bacteria; p__Planctomycetota; c__Planctomycetes; o__Planctomycetales; f__Rubinisphaeraceae; g__SH-PL14	0.9999706427915013
177966f7619eb24fdbce2266f5bed39a	d__Bacteria; p__Bacteroidota; c__Bacteroidia; o__Chitinophagales; f__Chitinophagaceae; g__Ferruginibacter	0.9730724272965843
178b596f2fe5cb6cefc5513917988d84	d__Bacteria; p__Chloroflexi; c__Anaerolineae; o__SBR1031; f__A4b; g__OLB13	0.9999701170746704
178cb045850b08b2baf5f8809d0a641b	d__Bacteria; p__Acidobacteriota; c__Acidobacteriae; o__PAUC26f; f__PAUC26f; g__PAUC26f	0.9999999945998262
1791e6171f070caafb99d7c1b0b7d1e1	d__Bacteria; p__Planctomycetota; c__Planctomycetes; o__uncultured; f__uncultured; g__uncultured; s__uncultured_bacterium	0.9977974454022688
1796734b56d45bdc997ccc09ab8731d1	d__Bacteria; p__Myxococcota; c__Polyangia; o__Polyangiales; f__Sandaracinaceae; g__uncultured; s__uncultured_soil	0.8486356997354259
179abbc5c1f1549ffd0d7ae6963e3783	d__Bacteria; p__Actinobacteriota; c__Actinobacteria; o__Corynebacteriales	0.9930177063893276
179b2f2051ade878a1bce08d5f52bb0b	d__Bacteria; p__Actinobacteriota; c__Thermoleophilia; o__Solirubrobacterales; f__67-14; g__67-14	0.9398772407293808
179c820889a00f80036c4e8a9232df7b	d__Bacteria; p__Chloroflexi; c__Anaerolineae; o__Caldilineales; f__Caldilineaceae; g__uncultured	0.8600254673364641
17a94d75af1e64e97e92e26a11fda8b4	d__Bacteria; p__Acidobacteriota; c__Holophagae; o__Subgroup_7; f__Subgroup_7; g__Subgroup_7	0.9999999101050542
17ac42f2fbea215666fae3542b1599c4	d__Bacteria; p__Proteobacteria; c__Gammaproteobacteria; o__Burkholderiales; f__Burkholderiaceae; g__Burkholderia-Caballeronia-Paraburkholderia; s__Paraburkholderia_bryophila	0.7212627963266459
17b0b4830cf04d8268f9a4eb9cd61f91	d__Bacteria	0.9999999999928846
17b9bc905e1c9bc3d111b0fb7f5552a3	d__Bacteria; p__Acidobacteriota; c__Holophagae; o__Subgroup_7; f__Subgroup_7; g__Subgroup_7	0.9999989877733562
17c0c693a19acf73389d08a195ca6bd3	d__Bacteria; p__Proteobacteria; c__Gammaproteobacteria; o__Burkholderiales; f__Nitrosomonadaceae; g__Ellin6067	0.9980806712371668
17c6de871a82753db38a582fbae5e731	d__Bacteria; p__Actinobacteriota; c__Thermoleophilia; o__Solirubrobacterales; f__67-14; g__67-14	0.7310617056657317
17c7fc155adb469383763fd91da88d75	d__Bacteria; p__Actinobacteriota; c__Actinobacteria; o__Propionibacteriales; f__Propionibacteriaceae	0.9978019781613249
17d772f669f0c62f50ec793219beaf1b	d__Bacteria; p__Actinobacteriota; c__Thermoleophilia; o__Solirubrobacterales	0.9984984143410893
17e3240e273c8db4d47c90c402a6b53d	d__Bacteria; p__Verrucomicrobiota; c__Verrucomicrobiae; o__Pedosphaerales; f__Pedosphaeraceae; g__Pedosphaeraceae; s__uncultured_subdivision	0.7681276185104716
17edd7643c41c71dc7239deb22b997f3	d__Bacteria; p__Firmicutes; c__Bacilli; o__Bacillales; f__Bacillaceae; g__Anaerobacillus	0.9877689064404694
17ef77f12e2a55717e910a5f6a625448	d__Bacteria; p__Planctomycetota; c__Planctomycetes; o__Planctomycetales; f__uncultured; g__uncultured; s__uncultured_bacterium	0.9858961671056122
17f8e75f7df6c8bb5ce898541f300ba5	d__Bacteria; p__Proteobacteria; c__Gammaproteobacteria; o__Burkholderiales; f__SC-I-84; g__SC-I-84	0.9927158395575425
1807408e41d7770dffb3ee8dc1b5b185	d__Bacteria; p__Acidobacteriota; c__Subgroup_5; o__Subgroup_5; f__Subgroup_5; g__Subgroup_5; s__uncultured_bacterium	0.9998325799483541
181235e0388a4ed545a6f8268323e414	d__Bacteria; p__Acidobacteriota; c__Holophagae; o__Subgroup_7; f__Subgroup_7; g__Subgroup_7	0.9999996702944431
181b456a64eab1f89d4e373a1f3b923e	d__Bacteria; p__Proteobacteria; c__Gammaproteobacteria; o__Burkholderiales; f__Comamonadaceae; g__Comamonas; s__Comamonas_testosteroni	0.7268227703351112
1846df373ae79c3a3d418dd33437d4ed	d__Bacteria; p__Firmicutes; c__Bacilli; o__Bacillales; f__Bacillaceae; g__Anaerobacillus	0.9945190663379586
185a6ae2de6f3e21c78bbe53c33a73e8	d__Bacteria; p__Acidobacteriota; c__Holophagae; o__Subgroup_7; f__Subgroup_7; g__Subgroup_7	0.9999999711226297
1872038b12ca7dc49cd3a2d3cbde6b90	d__Bacteria; p__Planctomycetota; c__Planctomycetes; o__Isosphaerales; f__Isosphaeraceae	0.9998165512247574
188b7aa5cf32b06c353901c940cb8083	d__Bacteria; p__Acidobacteriota; c__Thermoanaerobaculia; o__Thermoanaerobaculales; f__Thermoanaerobaculaceae; g__Subgroup_10	0.9999920143544083
188e4958b95679d1ba8bbd92309886be	d__Bacteria	0.9999999999999272
18c0f10f0ec468baa1b2a9dac56036d1	d__Bacteria; p__Firmicutes; c__Negativicutes; o__Veillonellales-Selenomonadales; f__Sporomusaceae; g__Anaerospora; s__uncultured_bacterium	0.9964515612950413
18c4eed949499454132ace9ab9307fcb	d__Bacteria; p__Verrucomicrobiota; c__Verrucomicrobiae; o__Pedosphaerales; f__Pedosphaeraceae; g__Pedosphaeraceae	0.9203652694135503
18d3ee4ca305f9220550bc9628d16e13	d__Bacteria; p__Gemmatimonadota; c__S0134_terrestrial_group; o__S0134_terrestrial_group; f__S0134_terrestrial_group; g__S0134_terrestrial_group; s__uncultured_bacterium	0.9383732940349687
18e7023847cc5602a79648b0244a1373	d__Bacteria; p__Actinobacteriota; c__Actinobacteria; o__Propionibacteriales; f__Nocardioidaceae; g__Nocardioides	0.9313708298664071
18ecb7234deb7ea3bd70d476cfbd3eca	d__Bacteria; p__Acidobacteriota; c__Blastocatellia; o__Pyrinomonadales; f__Pyrinomonadaceae; g__RB41	0.9999829599654217
18f3595be180af44a23215715a18b0bd	d__Bacteria; p__Patescibacteria; c__Parcubacteria; o__Candidatus_Adlerbacteria; f__Candidatus_Adlerbacteria; g__Candidatus_Adlerbacteria; s__uncultured_bacterium	0.9484729844543706
1907375e22248cebb8a1d093b0b76334	d__Bacteria; p__Acidobacteriota; c__Vicinamibacteria; o__Vicinamibacterales; f__Vicinamibacteraceae; g__Vicinamibacteraceae	0.999900991647185
1907c3ca9938b89ffd13746f2bc20e12	d__Bacteria; p__Firmicutes; c__Symbiobacteriia; o__Symbiobacteriales; f__Symbiobacteraceae; g__Symbiobacterium; s__Symbiobacterium_terraclitae	0.7180546317440949
192450143a135dead303ddfde3a60551	d__Bacteria; p__Acidobacteriota; c__Vicinamibacteria; o__Vicinamibacterales; f__uncultured; g__uncultured	0.9999985490011103
192786c89c7318c241323e4eaac00ff4	d__Bacteria; p__Acidobacteriota; c__Vicinamibacteria; o__Vicinamibacterales; f__uncultured; g__uncultured; s__uncultured_bacterium	0.8058938605079019
192c367129885b8f381a20d38650fe39	d__Bacteria; p__Proteobacteria; c__Gammaproteobacteria; o__Gammaproteobacteria_Incertae_Sedis; f__Unknown_Family; g__Acidibacter	0.9797080241324421
192c5a817f48368339e519e0a0a907da	d__Bacteria; p__Proteobacteria; c__Gammaproteobacteria; o__Enterobacterales; f__Yersiniaceae; g__Serratia	0.9883329623530064
1953e8497a06c156ed18930d521ca65d	d__Bacteria; p__Planctomycetota; c__Planctomycetes; o__Isosphaerales; f__Isosphaeraceae; g__uncultured	0.9851688005577165
197301ed9d8728b5c061b99a17973161	d__Bacteria; p__Proteobacteria; c__Alphaproteobacteria; o__Rhizobiales; f__Beijerinckiaceae; g__Microvirga	0.982446236593479
1984ad08d15cf30c6e03a2a723149bd9	d__Bacteria; p__Bacteroidota; c__Bacteroidia; o__Cytophagales; f__Microscillaceae	0.9999977670908483
1995185b31349529f58964c2e5a3becd	d__Bacteria; p__Proteobacteria; c__Alphaproteobacteria; o__Rhizobiales; f__Beijerinckiaceae	0.7318902106764757
19a1148669cdb6ebee33418baca52bd1	d__Bacteria; p__Actinobacteriota; c__Actinobacteria; o__Micrococcales; f__Micrococcaceae	0.981620315718863
19a8d54811742f61d08cedbb8a8e8095	d__Bacteria; p__Actinobacteriota; c__Acidimicrobiia; o__Microtrichales; f__Ilumatobacteraceae; g__uncultured	0.7397033670312229
19ad90ee1081a003406b02179ae63709	d__Bacteria; p__Proteobacteria; c__Alphaproteobacteria; o__Azospirillales; f__uncultured; g__uncultured; s__uncultured_bacterium	0.7174368114404727
19b36597459292155f860485ecd1b8b0	d__Bacteria; p__Fibrobacterota; c__Fibrobacteria; o__Fibrobacterales; f__Fibrobacteraceae; g__possible_genus_04; s__uncultured_bacterium	0.9405000012269862
19ba929fc4853eec01ac12c0809e87ba	d__Bacteria; p__Bdellovibrionota; c__Bdellovibrionia; o__Bdellovibrionales; f__Bdellovibrionaceae; g__OM27_clade	0.9998398551449001
19ba9fea04969f975d6dc8d3da20d5e6	d__Bacteria; p__Proteobacteria; c__Gammaproteobacteria; o__Pseudomonadales; f__Pseudomonadaceae; g__Azotobacter; s__Azotobacter_chroococcum	0.7702221159406728
19bef532e72ebc3eaba313c75287735f	d__Bacteria; p__Proteobacteria; c__Gammaproteobacteria; o__PLTA13; f__PLTA13; g__PLTA13	0.9999886883274459
19ed9dea6b5f368f52bee889cc943284	d__Bacteria; p__Myxococcota; c__bacteriap25; o__bacteriap25; f__bacteriap25; g__bacteriap25; s__metagenome	0.9839267380810007
19f99633aa834f8dc2d530ea79242305	d__Bacteria; p__Actinobacteriota; c__Actinobacteria; o__Micromonosporales; f__Micromonosporaceae; g__Rhizocola	0.7813273315462816
1a005931da38c03378b6f755e888c1e1	d__Bacteria; p__MBNT15; c__MBNT15; o__MBNT15; f__MBNT15; g__MBNT15	0.996226937477709
1a0ba876d8102f857e11924487156eaa	d__Bacteria; p__Gemmatimonadota; c__Gemmatimonadetes; o__Gemmatimonadales; f__Gemmatimonadaceae; g__uncultured	0.8788622389433721
1a0ea3d1e10a07a2b77a0614a2259ee5	d__Bacteria; p__Actinobacteriota; c__Actinobacteria; o__Streptosporangiales; f__Nocardiopsaceae; g__Nocardiopsis	0.9999621746038612
1a0ff739b7ce2bafab84a1c6232bc5a6	d__Bacteria; p__Actinobacteriota; c__Actinobacteria; o__Propionibacteriales; f__Nocardioidaceae; g__Nocardioides	0.917362974022596
1a17d83e6c7c1799eefdd246bc83b8ca	d__Bacteria; p__Gemmatimonadota; c__S0134_terrestrial_group; o__S0134_terrestrial_group; f__S0134_terrestrial_group; g__S0134_terrestrial_group; s__uncultured_bacterium	0.8675397314631296
1a1a81adca85cf88ef79a171fb34ab2a	d__Bacteria; p__Acidobacteriota; c__Vicinamibacteria; o__Vicinamibacterales; f__Vicinamibacteraceae; g__Luteitalea; s__uncultured_Acidobacteriaceae	0.8750956645340954
1a2c78a81070acc6397047eda583feb1	d__Bacteria; p__Proteobacteria; c__Gammaproteobacteria; o__Burkholderiales; f__Nitrosomonadaceae; g__Ellin6067	0.9948920229831404
1a316146b57acac127528069d5b3a67e	d__Bacteria; p__Acidobacteriota; c__Vicinamibacteria; o__Subgroup_17; f__Subgroup_17; g__Subgroup_17; s__uncultured_Holophaga	0.7040564171130094
1a3e88fdc3a5029480aba5abb4adc4fd	d__Bacteria; p__Acidobacteriota; c__Subgroup_25; o__Subgroup_25; f__Subgroup_25; g__Subgroup_25; s__uncultured_Acidobacteria	0.7950302668850944
1a45061070b7d01b6c3bf4399d1ec8e9	d__Bacteria; p__Myxococcota; c__Myxococcia; o__Myxococcales; f__Myxococcaceae; g__uncultured	0.8954377385384342
1a52b77ebac733f3f75662f8c085053e	d__Bacteria; p__Proteobacteria; c__Gammaproteobacteria; o__Xanthomonadales; f__Rhodanobacteraceae; g__Ahniella; s__uncultured_bacterium	0.9914300645535122
1a662f0a6fa433d2eeb1b9b46e270e65	d__Bacteria; p__Patescibacteria; c__Saccharimonadia; o__Saccharimonadales	0.9999999978953649
1a7e425b06bab6ca11bd37d2c3969e23	d__Bacteria; p__Acidobacteriota; c__Acidobacteriae; o__Bryobacterales; f__Bryobacteraceae; g__Bryobacter	0.8975713424389811
1a833c7cdb0f05fe30937b6c8df4d197	d__Bacteria; p__Planctomycetota; c__Planctomycetes; o__Pirellulales; f__Pirellulaceae; g__Blastopirellula; s__uncultured_Planctomycetaceae	0.9769846409225147
1a98c7507fa2552a50106fee06884e9e	d__Bacteria; p__Acidobacteriota; c__Vicinamibacteria; o__Vicinamibacterales; f__Vicinamibacteraceae; g__Vicinamibacteraceae	0.9999799135084954
1abd5655085d7de03992c2b21f30fd16	d__Bacteria; p__Proteobacteria; c__Gammaproteobacteria; o__Burkholderiales; f__Comamonadaceae; g__Piscinibacter	0.746058360385393
1ac26a3c12288d8fbadd6aa61366b1b7	d__Bacteria; p__Actinobacteriota; c__Thermoleophilia; o__Solirubrobacterales; f__Solirubrobacteraceae; g__Parviterribacter	0.9667078281886967
1ad83cde27c51233b57e32305e81b97d	d__Bacteria; p__Proteobacteria; c__Alphaproteobacteria; o__Sphingomonadales; f__Sphingomonadaceae; g__Altererythrobacter	0.8519313346065178
1adb99f703366beedf2b37a8814c3f90	d__Bacteria; p__Planctomycetota; c__Planctomycetes; o__Gemmatales; f__Gemmataceae; g__Gemmata	0.7060338119338362
1ae9d1e9b84d7dda5d2b8d82a87739d1	d__Bacteria; p__Proteobacteria; c__Gammaproteobacteria; o__Burkholderiales; f__Oxalobacteraceae; g__Massilia	0.9855404767249376
1aeb344ec8b9ce0a8cb7df96fb7f1141	d__Bacteria; p__Acidobacteriota; c__Holophagae; o__Subgroup_7; f__Subgroup_7; g__Subgroup_7	0.9999964742840501
1b153829e2cd761be8ec8fe02b71b842	d__Bacteria; p__Proteobacteria; c__Alphaproteobacteria; o__Rhizobiales; f__Methyloligellaceae; g__uncultured	0.9972744321707914
1b16275ed881cdf25ab2a0ff572617c3	d__Bacteria; p__Actinobacteriota; c__Actinobacteria; o__Actinomycetales; f__Actinomycetaceae; g__Actinomyces	0.9999998279314716
1b1a888113ca4df09c717f9928fd8a8c	d__Bacteria; p__Planctomycetota; c__OM190; o__OM190; f__OM190; g__OM190; s__uncultured_bacterium	0.8205212512779295
1b2a5aabfeb178c95bbaffcdb03355b7	d__Bacteria; p__Actinobacteriota; c__Acidimicrobiia; o__IMCC26256; f__IMCC26256; g__IMCC26256	0.9979740183698718
1b3a779b384c73b33207dccd14b14fe6	d__Bacteria; p__Actinobacteriota; c__Actinobacteria; o__Corynebacteriales; f__Nocardiaceae; g__Rhodococcus	0.9632987810434861
1b3adb32dc4af455aec3ebfa50c4b898	d__Bacteria; p__Planctomycetota; c__Planctomycetes; o__Gemmatales; f__Gemmataceae; g__Gemmata; s__uncultured_bacterium	0.9387584084444648
1b45783cb27a8282b17bf4947fcf768b	d__Bacteria; p__Myxococcota; c__Myxococcia; o__Myxococcales; f__Anaeromyxobacteraceae; g__Anaeromyxobacter; s__uncultured_bacterium	0.8937498108436236
1b45ffbc88c788dcee2239e68901cf05	d__Bacteria; p__Proteobacteria; c__Gammaproteobacteria; o__Xanthomonadales; f__Rhodanobacteraceae; g__Luteibacter; s__Luteibacter_yeojuensis	0.9104406747735362
1b5edcd4ce4bb9bfc2eb581d25269504	d__Bacteria; p__Acidobacteriota; c__Vicinamibacteria; o__Vicinamibacterales; f__uncultured; g__uncultured; s__uncultured_Acidobacteriaceae	0.7821799362227508
1b722a5d1ba4094e651706fbf4825ca5	d__Bacteria; p__Firmicutes; c__Bacilli; o__Paenibacillales; f__Paenibacillaceae; g__Cohnella	0.9999985141380561
1b8a807e05caaa8abd9c003822436a84	d__Bacteria; p__Proteobacteria; c__Gammaproteobacteria; o__Burkholderiales; f__TRA3-20; g__TRA3-20	0.9998837075211751
1b92810f93932d5dc39a4de8fd9aa4d6	d__Bacteria; p__Patescibacteria; c__ABY1; o__Candidatus_Uhrbacteria; f__Candidatus_Uhrbacteria; g__Candidatus_Uhrbacteria	0.9999885027099655
1bd8fdfdf00a8136ff9787a6fd933292	d__Bacteria; p__Proteobacteria; c__Alphaproteobacteria; o__uncultured; f__uncultured; g__uncultured	0.97788224707028
1beded194f3ae4b57715b45e50adef46	d__Bacteria	0.9999999992788822
1befd6e3d8f288163f7063207c093f67	d__Bacteria; p__Chloroflexi; c__Anaerolineae; o__Caldilineales; f__Caldilineaceae; g__Litorilinea; s__uncultured_soil	0.9826976790474286
1c0300e508bb3280cebe2e33bb247f25	d__Bacteria; p__Verrucomicrobiota; c__Verrucomicrobiae; o__Verrucomicrobiales; f__Verrucomicrobiaceae; g__uncultured; s__uncultured_Verrucomicrobia	0.9704177163496072
1c078ebe7d05341b4d4464aec36bcadf	d__Bacteria; p__Chloroflexi; c__Anaerolineae; o__Anaerolineales; f__Anaerolineaceae; g__uncultured; s__uncultured_Chloroflexi	0.7422612211191083
1c0e295b15b147ccdb412c19114ff10d	d__Bacteria; p__Acidobacteriota; c__Vicinamibacteria; o__Vicinamibacterales; f__uncultured; g__uncultured; s__uncultured_bacterium	0.9563594384722583
1c145b38127e9ab44fae78ac8d5efb03	d__Bacteria; p__Patescibacteria; c__Saccharimonadia; o__Saccharimonadales; f__LWQ8; g__LWQ8	0.965456965778731
1c196af310aed315ccefc76c30cbcc3a	d__Bacteria; p__Gemmatimonadota; c__Gemmatimonadetes; o__Gemmatimonadales; f__Gemmatimonadaceae	0.9994721210728414
1c3ac8c13d14fc7263e17b63e659e39d	d__Bacteria; p__Actinobacteriota; c__Thermoleophilia; o__Gaiellales; f__uncultured; g__uncultured; s__metagenome	0.9659331103072472
1c3adc87d2e93b08e576953508eb680d	d__Bacteria; p__Acidobacteriota; c__Blastocatellia; o__DS-100; f__DS-100; g__DS-100; s__uncultured_Acidobacteria	0.9988381406154089
1c46dd18532ebdeacc3dc62b9d494d0b	d__Bacteria; p__Planctomycetota; c__Planctomycetes; o__Isosphaerales; f__Isosphaeraceae; g__uncultured	0.9621300344571401
1c598252d4d9148a6a724342919b5e08	d__Bacteria; p__Planctomycetota; c__Phycisphaerae; o__S-70; f__S-70; g__S-70; s__uncultured_bacterium	0.951406796778652
1c784ce346bee051fe95403b045119fd	d__Bacteria; p__Firmicutes; c__Bacilli; o__Paenibacillales; f__Paenibacillaceae; g__Cohnella	0.9999957070675813
1c7d51510ed0823c2ba8ead2b9cf95da	d__Bacteria; p__Chloroflexi; c__Anaerolineae; o__SBR1031; f__A4b; g__OLB13; s__uncultured_bacterium	0.943817602652164
1c81824b6a2a031996ce3eaf43943c0d	d__Bacteria; p__Verrucomicrobiota; c__Verrucomicrobiae; o__Pedosphaerales; f__Pedosphaeraceae; g__Pedosphaeraceae	0.9999991119171763
1c82d51a3a844247e0d097c13b1c3313	d__Bacteria; p__Planctomycetota; c__Planctomycetes; o__Planctomycetales; f__uncultured; g__uncultured; s__uncultured_Planctomycetales	0.974272065714921
1c92e1cc5cd80290a017d81b8ca1cf18	d__Bacteria; p__Proteobacteria; c__Gammaproteobacteria; o__Pseudomonadales; f__Pseudomonadaceae; g__Pseudomonas	0.9975115817746256
1c95db91a40a2cdc122edc389b0dcf56	d__Bacteria; p__Chloroflexi; c__TK10; o__TK10; f__TK10; g__TK10	0.9999991390955653
1c9b7eec74a03f2dbe17c0bbbc8b0028	d__Bacteria; p__Actinobacteriota; c__Thermoleophilia; o__Gaiellales	0.9999981932988969
1c9d0bfe68cd0c8c1af004efbaa82d73	d__Bacteria; p__Proteobacteria; c__Gammaproteobacteria; o__Burkholderiales; f__Nitrosomonadaceae; g__Ellin6067	0.9988366811120776
1c9e1a33b7570722d9780dd271d191af	d__Bacteria; p__Proteobacteria; c__Alphaproteobacteria; o__Rhizobiales; f__Hyphomicrobiaceae; g__Pedomicrobium	0.8621817461595385
1ca669767b84290140f49ba475f1b4f9	d__Bacteria; p__Actinobacteriota; c__Acidimicrobiia; o__Microtrichales	0.9898218550015127
1cbe1928c49c4939880235c91c7df61a	d__Bacteria; p__Actinobacteriota; c__Thermoleophilia; o__Gaiellales	0.9999989967220474
1cc31b7b97da5200bc9eb8157396975e	d__Bacteria; p__Proteobacteria; c__Gammaproteobacteria; o__Vibrionales; f__Vibrionaceae; g__Vibrio; s__Vibrio_metschnikovii	0.9004863692138749
1d05283cbaa6d4b9ad130504383d1ed2	d__Bacteria; p__Acidobacteriota; c__Vicinamibacteria; o__Vicinamibacterales; f__uncultured; g__uncultured; s__uncultured_Acidobacteriaceae	0.76878221229215
1d25b398e450b536bde16117abdfc467	d__Bacteria; p__Acidobacteriota; c__Blastocatellia; o__Pyrinomonadales; f__Pyrinomonadaceae; g__RB41	0.9947696667015575
1d34fbf4cd4ed7b5eac83df99dc4e67b	d__Bacteria; p__Gemmatimonadota; c__Gemmatimonadetes; o__Gemmatimonadales; f__Gemmatimonadaceae; g__Gemmatimonas; s__uncultured_Gemmatimonas	0.7952107458503997
1d6fefbc82f80bd01f50d465a712dab2	d__Bacteria; p__Planctomycetota; c__Phycisphaerae; o__Phycisphaerales; f__Phycisphaeraceae; g__AKYG587; s__uncultured_bacterium	0.9997697500035656
1d7e81e732905cc344527416cfbe3557	d__Bacteria; p__Gemmatimonadota; c__Gemmatimonadetes; o__Gemmatimonadales; f__Gemmatimonadaceae; g__Gemmatimonas	0.7445875868079889
1d862019051738fadb50ce453ac51107	d__Bacteria; p__Acidobacteriota; c__Thermoanaerobaculia; o__Thermoanaerobaculales; f__Thermoanaerobaculaceae; g__Subgroup_10; s__uncultured_Bacteroidetes	0.9951233185637042
1d9220a880cf4b56d5454e1c4110918d	d__Bacteria; p__Bacteroidota; c__Bacteroidia; o__Sphingobacteriales; f__AKYH767; g__AKYH767; s__uncultured_bacterium	0.9386350386823265
1d9872c11642a55fa61fc0e881d3cd84	d__Bacteria; p__Proteobacteria; c__Alphaproteobacteria; o__Rhizobiales; f__Rhizobiaceae	0.9957940714373099
1d9cadbe329deefc048c5705645ba957	d__Bacteria; p__Acidobacteriota; c__Holophagae; o__Subgroup_7; f__Subgroup_7; g__Subgroup_7	0.9999999847684815
1da517ffb6c707d4c2cd318e03aba777	d__Bacteria; p__Gemmatimonadota; c__S0134_terrestrial_group; o__S0134_terrestrial_group; f__S0134_terrestrial_group; g__S0134_terrestrial_group; s__uncultured_bacterium	0.9359989339705249
1da6b904e7098d739d875b6aa4d1efe9	d__Bacteria; p__Elusimicrobiota; c__Lineage_IIa; o__Lineage_IIa; f__Lineage_IIa; g__Lineage_IIa; s__uncultured_bacterium	0.9982789364705505
1db53a43dda11cc90a4f52c29a8114a6	d__Bacteria; p__Acidobacteriota; c__Vicinamibacteria; o__Vicinamibacterales; f__Vicinamibacteraceae; g__Vicinamibacteraceae	0.9999411560835092
1dcc35bebbdf2c4ee23424172dd616fb	d__Bacteria; p__Proteobacteria; c__Alphaproteobacteria; o__Rickettsiales; f__Mitochondria; g__Mitochondria	0.9999999999995924
1ddb6bd54fd4d57d967cc2688513f58c	d__Bacteria; p__Proteobacteria; c__Alphaproteobacteria; o__uncultured; f__uncultured; g__uncultured	0.9820722301573823
1de78870ac5da832eb4f4937ab5022d8	d__Bacteria; p__Planctomycetota; c__OM190; o__OM190; f__OM190; g__OM190; s__uncultured_soil	0.9999298792590959
1de913791735fae29c7c686d579714ac	d__Bacteria; p__Proteobacteria; c__Gammaproteobacteria; o__Burkholderiales; f__SC-I-84; g__SC-I-84; s__uncultured_bacterium	0.8049617022832812
1ded916bcf996e286b1127d736e20e09	d__Bacteria; p__Bacteroidota; c__Kapabacteria; o__Kapabacteriales; f__Kapabacteriales; g__Kapabacteriales; s__uncultured_Chlorobiales	0.9974753636694244
1df1e7cb1a5a0cc2607858f322751b60	d__Bacteria; p__Planctomycetota; c__Planctomycetes; o__Gemmatales; f__Gemmataceae; g__uncultured	0.9438830208655695
1df423ec896d2cddf632b671eb77d3ac	d__Bacteria; p__Chloroflexi; c__Chloroflexia; o__Chloroflexales; f__Roseiflexaceae; g__uncultured; s__uncultured_bacterium	0.9495309934400906
1df8f971735e72c87b66d22ee8ff0c3b	d__Bacteria; p__Chloroflexi; c__JG30-KF-CM66; o__JG30-KF-CM66; f__JG30-KF-CM66; g__JG30-KF-CM66	0.9998863066580043
1dff9ac04a8d9685e39c9908d6b2cdb5	d__Bacteria; p__Patescibacteria; c__Saccharimonadia; o__Saccharimonadales; f__LWQ8; g__LWQ8; s__uncultured_soil	0.86761667815776
1e0c991b5dc500cd0c2f873fdc91e622	d__Bacteria; p__Patescibacteria; c__uncultured; o__uncultured; f__uncultured; g__uncultured; s__uncultured_bacterium	0.9999995908503634
1e0e89a3c7e0548bddedf98731943f13	d__Bacteria; p__Proteobacteria; c__Gammaproteobacteria; o__Oceanospirillales; f__Halomonadaceae; g__Halomonas	0.9999785047437675
1e1449f281da3a4be016b9df3ab95b2a	d__Bacteria; p__Acidobacteriota; c__Blastocatellia; o__Pyrinomonadales; f__Pyrinomonadaceae; g__RB41; s__uncultured_Acidobacteriales	0.8700940614968249
1e20fccdc58bad9b58f32fef77929ea2	d__Bacteria; p__Actinobacteriota; c__Thermoleophilia; o__Gaiellales; f__uncultured; g__uncultured	0.9991900158852111
1e2a4219229f100c2c1cc41c3a729160	d__Bacteria; p__Verrucomicrobiota; c__Verrucomicrobiae; o__Pedosphaerales; f__Pedosphaeraceae; g__Pedosphaeraceae	0.8480096889155074
1e49d5643bac0ae47decae089ea7c11d	d__Bacteria; p__Planctomycetota; c__OM190; o__OM190; f__OM190; g__OM190; s__metagenome	0.9720766650154501
1e6057f742324d5496250272f650e4b3	d__Bacteria; p__Verrucomicrobiota; c__Verrucomicrobiae; o__Verrucomicrobiales; f__Rubritaleaceae; g__Luteolibacter	0.9939720384332181
1e672d96b541859c35bc16816f49a62f	d__Bacteria; p__Verrucomicrobiota; c__Verrucomicrobiae; o__Verrucomicrobiales; f__Verrucomicrobiaceae; g__uncultured; s__uncultured_Verrucomicrobia	0.9366586109794417
1e6bc2dbd5fff2aead94ad89d49bb9ec	d__Bacteria; p__Proteobacteria; c__Gammaproteobacteria; o__Burkholderiales; f__Comamonadaceae; g__Ramlibacter	0.7547736043712248
1e7242a2ec5f299b5c15770a8539fdd8	d__Bacteria; p__Proteobacteria; c__Gammaproteobacteria; o__Burkholderiales; f__Comamonadaceae; g__Rhizobacter	0.9801783699586187
1e75f767b189627cd054351370879bc9	d__Bacteria; p__Actinobacteriota; c__Acidimicrobiia; o__IMCC26256; f__IMCC26256; g__IMCC26256; s__uncultured_actinobacterium	0.8753869587683835
1e76c41d5f3fe94f65ae7feccacc251e	d__Bacteria; p__Actinobacteriota; c__Acidimicrobiia; o__Microtrichales; f__uncultured; g__uncultured; s__uncultured_Acidimicrobiia	0.8761708334700493
1e7874c79469101333eaa4afc677af53	d__Bacteria; p__Acidobacteriota; c__Holophagae; o__Subgroup_7; f__Subgroup_7; g__Subgroup_7; s__uncultured_Acidobacterium	0.760449798433079
1e78d8589610d19c009c1e8e74dcd5d1	d__Bacteria; p__Patescibacteria; c__Saccharimonadia; o__Saccharimonadales; f__Saccharimonadales; g__Saccharimonadales	0.8076336583756282
1e97a0bd7df58beece23665a9147db0c	d__Bacteria; p__Actinobacteriota; c__Actinobacteria; o__Micrococcales; f__Microbacteriaceae; g__Agromyces	0.9710543774901997
1ea69634dbdb0f23e492b85f45b51e3e	d__Bacteria; p__Proteobacteria; c__Gammaproteobacteria; o__Pseudomonadales; f__Pseudomonadaceae; g__Pseudomonas	0.9984223444136632
1ea981b1e83e3d537c98634cbf710394	d__Bacteria; p__Acidobacteriota; c__Vicinamibacteria; o__Subgroup_9; f__Subgroup_9; g__Subgroup_9; s__uncultured_bacterium	0.9974965855302513
1ec7d98ce24dfa00ee169d68714072f2	d__Bacteria; p__Acidobacteriota; c__Vicinamibacteria; o__Vicinamibacterales; f__uncultured; g__uncultured	0.9766780205080832
1ed2cdf5082e5feac7bece58dcf33ccd	d__Bacteria; p__Chloroflexi; c__Chloroflexia; o__Thermomicrobiales; f__AKYG1722; g__AKYG1722	0.9999998229966736
1ee210cfa0eb64360df3b2ab225ab709	d__Bacteria; p__Planctomycetota; c__Planctomycetes; o__Gemmatales; f__Gemmataceae; g__uncultured	0.9670299058954682
1eeed3d9e7d34a5f104f8b39c799d523	d__Bacteria; p__Planctomycetota; c__Planctomycetes; o__Gemmatales; f__Gemmataceae; g__uncultured; s__uncultured_bacterium	0.750884902975592
1f0434634f7abf6df73f5a94918fe1c4	d__Bacteria; p__Proteobacteria; c__Gammaproteobacteria; o__Pseudomonadales; f__Pseudomonadaceae; g__Pseudomonas	0.9989201041273226
1f06c9fdfa0b22197f8c7b6064f7c700	d__Bacteria; p__Firmicutes; c__Clostridia; o__Proteinivoracales	0.9999947427906486
1f12464e4de7038afec6b12514474dd3	d__Bacteria; p__Acidobacteriota; c__Subgroup_5; o__Subgroup_5; f__Subgroup_5; g__Subgroup_5; s__uncultured_bacterium	0.9990811791306546
1f127f7ef074516b7c35341aa495e35b	d__Bacteria; p__Actinobacteriota; c__Actinobacteria; o__Micromonosporales; f__Micromonosporaceae; g__Virgisporangium	0.9301419470953636
1f12b97495668f1fc378a349546d1806	d__Bacteria; p__Actinobacteriota; c__Actinobacteria	0.9996159012272859
1f1974128b4a142591edc36b67659420	d__Bacteria; p__Cyanobacteria; c__Cyanobacteriia; o__Chloroplast; f__Chloroplast; g__Chloroplast; s__Chloroplast_expression	0.9062960446034075
1f22bf09f9eda39239ea4cdccc4cacba	d__Bacteria; p__Verrucomicrobiota; c__Verrucomicrobiae; o__Pedosphaerales; f__Pedosphaeraceae; g__Ellin517	0.801169890739917
1f24ac4dfdc48d8b711786af179dcafc	d__Bacteria; p__Acidobacteriota; c__Blastocatellia; o__Pyrinomonadales; f__Pyrinomonadaceae; g__RB41; s__uncultured_Acidobacteriaceae	0.8304411371350123
1f24ac5b342cba0ee4d12c056badc06f	d__Bacteria; p__Verrucomicrobiota; c__Verrucomicrobiae; o__Verrucomicrobiales; f__Verrucomicrobiaceae; g__Prosthecobacter	0.7797528822511979
1f3ff6a2aa2f786fe65cec5e74a6f6f8	d__Bacteria; p__Planctomycetota; c__Planctomycetes; o__Pirellulales; f__Pirellulaceae; g__uncultured; s__uncultured_bacterium	0.8724175049769047
1f5025eeff0b2734a9ae6fdcb994fdc5	d__Bacteria; p__Proteobacteria; c__Alphaproteobacteria; o__Rhizobiales; f__Beijerinckiaceae; g__Methylobacterium-Methylorubrum	0.9829485812339729
1f59de44ba68964191e6738913b71aba	d__Bacteria; p__Myxococcota; c__Myxococcia; o__Myxococcales; f__Myxococcaceae; g__P3OB-42; s__uncultured_delta	0.9527026103152935
1f5eb51be02198ec44fe89e3cd6f7a23	d__Bacteria; p__Acidobacteriota; c__Vicinamibacteria; o__Vicinamibacterales; f__uncultured; g__uncultured	0.9999321893845261
1f6eb2d22eea082c886bac800567359f	d__Bacteria; p__Verrucomicrobiota; c__Verrucomicrobiae; o__Pedosphaerales; f__Pedosphaeraceae; g__Pedosphaeraceae; s__uncultured_soil	0.9457455594119445
1f7f99d0f21896d297cbd3b2082e39e9	d__Bacteria; p__Actinobacteriota; c__Actinobacteria; o__Pseudonocardiales; f__Pseudonocardiaceae; g__Actinophytocola	0.8585520460675496
1f816d773fa136469123503b6a62c3a8	d__Bacteria; p__Acidobacteriota; c__Thermoanaerobaculia; o__Thermoanaerobaculales; f__Thermoanaerobaculaceae; g__Subgroup_10	0.999998825787896
1f8d3b4d67027acb7e48d68bcf5a9d61	d__Bacteria; p__Actinobacteriota; c__Thermoleophilia; o__Solirubrobacterales; f__Solirubrobacteraceae	0.9738026176093553
1faef0f6ab754ad5ee6d56d0973eae10	d__Bacteria; p__Actinobacteriota; c__Thermoleophilia; o__Solirubrobacterales; f__67-14; g__67-14	0.8984737245953246
1fb378c3e62ac498197a00c10812c310	d__Bacteria; p__Bdellovibrionota; c__Bdellovibrionia; o__Bdellovibrionales; f__Bdellovibrionaceae; g__Bdellovibrio; s__Bdellovibrio_bacteriovorus	0.8159120641466837
1fb50d8ed923e0a3525b3c61cbc012fb	d__Bacteria; p__Proteobacteria; c__Gammaproteobacteria; o__Enterobacterales; f__Erwiniaceae; g__Pantoea	0.7290188759644299
1fba13e33e37b4a2303cd804306e7b4d	d__Bacteria; p__Verrucomicrobiota; c__Verrucomicrobiae; o__Pedosphaerales; f__Pedosphaeraceae; g__Ellin517; s__uncultured_bacterium	0.9984767671863423
1fcbf0fb6032e569dec622d0afc6c7b6	d__Bacteria; p__Proteobacteria; c__Gammaproteobacteria; o__Burkholderiales; f__Oxalobacteraceae	0.9766132385879359
1fcd96136feaac2194a3519f8f51be77	d__Bacteria; p__Firmicutes; c__Clostridia; o__Thermincolales; f__Thermincolaceae; g__Thermincola; s__uncultured_eubacterium	0.8009684757856476
1fcfe0b6eca419637d441f90bf19a566	d__Bacteria; p__Bacteroidota; c__SJA-28; o__SJA-28; f__SJA-28; g__SJA-28; s__metagenome	0.9885551190265335
1fd4d4f2ff39b5a55d2a04fe1793172c	d__Bacteria; p__Patescibacteria; c__Saccharimonadia; o__Saccharimonadales; f__Saccharimonadales; g__Saccharimonadales	0.9994717198161919
1fe722629d29014178c0ebe6ac5f8b9c	d__Bacteria; p__Proteobacteria; c__Alphaproteobacteria; o__Rhizobiales; f__uncultured; g__uncultured	0.9636767585224439
1fed8b605e08074c0fb84cfed4aaf45b	d__Bacteria; p__Myxococcota; c__Polyangia; o__Polyangiales; f__Polyangiaceae; g__Sorangium	0.8449132509327033
1ff67875305f8d05565f839bc9bc5f3c	d__Bacteria; p__Actinobacteriota; c__Actinobacteria; o__Propionibacteriales; f__Nocardioidaceae; g__Nocardioides	0.9985809075385581
1ff83868d1c9ecf52d9b776e0b3fd896	d__Bacteria; p__Chloroflexi; c__Chloroflexia; o__Chloroflexales; f__Herpetosiphonaceae; g__Herpetosiphon; s__uncultured_bacterium	0.995697787446047
1ff8e9d1bf0cf3230675f6f497e82926	d__Bacteria; p__Cyanobacteria; c__Vampirivibrionia; o__Obscuribacterales; f__Obscuribacteraceae; g__Obscuribacteraceae; s__bioreactor_metagenome	0.7479708194390502
20032b2b586fee22805eccebe3059170	d__Bacteria; p__Actinobacteriota; c__Actinobacteria; o__Micromonosporales; f__Micromonosporaceae	0.9999785514244581
2003bb6bfe60a48c49e4c6eee14681b7	d__Bacteria; p__Acidobacteriota; c__Thermoanaerobaculia; o__Thermoanaerobaculales; f__Thermoanaerobaculaceae; g__Subgroup_10; s__uncultured_Holophaga	0.8951488831935842
2008ab609088957086d52c38c0c7e8b2	d__Bacteria; p__Chloroflexi; c__KD4-96; o__KD4-96; f__KD4-96; g__KD4-96; s__uncultured_bacterium	0.9884617610889039
2011595b04fe8c8cb30fa59fd1647524	d__Bacteria; p__Cyanobacteria; c__Sericytochromatia; o__Sericytochromatia; f__Sericytochromatia; g__Sericytochromatia	0.9999919360435513
2022e919a8aa742b56fdb54c31cf1ff1	d__Bacteria; p__Myxococcota; c__Polyangia; o__Haliangiales; f__Haliangiaceae; g__Haliangium	0.999959454939736
2023f49b189a95e72d35043e761429be	d__Bacteria; p__Acidobacteriota; c__Holophagae; o__Subgroup_7; f__Subgroup_7; g__Subgroup_7; s__uncultured_soil	0.9096192872983185
202416b017ab6fcc13cf6d4462d521d5	d__Bacteria; p__Chloroflexi; c__Anaerolineae; o__SBR1031; f__A4b; g__A4b; s__uncultured_soil	0.8698418394998645
2027ba04a5c46195c36aff9418230b4d	d__Bacteria; p__Proteobacteria; c__Alphaproteobacteria; o__Rhizobiales; f__Beijerinckiaceae; g__Bosea	0.9185175869683895
2027d3e90ccc4003f1954322e99db6a9	d__Bacteria; p__Proteobacteria; c__Gammaproteobacteria; o__Xanthomonadales; f__Xanthomonadaceae; g__Arenimonas	0.9730159608607657
203aa2535e54a11e4c48af4ab946686b	d__Bacteria; p__Bacteroidota; c__Rhodothermia; o__Rhodothermales; f__Rhodothermaceae; g__Rhodothermaceae; s__uncultured_Bacteroidetes	0.9985800445335722
20480897c1acafe0faeea02893608438	d__Bacteria; p__Planctomycetota; c__Planctomycetes; o__Pirellulales; f__Pirellulaceae; g__Pir4_lineage; s__uncultured_bacterium	0.9816043909475483
20510e8b45fcd9b1940967bb662afe64	d__Bacteria; p__Gemmatimonadota; c__Gemmatimonadetes; o__Gemmatimonadales; f__Gemmatimonadaceae; g__Gemmatimonas	0.9999518670229304
205251f5913358a14095ed97b2038fce	d__Bacteria; p__Bacteroidota; c__Bacteroidia; o__Sphingobacteriales; f__Sphingobacteriaceae; g__Sphingobacterium; s__Sphingobacterium_alimentarium	0.7887858267166408
2053ca10dd715eab56b3fb2a11994901	d__Bacteria; p__Actinobacteriota; c__Actinobacteria; o__Propionibacteriales; f__Nocardioidaceae; g__Nocardioides	0.9995777517475842
205ec517881676714229f10ab0196b4f	d__Bacteria; p__Acidobacteriota; c__Holophagae; o__Subgroup_7; f__Subgroup_7; g__Subgroup_7	0.9999998871733138
2063813f2b87a1ce6aeb780a21deabda	d__Bacteria; p__Proteobacteria; c__Alphaproteobacteria	0.9999095207124171
2070c964892830420dd51d8332178b42	d__Bacteria; p__Planctomycetota; c__Planctomycetes; o__Gemmatales; f__Gemmataceae; g__uncultured; s__uncultured_bacterium	0.934730015654831
20af586bd8af3060fca6cbfe8ed02103	d__Bacteria; p__Bacteroidota; c__Bacteroidia; o__Flavobacteriales; f__Flavobacteriaceae; g__Flavobacterium	0.9999629642999783
20c1c0b970842b66603275eaa527c763	d__Bacteria; p__Bacteroidota; c__Bacteroidia; o__Cytophagales; f__Microscillaceae; g__uncultured; s__uncultured_Bacteroidetes	0.7111610434887012
20deff425af671811704a588ce3cae69	d__Bacteria; p__Bacteroidota; c__Bacteroidia; o__Cytophagales; f__Hymenobacteraceae; g__Adhaeribacter; s__uncultured_soil	0.7414308382738722
20e37c050bf2253de04492c760217959	d__Bacteria; p__Planctomycetota; c__Phycisphaerae; o__Phycisphaerales; f__Phycisphaeraceae; g__AKYG587; s__uncultured_bacterium	0.9960142602375818
20e6342f29cf654a971cda75a01f2212	d__Bacteria; p__Proteobacteria; c__Gammaproteobacteria; o__Burkholderiales; f__Comamonadaceae; g__Variovorax	0.8751344518793059
20ebdf41c24b042a88cacbb495b24a01	d__Bacteria; p__Actinobacteriota; c__Acidimicrobiia; o__Actinomarinales; f__uncultured; g__uncultured	0.9872261623791327
20f66b0d2f738a29472147cf3e26861f	d__Bacteria; p__Bacteroidota; c__Bacteroidia; o__Flavobacteriales; f__Weeksellaceae; g__Chryseobacterium	0.9347287645340818
20fa36652f8a9e16c938d64da55958db	d__Bacteria; p__Bdellovibrionota; c__Bdellovibrionia; o__Bdellovibrionales; f__Bdellovibrionaceae; g__Bdellovibrio; s__uncultured_bacterium	0.9643326664745532
211acfdbc1e54dffc4f48db3fa5e52ad	d__Bacteria; p__Planctomycetota; c__Planctomycetes; o__Pirellulales; f__Pirellulaceae; g__Pir4_lineage	0.9772858745405619
212777a3d5697036472d6030b1f089e5	d__Bacteria; p__Acidobacteriota; c__Vicinamibacteria; o__Vicinamibacterales; f__uncultured; g__uncultured	0.9998813322277643
212ea03e94c4ecc2d9d1e454e3881f65	d__Bacteria; p__Actinobacteriota; c__Actinobacteria; o__Propionibacteriales; f__Nocardioidaceae; g__Kribbella	0.9317742998495835
213227f244d97553a9a14c4e3fd04c98	d__Bacteria; p__Bacteroidota; c__Bacteroidia; o__Bacteroidales; f__Prolixibacteraceae; g__WCHB1-32	0.9990710807769987
213a3991d4c76af6c665728699101cc2	d__Bacteria; p__Acidobacteriota; c__Subgroup_22; o__Subgroup_22; f__Subgroup_22; g__Subgroup_22; s__uncultured_bacterium	0.7948206140989662
214797bbb65a91bd3a4d66566b28d903	d__Bacteria; p__Bacteroidota; c__SJA-28; o__SJA-28; f__SJA-28; g__SJA-28; s__metagenome	0.9424590526601606
21737bcb4de96beeb2b4854773a2d7bb	d__Bacteria; p__Nitrospirota; c__Nitrospiria; o__Nitrospirales; f__Nitrospiraceae; g__Nitrospira	0.9999999998627399
218220225d49408e7d3432cc0658a5e1	d__Bacteria; p__Cyanobacteria; c__Sericytochromatia; o__Sericytochromatia; f__Sericytochromatia; g__Sericytochromatia	0.9999813804327295
2199f7594a2b242e2d1a923781388aae	d__Bacteria; p__Verrucomicrobiota; c__Verrucomicrobiae; o__Pedosphaerales; f__Pedosphaeraceae; g__Pedosphaeraceae	0.744304753786722
21a5132f36b20902123d7d9dc85a762b	d__Bacteria; p__Planctomycetota; c__Planctomycetes; o__Planctomycetales; f__uncultured; g__uncultured	0.9967694564665572
21aa60aed76d02116a228c8c74409a89	d__Bacteria; p__Gemmatimonadota; c__Gemmatimonadetes; o__Gemmatimonadales; f__Gemmatimonadaceae; g__Gemmatimonas; s__uncultured_bacterium	0.7921764506899766
21ad1cd57a4dfd64e7462500face3e3a	d__Bacteria; p__Planctomycetota; c__Planctomycetes; o__Pirellulales; f__Pirellulaceae; g__uncultured; s__metagenome	0.9602666699726116
21bc2cbac69d0f0a5dcdd3a3efd3d1c5	d__Bacteria; p__Desulfobacterota; c__uncultured; o__uncultured; f__uncultured; g__uncultured	0.9983731384251943
21c183d0f968275b1f8f029546fd667a	d__Bacteria; p__Methylomirabilota; c__Methylomirabilia; o__Rokubacteriales; f__Rokubacteriales; g__Rokubacteriales; s__uncultured_bacterium	0.9859270833331707
21c1c5e1b7eea47f38b5a9cc5bf8cb3d	d__Bacteria; p__Acidobacteriota; c__Vicinamibacteria; o__Vicinamibacterales; f__uncultured; g__uncultured; s__uncultured_Acidobacteria	0.7869830831569956
21c3f66002947c47d555eb1dc3a72e49	d__Bacteria; p__Myxococcota; c__Polyangia; o__Polyangiales; f__Sandaracinaceae; g__Sandaracinus	0.9997752197014488
21f818a65c6162b7b7b270cea1773a6b	d__Bacteria; p__Verrucomicrobiota; c__Verrucomicrobiae; o__Opitutales; f__Opitutaceae; g__uncultured; s__metagenome	0.9345677741082461
21fda6c0a1568b7b7b378592aae7b672	d__Bacteria; p__Myxococcota; c__bacteriap25; o__bacteriap25; f__bacteriap25; g__bacteriap25; s__metagenome	0.9498845155296236
2201aafc5ba50d0eeb66628f594037d8	d__Bacteria; p__Chloroflexi; c__KD4-96; o__KD4-96; f__KD4-96; g__KD4-96	0.9999967788621928
220db2df1b1dd5ac031ffb1c9db32766	d__Bacteria; p__Acidobacteriota; c__Vicinamibacteria; o__Vicinamibacterales; f__Vicinamibacteraceae; g__Vicinamibacteraceae	0.999983425969424
221b9e65d3a9847197f3e110c483e5b6	d__Bacteria; p__Firmicutes; c__Bacilli; o__Bacillales; f__Bacillaceae; g__Alkalibacillus	0.9989090711364194
222418be86e57fdb4307f591c3471854	d__Bacteria; p__Planctomycetota; c__Planctomycetes; o__Isosphaerales; f__Isosphaeraceae; g__uncultured; s__uncultured_bacterium	0.7452124638544874
22341c3f52dfc6cb0ed61c633039f40b	d__Bacteria; p__Proteobacteria; c__Gammaproteobacteria; o__Burkholderiales; f__TRA3-20; g__TRA3-20	0.9855852219798488
2239f5d9257cc6559cba09df93525f9f	d__Bacteria; p__Hydrogenedentes; c__Hydrogenedentia; o__Hydrogenedentiales; f__Hydrogenedensaceae	0.999999771079917
22534cf60ee19ff880e2f772c54a0168	d__Bacteria; p__Proteobacteria; c__Gammaproteobacteria; o__Burkholderiales; f__SC-I-84; g__SC-I-84; s__uncultured_bacterium	0.902841976696508
2254a8d37cf537b1e35097d70b6ac91b	d__Bacteria; p__Proteobacteria; c__Gammaproteobacteria; o__Xanthomonadales; f__Xanthomonadaceae; g__Pseudoxanthomonas	0.968094165899569
226f7f1ed5819c852f318ae912c62608	d__Bacteria; p__Proteobacteria; c__Gammaproteobacteria; o__Pseudomonadales; f__Pseudomonadaceae; g__Pseudomonas	0.9995449561030303
22a99017a69b811422e27806ade38c8a	d__Bacteria; p__Actinobacteriota; c__MB-A2-108; o__MB-A2-108; f__MB-A2-108; g__MB-A2-108; s__uncultured_bacterium	0.8986983921596513
22bb95804a0d4df5a17111111fcac324	d__Bacteria; p__Bacteroidota; c__Bacteroidia; o__Cytophagales; f__Microscillaceae; g__uncultured; s__uncultured_bacterium	0.8012482104002031
22bf607ecd5de1e1f81cbda65f51fada	d__Bacteria; p__Bacteroidota; c__Kapabacteria; o__Kapabacteriales; f__Kapabacteriales; g__Kapabacteriales; s__uncultured_Chlorobiales	0.9922285758759639
22c27714c5f3db489239251c72d2fc78	d__Bacteria; p__Actinobacteriota; c__Thermoleophilia; o__Solirubrobacterales; f__67-14; g__67-14	0.9967675152264294
22e3cc17f78694e6b93829af1436a1e3	d__Bacteria; p__Chloroflexi; c__TK10; o__TK10; f__TK10; g__TK10; s__uncultured_Chloroflexi	0.7668524738812419
22e51411c370e1250f67f3525b0b16e1	d__Bacteria; p__Verrucomicrobiota; c__Chlamydiae; o__Chlamydiales; f__Chlamydiaceae; g__Chlamydia	0.9999979809826085
22e65f27b1c989ddcb05151bb4b83ed3	d__Bacteria; p__Gemmatimonadota; c__Longimicrobia; o__Longimicrobiales; f__Longimicrobiaceae; g__YC-ZSS-LKJ147; s__uncultured_bacterium	0.7080504963791306
22f0c1f7de6de5c93e95557af3da0162	d__Bacteria; p__Patescibacteria; c__Parcubacteria; o__Candidatus_Kaiserbacteria; f__Candidatus_Kaiserbacteria; g__Candidatus_Kaiserbacteria	0.9999987543093745
22f1fed5e9ca6717d8131dfe5be632a1	d__Bacteria; p__Acidobacteriota; c__Vicinamibacteria; o__Vicinamibacterales; f__uncultured; g__uncultured	0.9990525937806779
22f95058177e928a2453c45fa1c14f4f	d__Bacteria; p__Verrucomicrobiota; c__Verrucomicrobiae; o__Pedosphaerales; f__Pedosphaeraceae; g__Ellin517; s__metagenome	0.9686477467977651
22fba850115dd415bc0556cdef6dc577	d__Bacteria; p__Proteobacteria; c__Alphaproteobacteria; o__Rhizobiales; f__Rhizobiaceae; g__Allorhizobium-Neorhizobium-Pararhizobium-Rhizobium	0.8834294402590366
2301e7bbf3606d325ca0276f2e91cfb5	d__Bacteria; p__Proteobacteria; c__Gammaproteobacteria; o__Burkholderiales; f__TRA3-20; g__TRA3-20; s__uncultured_Nitrosomonadales	0.9617773805242542
231cd7ab54bd6e34fcc9c84e3dab77c9	d__Bacteria; p__Planctomycetota; c__Phycisphaerae; o__CCM11a; f__CCM11a; g__CCM11a	0.9999990878092793
23273a0bd0c64c0e3dca7d3de076a322	d__Bacteria; p__Firmicutes; c__Clostridia; o__Clostridia; f__Gracilibacteraceae	0.9997086769717343
23382b0f72a6644ce97231c52c5dff76	d__Bacteria; p__Acidobacteriota; c__Vicinamibacteria; o__Vicinamibacterales; f__uncultured; g__uncultured	0.9992486188859501
233962c2da963a16e071830ec678c716	d__Bacteria; p__Chloroflexi; c__Chloroflexia; o__Thermomicrobiales; f__JG30-KF-CM45; g__JG30-KF-CM45; s__uncultured_Thermomicrobia	0.9305998386911132
233a260ff65219c0096507b4bbc9fd9c	d__Bacteria; p__Proteobacteria; c__Gammaproteobacteria; o__Xanthomonadales; f__Xanthomonadaceae; g__Lysobacter	0.9878170872479017
233b5ad3ff4415a4f6a596e17c2f76c0	d__Bacteria; p__Bacteroidota; c__Bacteroidia; o__Sphingobacteriales; f__Sphingobacteriaceae; g__Pedobacter	0.9984926550672508
233d5b5d6a4fa0e1940feb60fe711679	d__Bacteria; p__Bacteroidota; c__SJA-28; o__SJA-28; f__SJA-28; g__SJA-28; s__uncultured_bacterium	0.7559995311049184
23454c0f70383edd8556025dc2d2c507	d__Bacteria; p__Myxococcota; c__Polyangia; o__Nannocystales; f__Nannocystaceae	0.9999771984301813
234e15e82d64f2e1d61802fa8ea1998a	d__Bacteria; p__Firmicutes; c__Clostridia; o__Clostridiales; f__Clostridiaceae; g__Clostridium_sensu_stricto_10	0.7543075181553572
2365d893244ace8d33868b2159db031c	d__Bacteria; p__Acidobacteriota; c__Vicinamibacteria; o__Vicinamibacterales; f__Vicinamibacteraceae; g__Luteitalea; s__uncultured_Acidobacteria	0.9946705099401558
237507c95689632a2a80d47565e44cff	d__Bacteria; p__Firmicutes; c__Bacilli; o__Bacillales; f__Bacillaceae; g__Bacillus	0.9340157410793833
237c99e5c359455b8475e4d2a34cd655	d__Bacteria; p__Acidobacteriota; c__Thermoanaerobaculia; o__Thermoanaerobaculales; f__Thermoanaerobaculaceae; g__Subgroup_10	0.9999993239664884
23917b938c2799df7027181d5c2b0206	d__Bacteria; p__Firmicutes	0.7941128298682226
239473c0e72bf116405bd5a96fbdad0e	d__Bacteria; p__Acidobacteriota; c__Vicinamibacteria; o__Vicinamibacterales; f__uncultured; g__uncultured	0.9883489863019915
23a6def3f9e5b6563f28fb1e5a09be33	d__Bacteria; p__Planctomycetota; c__Planctomycetes; o__Pirellulales; f__Pirellulaceae; g__uncultured; s__metagenome	0.8813326824489859
23b525c74276d8cd4c16c88f77fc2b41	d__Bacteria; p__Planctomycetota; c__Planctomycetes; o__Pirellulales; f__Pirellulaceae	0.9950858221547226
23baeaa64b24f581a5327f8face94a67	d__Bacteria; p__Actinobacteriota; c__Actinobacteria; o__Propionibacteriales; f__Nocardioidaceae; g__Nocardioides	0.9860710165875661
23bc151eb903b74a02a58f7ac1980276	d__Bacteria; p__Bacteroidota; c__Bacteroidia; o__Flavobacteriales; f__Weeksellaceae; g__Chryseobacterium	0.9999348184522264
23ca5095991969c1e4d17222765f53dc	d__Bacteria; p__Actinobacteriota; c__Acidimicrobiia; o__Actinomarinales; f__uncultured; g__uncultured; s__uncultured_Actinomycetales	0.8639216715434948
23dc5790f9c4b6f37b8e707d02dc17db	d__Bacteria; p__Acidobacteriota; c__AT-s3-28; o__AT-s3-28; f__AT-s3-28; g__AT-s3-28; s__uncultured_Acidobacteriaceae	0.9597875616975073
23e9bd6b2112e9c99dcebed5acb622aa	d__Bacteria; p__Firmicutes; c__Bacilli; o__Lactobacillales; f__Carnobacteriaceae; g__Granulicatella	0.8345626649391856
2401109b7d7fb3570d5a131533a6b325	d__Bacteria; p__Planctomycetota; c__Planctomycetes; o__Planctomycetales; f__uncultured; g__uncultured; s__uncultured_bacterium	0.8849484890379479
241190ad431a2b2dc3b4d269ea920593	d__Bacteria; p__Cyanobacteria; c__Cyanobacteriia; o__Cyanobacteriales; f__Nostocaceae; g__Nostoc_PCC-73102	0.7448803235570473
242f02b273ac39bc55c9ba6e1669f1db	d__Bacteria; p__Acidobacteriota; c__Vicinamibacteria; o__Vicinamibacterales; f__uncultured; g__uncultured	0.9995068589671147
2430395f8e4bdbff0ac95c3cc2a2aea6	d__Bacteria; p__Actinobacteriota; c__Actinobacteria; o__Streptosporangiales; f__Nocardiopsaceae; g__Nocardiopsis; s__Nocardiopsis_prasina	0.9066404183855329
2430b1a1f0e5966477b712a3adb063c3	d__Bacteria; p__Chloroflexi; c__Anaerolineae; o__SBR1031; f__SBR1031; g__SBR1031; s__uncultured_bacterium	0.9371499871330659
2430da0583b7129b20b7803df28a817f	d__Bacteria; p__Verrucomicrobiota; c__Verrucomicrobiae; o__Opitutales; f__Opitutaceae; g__Opitutus; s__Verrucomicrobia_bacterium	0.7324766491326482
2437a49727ffc47cb5df69bb5bc706dc	d__Bacteria; p__Verrucomicrobiota; c__Verrucomicrobiae; o__Pedosphaerales; f__Pedosphaeraceae; g__Pedosphaeraceae; s__uncultured_soil	0.9900543476437791
243b45f510b740db8f888e905dc3b9f5	d__Bacteria; p__Proteobacteria; c__Gammaproteobacteria; o__Burkholderiales; f__Nitrosomonadaceae; g__Ellin6067	0.9997201164433651
244a07751f01af2bce636fdbc49aede8	d__Bacteria; p__Planctomycetota; c__Phycisphaerae; o__Tepidisphaerales; f__WD2101_soil_group; g__WD2101_soil_group	0.9999970728276836
245055c65cf38dde35b2f8e281bc31a5	d__Bacteria; p__Actinobacteriota; c__Acidimicrobiia; o__uncultured; f__uncultured; g__uncultured; s__uncultured_Acidimicrobiia	0.9645454489707918
2482ec4e0883dd9d3984aa925427957d	d__Bacteria; p__Acidobacteriota; c__Vicinamibacteria; o__Vicinamibacterales; f__uncultured; g__uncultured; s__uncultured_Acidobacteriaceae	0.9616279254692298
24975e701242d7f4ed4130174ba59bc6	d__Bacteria; p__Actinobacteriota; c__Acidimicrobiia; o__Microtrichales; f__Iamiaceae; g__Iamia	0.9708926588768907
249a9a0de52fbe3b5582114db4f6d917	d__Bacteria; p__Planctomycetota; c__Planctomycetes; o__Pirellulales; f__Pirellulaceae	0.9999847540742024
249f456600e95abc0487961f683597d0	d__Bacteria; p__Abditibacteriota; c__Abditibacteria; o__Abditibacteriales; f__Abditibacteriaceae; g__Abditibacterium	0.9999998542316175
24a65f0c7d254506a7f3b5f4f3395c06	d__Bacteria; p__WS2; c__WS2; o__WS2; f__WS2; g__WS2; s__uncultured_soil	0.9921316894226665
24adf2a22953349494d7be5c1642711d	d__Bacteria; p__Cyanobacteria; c__Cyanobacteriia; o__Chloroplast; f__Chloroplast; g__Chloroplast; s__Chloroplast_expression	0.9013882140982185
24b73a1698f18692f5e953a69ed0d8c0	d__Bacteria; p__Acidobacteriota; c__Vicinamibacteria; o__Vicinamibacterales; f__uncultured; g__uncultured; s__uncultured_Acidobacteria	0.849968911037249
24bc5fda618a8b224dbaefb052f34481	d__Bacteria; p__Firmicutes; c__Symbiobacteriia; o__Symbiobacteriales; f__Symbiobacteraceae; g__uncultured	0.9796002154037204
24be0b7e4c85ac53b09fddbca916ab96	d__Bacteria; p__Bacteroidota; c__Bacteroidia; o__Sphingobacteriales; f__Sphingobacteriaceae; g__Pedobacter	0.8737482451535243
24c0dd295e9183c31b3695afc346418b	d__Bacteria; p__Planctomycetota; c__Planctomycetes; o__Pirellulales; f__Pirellulaceae; g__Pir4_lineage; s__uncultured_soil	0.9143405905069372
24c709a2446d1193fb7266e74b088354	d__Bacteria; p__Verrucomicrobiota; c__Verrucomicrobiae; o__Opitutales; f__Opitutaceae; g__Opitutus	0.7839554765925917
24ce3badda736f8d2d51f4d28c5fc842	d__Bacteria; p__Myxococcota; c__Polyangia; o__Nannocystales; f__Nannocystaceae; g__Nannocystis	0.9996088235229541
24cff7e2b65a59503a0656c850e21e17	d__Bacteria; p__Acidobacteriota; c__Thermoanaerobaculia; o__Thermoanaerobaculales; f__Thermoanaerobaculaceae; g__Subgroup_10; s__uncultured_Bacteroidetes	0.8999711288082939
24dd4d9d32ef5fbd93a9d19d66b48120	d__Bacteria; p__Proteobacteria; c__Gammaproteobacteria; o__Alteromonadales; f__Alteromonadaceae; g__Alishewanella; s__uncultured_bacterium	0.9187150710814908
24df2f1cf4240e154dcd81da5eb5bbfe	d__Bacteria; p__Chloroflexi; c__Ktedonobacteria; o__C0119; f__C0119; g__C0119; s__uncultured_bacterium	0.9543270847381208
24e3737493e4eefbfa7a230a325e0356	d__Bacteria; p__Myxococcota; c__Polyangia; o__Haliangiales; f__Haliangiaceae; g__Haliangium	0.999917239746001
24eae96e12d538580cbeee4ab755a129	d__Bacteria; p__Entotheonellaeota; c__Entotheonellia; o__Entotheonellales; f__Entotheonellaceae; g__Entotheonellaceae	0.9989105394749086
24f05601d1fb49094c34154a60c017a4	d__Bacteria; p__Actinobacteriota; c__MB-A2-108; o__MB-A2-108; f__MB-A2-108; g__MB-A2-108	0.9195398395382557
24f84513cb66c0024d699cbb4480137a	d__Bacteria; p__Myxococcota; c__Polyangia; o__Polyangiales; f__BIrii41; g__BIrii41	0.9811072395737616
25081a20770cdd0695cf0229b373a8da	d__Bacteria; p__Firmicutes; c__Bacilli; o__Paenibacillales; f__Paenibacillaceae; g__Paenibacillus	0.9951034963307106
250fbda074e3132ca694a4db711068fa	d__Bacteria; p__Bdellovibrionota; c__Oligoflexia; o__Oligoflexales; f__uncultured; g__uncultured	0.9998774588683211
2517fb0c70635e8d4a2d59f6a4eefab5	d__Bacteria; p__Actinobacteriota; c__Actinobacteria; o__Propionibacteriales; f__Nocardioidaceae; g__Nocardioides	0.999662322665417
251e46a2be80e7bde787ba0b13b353db	d__Bacteria; p__Bacteroidota; c__Bacteroidia; o__Cytophagales; f__Hymenobacteraceae	0.700321568070628
252c4641ea92db1679b9e9ed45f59fb6	d__Bacteria; p__Planctomycetota; c__Planctomycetes; o__Planctomycetales	0.9984043221073753
2533df048f78010c66d71c69bcf65472	d__Bacteria; p__Bacteroidota; c__Bacteroidia; o__Bacteroidales; f__Prolixibacteraceae; g__WCHB1-32; s__uncultured_soil	0.9764587972355833
2538c2e0f7b1a060dbc111995fd633b4	d__Bacteria; p__Verrucomicrobiota; c__Verrucomicrobiae; o__Pedosphaerales; f__Pedosphaeraceae; g__Pedosphaeraceae	0.8980932068040169
2541c3934f245e348159bbf9ea8f690d	d__Bacteria; p__Myxococcota; c__bacteriap25; o__bacteriap25; f__bacteriap25; g__bacteriap25	0.7796560268430581
2545597a0dcc307ae6db381884efb03e	d__Bacteria; p__Methylomirabilota; c__Methylomirabilia; o__Rokubacteriales; f__Rokubacteriales; g__Rokubacteriales; s__uncultured_bacterium	0.7638042237447397
2548dc9697e1f9afe04a9012f40e2f0a	d__Bacteria; p__Proteobacteria; c__Alphaproteobacteria; o__Rhodobacterales; f__Rhodobacteraceae; g__Pseudorhodobacter	0.7768380715464516
255c162414e8c7ff4d81137dffdae672	d__Bacteria; p__Acidobacteriota; c__Vicinamibacteria; o__Vicinamibacterales; f__uncultured; g__uncultured	0.9995220108630251
255cba492b94d78a5acc9953dc441d0c	d__Bacteria; p__Chloroflexi; c__Anaerolineae; o__Caldilineales; f__Caldilineaceae; g__uncultured; s__uncultured_bacterium	0.8015223200494955
25641b0b803c7d8493ebc02cb104bf3d	d__Bacteria; p__Acidobacteriota; c__Acidobacteriae; o__PAUC26f; f__PAUC26f; g__PAUC26f; s__uncultured_Acidobacteriales	0.9667774866932981
256a9fc63d1f610c7b8903e45e62ca7f	d__Bacteria; p__Proteobacteria; c__Alphaproteobacteria; o__uncultured; f__uncultured; g__uncultured; s__uncultured_Rhodospirillaceae	0.9690467878166175
256fbb9790b4dab883aa1a4d33c61b59	d__Bacteria; p__Cyanobacteria; c__Cyanobacteriia; o__Chloroplast; f__Chloroplast; g__Chloroplast; s__Chloroplast_expression	0.8851483952974286
257c93910b21a361c0093618ed630343	d__Bacteria; p__Actinobacteriota; c__Acidimicrobiia	0.9992295323611851
258f20d97297e59cae5afb9885b0d785	d__Bacteria; p__Firmicutes; c__Bacilli; o__Paenibacillales; f__Paenibacillaceae; g__Paenibacillus	0.9999881127453518
25c0ddd021559c7e6d679083eb842d41	d__Bacteria; p__Acidobacteriota; c__Vicinamibacteria; o__Vicinamibacterales; f__uncultured; g__uncultured	0.9990418589606572
25c76a53461e42a4119378043f6f523d	d__Bacteria; p__Acidobacteriota; c__Blastocatellia; o__DS-100; f__DS-100; g__DS-100; s__uncultured_Acidobacteria	0.8818359649360091
25cf10f4f15dab00925cef52b9f08442	d__Bacteria; p__Bacteroidota; c__Bacteroidia; o__Chitinophagales; f__Chitinophagaceae	0.9995025724651514
25da3f0e2cffdc077046a7f078f98c0a	d__Bacteria; p__Bacteroidota; c__Bacteroidia; o__Flavobacteriales; f__Flavobacteriaceae; g__Flavobacterium; s__Flavobacterium_kingsejongi	0.740200586697708
25e51dd74101b9bc37ded53de19a9c5d	d__Bacteria; p__Bacteroidota; c__Bacteroidia; o__Sphingobacteriales; f__Sphingobacteriaceae; g__Pedobacter	0.9999889781793838
25f7e66664ffd46d8f7cf4ebc1153355	d__Bacteria; p__Planctomycetota; c__Planctomycetes; o__uncultured; f__uncultured; g__uncultured; s__uncultured_bacterium	0.9984094780253753
25fd497cc6c8bdec07e9074b3d25704b	d__Bacteria; p__Actinobacteriota; c__MB-A2-108; o__MB-A2-108; f__MB-A2-108; g__MB-A2-108; s__uncultured_bacterium	0.9230143698150096
261ec8350f373cb82b0395b49468fb4e	d__Bacteria; p__Latescibacterota; c__Latescibacterota; o__Latescibacterota; f__Latescibacterota; g__Latescibacterota; s__metagenome	0.9569486725218909
26260de3858081ce55e6f220b3ba25df	d__Bacteria; p__Chloroflexi; c__JG30-KF-CM66; o__JG30-KF-CM66; f__JG30-KF-CM66; g__JG30-KF-CM66; s__uncultured_bacterium	0.7973123964678929
263069bb0fdd976c7d62bf878b5eb3da	d__Bacteria; p__Cyanobacteria; c__Vampirivibrionia; o__Obscuribacterales; f__Obscuribacteraceae; g__Obscuribacteraceae; s__uncultured_bacterium	0.9944000864945354
263ef88ce39cfc01c0303bccf3beac21	d__Bacteria; p__Actinobacteriota; c__Acidimicrobiia	0.999552607432935
2647b965b17a28d1f712bc1d8ded8285	d__Bacteria; p__Verrucomicrobiota; c__Verrucomicrobiae; o__Opitutales; f__Opitutaceae; g__Opitutus; s__uncultured_Verrucomicrobia	0.7361316556911188
2658a78c5ff06760389ce2e3a548b4a2	d__Bacteria; p__Proteobacteria; c__Alphaproteobacteria; o__Rhizobiales; f__Devosiaceae	0.9976112102179504
265ae774746e973d95c70c3193d78c28	d__Bacteria; p__Proteobacteria; c__Gammaproteobacteria; o__Steroidobacterales; f__Steroidobacteraceae; g__Steroidobacter	0.9077203216042606
265faddeff1740677082227dec6c1258	d__Bacteria; p__Acidobacteriota; c__Vicinamibacteria; o__Vicinamibacterales; f__uncultured; g__uncultured; s__uncultured_Acidobacteria	0.941371991133017
26698cc60893017ef0b1ab173688d3de	d__Bacteria; p__Acidobacteriota; c__Vicinamibacteria; o__Vicinamibacterales; f__Vicinamibacteraceae; g__uncultured; s__uncultured_bacterium	0.7173101612361701
266a34fbd17a14d34a2ee6f33549f3ae	d__Bacteria; p__Bacteroidota; c__Bacteroidia; o__Bacteroidales; f__Prolixibacteraceae; g__WCHB1-32	0.9998405550016997
266bcb5c9b0d91c0fccecda9e684f284	d__Bacteria; p__Proteobacteria; c__Alphaproteobacteria; o__Rhodobacterales; f__Rhodobacteraceae	0.9999903721639991
266ecd0fb295c0ddebecb8c563b021d8	d__Bacteria; p__Proteobacteria; c__Gammaproteobacteria; o__Burkholderiales; f__Comamonadaceae; g__Comamonas; s__Comamonas_aquatica	0.8855202786041131
269508fb5cca49ebce8ab58a96f496b6	d__Bacteria; p__Planctomycetota; c__Planctomycetes; o__Planctomycetales; f__uncultured; g__uncultured; s__uncultured_Planctomycetales	0.9502043151231228
269a4919b09b389c933670cecb73cff0	d__Bacteria; p__Acidobacteriota; c__Blastocatellia; o__Pyrinomonadales; f__Pyrinomonadaceae; g__RB41	0.9996442791450374
269d87226b60044dfbcae04b889fe926	d__Bacteria; p__Actinobacteriota; c__Actinobacteria; o__Streptosporangiales; f__Streptosporangiaceae; g__Thermopolyspora; s__Thermopolyspora_sp.	0.8064362557359699
26a49bdeb5eb45d8a4fc3f704c246d67	d__Bacteria; p__Gemmatimonadota; c__S0134_terrestrial_group; o__S0134_terrestrial_group; f__S0134_terrestrial_group; g__S0134_terrestrial_group; s__uncultured_Gemmatimonadetes	0.915680839621643
26a630c6c01680808999d68dbe20f48b	d__Bacteria; p__Myxococcota; c__Polyangia; o__Polyangiales; f__Eel-36e1D6; g__Eel-36e1D6	0.744487650107318
26a8bd690f203f543539790a759b9e4a	d__Bacteria	0.9999999999782562
26b37a1724a2f9a7e19c848f68a7de87	d__Bacteria; p__Bacteroidota; c__Kapabacteria; o__Kapabacteriales; f__Kapabacteriales; g__Kapabacteriales	0.9845162876137038
26d625b9e2f671ee73f0382023f8b629	d__Bacteria; p__Acidobacteriota; c__Vicinamibacteria; o__Vicinamibacterales; f__uncultured; g__uncultured; s__uncultured_Acidobacteria	0.7765586150733563
26d6477f3dac83ea81991ad90a976702	d__Bacteria; p__Actinobacteriota; c__Actinobacteria; o__Corynebacteriales; f__Nocardiaceae	0.9345631870586559
26d9393626fd7907a0b733158bc9cf33	d__Bacteria; p__Acidobacteriota; c__Subgroup_5; o__Subgroup_5; f__Subgroup_5; g__Subgroup_5; s__uncultured_bacterium	0.976228772855515
26e63ece67f4cb9a3a169942bdc4d519	d__Bacteria; p__Planctomycetota; c__Phycisphaerae; o__Phycisphaerales; f__Phycisphaeraceae; g__AKYG587	0.9999982819654277
26f1ca7f0e6db5cc726e80893493a9c7	d__Bacteria; p__Patescibacteria; c__Parcubacteria; o__Candidatus_Moranbacteria; f__Candidatus_Moranbacteria; g__Candidatus_Moranbacteria	0.9241207325327819
26ff2958c20361d2cfdef8809d0cd207	d__Bacteria; p__Bacteroidota; c__Bacteroidia; o__Sphingobacteriales; f__Sphingobacteriaceae; g__Sphingobacterium; s__Sphingobacterium_alkalisoli	0.9721279263179169
27032aa2c1536e263c5c4b1c672e5d88	d__Bacteria; p__Actinobacteriota; c__MB-A2-108; o__MB-A2-108; f__MB-A2-108; g__MB-A2-108; s__uncultured_bacterium	0.7409749425722464
27058308dd0d4b9e59965994ad432583	d__Bacteria; p__Bacteroidota; c__Bacteroidia; o__Cytophagales; f__Microscillaceae; g__Chryseolinea	0.863267738357433
27067a831843972a59183e6580ea24a8	d__Bacteria; p__Proteobacteria; c__Gammaproteobacteria; o__Burkholderiales; f__Oxalobacteraceae; g__Massilia	0.7033793801719693
270cf8e6205733e4308996568a28cdca	d__Bacteria; p__Acidobacteriota; c__Vicinamibacteria; o__Vicinamibacterales; f__Vicinamibacteraceae; g__Luteitalea	0.9999543138671042
271cd5609390ce427df0b90b5eb4484a	d__Bacteria; p__Myxococcota; c__Myxococcia; o__Myxococcales; f__Myxococcaceae; g__P3OB-42	0.9999168795352372
273a554ddb376b56b4330ed8a74ae350	d__Bacteria; p__Firmicutes; c__Bacilli; o__Bacillales; f__Bacillaceae; g__Bacillus	0.9722130568806177
2741bace4c96cdf2814f4c3e9ca38c50	d__Bacteria; p__Acidobacteriota; c__Subgroup_25; o__Subgroup_25; f__Subgroup_25; g__Subgroup_25	0.9999999770224268
275b04491dc999e74fb722378870d25c	d__Bacteria; p__Entotheonellaeota; c__Entotheonellia; o__Entotheonellales; f__Entotheonellaceae; g__Entotheonellaceae	0.9999999858833596
275e67b2cc1aab76b157950b58cfc280	d__Bacteria; p__Actinobacteriota; c__Actinobacteria; o__Streptosporangiales; f__Thermomonosporaceae; g__Actinocorallia	0.9976515026432031
27632329781690a34af39311ab4ed89d	d__Bacteria; p__Proteobacteria; c__Gammaproteobacteria; o__Burkholderiales; f__Comamonadaceae	0.9979456783967952
2766d96bfb8bfc000f3d5f2493579a50	d__Bacteria; p__Entotheonellaeota; c__Entotheonellia; o__Entotheonellales; f__Entotheonellaceae; g__Candidatus_Entotheonella	0.9999999886243671
27736845be7594d4c360269b473d0d0e	d__Bacteria; p__Proteobacteria; c__Alphaproteobacteria; o__Rhizobiales; f__Rhizobiaceae	0.9932430260600689
277f23dce113d38cab6aefa8ea54fdae	d__Bacteria; p__Proteobacteria; c__Gammaproteobacteria; o__Xanthomonadales; f__Xanthomonadaceae; g__Stenotrophomonas	0.7341232184566351
278b5e269a40b42efd5543ed42e711f3	d__Bacteria; p__Bacteroidota; c__Bacteroidia; o__Sphingobacteriales; f__env.OPS_17; g__env.OPS_17	0.9999984117751577
2791046037b76bb8efb63029345f3678	d__Bacteria; p__Proteobacteria; c__Gammaproteobacteria; o__Burkholderiales; f__Oxalobacteraceae	0.9912226813918317
279dddb1b826c553e1df552061b2ea80	d__Bacteria; p__Myxococcota; c__Myxococcia; o__Myxococcales; f__Myxococcaceae; g__P3OB-42; s__uncultured_Sorangiineae	0.8049161274431048
27aff914baabdc592d51a0246604764c	d__Bacteria; p__Proteobacteria; c__Alphaproteobacteria; o__Rhizobiales; f__Hyphomicrobiaceae; g__Pedomicrobium	0.8398468995979871
27b7862046a28c144ed61cc9c8aad29b	d__Bacteria; p__Acidobacteriota; c__Acidobacteriae; o__Bryobacterales; f__Bryobacteraceae; g__Bryobacter	0.9139756919996066
27bbc6c7acfd1cc09ac80bd8a355d220	d__Bacteria; p__Proteobacteria; c__Gammaproteobacteria; o__Burkholderiales; f__Comamonadaceae; g__Ramlibacter	0.7805049968376359
27bf4af38203f7a022dc460f13c8ef79	d__Bacteria; p__Actinobacteriota; c__Thermoleophilia; o__Solirubrobacterales; f__Solirubrobacteraceae; g__Solirubrobacter; s__uncultured_bacterium	0.7651063907120085
27c5a9d28f826926dda58baebb8ca324	d__Bacteria; p__Chloroflexi; c__Dehalococcoidia; o__S085; f__S085; g__S085; s__uncultured_bacterium	0.9836823259678763
27cce504f452af73042df7ea6e028d00	d__Bacteria; p__Chloroflexi; c__JG30-KF-CM66; o__JG30-KF-CM66; f__JG30-KF-CM66; g__JG30-KF-CM66; s__uncultured_Armatimonadetes	0.8845042998988564
27d076f0dd7ae526cc715724a726b03b	d__Bacteria; p__Chloroflexi; c__Anaerolineae; o__Ardenticatenales; f__Ardenticatenaceae; g__uncultured; s__uncultured_bacterium	0.9194322595513869
27e29495fda424728fd6a80b83a16772	d__Bacteria; p__Bacteroidota; c__Bacteroidia; o__Chitinophagales; f__Chitinophagaceae; g__Parasegetibacter; s__Parasegetibacter_luojiensis	0.8501288916665747
27e7d34b8bac14221a18763dd73384ea	d__Bacteria; p__Proteobacteria; c__Alphaproteobacteria; o__Rhizobiales; f__Rhizobiales_Incertae_Sedis; g__uncultured	0.9301288672653828
27fca9f68c66ead6ffbe42f9b37dbcc7	d__Bacteria; p__Acidobacteriota; c__Thermoanaerobaculia; o__Thermoanaerobaculales; f__Thermoanaerobaculaceae; g__Subgroup_10; s__uncultured_Bacteroidetes	0.91683544106392
27ff6b82a335196fc2f9a67ee58bd8fb	d__Bacteria; p__Bacteroidota; c__Bacteroidia; o__Chitinophagales; f__Chitinophagaceae; g__Flavisolibacter	0.8838106405345498
2802755f651c30975f6c5c0a97c0fdbe	d__Bacteria; p__Desulfobacterota; c__Desulfuromonadia; o__PB19; f__PB19; g__PB19; s__uncultured_bacterium	0.8612628479468915
2808f27752e67b16798e2aee5c6b5ed4	d__Bacteria; p__Proteobacteria; c__Gammaproteobacteria; o__Burkholderiales; f__Comamonadaceae; g__Acidovorax	0.9500539503481469
280ed3c9d435cf7f717f655cfe0542d9	d__Bacteria; p__Acidobacteriota; c__Vicinamibacteria; o__Vicinamibacterales; f__Vicinamibacteraceae; g__Vicinamibacteraceae; s__uncultured_bacterium	0.7591268874391639
281e4a234514d9f8ba7ce479d79fc7de	d__Bacteria; p__Actinobacteriota; c__Actinobacteria; o__0319-7L14; f__0319-7L14; g__0319-7L14; s__uncultured_bacterium	0.763431350765049
282a59dccb5e5e1a4ec610a737b8a0c8	d__Bacteria; p__Myxococcota; c__Polyangia; o__Polyangiales; f__BIrii41; g__BIrii41; s__metagenome	0.889157473364864
2830ff70358f1b6c3c0ed3d1a5597b9e	d__Bacteria; p__Chloroflexi; c__Chloroflexia; o__Thermomicrobiales; f__JG30-KF-CM45; g__JG30-KF-CM45	0.9996046011371531
28324540dedb64cbb1a761a83a630a53	d__Bacteria; p__Firmicutes; c__Clostridia; o__Christensenellales; f__Christensenellaceae; g__Christensenellaceae_R-7_group; s__unidentified_eubacterium	0.7862989840653625
283bef2cdf048ee0942a4bdd44b771f7	d__Bacteria; p__Actinobacteriota; c__Actinobacteria; o__Propionibacteriales; f__Nocardioidaceae; g__Nocardioides	0.9954802458422105
284b9e2da8b894c12e1f61964f415b78	d__Bacteria; p__Planctomycetota; c__Planctomycetes; o__Isosphaerales; f__Isosphaeraceae; g__uncultured	0.9398623682956123
284e7d32a3284c4526962a4d78d81f30	d__Bacteria; p__Chloroflexi; c__Chloroflexia; o__Chloroflexales; f__Herpetosiphonaceae; g__Herpetosiphon; s__uncultured_bacterium	0.9977316324699438
286298e2752bcd2c00e426ea1f005161	d__Bacteria; p__Patescibacteria; c__Saccharimonadia; o__Saccharimonadales; f__LWQ8; g__LWQ8	0.9308750244807046
2866bf1912740c7579e51bb342acaf16	d__Bacteria; p__Firmicutes; c__Bacilli; o__Bacillales; f__Bacillaceae; g__Bacillus	0.8841698037429355
2877cf981b128a18f788ba5437c1afa6	d__Bacteria; p__Acidobacteriota; c__Acidobacteriae	0.9999982443197948
287e840f9ecaef80d7a4762c8d6bf401	d__Bacteria; p__Acidobacteriota; c__Vicinamibacteria; o__Vicinamibacterales; f__Vicinamibacteraceae; g__Luteitalea; s__Luteitalea_pratensis	0.7099219904261228
288846e1556b443646a0e3d0f9021bce	d__Bacteria; p__Actinobacteriota; c__Actinobacteria; o__Propionibacteriales; f__Nocardioidaceae; g__Nocardioides	0.9965150139350603
28909c7e6dee511d92b6d35bbcb8ef3b	d__Bacteria; p__Bacteroidota; c__Bacteroidia; o__Flavobacteriales; f__NS9_marine_group; g__NS9_marine_group	0.999999998757836
289b18a86084273ce3b4038bf37e2840	d__Bacteria; p__Planctomycetota; c__Pla3_lineage; o__Pla3_lineage; f__Pla3_lineage; g__Pla3_lineage; s__uncultured_bacterium	0.9414975885183939
289ec78667921fbd92357fecc487a2a1	d__Bacteria; p__Verrucomicrobiota; c__Verrucomicrobiae; o__Opitutales; f__Opitutaceae	0.9999999971360365
28b008a204dcf43e79be3bbe72d0dcd3	d__Bacteria; p__Myxococcota; c__Myxococcia; o__Myxococcales; f__Anaeromyxobacteraceae; g__Anaeromyxobacter; s__uncultured_bacterium	0.8584381229657553
28b7cb25183aadca2b2d684f99e828d1	d__Bacteria; p__Verrucomicrobiota; c__Verrucomicrobiae; o__Pedosphaerales; f__Pedosphaeraceae; g__Pedosphaeraceae	0.9999882091320207
28c82df2a857f711b9f7e28b7a4f0203	d__Bacteria; p__Chloroflexi; c__JG30-KF-CM66; o__JG30-KF-CM66; f__JG30-KF-CM66; g__JG30-KF-CM66; s__uncultured_Chloroflexi	0.8008038934768924
28d8ea23510a7aad8d474b3fe07c2cdf	d__Bacteria; p__Proteobacteria; c__Gammaproteobacteria; o__Steroidobacterales; f__Steroidobacteraceae; g__Steroidobacter	0.8339005565132366
28d9ba841f4146d02bdfb21b1c95042f	d__Bacteria; p__Actinobacteriota; c__Actinobacteria; o__Propionibacteriales; f__Nocardioidaceae; g__Nocardioides	0.9681865264174238
28f4352d08375db558809a91274e1e0f	d__Bacteria; p__Bdellovibrionota; c__Bdellovibrionia; o__Bdellovibrionales; f__Bdellovibrionaceae; g__Bdellovibrio; s__Bdellovibrio_bacteriovorus	0.8901376815623507
28f7ceafb75f6eb95e85f67d50dccb11	d__Bacteria; p__Chloroflexi; c__Chloroflexia; o__Thermomicrobiales; f__JG30-KF-CM45; g__JG30-KF-CM45; s__uncultured_Chloroflexi	0.8585233362501631
291ad49ffe120233ceb9748728afd575	d__Bacteria; p__Bacteroidota; c__Bacteroidia; o__Cytophagales; f__Hymenobacteraceae; g__Adhaeribacter; s__metagenome	0.7940334060727817
291c685fcff68578ac8ee7cf55681ebc	d__Bacteria; p__Proteobacteria; c__Gammaproteobacteria; o__Burkholderiales; f__Comamonadaceae	0.9999851478712128
291d9f4d3d3c5cc3b0a1804770ed1e77	d__Bacteria; p__Gemmatimonadota; c__Longimicrobia; o__Longimicrobiales; f__Longimicrobiaceae; g__YC-ZSS-LKJ147	0.7814735053282538
292597381b39d0352f3e3aa51f388462	d__Bacteria; p__Acidobacteriota; c__Blastocatellia; o__11-24; f__11-24; g__11-24; s__uncultured_Acidobacterium	0.8595628660901884
2929e3be559af316746137ece0ae83a1	d__Bacteria; p__Firmicutes; c__Clostridia; o__Lachnospirales; f__Lachnospiraceae; g__Lachnoclostridium	0.9574457607451797
29300fdc249110eac9a2125aef380b6f	d__Bacteria; p__Proteobacteria; c__Gammaproteobacteria	0.9999992831919184
29322fcc7511c668dd7a4e317e37d38d	d__Bacteria; p__Planctomycetota; c__Planctomycetes; o__uncultured; f__uncultured; g__uncultured; s__uncultured_bacterium	0.7864277226482599
293729cf3852ee11aeec291cf3188401	d__Bacteria; p__Chloroflexi; c__Anaerolineae; o__SBR1031; f__A4b; g__A4b	0.7273637814708863
293a1090c95b9b2959ab22425714a7a8	d__Bacteria; p__Proteobacteria; c__Gammaproteobacteria; o__Enterobacterales; f__Erwiniaceae; g__Pantoea	0.7454595662592567
294793539cbdbf91c4bf90210fbb3439	d__Bacteria; p__Proteobacteria; c__Alphaproteobacteria; o__Sphingomonadales; f__Sphingomonadaceae; g__Sphingomonas	0.9394760949518067
29499626534676767d07a507580411aa	d__Bacteria; p__Bacteroidota; c__Bacteroidia; o__Flavobacteriales; f__Flavobacteriaceae; g__Flavobacterium	0.9999844343751035
2976af6aaf4261b6c274fcc3229a4d65	d__Bacteria; p__Planctomycetota; c__Phycisphaerae; o__Phycisphaerales; f__Phycisphaeraceae; g__SM1A02	0.9999924884617186
297c825dc268f9a7b86b402edb6961b3	d__Bacteria; p__Desulfobacterota; c__uncultured; o__uncultured; f__uncultured; g__uncultured	0.9951802428445877
297df2573b7140afd4f03d93facde0fe	d__Bacteria; p__Actinobacteriota; c__Actinobacteria; o__Propionibacteriales; f__Nocardioidaceae; g__Nocardioides	0.8634730157233003
29885a939a267221df443259e4688397	d__Bacteria; p__Entotheonellaeota; c__Entotheonellia; o__Entotheonellales; f__Entotheonellaceae; g__Candidatus_Entotheonella; s__uncultured_bacterium	0.982220861130675
2991adc67891c242a94bd25db3c9e1a3	d__Bacteria	0.9999999999936546
2991d95a20bd2e0d0b7b2f04dfa44d01	d__Bacteria; p__Proteobacteria; c__Gammaproteobacteria; o__Burkholderiales; f__Burkholderiaceae; g__Lautropia	0.9730079582537932
29924c6578dc18d05a3a3ddfc7f8fa43	d__Bacteria; p__Fibrobacterota; c__Fibrobacteria; o__Fibrobacterales; f__Fibrobacteraceae; g__uncultured	0.9999533206687423
299553f21222380152d4a99c12f12e92	d__Bacteria; p__Myxococcota; c__Myxococcia; o__Myxococcales; f__Myxococcaceae	0.9999993356080569
29a4d17465b0409e08fa1f94807fe883	d__Bacteria; p__Gemmatimonadota; c__Gemmatimonadetes; o__Gemmatimonadales; f__Gemmatimonadaceae	0.9999988561722436
29d1161d6300cdf344ec63c30eb71919	d__Bacteria; p__Chloroflexi; c__Anaerolineae; o__SBR1031; f__A4b; g__A4b	0.9996055898386237
29e5083ce99e381b03bc34b3b8dda227	d__Bacteria; p__Actinobacteriota; c__Actinobacteria	0.9999999391020853
2a0c511ecc2513c42fe624e8e99d07da	d__Bacteria; p__Planctomycetota; c__Phycisphaerae; o__CCM11a; f__CCM11a; g__CCM11a; s__groundwater_metagenome	0.9480776779654686
2a112f37bdc50cce32e806868517be00	d__Bacteria; p__Planctomycetota; c__Planctomycetes; o__Planctomycetales; f__uncultured; g__uncultured; s__metagenome	0.8414604143045802
2a209d16c24583643749de0253d10d7d	d__Bacteria; p__Proteobacteria; c__Gammaproteobacteria; o__Steroidobacterales; f__Steroidobacteraceae; g__Steroidobacter	0.867290302937154
2a226448f0d5d300f079b58761985893	d__Bacteria; p__Bacteroidota; c__Bacteroidia; o__Sphingobacteriales; f__Sphingobacteriaceae; g__Solitalea; s__Solitalea_koreensis	0.9848705624946263
2a227edaef96476913e50951211f0f87	d__Bacteria; p__Chloroflexi; c__Anaerolineae; o__Caldilineales; f__Caldilineaceae; g__uncultured	0.9989443311447717
2a25f3950c0737152f4eee3424b0dfed	d__Bacteria; p__Acidobacteriota; c__Blastocatellia; o__11-24; f__11-24; g__11-24; s__uncultured_bacterium	0.7294947224571966
2a2d81265ff391504282d2d8c7b09e93	d__Bacteria; p__Gemmatimonadota; c__Gemmatimonadetes; o__Gemmatimonadales; f__Gemmatimonadaceae; g__Gemmatimonas; s__Gemmatimonas_aurantiaca	0.9220122190370085
2a8d602ac8193c5209803f12d6fe5a66	d__Bacteria; p__Patescibacteria; c__Saccharimonadia; o__Saccharimonadales; f__LWQ8; g__LWQ8	0.8210721797650034
2a9054ad60367a6de9e9dfa2a6531394	d__Bacteria; p__Actinobacteriota; c__Thermoleophilia; o__Gaiellales	0.9999987456466103
2ab1f29a36b976d9b4326d7b55ff4e1a	d__Bacteria; p__Cyanobacteria; c__Cyanobacteriia; o__Chloroplast; f__Chloroplast; g__Chloroplast	0.9999357420772198
2ab3fcc088fff3153860fb9752212224	d__Bacteria; p__Acidobacteriota; c__Holophagae; o__Subgroup_7; f__Subgroup_7; g__Subgroup_7; s__uncultured_proteobacterium	0.9950878285020767
2ab9a9a16dcd129907721fe145713821	d__Bacteria; p__Chloroflexi; c__Anaerolineae; o__SBR1031; f__A4b; g__A4b	0.8884386463819366
2ac50dbe46b2ca7992c196c66a14e2c1	d__Bacteria; p__Actinobacteriota; c__Actinobacteria; o__Micrococcales	0.9653059128424865
2ae076d099eb9657703d1d6dd3ccc191	d__Bacteria; p__Acidobacteriota; c__Vicinamibacteria; o__Vicinamibacterales; f__uncultured; g__uncultured; s__uncultured_Acidobacteriaceae	0.7480329594069814
2ae1d80ead92f5991f58da14d000acd6	d__Bacteria; p__Firmicutes; c__Clostridia; o__Christensenellales; f__Christensenellaceae; g__uncultured; s__uncultured_bacterium	0.7519132343693418
2ae6c58cea158e24b194603f68437354	d__Bacteria; p__Verrucomicrobiota; c__Verrucomicrobiae; o__Chthoniobacterales; f__Terrimicrobiaceae; g__Terrimicrobium	0.770785062222981
2aebb2786f7d2135aa6bcd3351a1f3be	d__Bacteria; p__Patescibacteria; c__Saccharimonadia; o__Saccharimonadales; f__LWQ8; g__LWQ8	0.9545220925694083
2af2ff82e93627c7720558ec859435e3	d__Bacteria; p__Actinobacteriota; c__Thermoleophilia; o__Solirubrobacterales; f__67-14; g__67-14; s__uncultured_soil	0.9887973184436807
2b0436919de147bd01f7f40485a9b276	d__Bacteria; p__Patescibacteria; c__Saccharimonadia; o__Saccharimonadales; f__LWQ8; g__LWQ8	0.9115291304435934
2b1626c709b9c9ec220dbecd5e86dd28	d__Bacteria; p__Planctomycetota; c__Planctomycetes; o__Pirellulales; f__Pirellulaceae	0.9997193726492815
2b276ff6440ab284a0c70210bd579b24	d__Bacteria; p__Planctomycetota; c__Planctomycetes; o__Pirellulales; f__Pirellulaceae; g__Pirellula; s__uncultured_soil	0.8315338423954515
2b3b03f3c3fbde9fb37dc90fcd5bde06	d__Bacteria; p__Firmicutes; c__Limnochordia; o__Limnochordia; f__Limnochordia; g__Hydrogenispora; s__uncultured_bacterium	0.9570531885786889
2b413de5e05a1385bab229f50879628f	d__Bacteria; p__Chloroflexi; c__Anaerolineae; o__SBR1031; f__A4b; g__A4b	0.999891907606938
2b429dcc373a6d723991b08c5bed4f24	d__Bacteria; p__Proteobacteria; c__Gammaproteobacteria; o__Burkholderiales; f__Comamonadaceae	0.9971588042529393
2b48eae028d3a083f8d7a7861979fc37	d__Bacteria; p__Chloroflexi; c__Anaerolineae; o__Ardenticatenales; f__Ardenticatenaceae; g__uncultured; s__uncultured_bacterium	0.885254716085182
2b4c279b2ac061094d8f1118e1f576ce	d__Bacteria; p__Verrucomicrobiota; c__Verrucomicrobiae; o__Verrucomicrobiales; f__Rubritaleaceae; g__Luteolibacter; s__uncultured_bacterium	0.7465633786583344
2b672211ef5d28dd892ac5fcd6e4cab7	d__Bacteria; p__Acidobacteriota; c__Vicinamibacteria; o__Vicinamibacterales; f__Vicinamibacteraceae; g__Vicinamibacteraceae	0.9219909377363982
2b76406527afa0afaabb56750f33fd9b	d__Bacteria; p__Acidobacteriota; c__Vicinamibacteria; o__Vicinamibacterales; f__Vicinamibacteraceae; g__Vicinamibacteraceae; s__uncultured_Acidobacteriaceae	0.8120882437108066
2b7aef3941b53ce086c384e000a789dc	d__Bacteria; p__Planctomycetota; c__vadinHA49; o__vadinHA49; f__vadinHA49; g__vadinHA49; s__uncultured_Planctomycetales	0.7532659244805646
2b8347f4735de8e76e43850dc93a222e	d__Bacteria; p__Myxococcota; c__bacteriap25; o__bacteriap25; f__bacteriap25; g__bacteriap25; s__metagenome	0.9757302465869409
2b88ca4a9256eada96e7071a968ae681	d__Bacteria; p__Proteobacteria; c__Gammaproteobacteria; o__Xanthomonadales; f__Xanthomonadaceae; g__Lysobacter	0.8654333143882857
2b8ca6f400865c0cddbe7fe553c78f5f	d__Bacteria; p__Proteobacteria; c__Gammaproteobacteria; o__Burkholderiales; f__Comamonadaceae; g__Roseateles	0.8757179760077626
2b8f19915131b1360ecc0e1dea1303c3	d__Bacteria; p__Actinobacteriota; c__MB-A2-108; o__MB-A2-108; f__MB-A2-108; g__MB-A2-108; s__uncultured_actinobacterium	0.9991580305697938
2b8f86e6c2ed2ccb4d68820d4df4dc4b	d__Bacteria; p__Bacteroidota; c__Bacteroidia; o__Chitinophagales; f__Chitinophagaceae	0.9999027170062822
2b90a4319af0b05e77d5f95a51bbe10e	d__Bacteria; p__Methylomirabilota; c__Methylomirabilia; o__Rokubacteriales; f__Rokubacteriales; g__Rokubacteriales; s__uncultured_bacterium	0.703826811143777
2b9317e96fd6436c32aa991f25860446	d__Bacteria; p__Verrucomicrobiota; c__Verrucomicrobiae; o__Verrucomicrobiales; f__Verrucomicrobiaceae; g__Prosthecobacter; s__uncultured_bacterium	0.9233417838742386
2b93708de9f1c24ff6140814a599a3a8	d__Bacteria; p__Bacteroidota; c__Bacteroidia; o__Cytophagales	0.8983496051372392
2b95f3f783827f4bcb4052d0a9de4b78	d__Bacteria; p__Bacteroidota; c__Bacteroidia; o__Chitinophagales; f__Chitinophagaceae	0.9999997132444288
2bad02535c6b3222047f19b10a9c034e	d__Bacteria; p__Actinobacteriota; c__Acidimicrobiia; o__Microtrichales; f__Ilumatobacteraceae; g__Ilumatobacter	0.9918602708158252
2bb31519a908dc5a05f234158c41e100	d__Bacteria; p__Firmicutes; c__Bacilli; o__Bacillales; f__Bacillaceae	0.9982671592665447
2bb5f1f2c76b7789cfd7206124907288	d__Bacteria; p__Actinobacteriota; c__Thermoleophilia; o__Gaiellales	0.9999413772177863
2bc997d458349aa878456cfebeb5a1cc	d__Bacteria; p__Actinobacteriota; c__Acidimicrobiia; o__Microtrichales; f__Microtrichaceae; g__uncultured	0.9997365283610717
2bcb0954b9d7ace65d41c6ed5d7c386e	d__Bacteria; p__Proteobacteria; c__Gammaproteobacteria; o__Xanthomonadales; f__Xanthomonadaceae; g__Pseudoxanthomonas	0.9685840509917616
2be3ca2e6e7ddb05d1e5d2ee54ae517d	d__Bacteria; p__Firmicutes; c__Clostridia; o__Proteinivoracales; f__uncultured; g__uncultured	0.9997610198922136
2be77cd27c724cd71079336fc8f43a61	d__Bacteria; p__Proteobacteria; c__Gammaproteobacteria; o__Burkholderiales; f__Nitrosomonadaceae; g__MND1	0.9991497551215612
2becff55a35d4fe072ee80b6ea9f4eea	d__Bacteria; p__Acidobacteriota; c__Vicinamibacteria; o__Vicinamibacterales; f__Vicinamibacteraceae; g__Vicinamibacteraceae	0.9999622479041363
2c0119ecce28acb4f0bd37b4c6664d76	d__Bacteria; p__Bacteroidota; c__Bacteroidia; o__Flavobacteriales; f__NS9_marine_group; g__NS9_marine_group; s__metagenome	0.7464650333832814
2c0f8b2cce415b6478adf9de25f17b1e	d__Bacteria; p__Actinobacteriota; c__Acidimicrobiia; o__Microtrichales	0.8903521810672655
2c158f5a5f30a0eec44b68bb0ae1cf21	d__Bacteria; p__Proteobacteria; c__Gammaproteobacteria; o__JTB23; f__JTB23; g__JTB23; s__metagenome	0.9999996681223262
2c2c0cd006562971dd6802885317b6ee	d__Bacteria; p__Myxococcota; c__Polyangia; o__Haliangiales; f__Haliangiaceae; g__Haliangium; s__uncultured_prokaryote	0.9776261056414304
2c3ecb2e4688ab3637a0e55971a0784e	d__Bacteria; p__Entotheonellaeota; c__Entotheonellia; o__Entotheonellales; f__Entotheonellaceae; g__Entotheonellaceae	0.9997363006045493
2c4aa2ee4cd66b935372cb3eb04cc5b7	d__Bacteria; p__Actinobacteriota; c__Thermoleophilia; o__Solirubrobacterales; f__Solirubrobacteraceae; g__Solirubrobacter; s__uncultured_bacterium	0.8602373776818374
2c4c0636135b2ca766c0a45f305f93aa	d__Bacteria; p__Bdellovibrionota; c__Bdellovibrionia; o__Bdellovibrionales; f__Bdellovibrionaceae; g__OM27_clade	0.9983338250473687
2c4c2294b3c979d04bf14d8be408feef	d__Bacteria; p__Methylomirabilota; c__Methylomirabilia; o__Rokubacteriales; f__Rokubacteriales; g__Rokubacteriales; s__uncultured_bacterium	0.9213382418517292
2c5037202537e12a1f1690239ff3c22a	d__Bacteria; p__Bacteroidota; c__Kapabacteria; o__Kapabacteriales; f__Kapabacteriales; g__Kapabacteriales; s__metagenome	0.7981440870060392
2c54b14171cc4da6c8e793aea194a661	d__Bacteria; p__Acidobacteriota; c__Subgroup_22; o__Subgroup_22; f__Subgroup_22; g__Subgroup_22; s__uncultured_bacterium	0.7514109914238065
2c5c40faa88c4d6223756a6ef80fabba	d__Bacteria; p__Chloroflexi; c__Chloroflexia; o__Thermomicrobiales; f__AKYG1722; g__AKYG1722; s__uncultured_soil	0.9976349321791176
2c5d060cfbf86b375ba701135665b0bf	d__Bacteria; p__Actinobacteriota; c__Acidimicrobiia; o__Microtrichales; f__Iamiaceae; g__Iamia	0.8101821851871281
2c652ee2902d2589e3613efeae75bb6a	d__Bacteria; p__Actinobacteriota; c__Thermoleophilia; o__Gaiellales; f__uncultured; g__uncultured	0.9986374264829062
2c6bdc4c05eef6297b579d2d947b58a0	d__Bacteria; p__Actinobacteriota; c__Acidimicrobiia	0.9995670091804617
2c87147242691f82d1a2ddd8ce199eac	d__Bacteria; p__Firmicutes; c__Bacilli; o__Bacillales; f__Bacillaceae; g__Bacillus	0.9999686351249866
2c875ed1a41b856a17da3505401a576f	d__Bacteria; p__Gemmatimonadota; c__BD2-11_terrestrial_group; o__BD2-11_terrestrial_group; f__BD2-11_terrestrial_group; g__BD2-11_terrestrial_group; s__metagenome	0.9944468181975852
2c9792cec87eb84ac0d009b55b6af125	d__Bacteria; p__Acidobacteriota; c__Holophagae; o__Subgroup_7; f__Subgroup_7; g__Subgroup_7; s__metagenome	0.717736653426195
2cac16e69c6445170176539c6e90c781	d__Bacteria; p__Gemmatimonadota; c__Gemmatimonadetes; o__Gemmatimonadales; f__Gemmatimonadaceae; g__uncultured; s__uncultured_Gemmatimonas	0.7655617651855108
2caca29ebc05976a504d9cfc18ba68c4	d__Bacteria; p__Chloroflexi; c__Anaerolineae; o__Caldilineales; f__Caldilineaceae; g__uncultured	0.8494124687228991
2cb2745248099e6793996bceb8322dc4	d__Bacteria; p__Patescibacteria; c__Saccharimonadia; o__Saccharimonadales; f__Saccharimonadaceae; g__TM7a; s__uncultured_bacterium	0.7030393273247048
2cc27af3ed7d0fd45d7997dc152d2385	d__Bacteria; p__Firmicutes; c__Negativicutes; o__Veillonellales-Selenomonadales; f__Veillonellaceae; g__Veillonella	0.9999956066334735
2cc63f3afe59c53e3fcde595f3a6146b	d__Bacteria; p__Bacteroidota; c__Bacteroidia; o__Chitinophagales; f__Chitinophagaceae; g__Ferruginibacter	0.9966786776168265
2cc9cd32fa13317ba3294ebf2cdb26f9	d__Bacteria; p__Armatimonadota; c__Fimbriimonadia; o__Fimbriimonadales; f__Fimbriimonadaceae; g__Fimbriimonadaceae; s__uncultured_bacterium	0.9828959210743368
2cddd5dca166486f50a0828b28001e1e	d__Bacteria; p__Verrucomicrobiota; c__Verrucomicrobiae; o__Verrucomicrobiales; f__Verrucomicrobiaceae; g__Prosthecobacter; s__uncultured_bacterium	0.8933179678966117
2d044662fd852fcaf0674e3dc8454a65	d__Bacteria; p__Proteobacteria; c__Alphaproteobacteria; o__Kiloniellales; f__Kiloniellaceae; g__Pelagibius	0.9990853931436607
2d1187fdccada8141f23d409a3269304	d__Bacteria; p__Actinobacteriota; c__Thermoleophilia; o__Solirubrobacterales; f__67-14; g__67-14; s__uncultured_bacterium	0.8683434951075317
2d12e9a549015898bccd526e710949a5	d__Bacteria; p__Firmicutes; c__Desulfitobacteriia; o__Desulfitobacteriales; f__Desulfitobacteriaceae; g__Desulfitobacterium	0.9998804195343273
2d1ab4b07b75f0447427db586d953740	d__Bacteria; p__Bdellovibrionota; c__Oligoflexia; o__Oligoflexales; f__uncultured; g__uncultured; s__uncultured_soil	0.7765317499775592
2d1bee342f153597ec73bd67c50acbea	d__Bacteria; p__Chloroflexi; c__Chloroflexia; o__Thermomicrobiales; f__JG30-KF-CM45; g__JG30-KF-CM45	0.9941717409607919
2d49c25a2b82200cc5d6401ae162f580	d__Bacteria; p__Elusimicrobiota; c__Lineage_IIa; o__Lineage_IIa; f__Lineage_IIa; g__Lineage_IIa	0.999772244738614
2d4b8165eff4fd138e5877677bcf5e37	d__Bacteria; p__Bacteroidota; c__Bacteroidia; o__Cytophagales; f__Microscillaceae; g__uncultured	0.8797814693337513
2d4b99e98bcc52ba8524096e712c6307	d__Bacteria; p__Actinobacteriota; c__Thermoleophilia; o__Solirubrobacterales; f__67-14; g__67-14	0.9775367936581361
2d5030b727df271facb3fa92f58d5fa6	d__Bacteria; p__Proteobacteria; c__Gammaproteobacteria; o__Burkholderiales; f__Nitrosomonadaceae; g__MND1	0.9999554781909971
2d5b7773de1ff615ecc0b1a9f1179cc3	d__Bacteria; p__Bacteroidota; c__Kapabacteria; o__Kapabacteriales; f__Kapabacteriales; g__Kapabacteriales; s__uncultured_bacterium	0.74491523250017
2d640a6baf38b63d63772bb65d8739cb	d__Bacteria; p__Actinobacteriota; c__Actinobacteria; o__Micrococcales; f__Microbacteriaceae	0.9999632955965372
2d6dd09dd757e8eb3d933cf1e751fc94	d__Bacteria; p__Acidobacteriota; c__Vicinamibacteria; o__Vicinamibacterales; f__uncultured; g__uncultured; s__uncultured_Acidobacteria	0.7423213484410298
2d7b92d3cf96d8aacf134cd44880a56a	d__Bacteria; p__Nitrospirota; c__Nitrospiria; o__Nitrospirales; f__Nitrospiraceae; g__Nitrospira	0.9999999996195716
2d8f5f0521e722a3f2c6c6d9a3780937	d__Bacteria; p__Cyanobacteria; c__Cyanobacteriia; o__Chloroplast; f__Chloroplast; g__Chloroplast	0.9985820294278367
2d90059b96c116ea260693fa5d3a54c0	d__Bacteria; p__Verrucomicrobiota; c__Verrucomicrobiae; o__Pedosphaerales; f__Pedosphaeraceae; g__Pedosphaeraceae	0.9999904396386897
2d95e30e435709e2d84c49fe0e8aeacc	d__Bacteria; p__Chloroflexi; c__JG30-KF-CM66; o__JG30-KF-CM66; f__JG30-KF-CM66; g__JG30-KF-CM66; s__uncultured_Armatimonadetes	0.8895350161828114
2d97545d36fcfb87dc9c4342c44fa5b1	d__Bacteria; p__Planctomycetota; c__Phycisphaerae; o__Tepidisphaerales; f__Tepidisphaerales; g__Tepidisphaerales; s__uncultured_Planctomycetales	0.9989208727238483
2d9d95cf3d3ac39505b98872938fb236	d__Bacteria; p__Gemmatimonadota; c__S0134_terrestrial_group; o__S0134_terrestrial_group; f__S0134_terrestrial_group; g__S0134_terrestrial_group; s__uncultured_bacterium	0.9953207066783354
2da31ff1bb9be598d14029bb2fd732f8	d__Bacteria; p__Chloroflexi; c__Chloroflexia; o__Thermomicrobiales; f__AKYG1722; g__AKYG1722; s__uncultured_Alphaproteobacteria	0.7121965132916285
2dd0ed34b09b8376740e039495c170c4	d__Bacteria; p__Proteobacteria; c__Gammaproteobacteria; o__Xanthomonadales; f__Xanthomonadaceae; g__Lysobacter	0.9946182676633544
2ddfc3ca9019309d46d80c0e6920979c	d__Bacteria; p__Proteobacteria; c__Gammaproteobacteria; o__Steroidobacterales; f__Steroidobacteraceae; g__Steroidobacter	0.9262479772986139
2df6ce088d8d181286093eac6506f4ce	d__Bacteria; p__Acidobacteriota; c__Vicinamibacteria; o__Vicinamibacterales; f__Vicinamibacteraceae; g__Vicinamibacteraceae	0.9633233309408269
2dfe751390aedfbd9f62dbb77d1f10b4	d__Bacteria; p__Proteobacteria; c__Alphaproteobacteria; o__Rhodobacterales; f__Rhodobacteraceae; g__Limibaculum; s__uncultured_bacterium	0.8779411890735256
2dfef8a7bc2a27827a174143f417b908	d__Bacteria; p__Gemmatimonadota; c__Longimicrobia; o__Longimicrobiales; f__Longimicrobiaceae; g__Longimicrobium; s__uncultured_bacterium	0.9963235926788582
2e0a65142031b582f18284452afc700b	d__Bacteria; p__Gemmatimonadota; c__Gemmatimonadetes; o__Gemmatimonadales; f__Gemmatimonadaceae; g__uncultured; s__uncultured_Gemmatimonadetes	0.9353054220259439
2e1faa9fcfe9bec2be834108ddde8244	d__Bacteria; p__Proteobacteria; c__Gammaproteobacteria; o__Burkholderiales	0.9999671695468986
2e2181cc893ca1e1e677e888bf8af441	d__Bacteria; p__Proteobacteria; c__Gammaproteobacteria; o__Burkholderiales; f__Comamonadaceae; g__Mitsuaria; s__Mitsuaria_chitosanitabida	0.9727016552543891
2e22956d3e97ec94438450933dfb44ec	d__Bacteria; p__Bacteroidota; c__Bacteroidia; o__Chitinophagales; f__Chitinophagaceae; g__Parasegetibacter; s__uncultured_bacterium	0.9155172240522114
2e339da9aa0aed7994be5753bd71eb55	d__Bacteria; p__Planctomycetota; c__Pla4_lineage; o__Pla4_lineage; f__Pla4_lineage; g__Pla4_lineage	0.9988116132710512
2e373f638186cfaee66c0fc3030ead61	d__Bacteria; p__Acidobacteriota; c__Blastocatellia; o__Pyrinomonadales; f__Pyrinomonadaceae; g__RB41	0.9334783230052133
2e392046ce8ec264102ad1e280ae661a	d__Bacteria; p__Chloroflexi; c__Chloroflexia; o__Chloroflexales; f__Herpetosiphonaceae; g__Herpetosiphon; s__uncultured_bacterium	0.9896927961102477
2e3ba37bdd95a994b97867d0723d2f66	d__Bacteria; p__Bacteroidota; c__Bacteroidia; o__Sphingobacteriales; f__Sphingobacteriaceae; g__Mucilaginibacter	0.9755306170775775
2e3e8b5130bb4a69c75853dd099479d3	d__Bacteria; p__Chloroflexi; c__KD4-96; o__KD4-96; f__KD4-96; g__KD4-96; s__uncultured_bacterium	0.9362340824651969
2e89eb550011dfe3bd7b478bfc120c8c	d__Bacteria; p__Gemmatimonadota; c__Gemmatimonadetes; o__Gemmatimonadales; f__Gemmatimonadaceae; g__uncultured	0.998745192175549
2e91d94c77dc2fd735562fe86c298d9e	d__Bacteria; p__Myxococcota; c__Polyangia; o__Polyangiales; f__Polyangiaceae	0.9617728359539834
2ea38cf395e87bd16a666a5f2eb1a491	d__Bacteria; p__Dadabacteria; c__Dadabacteriia; o__Dadabacteriales; f__Dadabacteriales; g__Dadabacteriales	0.9991442000984538
2eaceba4eab50c332d567dd62a9e770e	d__Bacteria; p__Gemmatimonadota; c__S0134_terrestrial_group; o__S0134_terrestrial_group; f__S0134_terrestrial_group; g__S0134_terrestrial_group; s__uncultured_bacterium	0.7008591868426164
2eb01012548243eb7ac194fac350ba8e	d__Bacteria; p__Myxococcota; c__Polyangia; o__Haliangiales; f__Haliangiaceae; g__Haliangium	0.9999978724759849
2ed23c9523459da12b51d601ebd3f6a1	d__Bacteria; p__Proteobacteria; c__Gammaproteobacteria; o__Burkholderiales; f__Sutterellaceae; g__uncultured	0.9983203581156923
2ed5e1972c49b34678cfaac3bc50b03b	d__Bacteria; p__Firmicutes; c__Bacilli; o__Paenibacillales; f__Paenibacillaceae; g__Paenibacillus	0.9951212070167232
2ee3162c48f1c5adf8772f4d80ad1a4a	d__Bacteria; p__Patescibacteria; c__Parcubacteria	0.9891524059935071
2ee7e82105de7c7c4479d81fe14ae322	d__Bacteria; p__Bdellovibrionota; c__Bdellovibrionia; o__Bdellovibrionales; f__Bdellovibrionaceae; g__OM27_clade	0.9996943347179547
2eef0b1648649a8cb91078ad3d5c25b4	d__Bacteria; p__Proteobacteria; c__Alphaproteobacteria; o__Caulobacterales; f__Hyphomonadaceae; g__Hyphomonas	0.9988334414568735
2ef0eeda86a181b4a6a83ccae71cf802	d__Bacteria; p__Planctomycetota; c__Planctomycetes; o__Gemmatales; f__Gemmataceae; g__Telmatocola; s__metagenome	0.8820992591918638
2efaeba165e9a7584870e97c0714d6ab	d__Bacteria; p__Acidobacteriota; c__Blastocatellia; o__11-24; f__11-24; g__11-24; s__uncultured_bacterium	0.8277981156883277
2efe792c7fe2742abe773d7ea2732ea2	d__Bacteria; p__Proteobacteria; c__Gammaproteobacteria; o__Xanthomonadales; f__Xanthomonadaceae; g__Lysobacter	0.924193155278362
2f019615d5141a4ab00b1aab98882a33	d__Bacteria; p__Proteobacteria; c__Alphaproteobacteria; o__Rhodobacterales; f__Rhodobacteraceae; g__Rhodobacter	0.834940972621459
2f049a7e1e7da7fe39a4e7858e3abf63	d__Bacteria; p__Acidobacteriota; c__Vicinamibacteria; o__Vicinamibacterales; f__uncultured; g__uncultured	0.9995832981756536
2f1c860e0b5867be1333207831cdf353	d__Bacteria; p__Gemmatimonadota; c__Gemmatimonadetes; o__Gemmatimonadales; f__Gemmatimonadaceae; g__uncultured	0.9034942160441783
2f1f4bbdf82c522b43f7f5548ab29131	d__Bacteria; p__Patescibacteria; c__Saccharimonadia; o__Saccharimonadales; f__LWQ8; g__LWQ8	0.900448516012982
2f29fe57c2ad96b4882ac3b727b2175f	d__Bacteria; p__Myxococcota; c__Polyangia; o__Polyangiales; f__Sandaracinaceae; g__uncultured; s__metagenome	0.9902978441218967
2f3111649d0850ab86799f8bbadc28f8	d__Bacteria; p__Proteobacteria; c__Gammaproteobacteria; o__Burkholderiales; f__Rhodocyclaceae	0.8166267372420793
2f399f7f38339781560f43ab440c0d0b	d__Bacteria; p__Acidobacteriota; c__Vicinamibacteria; o__Vicinamibacterales; f__uncultured; g__uncultured; s__uncultured_Acidobacteriales	0.7515274247627827
2f3e052059f350fff360af2f69e9efbe	d__Bacteria; p__Actinobacteriota; c__Thermoleophilia; o__Solirubrobacterales; f__67-14; g__67-14; s__uncultured_actinobacterium	0.8741968943228787
2f3eca7852730c441a270d8ac6c5f45d	d__Bacteria; p__Planctomycetota; c__Phycisphaerae; o__Phycisphaerales; f__Phycisphaeraceae; g__SM1A02; s__metagenome	0.9990771793798481
2f51f3e7c2ca823fcb9ddb63b92852cd	d__Bacteria; p__Bacteroidota; c__Bacteroidia; o__Chitinophagales; f__Saprospiraceae; g__uncultured	0.9932369830112248
2f6fb566899cc70bf3aecd4ced56a320	d__Bacteria; p__Actinobacteriota; c__Actinobacteria; o__Streptomycetales; f__Streptomycetaceae; g__Streptomyces	0.961621391708005
2f916919b9f2e831b62e0e5aa1a7a74d	d__Bacteria; p__Bdellovibrionota; c__Bdellovibrionia; o__Bdellovibrionales; f__Bdellovibrionaceae; g__OM27_clade	0.9996766708692878
2fab2d3bf2b361eac02429d43a5ec731	d__Bacteria; p__Planctomycetota; c__Planctomycetes; o__Planctomycetales; f__uncultured; g__uncultured; s__uncultured_bacterium	0.8969679882574785
2fd4e0b56d5505fecc2d62de7ca47262	d__Bacteria; p__Proteobacteria; c__Gammaproteobacteria	0.9997213323839902
2fe794c92dd1da2a72998d49b52e18cc	d__Bacteria; p__Acidobacteriota; c__Holophagae; o__Subgroup_7; f__Subgroup_7; g__Subgroup_7	0.9999557759356967
2fe843d4ea18cbe49ca69d3830712c4c	d__Bacteria; p__Proteobacteria; c__Gammaproteobacteria; o__Pseudomonadales; f__Pseudomonadaceae; g__Pseudomonas	0.9712923576161324
2feb12c537eb9371ab73d1559f1c5829	d__Bacteria; p__Chloroflexi; c__Anaerolineae; o__Caldilineales; f__Caldilineaceae; g__uncultured	0.9667524203360172
30097465ce4dd539e8511b7d43017d9a	d__Bacteria; p__Proteobacteria; c__Gammaproteobacteria; o__Burkholderiales; f__Comamonadaceae	0.9981062453049461
300f3d51e1da798cfc433b73eb00f5b0	d__Bacteria; p__Sumerlaeota; c__Sumerlaeia; o__Sumerlaeales; f__Sumerlaeaceae; g__Sumerlaea	0.9999999162937898
30105fd68219de6713fe6a72d85ab2f2	d__Bacteria; p__Acidobacteriota; c__Vicinamibacteria; o__Vicinamibacterales; f__uncultured; g__uncultured	0.9997511681039222
3015c884def251a9d730c21c10d3e574	d__Bacteria; p__Bacteroidota; c__Bacteroidia; o__Sphingobacteriales	0.9780654500163527
3017be60e033cd19956f7a375547f383	d__Bacteria; p__Actinobacteriota; c__MB-A2-108; o__MB-A2-108; f__MB-A2-108; g__MB-A2-108; s__metagenome	0.7295915147222933
3054253021db437b9f0a29fb25459782	d__Bacteria; p__Myxococcota; c__Myxococcia; o__Myxococcales; f__Myxococcaceae	0.9999741587617776
30624dd456bfcafd0c382df7d850d35b	d__Bacteria; p__Patescibacteria; c__Saccharimonadia; o__Saccharimonadales; f__Saccharimonadales; g__Saccharimonadales; s__uncultured_bacterium	0.7884940854700062
306537105538a67d447a56722a79bc67	d__Bacteria; p__Proteobacteria; c__Alphaproteobacteria; o__Defluviicoccales; f__Defluviicoccaceae; g__Defluviicoccus	0.7012112429227917
306d9aed4300dd18ccf7024582cecab1	d__Bacteria; p__Planctomycetota; c__Planctomycetes; o__Pirellulales; f__Pirellulaceae; g__Pirellula; s__metagenome	0.9891556799181604
306ea873f8da93459f1d53a684c00fb8	d__Bacteria; p__Patescibacteria; c__Saccharimonadia; o__Saccharimonadales; f__S32; g__TM7; s__uncultured_bacterium	0.9890526470011657
306fd0aa164279db616653a523c9e01e	d__Bacteria; p__Myxococcota; c__Polyangia; o__Polyangiales; f__Sandaracinaceae; g__uncultured; s__delta_proteobacterium	0.7970270499657965
309332d598a4aeb61827fb0b2c1951d8	d__Bacteria; p__Myxococcota; c__Polyangia; o__Polyangiales; f__BIrii41; g__BIrii41	0.9994822767526963
30b40288dbf0749a26b20bdd90f1e067	d__Bacteria; p__Myxococcota; c__Polyangia; o__Haliangiales; f__Haliangiaceae; g__Haliangium	0.9996038250602476
30c13700df71271b06919b3a58b69d72	d__Bacteria; p__Acidobacteriota; c__Blastocatellia; o__11-24; f__11-24; g__11-24; s__uncultured_Acidobacteria	0.9833555220082816
30c2a8f806729bc6c7300f21d1ad7c95	d__Bacteria; p__Proteobacteria; c__Gammaproteobacteria; o__Burkholderiales; f__Nitrosomonadaceae; g__MND1	0.9997832185793936
30cfbc1f843901ae29058e450092d387	d__Bacteria; p__Proteobacteria; c__Gammaproteobacteria; o__Burkholderiales; f__Nitrosomonadaceae; g__MND1	0.9999752640484191
30dbc93580f84bb09671e3eed5a8beb8	d__Bacteria; p__Actinobacteriota; c__Acidimicrobiia; o__Microtrichales; f__Ilumatobacteraceae; g__uncultured	0.9558957304955104
30eb674fb50286c1185ff627db087c40	d__Bacteria; p__Sumerlaeota; c__Sumerlaeia; o__Sumerlaeales; f__Sumerlaeaceae; g__Sumerlaea; s__uncultured_Acidobacteria	0.9997560313685752
30f8f1d57801949c95c3ccb996ef69de	d__Bacteria; p__Actinobacteriota; c__Thermoleophilia; o__Solirubrobacterales; f__67-14; g__67-14	0.9951609234423345
3105a594bba2604ae5ed19f5e0495d2e	d__Bacteria; p__Myxococcota; c__Polyangia; o__Polyangiales; f__BIrii41; g__BIrii41; s__uncultured_bacterium	0.7014179458237729
310a6f0e6841db2ce75005cac942a972	d__Bacteria; p__Actinobacteriota; c__Actinobacteria	0.9999999835371143
310ebdab666f7732466b411d09f873ca	d__Bacteria; p__Acidobacteriota; c__Blastocatellia; o__DS-100; f__DS-100; g__DS-100; s__uncultured_Acidobacteriales	0.8139450538844332
310f3de009c95de5c938b8e811dfc96f	d__Bacteria; p__Proteobacteria; c__Alphaproteobacteria; o__Rhizobiales; f__Xanthobacteraceae	0.9935772514677262
312026b0b1583f7cdbdee44aba46b8aa	d__Bacteria; p__Acidobacteriota; c__Vicinamibacteria; o__Vicinamibacterales; f__Vicinamibacteraceae; g__Vicinamibacteraceae	0.9891846637909437
3123230812355d28f4d56abd687493ae	d__Bacteria; p__Verrucomicrobiota; c__Verrucomicrobiae; o__Opitutales; f__Opitutaceae	0.9999999927705066
3160d67379070d4390e9c13c37d87155	d__Bacteria; p__Bacteroidota; c__SJA-28; o__SJA-28; f__SJA-28; g__SJA-28; s__metagenome	0.9789462422268824
316917cd9117f22baf70d893f83d4789	d__Bacteria; p__Proteobacteria; c__Gammaproteobacteria; o__Burkholderiales; f__Comamonadaceae; g__Ramlibacter	0.7251559312244901
3169eba1c4ab3968dfcec352bdedb381	d__Bacteria; p__Chloroflexi; c__KD4-96; o__KD4-96; f__KD4-96; g__KD4-96; s__uncultured_Chloroflexi	0.7561929479016795
317787be3075011230f78abb12acfec3	d__Bacteria; p__Planctomycetota; c__Planctomycetes; o__Pirellulales; f__Pirellulaceae; g__Pir4_lineage	0.9411348931734135
31850e800f1bb2525d5e444f27b61da2	d__Bacteria; p__Latescibacterota; c__Latescibacterota; o__Latescibacterota; f__Latescibacterota; g__Latescibacterota	0.9988950513245701
318e5555fdd47ca345a70a192eaac047	d__Bacteria; p__Acidobacteriota; c__Vicinamibacteria; o__Vicinamibacterales; f__uncultured; g__uncultured; s__uncultured_Acidobacteriaceae	0.7685576566528209
31931e1954df504ab8f6c6a49ad19fc6	d__Bacteria; p__Proteobacteria; c__Gammaproteobacteria; o__Burkholderiales; f__Comamonadaceae; g__Aquabacterium	0.9935636749893009
31959d23daa459b7c0eeef671199dd87	d__Bacteria; p__Chloroflexi; c__Chloroflexia; o__Thermomicrobiales; f__JG30-KF-CM45; g__JG30-KF-CM45	0.997435190937993
3196b88cd353bdd160dc9d06e90781ff	d__Bacteria; p__Proteobacteria; c__Gammaproteobacteria; o__Steroidobacterales; f__Steroidobacteraceae; g__Steroidobacter	0.9504802018321228
3199260901b4c0dc82ac61b5eac30d1b	d__Bacteria; p__Planctomycetota; c__Planctomycetes; o__Pirellulales; f__Pirellulaceae; g__uncultured; s__uncultured_bacterium	0.7117528595635462
31c2e47a4a6c0eea17eaa3927bce8048	d__Bacteria; p__Chloroflexi; c__JG30-KF-CM66; o__JG30-KF-CM66; f__JG30-KF-CM66; g__JG30-KF-CM66; s__metagenome	0.7004982830185145
31d669333fa8e028e13074def52c7880	d__Bacteria; p__Proteobacteria; c__Gammaproteobacteria; o__Burkholderiales; f__Comamonadaceae	0.9995203105921825
31dac3d5ce7239e282fbe6604d8d4ca5	d__Bacteria; p__Myxococcota; c__bacteriap25; o__bacteriap25; f__bacteriap25; g__bacteriap25	0.9848132704980906
31daf73735ccbbaf364e360d3461268c	d__Bacteria; p__Proteobacteria; c__Gammaproteobacteria; o__Diplorickettsiales; f__Diplorickettsiaceae; g__Aquicella	0.999995903837797
31e14b15e5c16352cea7d836725fc508	d__Bacteria; p__Firmicutes; c__Bacilli; o__Paenibacillales; f__Paenibacillaceae; g__Ammoniphilus	0.9997129025657261
31ecabc032997aaf41dd0d8def3ec93f	d__Bacteria; p__Firmicutes; c__Clostridia; o__Lachnospirales; f__Lachnospiraceae	0.9951256837660736
31f06a05b005f44cf15c36d8d789ac2d	d__Bacteria; p__Proteobacteria; c__Gammaproteobacteria	0.9992607744401382
31ff5f2a9869a4377c0c095ca310396c	d__Bacteria; p__Verrucomicrobiota; c__Verrucomicrobiae; o__Chthoniobacterales; f__Chthoniobacteraceae; g__Chthoniobacter	0.9998792572932343
31fff136dfc541d4bc4325c70dada6be	d__Bacteria; p__Myxococcota; c__bacteriap25; o__bacteriap25; f__bacteriap25; g__bacteriap25	0.8830394604294917
3200e5039d6c9dd3fb6caedfa4e9164f	d__Bacteria; p__Actinobacteriota; c__Acidimicrobiia; o__uncultured; f__uncultured; g__uncultured; s__uncultured_Acidimicrobiia	0.8012203893087172
3207ce06c26128e752cb1d7b7760a981	d__Bacteria; p__Proteobacteria; c__Gammaproteobacteria; o__Burkholderiales; f__Comamonadaceae; g__Caenimonas	0.7261140926675181
32105eece16bd10bf632d84d4efa9563	d__Bacteria; p__Proteobacteria; c__Gammaproteobacteria; o__CCD24; f__CCD24; g__CCD24	0.9999336467949401
321a641750b98d6f9ad9812871abcdfc	d__Bacteria; p__Actinobacteriota; c__Thermoleophilia; o__Gaiellales; f__uncultured; g__uncultured; s__metagenome	0.8995361976576006
32261d4f26d339fffa0004a7c976597b	d__Bacteria; p__Proteobacteria; c__Gammaproteobacteria; o__Burkholderiales; f__TRA3-20; g__TRA3-20	0.999976362160468
3235071a61e8293f751bf3af0b97bd80	d__Bacteria; p__Gemmatimonadota; c__Gemmatimonadetes; o__Gemmatimonadales; f__Gemmatimonadaceae; g__Gemmatimonas	0.9782118103237827
32355e8bb253bbb6e585a2bfdb098c46	d__Bacteria; p__Entotheonellaeota; c__Entotheonellia; o__Entotheonellales; f__Entotheonellaceae; g__Candidatus_Entotheonella; s__uncultured_bacterium	0.9298739333211794
323dde8a880cad0ffd9085c61bae7526	d__Bacteria; p__Patescibacteria; c__Parcubacteria; o__Candidatus_Moranbacteria; f__Candidatus_Moranbacteria; g__Candidatus_Moranbacteria	0.8167236217323264
3245ec44b56c6107f9614cbd405bd7fc	d__Bacteria; p__Acidobacteriota; c__Vicinamibacteria; o__Subgroup_17; f__Subgroup_17; g__Subgroup_17; s__uncultured_Holophaga	0.843661068296648
32463e0b71a1b01a37327b748804db5a	d__Bacteria; p__Chloroflexi; c__Anaerolineae; o__Caldilineales; f__Caldilineaceae; g__uncultured	0.9797360071695724
324e35f49f20e167b122a539a4745d12	d__Bacteria; p__Bacteroidota; c__Bacteroidia; o__Flavobacteriales; f__Crocinitomicaceae; g__Fluviicola	0.9999932073081373
324f3f5ce24447bcdbf1ddd604db5c83	d__Bacteria; p__Firmicutes; c__Bacilli; o__Bacillales; f__Bacillaceae; g__Bacillus; s__Bacillus_halmapalus	0.7013051712144276
325f2eb03f8752e4e39ed0b844d5e01d	d__Bacteria; p__Verrucomicrobiota; c__Verrucomicrobiae; o__Verrucomicrobiales; f__Verrucomicrobiaceae; g__uncultured	0.9999969309683271
325f7d867df8e0fe42db4b91ea960bb2	d__Bacteria; p__Actinobacteriota; c__Acidimicrobiia; o__Microtrichales; f__Ilumatobacteraceae	0.9999987539717768
3265692341e42dbd5cf4ed1938b906e3	d__Bacteria; p__Proteobacteria; c__Alphaproteobacteria; o__Rhizobiales; f__Rhizobiaceae; g__Mesorhizobium	0.759382559920192
326681ff404d81b45a6a5579f241d3b5	d__Bacteria; p__Acidobacteriota; c__Blastocatellia; o__Pyrinomonadales; f__Pyrinomonadaceae; g__RB41	0.9979485767103937
32780aa890c65dd0d4a0d3b1bade9e66	d__Bacteria; p__Myxococcota; c__bacteriap25; o__bacteriap25; f__bacteriap25; g__bacteriap25	0.9633228267414101
327dda1bccf41abe6e3722f6d3aacc12	d__Bacteria; p__Actinobacteriota; c__Thermoleophilia; o__Solirubrobacterales; f__67-14; g__67-14	0.9731120076268132
329a06ed3dc228bede140e867a2b5fcb	d__Bacteria; p__Firmicutes; c__Bacilli; o__Bacillales; f__Bacillaceae; g__Bacillus; s__Bacillus_mannanilyticus	0.9277834105470654
32a67adfbc7c80a9faac160c52715a91	d__Bacteria; p__Proteobacteria; c__Gammaproteobacteria; o__Steroidobacterales; f__Steroidobacteraceae; g__Steroidobacter	0.948622883515486
32a981961b2d1106527b832cdb3f934a	d__Bacteria; p__Firmicutes; c__Clostridia; o__Lachnospirales; f__Lachnospiraceae	0.9997982168785672
32a9ba1bb3d1da3e28996fb8bb92e145	d__Bacteria; p__Firmicutes; c__Limnochordia; o__M55-D21; f__M55-D21; g__M55-D21; s__uncultured_bacterium	0.9962995561209106
32d5bfa323a420902a566aaf2f46a13b	d__Bacteria; p__Verrucomicrobiota; c__Verrucomicrobiae; o__Verrucomicrobiales; f__Rubritaleaceae; g__Luteolibacter; s__Haloferula_sp.	0.7433229115234585
32e4b88e931649e2420bc5d63008cc80	d__Bacteria; p__Actinobacteriota; c__Actinobacteria; o__Propionibacteriales; f__Nocardioidaceae; g__Nocardioides	0.9931269074544299
32e5e69c7b67cd126f4e830a1800518f	d__Bacteria; p__Myxococcota; c__bacteriap25; o__bacteriap25; f__bacteriap25; g__bacteriap25; s__metagenome	0.9956918494346068
32f5ab84eb4e34ff872786d423240d99	d__Bacteria; p__Verrucomicrobiota; c__Verrucomicrobiae; o__Chthoniobacterales; f__Chthoniobacteraceae; g__Chthoniobacter; s__uncultured_bacterium	0.9107812197365123
32f7d0837133a8a5dc48a60fdda23fad	d__Bacteria; p__Planctomycetota; c__Pla4_lineage; o__Pla4_lineage; f__Pla4_lineage; g__Pla4_lineage; s__uncultured_planctomycete	0.9481774752500846
32fd2381208ed026d545e5592a144778	d__Bacteria; p__Proteobacteria; c__Gammaproteobacteria; o__Alteromonadales; f__Alteromonadaceae; g__Rheinheimera	0.9914503459778199
33091013e8075748b9b6c5b5b6c01b51	d__Bacteria; p__Proteobacteria; c__Gammaproteobacteria; o__Steroidobacterales; f__Steroidobacteraceae; g__Steroidobacter	0.9634645017187146
33105d4a15689ef5c4d5b7f59db4d189	d__Bacteria; p__Armatimonadota; c__Fimbriimonadia; o__Fimbriimonadales; f__Fimbriimonadaceae; g__Fimbriimonadaceae	0.9957469751886828
331d2d41b58a12451f77cc0f9c14e636	d__Bacteria; p__Proteobacteria; c__Gammaproteobacteria; o__Pseudomonadales; f__Moraxellaceae; g__Acinetobacter	0.9983231025968171
33281435dc1a5f812d8869dbca684f7d	d__Bacteria; p__Actinobacteriota; c__Actinobacteria; o__Propionibacteriales; f__Nocardioidaceae; g__Nocardioides	0.9073764039146939
332cc3f9d1b56e235894937515d63ac4	d__Bacteria; p__Myxococcota; c__Polyangia; o__Polyangiales; f__Polyangiaceae; g__uncultured; s__uncultured_delta	0.7945651423184208
332d0554e9a32e49e419e7e8fca2863c	d__Bacteria; p__Actinobacteriota; c__Actinobacteria	0.9999999515132918
3330574dfc09ccef4ddd6bc3990f1791	d__Bacteria; p__Myxococcota; c__Polyangia; o__Polyangiales; f__Sandaracinaceae; g__uncultured; s__metagenome	0.9639194680251151
333a71f7b734f2f83d6b284eb27c4c7b	d__Bacteria; p__Myxococcota; c__bacteriap25; o__bacteriap25; f__bacteriap25; g__bacteriap25; s__metagenome	0.9785741567099893
3344c368bb7f754ce11bedefdecfbc87	d__Bacteria; p__Firmicutes; c__Bacilli; o__Brevibacillales; f__Brevibacillaceae; g__Brevibacillus	0.999912805409166
33486f2d29d5fbd396ba406f37b07466	d__Bacteria; p__Sumerlaeota; c__Sumerlaeia; o__Sumerlaeales; f__Sumerlaeaceae; g__Sumerlaea; s__uncultured_bacterium	0.7822058722252488
334c95635778c8003b06a6fde7045598	d__Bacteria; p__Planctomycetota; c__OM190; o__OM190; f__OM190; g__OM190; s__uncultured_bacterium	0.8499561586478541
3357363c143389b28ccf112b5fd69c0d	d__Bacteria; p__Proteobacteria; c__Alphaproteobacteria; o__Rhizobiales; f__Beijerinckiaceae; g__FFCH5858; s__uncultured_bacterium	0.7687594436402247
336c9df0e589d5c5298d7995f3a3f10c	d__Bacteria; p__Acidobacteriota; c__Vicinamibacteria; o__Vicinamibacterales; f__uncultured; g__uncultured	0.9999607949994974
3371b4f742c71b2ddb761165aba35f1a	d__Bacteria; p__Planctomycetota; c__Planctomycetes; o__Gemmatales; f__Gemmataceae; g__Gemmata	0.9949699058829553
3379cd346dbb43000b7a6f8ed503edd8	d__Bacteria; p__Actinobacteriota; c__Acidimicrobiia; o__Actinomarinales; f__uncultured; g__uncultured	0.9999999980243801
338be823f5771a4fd0965ddaf7f5e4d8	d__Bacteria; p__Planctomycetota; c__Planctomycetes; o__Planctomycetales; f__uncultured; g__uncultured; s__uncultured_bacterium	0.7153371298703775
33942f6f427bde9d03a7f31cc411afad	d__Bacteria; p__Planctomycetota; c__OM190; o__OM190; f__OM190; g__OM190; s__uncultured_Crater	0.8106868374008215
3395b090af236c4bb5199a1a5bf751f0	d__Bacteria; p__Bacteroidota; c__Bacteroidia; o__Chitinophagales; f__Chitinophagaceae; g__Terrimonas	0.9295616142157381
33997912cd952feaec18fbd11b31acac	d__Bacteria; p__Proteobacteria; c__Alphaproteobacteria; o__Rhizobiales; f__Devosiaceae	0.9917112574768232
33a997e8fe20d2d4692a6f7f2a0593e5	d__Bacteria; p__Bacteroidota; c__Bacteroidia; o__Flavobacteriales; f__Flavobacteriaceae; g__Flavobacterium	0.9922248340152832
33b682a5791bc5da670e77db793c0cab	d__Bacteria; p__NB1-j; c__NB1-j; o__NB1-j; f__NB1-j; g__NB1-j; s__uncultured_Myxococcales	0.788295948822666
33b7df1615810c9eb041a7e7c9843198	d__Bacteria; p__Chloroflexi; c__Anaerolineae; o__Caldilineales; f__Caldilineaceae; g__Litorilinea; s__uncultured_bacterium	0.9829685625405242
33baed99e33c150c239d8cb9afdbf977	d__Bacteria; p__Acidobacteriota; c__Vicinamibacteria; o__Vicinamibacterales; f__Vicinamibacteraceae; g__Vicinamibacteraceae	0.9935223435103934
33ec00158493d1e38b75f0a0953dab8f	d__Bacteria; p__Proteobacteria; c__Gammaproteobacteria; o__Steroidobacterales; f__Steroidobacteraceae; g__Steroidobacter	0.8295248702494794
33f6280192ecc11f6a024b51f00b6863	d__Bacteria; p__Proteobacteria; c__Gammaproteobacteria; o__Burkholderiales; f__Nitrosomonadaceae; g__MND1	0.9842037460813406
33fb915fd449faa405f1d2fdb5e4261f	d__Bacteria; p__Proteobacteria; c__Alphaproteobacteria; o__Rhizobiales; f__Xanthobacteraceae	0.958154356675945
33fbee2f27a0c0c4ca54dbc461ef7f7e	d__Bacteria; p__Acidobacteriota; c__Vicinamibacteria; o__Vicinamibacterales; f__uncultured; g__uncultured	0.999433599212205
33fe27a51bd361a915a2de022f9d4a15	d__Bacteria; p__Gemmatimonadota; c__Gemmatimonadetes; o__Gemmatimonadales; f__Gemmatimonadaceae	0.9999603554623953
3405ff1c90b09439b512f990999fdf4f	d__Bacteria; p__Acidobacteriota; c__Vicinamibacteria; o__Vicinamibacterales; f__uncultured; g__uncultured; s__uncultured_bacterium	0.7981465623832251
340d095f9a9fb445582b60e1282d985d	d__Bacteria; p__Chloroflexi; c__Chloroflexia; o__Kallotenuales	0.9952434375014381
340fe734883ef9bb9cde33adffe658d8	d__Bacteria; p__Armatimonadota; c__Fimbriimonadia; o__Fimbriimonadales; f__Fimbriimonadaceae; g__Fimbriimonadaceae	0.9715570926367827
341433c1c8cc65ce47dcf32179d08fd8	d__Bacteria; p__Actinobacteriota; c__Thermoleophilia; o__Gaiellales	0.999983568205587
3428d92e96d3184ab1aef96075417aaa	d__Bacteria; p__Patescibacteria; c__Saccharimonadia; o__Saccharimonadales; f__LWQ8; g__LWQ8; s__uncultured_bacterium	0.8014608741772775
342df9401103d274851d3bd80704508d	d__Bacteria; p__Actinobacteriota; c__Actinobacteria; o__Streptosporangiales; f__Streptosporangiaceae; g__Nonomuraea	0.7130068494794993
3444bb39c90f3fddf9c9b10dabd45bf7	d__Bacteria; p__Bdellovibrionota; c__Bdellovibrionia; o__Bdellovibrionales; f__Bdellovibrionaceae; g__Bdellovibrio; s__Bdellovibrio_bacteriovorus	0.8443135914081387
344faadad8ee2cd4062bca66c90fa750	d__Bacteria; p__Patescibacteria; c__Parcubacteria; o__Candidatus_Adlerbacteria; f__Candidatus_Adlerbacteria; g__Candidatus_Adlerbacteria; s__uncultured_bacterium	0.7742836613853729
3455148b7dde421d70f75a3b861927fb	d__Bacteria; p__Myxococcota; c__Polyangia; o__Polyangiales; f__BIrii41; g__BIrii41; s__uncultured_bacterium	0.7019340423661402
3467185ca92b7bec2523214605adabf0	d__Bacteria; p__Proteobacteria; c__Gammaproteobacteria; o__Gammaproteobacteria; f__Gammaproteobacteria; g__Gammaproteobacteria; s__uncultured_bacterium	0.8735728398280437
34840bd09c85242c52a29fe5ef660e9d	d__Bacteria; p__Myxococcota; c__Myxococcia; o__Myxococcales; f__Myxococcaceae	0.9999844367607916
349b4f3104be14accf0033b5bd8237ad	d__Bacteria; p__Proteobacteria; c__Gammaproteobacteria; o__Burkholderiales; f__Comamonadaceae	0.9996188003742147
349d40e06ef098635b825bd69e291e67	d__Bacteria; p__Bacteroidota; c__Kapabacteria; o__Kapabacteriales; f__Kapabacteriales; g__Kapabacteriales; s__metagenome	0.9331038540977783
34a45270dfd73b8293ec6f5737e57ed1	d__Bacteria; p__Bacteroidota; c__Bacteroidia; o__Flavobacteriales; f__Flavobacteriaceae; g__Flavobacterium	0.999420291486262
34a6902306ff5c07676a2fd159425e35	d__Bacteria; p__Chloroflexi; c__JG30-KF-CM66; o__JG30-KF-CM66; f__JG30-KF-CM66; g__JG30-KF-CM66	0.9969833407636345
34b728be3036a898a91df90039b377b0	d__Bacteria; p__Firmicutes; c__Bacilli; o__Alicyclobacillales; f__Alicyclobacillaceae; g__Tumebacillus	0.999991941291482
34cde491d3e97dcd4ce5abe5e8c192a6	d__Bacteria; p__Chloroflexi; c__Anaerolineae; o__SBR1031	0.9937590164259993
34e0d2be12b225f8fcc2e5834411ec1f	d__Bacteria; p__Myxococcota; c__Myxococcia; o__Myxococcales; f__Myxococcaceae	0.9999869816196617
34e25a4629d6bb484a9e2e2390e01b99	d__Bacteria; p__Chloroflexi; c__Ktedonobacteria; o__C0119; f__C0119; g__C0119; s__uncultured_bacterium	0.9761042766395717
34e488cfd736be57498701b124429360	d__Bacteria; p__Proteobacteria; c__Gammaproteobacteria; o__Gammaproteobacteria_Incertae_Sedis; f__Unknown_Family; g__Acidibacter	0.7789462917294789
34ec2c3ae49cb9fe0415082fce72078f	d__Bacteria; p__Proteobacteria; c__Alphaproteobacteria; o__Rhizobiales; f__Rhizobiaceae	0.9992008056574128
34ee78cf38c7d04570fa9868912abd08	d__Bacteria; p__Gemmatimonadota; c__Gemmatimonadetes; o__Gemmatimonadales; f__Gemmatimonadaceae; g__Gemmatimonas; s__uncultured_Gemmatimonas	0.9845132324917264
34ff74db3b40764a31677a155da9aadf	d__Bacteria; p__Proteobacteria; c__Gammaproteobacteria; o__Burkholderiales; f__Methylophilaceae; g__Methylotenera	0.965567196468101
350c1f62b072c592367556fb07e37526	d__Bacteria; p__Myxococcota; c__Polyangia; o__Polyangiales; f__Polyangiaceae	0.8905130211584343
350e03e67708f165ea7f825db5262804	d__Bacteria; p__Patescibacteria; c__Parcubacteria; o__Candidatus_Kaiserbacteria; f__Candidatus_Kaiserbacteria; g__Candidatus_Kaiserbacteria	0.9999907101899943
351358780a037774640a5634b994c9b2	d__Bacteria; p__Actinobacteriota; c__Acidimicrobiia; o__Microtrichales; f__uncultured; g__uncultured; s__uncultured_bacterium	0.9940534482421969
35197806bb9a1875618178b66f224fac	d__Bacteria; p__Acidobacteriota; c__Vicinamibacteria; o__Vicinamibacterales; f__uncultured; g__uncultured	0.9999981693953085
351b3f118ee818dafa97cd89ec6258d9	d__Bacteria; p__Patescibacteria; c__Parcubacteria; o__Parcubacteria; f__Parcubacteria; g__Parcubacteria; s__uncultured_bacterium	0.9999370199703054
353afb9dcb61568310b29563810548df	d__Bacteria; p__Actinobacteriota; c__Actinobacteria; o__0319-7L14; f__0319-7L14; g__0319-7L14; s__uncultured_bacterium	0.9640290566975903
353b716b5a5e1a9437e55258293d2212	d__Bacteria; p__Cyanobacteria; c__Cyanobacteriia; o__Phormidesmiales; f__Nodosilineaceae; g__Nodosilinea_PCC-7104	0.9817644911967798
353c4aa4cbfdf6a316d88f1616636527	d__Bacteria; p__Acidobacteriota; c__Vicinamibacteria; o__Vicinamibacterales; f__uncultured; g__uncultured	0.9999971017282512
354961ec991aaf4546d5e4c381f43638	d__Bacteria; p__Patescibacteria; c__Saccharimonadia; o__Saccharimonadales; f__Saccharimonadales; g__Saccharimonadales	0.8616498122280236
35547264743f3c2a1986579298260524	d__Bacteria; p__Myxococcota; c__Polyangia; o__Haliangiales; f__Haliangiaceae; g__Haliangium	0.9997754792226325
356c5de4b15185d1bef19fad5bef23a4	d__Bacteria; p__Acidobacteriota; c__Blastocatellia; o__DS-100; f__DS-100; g__DS-100; s__uncultured_Acidobacteria	0.9727040354659511
356dd2a11d9da126297abdf55c6cbaa1	d__Bacteria; p__Acidobacteriota; c__Thermoanaerobaculia; o__Thermoanaerobaculales; f__Thermoanaerobaculaceae; g__Subgroup_10; s__uncultured_bacterium	0.933061388059063
3576133fcd22c61fcb5edcd94771c3b8	d__Bacteria; p__Firmicutes; c__Clostridia; o__Christensenellales; f__Christensenellaceae; g__Christensenellaceae_R-7_group	0.8359167928746212
35826fe826b7a9f202e8bef7b39d9a47	d__Bacteria; p__Chloroflexi; c__Dehalococcoidia; o__S085; f__S085; g__S085; s__metagenome	0.9692150415037956
35adf0996b99c7076bc1d494b607adf4	d__Bacteria; p__Verrucomicrobiota; c__Verrucomicrobiae; o__Pedosphaerales; f__Pedosphaeraceae; g__Pedosphaeraceae	0.9991271165936093
35bedeeb56cc0091d836f41e44072e3a	d__Bacteria; p__Nitrospirota; c__Nitrospiria; o__Nitrospirales; f__Nitrospiraceae; g__Nitrospira	0.9999999997289434
35cf0828113e5fa4a54a4cbca519b9f6	d__Bacteria; p__Proteobacteria; c__Gammaproteobacteria; o__Burkholderiales; f__Comamonadaceae	0.9999784909842295
35d9f4c76d7b52f4ea768ab382f5ff0f	d__Bacteria; p__Bacteroidota; c__Bacteroidia; o__Cytophagales; f__Hymenobacteraceae; g__Pontibacter	0.9997151080882299
35e4bfdaedf2629e8a1186a56cda7b43	d__Bacteria; p__Proteobacteria; c__Gammaproteobacteria; o__Burkholderiales; f__TRA3-20; g__TRA3-20	0.9999778243669056
35e780e3fd2ed096674c62d49da89923	d__Bacteria; p__Bacteroidota; c__Bacteroidia; o__Sphingobacteriales; f__env.OPS_17; g__env.OPS_17	0.9999992097516037
35f9a7708aab3de3fe08ff36f6a80a78	d__Bacteria; p__Actinobacteriota; c__Acidimicrobiia; o__Microtrichales; f__Ilumatobacteraceae; g__CL500-29_marine_group; s__metagenome	0.7501476440936776
35fdb17b699e43ae5ea344b8992425e1	d__Bacteria; p__Bacteroidota; c__Bacteroidia; o__Chitinophagales; f__Chitinophagaceae; g__Terrimonas	0.7929316456626981
36150a129a8f3554e6ba58e7ad34238e	d__Bacteria; p__Firmicutes; c__Clostridia; o__Peptostreptococcales-Tissierellales; f__Peptostreptococcales-Tissierellales; g__Alkaliphilus	0.9708800664392823
36197d29f7ea3d9d2f6febb2d1291d93	d__Bacteria; p__Bacteroidota; c__Rhodothermia; o__Rhodothermales; f__Rhodothermaceae; g__Rhodothermaceae	0.9941520817412103
3619c4d3449413eb11f95f9e25e130e1	d__Bacteria; p__Myxococcota; c__Myxococcia; o__Myxococcales; f__Anaeromyxobacteraceae; g__Anaeromyxobacter	0.9999940499762778
361d511023ad6fed16ca6468277994e4	d__Bacteria; p__Proteobacteria; c__Alphaproteobacteria; o__Tistrellales; f__Geminicoccaceae; g__Candidatus_Alysiosphaera	0.9942502675114535
3638671744730f9f121c42f9ab9acff8	d__Bacteria; p__Bdellovibrionota; c__Bdellovibrionia; o__Bdellovibrionales; f__Bdellovibrionaceae; g__Bdellovibrio; s__uncultured_bacterium	0.9877388855488011
3644e010f0261b55ffc5a5bc396da194	d__Bacteria	0.9999999997596994
3657573c2cd7f95c16fcdec567c7895b	d__Bacteria; p__Proteobacteria; c__Alphaproteobacteria; o__Rhodobacterales; f__Rhodobacteraceae; g__Limibaculum; s__uncultured_bacterium	0.7285449852415162
367c026dec257e8fdca3bd49eb8ad278	d__Bacteria; p__Planctomycetota; c__Planctomycetes; o__Pirellulales; f__Pirellulaceae; g__Pir4_lineage; s__uncultured_bacterium	0.9107038228723627
36936befa1a4ae85cc68516b6cd9955f	d__Bacteria; p__Chloroflexi; c__Anaerolineae; o__Ardenticatenales; f__Ardenticatenaceae; g__uncultured; s__uncultured_bacterium	0.9347422031022712
3697c044dab9bd2844f6434601a6f888	d__Bacteria; p__Bacteroidota; c__Bacteroidia; o__Chitinophagales; f__Saprospiraceae; g__uncultured; s__uncultured_Haliscomenobacter	0.8944594384984147
369ea22772cb774950c830d0af7e8235	d__Bacteria; p__Actinobacteriota	0.9999908417787705
369f0b098b3d5231da19bfdaf6498838	d__Bacteria; p__Acidobacteriota; c__Vicinamibacteria; o__Subgroup_17; f__Subgroup_17; g__Subgroup_17	0.9999998555204951
36c44451db37f95335b29260ceae72e0	d__Bacteria; p__Proteobacteria; c__Gammaproteobacteria; o__Burkholderiales; f__Nitrosomonadaceae; g__Ellin6067	0.9993053211389636
36c8e8d70d966431543d6babfd2fe646	d__Bacteria; p__Firmicutes; c__Clostridia; o__Clostridia; f__Gracilibacteraceae; g__Lutispora; s__uncultured_bacterium	0.9732573252773227
36cb24c0387054611523c4572d3b4c9b	d__Bacteria; p__Actinobacteriota; c__Actinobacteria; o__0319-7L14; f__0319-7L14; g__0319-7L14; s__uncultured_bacterium	0.9132313975213934
36cb791fbbb50e4e5aa9602fde663a98	d__Bacteria; p__Patescibacteria; c__Parcubacteria; o__Candidatus_Yanofskybacteria; f__Candidatus_Yanofskybacteria; g__Candidatus_Yanofskybacteria; s__uncultured_deep-sea	0.8935258846667128
36ccb42193ec84624df768a159e8d9e2	d__Bacteria; p__Proteobacteria; c__Gammaproteobacteria; o__KI89A_clade; f__KI89A_clade; g__KI89A_clade; s__uncultured_deep-sea	0.8705567155210645
36e2ec7d9d8c4e620f2953d6f7fb6323	d__Bacteria; p__Gemmatimonadota; c__Gemmatimonadetes; o__Gemmatimonadales; f__Gemmatimonadaceae; g__uncultured	0.9989807392936265
36f5192ecaf69b6781852f7278bb9598	d__Bacteria; p__Acidobacteriota; c__Subgroup_22; o__Subgroup_22; f__Subgroup_22; g__Subgroup_22; s__uncultured_bacterium	0.7350068256065557
36f57ef91dc2939ec88b212f582b962a	d__Bacteria; p__Acidobacteriota; c__Vicinamibacteria; o__Vicinamibacterales; f__uncultured; g__uncultured	0.9999997382472535
3702010d121dd762e147edd80b2453a6	d__Bacteria; p__Patescibacteria; c__Parcubacteria; o__Candidatus_Nomurabacteria; f__Candidatus_Nomurabacteria; g__Candidatus_Nomurabacteria	0.9999954365959067
371b855afa8bed030e86ec78241b01a3	d__Bacteria; p__Acidobacteriota; c__Blastocatellia; o__11-24; f__11-24; g__11-24	0.9999999530858211
372b97e113ed1e8b5ba1509262dad094	d__Bacteria; p__Verrucomicrobiota; c__Verrucomicrobiae; o__Opitutales; f__Opitutaceae	0.9999999971917808
374a5eb6496d14e8e9d6f3d8c7e34d9d	d__Bacteria; p__Verrucomicrobiota; c__Verrucomicrobiae	0.9999999729042132
376359d8deb53f65273e1c47b10e5a28	d__Bacteria; p__Proteobacteria; c__Gammaproteobacteria; o__Burkholderiales; f__Nitrosomonadaceae; g__mle1-7	0.992357021022856
377dfd7664df6ecdc9bf57c7ba14a96e	d__Bacteria; p__Planctomycetota; c__Planctomycetes; o__Pirellulales; f__Pirellulaceae; g__Pirellula	0.8913137203343434
377f966c5d1b31ddee777c6cb4ba27eb	d__Bacteria; p__Proteobacteria; c__Gammaproteobacteria; o__Burkholderiales; f__Burkholderiaceae; g__Lautropia	0.9999990080759513
37804822a09b7d8447d0616c65c4051f	d__Bacteria; p__Planctomycetota; c__OM190; o__OM190; f__OM190; g__OM190; s__uncultured_bacterium	0.869723373373546
3798a0624754dea7f557a18dbb67a43f	d__Bacteria; p__Bacteroidota; c__Bacteroidia; o__Cytophagales; f__Spirosomaceae; g__Dyadobacter	0.9999831042249878
3799f29a4475271e6145a49984ee9610	d__Bacteria; p__Proteobacteria; c__Gammaproteobacteria; o__Burkholderiales; f__Nitrosomonadaceae; g__MND1	0.9998418229771618
379b71512572e3454d65cc7fabec9691	d__Bacteria; p__Myxococcota; c__Polyangia; o__Haliangiales; f__Haliangiaceae; g__Haliangium	0.9993700375303776
37af3ab90cefddc911462917593bb72e	d__Bacteria; p__Campilobacterota; c__Campylobacteria; o__Campylobacterales; f__Campylobacteraceae; g__Campylobacter	0.9999941764678922
37b227dc257267d42abf095b1f445715	d__Bacteria; p__Planctomycetota; c__Planctomycetes; o__Gemmatales; f__Gemmataceae; g__Gemmata	0.9992777750151459
37c5968cc214addb4d46547b6da41237	d__Bacteria; p__Acidobacteriota; c__Vicinamibacteria; o__Subgroup_9; f__Subgroup_9; g__Subgroup_9; s__uncultured_bacterium	0.9991839117899312
37cb3ae77c35ba3288baeb6150d0acf0	d__Bacteria; p__Planctomycetota; c__Planctomycetes; o__Gemmatales; f__Gemmataceae; g__Gemmataceae; s__uncultured_bacterium	0.8597060618739294
37d5425bbd4c50d7ff029323fa49a0b4	d__Bacteria; p__Firmicutes; c__Bacilli; o__Paenibacillales; f__Paenibacillaceae; g__Paenibacillus	0.9990999000759384
37e1ff6463bf91f3acab0bbaf68d1930	d__Bacteria; p__Planctomycetota; c__Planctomycetes; o__Gemmatales; f__Gemmataceae; g__uncultured; s__uncultured_bacterium	0.9120708326673937
37eb5fce209c0fe376d701aa10bb7e57	d__Bacteria; p__Planctomycetota; c__Planctomycetes; o__Pirellulales; f__Pirellulaceae; g__uncultured; s__uncultured_bacterium	0.7043857563142732
37f7368632e254684a29b8f563b379d4	d__Bacteria; p__Firmicutes; c__Bacilli; o__Bacillales; f__Bacillaceae; g__Bacillus	0.9331681000988434
3806a34240c27d7104a9ac90e0bbfc9c	d__Bacteria; p__Gemmatimonadota; c__Gemmatimonadetes; o__Gemmatimonadales; f__Gemmatimonadaceae; g__uncultured	0.8303842639162213
38188ae16d2d0413a9b3d13ce1da44f1	d__Bacteria; p__Proteobacteria; c__Gammaproteobacteria; o__Burkholderiales; f__SC-I-84; g__SC-I-84; s__uncultured_beta	0.7201980029571116
38194655ba17dbfd7fcc1ed42a57c169	d__Bacteria; p__Proteobacteria; c__Gammaproteobacteria; o__Steroidobacterales; f__Steroidobacteraceae; g__uncultured	0.9998023166590407
38341c379a7303623b02da707f646fcc	d__Bacteria; p__Verrucomicrobiota; c__Verrucomicrobiae; o__Pedosphaerales; f__Pedosphaeraceae; g__Pedosphaeraceae	0.7722517150276383
38375f283e6b624b5d00921434d2b217	d__Bacteria; p__Firmicutes; c__Bacilli; o__Paenibacillales; f__Paenibacillaceae; g__Paenibacillus; s__Paenibacillus_yonginensis	0.8607376321014691
3840a4fff0250232f8570cae7c3514ba	d__Bacteria; p__Actinobacteriota; c__Acidimicrobiia; o__Microtrichales	0.7557321988472923
3848b6b165f289161dff7ea4c9a81f32	d__Bacteria; p__Chloroflexi; c__KD4-96; o__KD4-96; f__KD4-96; g__KD4-96; s__uncultured_bacterium	0.9797132715162926
385f84169ae90cf3c678d4f15446055a	d__Bacteria; p__Proteobacteria; c__Gammaproteobacteria; o__Pseudomonadales; f__Pseudomonadaceae; g__Pseudomonas	0.9995429562410467
386553f96eab095e172dee2425f93d2e	d__Bacteria; p__Proteobacteria; c__Gammaproteobacteria; o__Burkholderiales; f__SC-I-84; g__SC-I-84	0.905270310613957
38668d2a59c85766030e46d7fe1b676d	d__Bacteria; p__Firmicutes; c__Bacilli; o__Bacillales; f__Bacillaceae; g__Bacillus	0.9885694678061755
387cc83573db0e444e81c89a8a4f8f9c	d__Bacteria; p__Proteobacteria; c__Gammaproteobacteria; o__Burkholderiales; f__Nitrosomonadaceae; g__MND1	0.9999637254880741
388300f807bf4601e5c07978b4d716d7	d__Bacteria; p__Bacteroidota; c__Bacteroidia; o__Flavobacteriales; f__Flavobacteriaceae; g__Capnocytophaga; s__Capnocytophaga_sputigena	0.8251477776738374
3885f40b3f48e7e6bc2edd5136a6e8ce	d__Bacteria; p__Planctomycetota; c__OM190; o__OM190; f__OM190; g__OM190; s__uncultured_bacterium	0.9948207356985755
388c3508acbbcce45461989930bb76db	d__Bacteria; p__Firmicutes; c__Bacilli; o__Bacillales; f__Bacillaceae; g__Halobacillus; s__uncultured_bacterium	0.9303730387555396
388f13af9f8275cd9168afc3d14fce1b	d__Archaea; p__Thermoplasmatota; c__Thermoplasmata; o__Marine_Group_II; f__Marine_Group_II; g__Marine_Group_II; s__uncultured_archaeon	0.9596765768267022
38a80f25328ad6b6661579d3725c64ba	d__Bacteria; p__Acidobacteriota; c__Holophagae; o__Subgroup_7; f__Subgroup_7; g__Subgroup_7	0.9999996934707926
38b679172021b86469da9ea78cb4ab5b	d__Bacteria; p__Proteobacteria; c__Alphaproteobacteria; o__Rhizobiales; f__Rhizobiales_Incertae_Sedis; g__Nordella	0.9922178478640085
38cb3e3ce5ac5aed7dec50247ecfb267	d__Bacteria; p__Planctomycetota; c__Planctomycetes; o__Gemmatales; f__Gemmataceae; g__Gemmata; s__uncultured_bacterium	0.789545649084144
38cc138fac95b006929361093d840a00	d__Bacteria; p__Proteobacteria; c__Gammaproteobacteria; o__CCD24; f__CCD24; g__CCD24; s__uncultured_bacterium	0.8653871173578191
38d846fe0edb85ae41ec888d49c9b062	d__Bacteria; p__Acidobacteriota; c__Holophagae; o__Subgroup_7; f__Subgroup_7; g__Subgroup_7	0.999999781798298
38dc0b0b6e4e504229ba1029442473b7	d__Bacteria; p__Verrucomicrobiota; c__Verrucomicrobiae; o__Chthoniobacterales; f__01D2Z36; g__01D2Z36; s__metagenome	0.9999521077150596
38dd070e960430fb6ecd097d462fa8ca	d__Bacteria; p__Verrucomicrobiota; c__Verrucomicrobiae; o__Chthoniobacterales; f__Chthoniobacteraceae; g__Candidatus_Udaeobacter; s__Verrucomicrobia_bacterium	0.8296742900646497
38f20beb25f0c8fd8ce13e77f8c30262	d__Bacteria; p__Acidobacteriota; c__Blastocatellia; o__Pyrinomonadales; f__Pyrinomonadaceae; g__RB41	0.9998091440325534
38f3bc8ef8836574de0fcbeafd348b65	d__Bacteria; p__Proteobacteria; c__Gammaproteobacteria; o__Xanthomonadales; f__Xanthomonadaceae; g__Stenotrophomonas	0.9904251024536446
391246578804858485c108a88db20edc	d__Bacteria; p__Acidobacteriota; c__Vicinamibacteria; o__Vicinamibacterales; f__Vicinamibacteraceae; g__Vicinamibacteraceae	0.9999807340337434
392c59fee4e6b91d7654f2d3e3c65be8	d__Bacteria; p__Proteobacteria; c__Alphaproteobacteria; o__Rhizobiales; f__Hyphomicrobiaceae; g__Pedomicrobium	0.8459706283500789
392edb324bebca091cf3ff026a17347d	d__Bacteria; p__Planctomycetota; c__Phycisphaerae; o__Phycisphaerales; f__Phycisphaeraceae; g__SM1A02; s__uncultured_bacterium	0.9648805698630845
393f83d92adccee5dc1a7d095ff8f820	d__Bacteria; p__Acidobacteriota; c__Vicinamibacteria; o__Vicinamibacterales; f__uncultured; g__uncultured; s__uncultured_bacterium	0.8897885043947262
3949bd620bb6c0f3f6c1fa6d4ce65eb3	d__Bacteria; p__Firmicutes; c__Negativicutes; o__Veillonellales-Selenomonadales; f__Selenomonadaceae; g__Selenomonas; s__Selenomonas_sputigena	0.9861431588807315
394af8605e816bbf3aa26d2921d8ef60	d__Bacteria; p__Chloroflexi; c__Anaerolineae; o__Caldilineales; f__Caldilineaceae; g__uncultured	0.999999483168145
395aa20f9dbd20d744a2651c2b7f2a0d	d__Bacteria; p__Acidobacteriota; c__Vicinamibacteria; o__Vicinamibacterales; f__Vicinamibacteraceae; g__Vicinamibacteraceae	0.9909462524845382
39798cb4dbf3d3a6fe5ffff6464b48de	d__Bacteria; p__Proteobacteria; c__Gammaproteobacteria; o__Burkholderiales; f__Oxalobacteraceae	0.9946466632459685
3980891c22ccbb387b65f9e437b2f94f	d__Bacteria; p__Firmicutes; c__Bacilli; o__Erysipelotrichales; f__Erysipelotrichaceae; g__Turicibacter; s__uncultured_bacterium	0.8190781810007295
398d7b86bf55ec4a70ffce4c1a8cc520	d__Bacteria; p__Proteobacteria; c__Gammaproteobacteria; o__Pseudomonadales; f__Pseudomonadaceae; g__Pseudomonas; s__Pseudomonas_chlororaphis	0.7266397766839916
39a1fbad9b4e9e96125b61f46511cf9d	d__Bacteria; p__Gemmatimonadota; c__Gemmatimonadetes; o__Gemmatimonadales; f__Gemmatimonadaceae; g__Gemmatimonas	0.9428605272991347
39b8386362a6811c8a01dde33c102f88	d__Bacteria; p__Proteobacteria; c__Gammaproteobacteria; o__Oceanospirillales; f__Halomonadaceae; g__Halomonas	0.9215005092859754
39c4f6caa7510ed108f3ebcf72f79edf	d__Bacteria; p__Proteobacteria; c__Gammaproteobacteria; o__Enterobacterales; f__Enterobacteriaceae	0.8729048815466592
3a055a4aa786c6077c2cdd877da1847a	d__Bacteria; p__Proteobacteria; c__Gammaproteobacteria; o__Burkholderiales; f__Comamonadaceae; g__Ramlibacter	0.8611798135148913
3a265e2487d0f0459b88eb8d04e0f171	d__Bacteria; p__Entotheonellaeota; c__Entotheonellia; o__Entotheonellales; f__Entotheonellaceae; g__Candidatus_Entotheonella; s__uncultured_bacterium	0.7458053367695315
3a2eb484114d81cf4eb7e40c7c89b186	d__Bacteria; p__Myxococcota; c__Polyangia; o__Polyangiales; f__BIrii41; g__BIrii41; s__uncultured_bacterium	0.9136725420949307
3a46309d923b4d9b83402258143c2ec4	d__Bacteria; p__Acidobacteriota; c__Vicinamibacteria; o__Vicinamibacterales; f__Vicinamibacteraceae; g__Vicinamibacteraceae	0.999973443367762
3a46b34a98061f2639432233bddfa3ac	d__Bacteria; p__Bdellovibrionota; c__Bdellovibrionia; o__Bdellovibrionales; f__Bdellovibrionaceae; g__Bdellovibrio; s__uncultured_bacterium	0.9963973945853537
3a66c8c91ff9e280e6514903b4132fad	d__Bacteria; p__Proteobacteria; c__Gammaproteobacteria; o__Pseudomonadales; f__Moraxellaceae; g__Cavicella	0.8354460222215944
3a6fc91f8598c6a885df6a80006c31a9	d__Bacteria	0.9999999999999809
3a8614a23859fa0a43ccd47c5c43e203	d__Bacteria; p__Myxococcota; c__bacteriap25; o__bacteriap25; f__bacteriap25; g__bacteriap25	0.9842690078769943
3a8d91bffaa29ee492c777ba25a725e0	d__Bacteria; p__Firmicutes; c__Bacilli; o__Bacillales; f__Bacillaceae	0.9990462795830741
3a8e9221758219c8c950abb14d26c0ea	d__Bacteria; p__Actinobacteriota; c__Thermoleophilia; o__Solirubrobacterales; f__67-14; g__67-14	0.993120800894629
3a8ffa3239c5fe5680aa03e2a8deb728	d__Bacteria	0.9999999999999779
3a9a8462a7e87d11ebf527e357acd0c5	d__Bacteria; p__Actinobacteriota; c__Actinobacteria; o__Pseudonocardiales; f__Pseudonocardiaceae; g__Pseudonocardia	0.9962314616455349
3aa49370efb06a519e10e4cbc96eea18	d__Bacteria; p__Bacteroidota; c__Bacteroidia; o__Cytophagales; f__Cytophagaceae; g__Rhodocytophaga; s__uncultured_Rhodocytophaga	0.9066638301281722
3aa66daa4e560cf62c1833697bcd3837	d__Bacteria; p__Proteobacteria; c__Alphaproteobacteria; o__Sphingomonadales; f__Sphingomonadaceae	0.9999068048015151
3abb68202d15781590a2d1f9c5b37e15	d__Bacteria; p__Patescibacteria; c__Saccharimonadia; o__Saccharimonadales; f__LWQ8; g__LWQ8; s__uncultured_bacterium	0.8122656924646152
3abc8260d34008f263e232ea25426c3f	d__Bacteria; p__Planctomycetota; c__Phycisphaerae; o__Tepidisphaerales; f__Tepidisphaeraceae; g__Tepidisphaeraceae; s__uncultured_bacterium	0.9984659303711206
3abcf726e12e79ed14cb77a4490a9a63	d__Bacteria; p__Planctomycetota; c__OM190; o__OM190; f__OM190; g__OM190; s__uncultured_bacterium	0.7587913419024003
3aecdea7451ccca29a0ff92aeababd38	d__Bacteria; p__Planctomycetota; c__Planctomycetes; o__Gemmatales; f__Gemmataceae; g__Gemmata	0.9999585743411343
3af9c113b917ca9a8f574f6e1a652f15	d__Bacteria; p__Actinobacteriota; c__Thermoleophilia; o__Gaiellales; f__Gaiellaceae; g__Gaiella; s__uncultured_actinobacterium	0.8927328689853242
3afffb433085e47d2eb98bc7e2ad676c	d__Bacteria; p__Bacteroidota; c__Bacteroidia; o__Cytophagales; f__Cytophagaceae; g__Rhodocytophaga; s__uncultured_bacterium	0.9985357800395287
3b002eb6a906b5200bfd5814e2cf59b8	d__Bacteria; p__Actinobacteriota; c__Actinobacteria; o__Propionibacteriales; f__Propionibacteriaceae	0.7197414540847145
3b0693d895d91c42d5afb6f3df5d79d8	d__Bacteria; p__Acidobacteriota; c__Vicinamibacteria; o__Vicinamibacterales; f__uncultured; g__uncultured	0.9999896638611362
3b22763835738b23b1c983d96259c30a	d__Bacteria; p__Firmicutes; c__Clostridia; o__Lachnospirales; f__Lachnospiraceae; g__Johnsonella	0.9988053296958034
3b27c7bf279535d8e39664d8dc1d0daf	d__Bacteria; p__Proteobacteria; c__Gammaproteobacteria; o__Burkholderiales; f__Methylophilaceae; g__UBA6140; s__uncultured_bacterium	0.8840215236937274
3b2d164a6d59605a74a8c73d4e575da4	d__Bacteria; p__Planctomycetota; c__Pla4_lineage; o__Pla4_lineage; f__Pla4_lineage; g__Pla4_lineage	0.9990225642386213
3b2f1dafe4e48b318d9ad12addabbf93	d__Bacteria; p__Bacteroidota; c__Bacteroidia; o__Flavobacteriales; f__Weeksellaceae; g__Chryseobacterium	0.9999749729214942
3b3153fd06b86b9e8834ece0cbeeab0d	d__Bacteria; p__Acidobacteriota; c__Holophagae; o__Subgroup_7; f__Subgroup_7; g__Subgroup_7	0.99999951789893
3b39978dec503f2d5de6ac58004018de	d__Bacteria; p__Acidobacteriota; c__Vicinamibacteria; o__Vicinamibacterales; f__uncultured; g__uncultured; s__uncultured_Acidobacteriales	0.7180235530298296
3b3a5f307f97db77c960c0e91de1f474	d__Bacteria; p__Chloroflexi; c__Anaerolineae; o__SBR1031; f__A4b; g__A4b; s__uncultured_bacterium	0.7094906344245806
3b70ef3a5226dee58e1d7a30f5f55d11	d__Bacteria; p__Acidobacteriota; c__Acidobacteriae; o__Bryobacterales; f__Bryobacteraceae; g__Bryobacter	0.9006284631729294
3b72f17da6189c937156988d4f37019a	d__Bacteria; p__Acidobacteriota; c__Vicinamibacteria; o__Vicinamibacterales; f__uncultured; g__uncultured	0.9999888712742728
3b82943641bddff868e6d824d29ac78b	d__Bacteria; p__Acidobacteriota; c__Vicinamibacteria; o__Subgroup_17; f__Subgroup_17; g__Subgroup_17	0.9999988800625131
3b85fc64e12980ca6cc801c61afddffe	d__Bacteria; p__Proteobacteria; c__Alphaproteobacteria; o__Rhizobiales; f__Methyloligellaceae; g__uncultured	0.8483221902204441
3b8939dcfc7b368693e830e378cd3e64	d__Bacteria; p__Verrucomicrobiota; c__Verrucomicrobiae; o__Pedosphaerales; f__Pedosphaeraceae	0.9999999717002758
3b8d1dd480996c448f73de644fe0217e	d__Bacteria; p__Actinobacteriota; c__Thermoleophilia; o__Solirubrobacterales	0.9819938834615018
3b8fb22963fa47c6f7737d384ab2729e	d__Bacteria; p__Gemmatimonadota; c__Gemmatimonadetes; o__Gemmatimonadales; f__Gemmatimonadaceae; g__Gemmatimonas; s__uncultured_bacterium	0.734416948813662
3b97ce5ee833d13ccb636816293169f7	d__Bacteria; p__Patescibacteria; c__Saccharimonadia; o__Saccharimonadales; f__LWQ8; g__LWQ8; s__uncultured_bacterium	0.706014491447451
3b9a17275147adf1dc8c42eb00a06a36	d__Bacteria; p__Bacteroidota; c__Bacteroidia; o__Sphingobacteriales; f__Sphingobacteriaceae; g__Arcticibacter; s__uncultured_bacterium	0.9027239173322155
3b9f23998a1302d91a9b9ea27f934b56	d__Bacteria; p__Bacteroidota; c__Rhodothermia; o__Rhodothermales; f__Rhodothermaceae; g__Rhodothermaceae; s__uncultured_Bacteroidetes	0.9688711552055489
3ba390ae11c4e76375af082eefe7e41f	d__Bacteria; p__Proteobacteria; c__Alphaproteobacteria; o__Caulobacterales; f__Caulobacteraceae	0.999997589930365
3baade91e268974e9a6bfa5b6582e0fd	d__Bacteria; p__GAL15; c__GAL15; o__GAL15; f__GAL15; g__GAL15; s__uncultured_bacterium	0.9968380509932234
3bb63b6fc6d93472c8d9a585943f3a35	d__Bacteria; p__Verrucomicrobiota; c__Verrucomicrobiae; o__Opitutales; f__Opitutaceae	0.9999999936259613
3bcf3998ec5c2b8f5af4287889256047	d__Bacteria; p__Proteobacteria; c__Gammaproteobacteria; o__Burkholderiales; f__Oxalobacteraceae; g__Massilia	0.7446415734676101
3bd16ca02a45122d907925de5834034d	d__Bacteria; p__Acidobacteriota; c__Vicinamibacteria; o__Vicinamibacterales; f__Vicinamibacteraceae; g__Vicinamibacteraceae	0.9996032204063999
3bd20af47526c1c07909494c906b362f	d__Bacteria; p__Actinobacteriota; c__Actinobacteria; o__Propionibacteriales; f__Nocardioidaceae; g__Nocardioides	0.9976122605222179
3bd3c172db6bcadaaa3172f93b05271f	d__Bacteria; p__Firmicutes; c__Bacilli; o__Bacillales; f__Bacillaceae; g__Bacillus	0.9983514878135292
3bd7349f6f0299448cfc09bac1d0766b	d__Bacteria; p__Patescibacteria; c__Parcubacteria; o__Candidatus_Kaiserbacteria; f__Candidatus_Kaiserbacteria; g__Candidatus_Kaiserbacteria	0.9999975739809243
3bda7d6ab016b6b6d6b221f62544c9f7	d__Bacteria; p__Acidobacteriota; c__Thermoanaerobaculia; o__Thermoanaerobaculales; f__Thermoanaerobaculaceae; g__Subgroup_10; s__Acidobacteria_bacterium	0.8274921140752094
3bdb72ce060bd89f107c5c2bc95399ed	d__Bacteria; p__Proteobacteria; c__Alphaproteobacteria; o__Rhizobiales	0.9996306149872403
3bfbc155376e0fb1cb85f45797fdd21e	d__Bacteria; p__Verrucomicrobiota; c__Verrucomicrobiae; o__Verrucomicrobiales; f__Rubritaleaceae; g__Luteolibacter; s__Haloferula_sp.	0.983113974902756
3c11b68959148878bb9856cde8edeadd	d__Bacteria; p__Planctomycetota; c__Planctomycetes; o__Isosphaerales; f__Isosphaeraceae; g__uncultured	0.9492481306179085
3c12af616fcbcdf7ba77c241a0eb5193	d__Bacteria; p__Bacteroidota; c__Bacteroidia; o__Cytophagales; f__Hymenobacteraceae; g__Pontibacter; s__Pontibacter_sp.	0.7702332291586018
3c1705f41bba0f9dab07805ac3c00ebc	d__Bacteria; p__Acidobacteriota; c__Holophagae; o__Subgroup_7; f__Subgroup_7; g__Subgroup_7	0.9999997071660773
3c197ceeecbe6c35e7c44cd2a9402654	d__Bacteria; p__Acidobacteriota; c__Vicinamibacteria; o__Vicinamibacterales; f__uncultured; g__uncultured	0.9999980689721649
3c2844fa7104c7e45e6c98a463d3be46	d__Bacteria; p__Firmicutes; c__Bacilli; o__Thermoactinomycetales; f__Thermoactinomycetaceae; g__Thermoactinomyces	0.9999659147972786
3c285db0c5a79c6d4c456535a5bc0006	d__Bacteria; p__Myxococcota; c__bacteriap25; o__bacteriap25; f__bacteriap25; g__bacteriap25; s__metagenome	0.8033788772789129
3c319d4cac5ebdf671187711856094b2	d__Bacteria; p__Verrucomicrobiota; c__Verrucomicrobiae; o__Chthoniobacterales; f__Chthoniobacteraceae; g__Chthoniobacter	0.9677315432364968
3c3648e82343a57d63fd69a1bbe4ce01	d__Bacteria; p__Acidobacteriota; c__Subgroup_5; o__Subgroup_5; f__Subgroup_5; g__Subgroup_5; s__uncultured_bacterium	0.9939275335558463
3c4ccaa45e8d148c9a17b5d0f3720cd2	d__Bacteria; p__Actinobacteriota; c__Actinobacteria; o__Propionibacteriales; f__Nocardioidaceae	0.9991115972372137
3c526cb1e113682c2ca82003ae1a04a3	d__Bacteria; p__Acidobacteriota; c__Thermoanaerobaculia; o__Thermoanaerobaculales; f__Thermoanaerobaculaceae; g__Subgroup_10; s__uncultured_prokaryote	0.9988812160348421
3c54df8e43ea46b26736f6da53226ac1	d__Bacteria; p__Acidobacteriota; c__Vicinamibacteria; o__Vicinamibacterales; f__uncultured; g__uncultured; s__uncultured_Acidobacteriales	0.8051801411864523
3c58b01b3cff27f0832cfb3588e5774e	d__Bacteria; p__Bacteroidota; c__Bacteroidia; o__Sphingobacteriales; f__env.OPS_17; g__env.OPS_17; s__metagenome	0.9825969267731111
3c5942781761830f7b5406f551574424	d__Bacteria; p__Gemmatimonadota; c__Longimicrobia; o__Longimicrobiales; f__Longimicrobiaceae; g__Longimicrobiaceae; s__uncultured_bacterium	0.720527187656716
3c654900bd55342e3664b0986549426f	d__Bacteria; p__Entotheonellaeota; c__Entotheonellia; o__Entotheonellales; f__Entotheonellaceae; g__Entotheonellaceae; s__metagenome	0.789765735341502
3c6bf0386dd0fdffc4f88ced75336566	d__Bacteria; p__Bacteroidota; c__Bacteroidia; o__Flavobacteriales; f__Flavobacteriaceae; g__Flavobacterium	0.9985625456162753
3c703057f41bb6e669bec67955623193	d__Bacteria; p__Acidobacteriota; c__Vicinamibacteria; o__Vicinamibacterales; f__uncultured; g__uncultured	0.9999995489430229
3c7c08379e4818bc9b15aef0bd8ea9da	d__Bacteria; p__Firmicutes; c__Bacilli; o__Bacillales; f__Bacillaceae	0.9993399612481362
3c9619d4f9db4ac6ad7151a0c9d86ad3	d__Bacteria; p__Proteobacteria; c__Alphaproteobacteria; o__Sphingomonadales; f__Sphingomonadaceae; g__Novosphingobium	0.9007825113390671
3c9f8689ed9a632ea476e53f6ea0a7cd	d__Bacteria; p__Verrucomicrobiota; c__Verrucomicrobiae; o__Pedosphaerales; f__Pedosphaeraceae	0.9999994218417656
3cb0683be9ed6b9dea0e615ed8081c0d	d__Bacteria; p__Methylomirabilota; c__Methylomirabilia; o__Rokubacteriales; f__Rokubacteriales; g__Rokubacteriales; s__uncultured_bacterium	0.8691425257821191
3cb36aa1b368bbbdba204350c91992cd	d__Bacteria; p__Proteobacteria; c__Gammaproteobacteria; o__Steroidobacterales; f__Steroidobacteraceae; g__uncultured	0.999995346937075
3cc8be9b19204f262c53a23466d45ae5	d__Bacteria; p__Bacteroidota; c__Bacteroidia; o__Chitinophagales; f__Chitinophagaceae; g__Parasegetibacter; s__uncultured_bacterium	0.7222479800320301
3cd386d483e9c33ce7feb42805a9ea16	d__Bacteria; p__Actinobacteriota; c__Acidimicrobiia; o__Actinomarinales; f__uncultured; g__uncultured; s__uncultured_Actinomycetales	0.9270188147159201
3cd4e34c02ffdd1446df65bb54278c57	d__Bacteria; p__Planctomycetota; c__Planctomycetes; o__Pirellulales; f__Pirellulaceae	0.9999168248782018
3ce2737db3689a5d1d48681336cb6797	d__Bacteria; p__Acidobacteriota; c__Vicinamibacteria; o__Vicinamibacterales; f__Vicinamibacteraceae; g__Vicinamibacteraceae	0.9808265360933924
3ce8d1ea7826f941de2cd63250c91aa4	d__Bacteria; p__Acidobacteriota; c__Vicinamibacteria; o__Vicinamibacterales; f__Vicinamibacteraceae; g__Vicinamibacteraceae; s__uncultured_Acidobacteriaceae	0.9079496641506398
3cec5bbcd715bb0c664b1e845604ab27	d__Bacteria; p__Planctomycetota; c__OM190; o__OM190; f__OM190; g__OM190; s__uncultured_bacterium	0.8112240628817602
3cece6200eee3bc60b63acfad6ab97c5	d__Bacteria; p__Verrucomicrobiota; c__Verrucomicrobiae; o__Chthoniobacterales; f__Chthoniobacteraceae; g__Chthoniobacter; s__uncultured_Verrucomicrobia	0.9505113006700138
3ceeb73488bc0541c63104edb1466e00	d__Bacteria; p__Firmicutes; c__Desulfotomaculia; o__Desulfotomaculales; f__Desulfotomaculales; g__Desulfofarcimen; s__Desulfofarcimen_intricatum	0.9999988549636943
3d03d7ba7af38d38e21462c135d253c3	d__Bacteria; p__Firmicutes; c__Bacilli; o__Lactobacillales; f__Lactobacillaceae; g__Lactobacillus; s__Lactobacillus_delbrueckii	0.9331291202231418
3d09fca8116f6f3f39725137a9dcf38e	d__Bacteria; p__Myxococcota; c__Polyangia; o__Polyangiales; f__BIrii41; g__BIrii41; s__uncultured_bacterium	0.743222221945057
3d1cdae155c458572f8313054a6080d1	d__Bacteria; p__Firmicutes; c__Clostridia; o__Clostridiales; f__Clostridiaceae; g__Clostridium_sensu_stricto_8; s__uncultured_bacterium	0.7389661534970873
3d2477871e5bb95667490b3b3c415a0b	d__Bacteria; p__Gemmatimonadota; c__Gemmatimonadetes; o__Gemmatimonadales; f__Gemmatimonadaceae; g__Gemmatimonas; s__uncultured_bacterium	0.7236740210144595
3d2fb6fc21e1e73952ed860af150df4a	d__Bacteria; p__Planctomycetota; c__OM190; o__OM190; f__OM190; g__OM190	0.9970532814688274
3d3f30f33c1e9b895e15a00f56faef46	d__Bacteria; p__Bacteroidota; c__Bacteroidia; o__Chitinophagales; f__Chitinophagaceae; g__Puia; s__uncultured_bacterium	0.7145659844556551
3d4201ef2443ea69ef0d698638ef7e58	d__Bacteria; p__Entotheonellaeota; c__Entotheonellia; o__Entotheonellales; f__Entotheonellaceae; g__Entotheonellaceae	0.99998996689497
3d5c3771433c80e94ff6df1e3e4c7ce2	d__Bacteria; p__Chloroflexi; c__Anaerolineae; o__SBR1031; f__SBR1031; g__SBR1031; s__metagenome	0.853916776196685
3d690251e2b950b0b0a3486a316ce96f	d__Bacteria; p__Actinobacteriota; c__Thermoleophilia; o__Gaiellales; f__Gaiellaceae; g__Gaiella	0.8894568498440161
3d697101a4cf80314fe90ee70b321dca	d__Bacteria; p__Acidobacteriota; c__Subgroup_21; o__Subgroup_21; f__Subgroup_21; g__Subgroup_21; s__uncultured_bacterium	0.9999807471655802
3d6e6d33d9f8632c351bbd9029d9f302	d__Bacteria; p__Acidobacteriota; c__Blastocatellia; o__11-24; f__11-24; g__11-24; s__uncultured_bacterium	0.8720026599988777
3d79ade0c258b64c7f3154665cc569f9	d__Bacteria; p__Hydrogenedentes; c__Hydrogenedentia; o__Hydrogenedentiales; f__Hydrogenedensaceae; g__Hydrogenedensaceae; s__uncultured_bacterium	0.8975465546886641
3d7a81faea3f783158352c9f739c8d17	d__Bacteria; p__Actinobacteriota; c__Actinobacteria	0.9999999424617392
3d7e5432d8eaa3fa56ab7138605ea43d	d__Bacteria; p__Patescibacteria; c__Saccharimonadia; o__Saccharimonadales	0.9999858123148138
3d88ad537141c217a3749e4518b21241	d__Bacteria; p__Chloroflexi; c__TK10; o__TK10; f__TK10; g__TK10; s__uncultured_bacterium	0.8688601934112016
3d90e103ba80066ea947149af1bb0f78	d__Bacteria; p__Actinobacteriota; c__Actinobacteria; o__Micrococcales; f__Micrococcaceae	0.9678445118443028
3d93ce110dfe08a5496e66035122a4f1	d__Bacteria; p__Cyanobacteria; c__Sericytochromatia; o__Sericytochromatia; f__Sericytochromatia; g__Sericytochromatia; s__Cyanobacteria/Melainabacteria_group	0.7444027698918685
3d9a45db17427ada6acdca91a1360aa7	d__Bacteria; p__Actinobacteriota; c__Acidimicrobiia; o__uncultured; f__uncultured; g__uncultured	0.998731113255938
3da406b2534dc0b6fca091577e0a3f1b	d__Bacteria; p__Acidobacteriota; c__Thermoanaerobaculia; o__Thermoanaerobaculales; f__Thermoanaerobaculaceae; g__Subgroup_10; s__uncultured_bacterium	0.8448883021514192
3dac1a2a66a8fc1fbbd5a665742bf791	d__Bacteria; p__Actinobacteriota; c__Actinobacteria; o__Propionibacteriales; f__Nocardioidaceae; g__Nocardioides	0.999175939245406
3db99f472b64019c91b4e3447cccc138	d__Bacteria; p__Planctomycetota; c__Planctomycetes; o__Pirellulales; f__Pirellulaceae; g__uncultured; s__uncultured_bacterium	0.8027109359022817
3dd019c1aea1fd7e358a1450bf679bad	d__Bacteria; p__Methylomirabilota; c__Methylomirabilia; o__Rokubacteriales; f__Rokubacteriales; g__Rokubacteriales; s__uncultured_bacterium	0.9447611867939123
3dd7106660b124dfc33db1715295fa62	d__Bacteria; p__Chloroflexi; c__Anaerolineae; o__Anaerolineales; f__Anaerolineaceae; g__uncultured	0.7724200349071915
3ddab42d701754625cab0c236c5b6e6d	d__Bacteria; p__Acidobacteriota; c__Vicinamibacteria; o__Subgroup_9; f__Subgroup_9; g__Subgroup_9; s__uncultured_bacterium	0.9997302849137337
3df0fada803ac582802b47d4f4efe0c1	d__Bacteria; p__Proteobacteria; c__Alphaproteobacteria; o__Acetobacterales; f__Acetobacteraceae	0.9987290322330674
3e077d51fb48e26b9645c19d3e0fbbd0	d__Bacteria; p__Proteobacteria; c__Gammaproteobacteria; o__Burkholderiales; f__Nitrosomonadaceae; g__MND1	0.9998890232189533
3e0e0c0205170f4efd803e312e148536	d__Bacteria; p__Acidobacteriota; c__Vicinamibacteria; o__Vicinamibacterales; f__uncultured; g__uncultured	0.9998548237688216
3e14f7902a85afe4225119620577557d	d__Bacteria; p__Proteobacteria; c__Alphaproteobacteria; o__Dongiales; f__Dongiaceae; g__Dongia	0.9862456536369486
3e20e79a69c5d9d26d509657fe62b0e1	d__Bacteria; p__Acidobacteriota; c__Vicinamibacteria; o__Vicinamibacterales; f__uncultured; g__uncultured; s__uncultured_bacterium	0.8998094549715387
3e2cc9ac9acffb0104635d24437f89d0	d__Bacteria; p__Acidobacteriota; c__Vicinamibacteria; o__Vicinamibacterales; f__uncultured; g__uncultured	0.9999983963754916
3e2e8e938a68a0318bcf7145ad5ed4a9	d__Bacteria; p__Bacteroidota; c__Bacteroidia; o__Cytophagales; f__Hymenobacteraceae; g__Adhaeribacter	0.9658698606324274
3e3107b400550a71f1ebe412f57ffab8	d__Bacteria; p__Proteobacteria; c__Gammaproteobacteria; o__Burkholderiales; f__SC-I-84; g__SC-I-84; s__uncultured_bacterium	0.8249093165213647
3e31b1acfb039b00ff7384167ba3eb39	d__Bacteria; p__Verrucomicrobiota; c__Verrucomicrobiae; o__Chthoniobacterales; f__Chthoniobacteraceae; g__Chthoniobacter; s__uncultured_soil	0.8350375163142242
3e32bbb735b00619a7b9d3839601bd1a	d__Bacteria; p__Verrucomicrobiota; c__Verrucomicrobiae; o__Pedosphaerales; f__Pedosphaeraceae; g__Ellin517	0.9999762696622254
3e670386781f71385ed9898441a310b8	d__Bacteria; p__Acidobacteriota; c__Blastocatellia; o__11-24; f__11-24; g__11-24	0.9999999486354313
3e74327b727cf16324e3fa201ea3d423	d__Bacteria; p__Actinobacteriota; c__Actinobacteria; o__Micrococcales; f__Microbacteriaceae; g__Agromyces	0.999998902295544
3e7a652cf33953c93803761e940950ae	d__Bacteria; p__Chloroflexi; c__TK10; o__TK10; f__TK10; g__TK10	0.9995738413483893
3e7c7d38423c93b43a1d9865cf0bc4a6	d__Bacteria; p__Proteobacteria; c__Gammaproteobacteria; o__Burkholderiales; f__SC-I-84; g__SC-I-84	0.9710953043979275
3e8010a90975762c92bf1fc7c550bc3f	d__Bacteria; p__Gemmatimonadota; c__Gemmatimonadetes; o__Gemmatimonadales; f__Gemmatimonadaceae; g__uncultured	0.7192377768360172
3e8114f9601ad000dd742c55fac900aa	d__Bacteria; p__Actinobacteriota; c__Actinobacteria; o__Propionibacteriales; f__Nocardioidaceae; g__Nocardioides	0.9550981882532802
3ea0ca37437c6df42ec27344a8ed2d29	d__Bacteria; p__Desulfobacterota; c__uncultured; o__uncultured; f__uncultured; g__uncultured	0.9937407469919599
3ea2312f730448be125841640e00cfb3	d__Bacteria; p__Gemmatimonadota; c__Longimicrobia; o__Longimicrobiales; f__Longimicrobiaceae; g__Longimicrobiaceae; s__metagenome	0.7495769824254962
3eb1158c9fe5a930628c1edf79471087	d__Bacteria; p__Cyanobacteria; c__Cyanobacteriia; o__Chloroplast; f__Chloroplast; g__Chloroplast	0.9999981675529855
3edfccfb9f81b340854e84ee5102a4c1	d__Bacteria; p__Chloroflexi; c__Chloroflexia; o__Chloroflexales; f__Roseiflexaceae; g__uncultured	0.9996630414653971
3ee8c706cef34fd773c5c86f3bde601e	d__Bacteria; p__Planctomycetota; c__Planctomycetes; o__Pirellulales; f__Pirellulaceae; g__uncultured	0.9923766315247631
3f0c900303cd5adbd8bae796692c4613	d__Bacteria; p__NB1-j; c__NB1-j; o__NB1-j; f__NB1-j; g__NB1-j; s__uncultured_Desulfoglaeba	0.9128662294974187
3f10bd3dfd2eba94ca29099941b50b62	d__Bacteria; p__Myxococcota; c__Polyangia; o__Polyangiales; f__BIrii41; g__BIrii41	0.9996968935133099
3f12a8cff042552d616f7b3ab47356c4	d__Bacteria; p__Firmicutes; c__Bacilli; o__Paenibacillales; f__Paenibacillaceae; g__Paenibacillus	0.9734664204252148
3f14854a0db886c05fa46a7f3e7eeee1	d__Bacteria; p__Actinobacteriota; c__Acidimicrobiia; o__Microtrichales; f__uncultured; g__uncultured	0.934333161120391
3f155911704a91b52a37150ca2f79b0f	d__Bacteria; p__Proteobacteria; c__Gammaproteobacteria	0.9996236638977641
3f25e9ce89bde08fb759a4b3450854f5	d__Bacteria; p__Actinobacteriota	0.7463395570222907
3f2a41559751b86c06a3c3ea1c4bcbb9	d__Bacteria; p__Actinobacteriota; c__Actinobacteria; o__Euzebyales; f__Euzebyaceae; g__uncultured; s__uncultured_bacterium	0.9690533440927938
3f3612a2edb684f94c532ce47f9235ff	d__Bacteria; p__Bacteroidota; c__Bacteroidia; o__Chitinophagales; f__Chitinophagaceae	0.9871155332681638
3f4206309c211600d536b2e6108a1cdf	d__Bacteria; p__Acidobacteriota; c__Vicinamibacteria; o__Vicinamibacterales; f__Vicinamibacteraceae; g__Vicinamibacteraceae	0.999997735203292
3f6b26e156be67a328819e3e70a7f491	d__Bacteria; p__Patescibacteria; c__Saccharimonadia; o__Saccharimonadales; f__Saccharimonadales; g__Saccharimonadales	0.9981809047483031
3f818c234d6b729c262df6c50b936aa4	d__Bacteria; p__Patescibacteria; c__Parcubacteria; o__Candidatus_Azambacteria; f__Candidatus_Azambacteria; g__Candidatus_Azambacteria	0.899872177023961
3f86252378ccfb46842852c29c0faad9	d__Bacteria; p__Myxococcota; c__Myxococcia; o__Myxococcales; f__Myxococcaceae; g__uncultured	0.833120627830568
3fa5c016e130ceb343bc1bc0ba814229	d__Bacteria; p__Firmicutes; c__Bacilli; o__Bacillales; f__Bacillaceae; g__Bacillus	0.956814751457038
3fb57d89a9f076a500607d5198eba4cc	d__Bacteria; p__Patescibacteria; c__WWE3; o__WWE3; f__WWE3; g__WWE3; s__bacterium_enrichment	0.9595128650373286
3fbe74cda0a40876bb283468719b5d97	d__Bacteria; p__Myxococcota; c__Myxococcia; o__Myxococcales; f__Myxococcaceae; g__Aggregicoccus; s__Aggregicoccus_edonensis	0.9191062112686502
3fc8e4db9e0058ad2ba64d13fbdfbd99	d__Bacteria; p__Planctomycetota; c__OM190; o__OM190; f__OM190; g__OM190; s__uncultured_bacterium	0.9427792367655724
3fd7daaf1942d6fb5d77f0385416658a	d__Bacteria	0.9999999999999688
3fd951cf7cc3a0740a1f20f8a9c6d2c2	d__Bacteria; p__Proteobacteria; c__Gammaproteobacteria; o__Xanthomonadales; f__Rhodanobacteraceae; g__uncultured	0.9682431660716883
3fda8c20e5da9fbc3fb7c5c864559019	d__Bacteria; p__Chloroflexi; c__Chloroflexia; o__Thermomicrobiales; f__AKYG1722; g__AKYG1722	0.9999999985852648
3fdddc29233a882886288489390ffd0b	d__Bacteria; p__Actinobacteriota; c__Acidimicrobiia; o__uncultured; f__uncultured; g__uncultured	0.9212369976638393
3fe0ef5b0ee77b2f9d1f8dda0bf7305a	d__Bacteria; p__Chloroflexi; c__Chloroflexia; o__Chloroflexales; f__Roseiflexaceae; g__uncultured; s__uncultured_bacterium	0.8740650536969656
3fe33cc4cf56ed9ee8e6ee9681437ca2	d__Bacteria; p__Planctomycetota; c__Planctomycetes; o__Pirellulales; f__Pirellulaceae; g__Pirellula	0.802845900120262
3fef6c91a9f0a218939478b9a2ff4333	d__Bacteria; p__Actinobacteriota; c__Actinobacteria; o__Propionibacteriales; f__Propionibacteriaceae	0.9991616619242396
3fef945ed7651013a22fb7b42abd4be6	d__Bacteria; p__Chloroflexi; c__Dehalococcoidia; o__S085; f__S085; g__S085; s__metagenome	0.9485911589365426
400028b2de2333d8357f70b11dd577a3	d__Bacteria; p__Gemmatimonadota; c__BD2-11_terrestrial_group; o__BD2-11_terrestrial_group; f__BD2-11_terrestrial_group; g__BD2-11_terrestrial_group; s__uncultured_Gemmatimonadetes	0.8923364223831692
400786695f7252fc90c921ccc1c30941	d__Bacteria; p__Proteobacteria; c__Gammaproteobacteria; o__Pseudomonadales; f__Pseudomonadaceae; g__Pseudomonas	0.9976929250763974
4007876036e436420cdca9c38935ae43	d__Bacteria; p__Proteobacteria; c__Gammaproteobacteria	0.999986679454127
400ebb59433c04d629cf43d029e3ff42	d__Bacteria; p__Cyanobacteria; c__Sericytochromatia; o__Sericytochromatia; f__Sericytochromatia; g__Sericytochromatia; s__uncultured_bacterium	0.8592891446710936
401c97ed6e1bd4a54575364f4228bd37	d__Bacteria; p__Bacteroidota; c__Bacteroidia; o__Cytophagales; f__Microscillaceae; g__uncultured; s__uncultured_bacterium	0.7470051385739805
4037971ab43c05ad47cd24b5d67a3ff4	d__Bacteria; p__Proteobacteria; c__Gammaproteobacteria; o__Steroidobacterales; f__Steroidobacteraceae; g__Steroidobacter	0.8959941384013215
403c51cb0ca79873c1de489ecfad08b1	d__Bacteria; p__Planctomycetota; c__Planctomycetes; o__Pirellulales; f__Pirellulaceae; g__uncultured	0.9746424133047388
40414020acf297b334f5ea03aba5a31a	d__Bacteria; p__Acidobacteriota; c__Vicinamibacteria; o__Vicinamibacterales; f__Vicinamibacteraceae; g__Vicinamibacteraceae	0.9998171377058008
4043208fd9ec2cf25f3fd079de7a9416	d__Bacteria; p__Bacteroidota; c__Bacteroidia; o__Cytophagales; f__Hymenobacteraceae; g__Adhaeribacter; s__metagenome	0.9683403757786984
4058a408e7fb08b01cad86012cf10445	d__Bacteria; p__Acidobacteriota; c__Vicinamibacteria; o__Vicinamibacterales; f__Vicinamibacteraceae; g__Vicinamibacteraceae	0.9999955915028355
405b66cbcc23ffa455609028d1e43857	d__Bacteria; p__Proteobacteria; c__Gammaproteobacteria; o__Xanthomonadales; f__Xanthomonadaceae; g__Lysobacter	0.9919594541445409
405da4a80d46e42f1755276e8821056f	d__Bacteria; p__Actinobacteriota; c__MB-A2-108; o__MB-A2-108; f__MB-A2-108; g__MB-A2-108; s__uncultured_actinobacterium	0.99854038652292
4064272432f1caddc01e56af9bfb6180	d__Bacteria; p__Acidobacteriota; c__Blastocatellia; o__DS-100; f__DS-100; g__DS-100	0.9999995086391009
406ba18a175c4c79efb25f48a6beafe4	d__Bacteria; p__Proteobacteria; c__Alphaproteobacteria; o__Reyranellales; f__Reyranellaceae; g__uncultured	0.9703665404614586
408117af9a974f88900db71f46edb5d0	d__Bacteria; p__Proteobacteria; c__Gammaproteobacteria; o__Burkholderiales	0.9999392584117052
4085c246640eee043d523ce2d799023a	d__Bacteria; p__Proteobacteria; c__Alphaproteobacteria; o__Rhizobiales; f__Devosiaceae; g__Devosia	0.8161391779575213
4087bbc6bccd01bc1365be901693492f	d__Bacteria; p__Acidobacteriota; c__Vicinamibacteria; o__Subgroup_17; f__Subgroup_17; g__Subgroup_17	0.999999819756424
40a863267cb9292ea8a04f93d3d961b3	d__Bacteria; p__Myxococcota; c__Polyangia; o__Haliangiales; f__Haliangiaceae; g__Haliangium	0.9997546554140416
40b2c74ca81044b4482ca5199d9b2d2b	d__Bacteria; p__Firmicutes; c__Bacilli; o__Lactobacillales; f__Streptococcaceae; g__Streptococcus; s__Streptococcus_salivarius	0.7339889493996015
40b64493462bc63d6f739b1216cd8f97	d__Bacteria; p__Firmicutes; c__Bacilli; o__Bacillales; f__Bacillaceae; g__Anaerobacillus	0.9644011724853103
40b965ce3675253bd5f6aeca3ea54555	d__Bacteria; p__Chloroflexi; c__KD4-96; o__KD4-96; f__KD4-96; g__KD4-96	0.9999995455889908
40d347487087d7a3700ac1fcd4f9578a	d__Bacteria; p__Desulfobacterota; c__Desulfuromonadia; o__Geobacterales; f__Geobacteraceae; g__Citrifermentans	0.9983784390562421
40dfd3dd1efb62b116f3c77219f39116	d__Bacteria; p__Proteobacteria; c__Gammaproteobacteria; o__Burkholderiales; f__Comamonadaceae; g__Azohydromonas	0.9839179904266635
40e8c1ef5dca363c33f34f0fea1be7e5	d__Bacteria; p__Proteobacteria; c__Gammaproteobacteria; o__Burkholderiales; f__Nitrosomonadaceae; g__GOUTA6	0.7177157765510673
40ec887ecb2e4ec67b39c5e903dd5bab	d__Bacteria; p__Verrucomicrobiota; c__Verrucomicrobiae; o__Opitutales; f__Opitutaceae	0.9999991857072237
40ef7df994b3599e8808d16a328756d5	d__Bacteria; p__Planctomycetota; c__Phycisphaerae; o__Phycisphaerales; f__Phycisphaeraceae; g__SM1A02; s__uncultured_bacterium	0.8256512744003919
410c934033d3667099d1c555d77652b6	d__Bacteria; p__Bacteroidota; c__Kapabacteria; o__Kapabacteriales; f__Kapabacteriales; g__Kapabacteriales; s__uncultured_bacterium	0.9956265993381269
411958a4ebf65bf36fbee1a7650a3aee	d__Bacteria; p__Proteobacteria; c__Gammaproteobacteria; o__Diplorickettsiales; f__Diplorickettsiaceae; g__Aquicella	0.9990700792916462
412dd52cd54d0244ba8fc42ad140acda	d__Bacteria; p__Bacteroidota; c__Bacteroidia; o__Sphingobacteriales; f__Sphingobacteriaceae	0.9992466390846141
413b9a52934f25d3db76f1da97c9f0f8	d__Bacteria; p__Firmicutes; c__Bacilli; o__Bacillales; f__Bacillaceae; g__Bacillus; s__Bacillus_funiculus	0.9757324583164183
413dbb34c52b6d396734549f160bd9f1	d__Bacteria; p__Gemmatimonadota; c__Gemmatimonadetes; o__Gemmatimonadales; f__Gemmatimonadaceae	0.9998785447671564
4142810eb6ddccb6c2fe1687c11edda7	d__Bacteria; p__Myxococcota; c__Polyangia; o__Polyangiales; f__Sandaracinaceae; g__uncultured	0.9878106686678417
4146752de762e9429886c3211acd6c01	d__Bacteria; p__Acidobacteriota; c__Blastocatellia; o__Pyrinomonadales; f__Pyrinomonadaceae; g__RB41	0.9987544878204034
4149f6effeaa247842d586ff4a0b53b8	d__Bacteria; p__Planctomycetota; c__Planctomycetes; o__Pirellulales; f__Pirellulaceae; g__Pir4_lineage	0.9881024486925667
41537080def5d0f902f0aa30a1ef5094	d__Bacteria; p__Actinobacteriota; c__Acidimicrobiia; o__Microtrichales; f__Iamiaceae; g__Iamia	0.9861441178105304
415a7c50d5f5b573c7ffd98aaeb9dcb3	d__Bacteria; p__Firmicutes; c__Bacilli; o__Bacillales; f__Planococcaceae; g__Planococcus	0.9244565474925357
415afd0e4ec96b4aa5c3a618f4f6219b	d__Bacteria; p__Patescibacteria; c__Saccharimonadia; o__Saccharimonadales; f__Saccharimonadales; g__Saccharimonadales	0.7649057268658422
415c2d0ddf53fdde12fb1c1f5ba84e84	d__Bacteria; p__Bacteroidota; c__Bacteroidia; o__Cytophagales; f__Cyclobacteriaceae; g__uncultured; s__metagenome	0.9997110856815613
41726bd7927a43bcbe3b2d25c0e1659b	d__Bacteria; p__Bacteroidota; c__Rhodothermia; o__Rhodothermales; f__Rhodothermaceae; g__uncultured	0.8473586527926061
41797a8740b807acd00c62de166c9a7a	d__Bacteria; p__Firmicutes; c__Bacilli; o__Brevibacillales; f__Brevibacillaceae; g__Brevibacillus; s__Brevibacillus_fluminis	0.9089226354699915
419782fe01cd081bbe960073d9b1e72f	d__Bacteria; p__Chloroflexi; c__Gitt-GS-136; o__Gitt-GS-136; f__Gitt-GS-136; g__Gitt-GS-136; s__uncultured_bacterium	0.79056948805744
419798fc64cf918ae71cc0eeeaa52202	d__Bacteria; p__Planctomycetota; c__Planctomycetes; o__Pirellulales; f__Pirellulaceae; g__Rhodopirellula; s__uncultured_bacterium	0.9696106002528567
419ae82cfca64654b76fdc205fe2094d	d__Bacteria; p__Chloroflexi; c__Ktedonobacteria; o__Ktedonobacterales; f__Ktedonobacteraceae; g__uncultured	0.9343296598171245
41a25058467a0bad40998b788c80bae6	d__Bacteria; p__Actinobacteriota; c__Acidimicrobiia; o__uncultured; f__uncultured; g__uncultured; s__uncultured_soil	0.9826592268995005
41a8b7169f41e08719180b3740c715aa	d__Bacteria; p__Planctomycetota; c__Planctomycetes; o__Isosphaerales; f__Isosphaeraceae; g__uncultured	0.9019763915587101
41ac6d5cbc9f01a1600a094a352b19a5	d__Bacteria; p__Proteobacteria; c__Gammaproteobacteria; o__Burkholderiales; f__Comamonadaceae; g__Hydrogenophaga	0.9355589078355726
41af91e0e92b3966b1f1d62ed277679a	d__Bacteria; p__Bacteroidota; c__Bacteroidia; o__Sphingobacteriales; f__Sphingobacteriaceae	0.9999749445302375
41baca7290fba17f86a51bf9364282f4	d__Bacteria; p__Planctomycetota; c__Planctomycetes; o__Isosphaerales; f__Isosphaeraceae; g__uncultured	0.8473393564942676
41bfda1c7f32205246e73a1e3e3ec4f4	d__Bacteria; p__Actinobacteriota; c__Actinobacteria; o__Frankiales	0.9197312960559065
41c501a2bfcd163e6a347126cfa47cae	d__Bacteria; p__Chloroflexi; c__Chloroflexia; o__Thermomicrobiales; f__JG30-KF-CM45; g__JG30-KF-CM45	0.9811519480419956
41dfe7e6b21e2f71b832a8751a39e48c	d__Bacteria; p__Myxococcota; c__Polyangia; o__Haliangiales; f__Haliangiaceae; g__Haliangium; s__uncultured_organism	0.8325617817951971
41ec370eeaa697526a937db5da2c43f3	d__Bacteria; p__Proteobacteria; c__Gammaproteobacteria; o__Burkholderiales; f__SC-I-84; g__SC-I-84	0.9889552493978635
41ee37db308b97c63c5b82494344ca50	d__Bacteria; p__Chloroflexi; c__Ktedonobacteria; o__Ktedonobacterales; f__Ktedonobacteraceae	0.9999922676095865
41f5293d391aa764999492b8e22f3438	d__Bacteria; p__Actinobacteriota; c__Actinobacteria; o__Corynebacteriales; f__Nocardiaceae; g__Rhodococcus	0.9429628382621053
41fa036288c2d2bcfac87ce0bc10a66e	d__Bacteria; p__Firmicutes; c__Bacilli; o__Haloplasmatales; f__Haloplasmataceae; g__Haloplasma; s__uncultured_bacterium	0.7422458265322092
4209110d277fdaaafe45ed1d4b1628a8	d__Bacteria; p__Verrucomicrobiota; c__Verrucomicrobiae; o__Opitutales; f__Opitutaceae	0.9999999383551577
42271bd13f83a7a29a5e67187428ee23	d__Bacteria; p__Gemmatimonadota; c__Longimicrobia; o__Longimicrobiales; f__Longimicrobiaceae; g__YC-ZSS-LKJ147; s__uncultured_Gemmatimonadetes	0.7398212161237673
4236d9acb7206200d5117df210ea8a95	d__Bacteria; p__Chloroflexi; c__Anaerolineae; o__Caldilineales; f__Caldilineaceae; g__uncultured; s__uncultured_bacterium	0.7240175553350549
423d5a0cb8ec99e91c4fda21460ed6d9	d__Bacteria; p__Acidobacteriota; c__Thermoanaerobaculia; o__Thermoanaerobaculales; f__Thermoanaerobaculaceae; g__Subgroup_10; s__uncultured_soil	0.9934271273026604
423f123da18f7606fdcf8c17367856ac	d__Bacteria; p__Bacteroidota; c__Bacteroidia; o__Chitinophagales; f__Chitinophagaceae	0.9999999111150144
424141fd9e6837745a8d47381db3ad49	d__Bacteria; p__Planctomycetota; c__Phycisphaerae; o__Tepidisphaerales; f__WD2101_soil_group; g__WD2101_soil_group; s__uncultured_bacterium	0.803923431303377
424b8fbd084583f77208f0cf3fd3051e	d__Bacteria; p__Myxococcota; c__Myxococcia; o__Myxococcales; f__Anaeromyxobacteraceae; g__Anaeromyxobacter; s__uncultured_bacterium	0.7520862736531645
42501cd112332bf0197daa85fcef1c34	d__Bacteria; p__Cyanobacteria; c__Cyanobacteriia; o__Cyanobacteriales; f__Nostocaceae	0.9008840592680002
425144e841ab96f85e99a40f8ddea110	d__Bacteria; p__Cyanobacteria; c__Cyanobacteriia; o__Cyanobacteriales; f__Coleofasciculaceae	0.9303770907346102
42531971d520f04daaa9403d0a2fb28d	d__Bacteria; p__Actinobacteriota; c__Actinobacteria; o__Frankiales; f__uncultured; g__uncultured	0.7465907470591456
425c0749257853087c18fc3a3a1b1252	d__Bacteria; p__Planctomycetota; c__OM190; o__OM190; f__OM190; g__OM190; s__uncultured_bacterium	0.9788304767556656
426389e19e0a5708583da97b40285ec9	d__Bacteria; p__Bdellovibrionota; c__Bdellovibrionia; o__Bdellovibrionales; f__Bdellovibrionaceae; g__Bdellovibrio	0.999251188042623
42708ef2bc4e8e3959dca7f445c5ca47	d__Bacteria; p__Proteobacteria; c__Gammaproteobacteria; o__Gammaproteobacteria_Incertae_Sedis; f__Unknown_Family; g__Acidibacter	0.9383675381149773
4281c8127b5d8a06a0ed057ad73f8e84	d__Bacteria; p__Planctomycetota; c__OM190; o__OM190; f__OM190; g__OM190; s__uncultured_bacterium	0.995930946150133
42a7ece6f897be82e00ca8b8fce5c267	d__Bacteria; p__Planctomycetota; c__Planctomycetes; o__Pirellulales; f__Pirellulaceae; g__uncultured; s__uncultured_Planctomycetaceae	0.7538543850240422
42b2e7a0ad1b8b9e18d45f2ef455eb3e	d__Bacteria; p__Planctomycetota; c__Phycisphaerae; o__Phycisphaerales; f__Phycisphaeraceae; g__SM1A02; s__uncultured_prokaryote	0.9908438227551141
42c801800deb6c5003116e72592ba0c8	d__Bacteria; p__Verrucomicrobiota; c__Verrucomicrobiae; o__Chthoniobacterales; f__Chthoniobacteraceae; g__Candidatus_Udaeobacter	0.9624049113202258
42ceb306e2f45c13f6103d806703bfa5	d__Bacteria; p__Firmicutes; c__Bacilli; o__Bacillales; f__Bacillaceae; g__Bacillus	0.9992222128434712
42d1d7c2c5794e29b6c06ae7c676385f	d__Bacteria; p__Actinobacteriota; c__Actinobacteria; o__Propionibacteriales; f__Nocardioidaceae; g__Nocardioides	0.9999906798557838
42dcf7bdc88cc7548a0bdd282c9f848e	d__Bacteria; p__Patescibacteria; c__Saccharimonadia; o__Saccharimonadales; f__Saccharimonadaceae; g__TM7a	0.8760766754320761
42e690d3b2cb15366be1725bdcce0dfa	d__Bacteria; p__Proteobacteria; c__Alphaproteobacteria; o__Rhizobiales; f__Xanthobacteraceae	0.9575700125102016
42f57402bdc9ecb3bef66a211ccca00b	d__Bacteria; p__Planctomycetota; c__Planctomycetes; o__Pirellulales; f__Pirellulaceae; g__Pir4_lineage; s__metagenome	0.878769198312682
42fd9ef8f948dc15a590780148ca14cc	d__Bacteria; p__Planctomycetota; c__OM190; o__OM190; f__OM190; g__OM190	0.9745697765891809
430ba5bea0fc08f65b69497bfbeb5c4b	d__Bacteria; p__Verrucomicrobiota; c__Verrucomicrobiae; o__Pedosphaerales; f__Pedosphaeraceae	0.9999995225501134
430e7550fe8a86cdaed2e5158bb24218	d__Bacteria; p__Acidobacteriota; c__Holophagae; o__Subgroup_7; f__Subgroup_7; g__Subgroup_7; s__uncultured_soil	0.8297272864473502
431775e8410dfcea49973ee810c4bc30	d__Bacteria; p__Proteobacteria; c__Gammaproteobacteria; o__Burkholderiales; f__TRA3-20; g__TRA3-20; s__metagenome	0.8420285675312155
431fca54d1e8fd829ef274069b7d1537	d__Bacteria; p__Bacteroidota; c__Bacteroidia; o__Chitinophagales; f__Saprospiraceae; g__Phaeodactylibacter; s__uncultured_bacterium	0.9943405876290697
4322c81a8e26b3c8fa555b090f4d2a17	d__Bacteria; p__Actinobacteriota; c__Actinobacteria; o__Propionibacteriales; f__Nocardioidaceae; g__Nocardioides	0.988840216026805
433627db1dcce7c89c4e693c7b6e3edf	d__Bacteria; p__Proteobacteria; c__Gammaproteobacteria; o__Pseudomonadales; f__Pseudomonadaceae; g__Pseudomonas	0.8543738462128787
433aa6f40d44107c76f81e8e32f2f1e3	d__Bacteria; p__Acidobacteriota; c__Vicinamibacteria; o__Vicinamibacterales; f__Vicinamibacteraceae; g__Vicinamibacteraceae	0.9999671272410411
434ece6a43c3906f002e185be9586913	d__Bacteria; p__Bacteroidota; c__Bacteroidia; o__Cytophagales; f__Hymenobacteraceae; g__Adhaeribacter	0.997207613628948
437438f4aff7d575c784497a7a573065	d__Bacteria; p__Proteobacteria; c__Gammaproteobacteria; o__Burkholderiales; f__Comamonadaceae; g__Ramlibacter	0.9158437244089052
437ea78a3b4427e394625d811a026e17	d__Bacteria; p__Patescibacteria; c__Saccharimonadia; o__Saccharimonadales; f__Saccharimonadales; g__Saccharimonadales	0.8913588298804693
438df50d3fe64a0a5e7d9f80dcc510f5	d__Bacteria; p__Chloroflexi; c__Gitt-GS-136; o__Gitt-GS-136; f__Gitt-GS-136; g__Gitt-GS-136	0.9999999701428868
4395a9763e45507c2de162bea3e792f7	d__Bacteria; p__Firmicutes; c__Bacilli; o__Bacillales; f__Bacillaceae; g__Bacillus; s__Bacillus_halmapalus	0.7355688966325697
4396d0474d231a9ca8f2d4becd8da386	d__Bacteria; p__Verrucomicrobiota; c__Verrucomicrobiae; o__Pedosphaerales; f__Pedosphaeraceae; g__Pedosphaeraceae	0.9999946857029576
439dc271a9d14fcbd94af9418666f88f	d__Bacteria; p__Actinobacteriota; c__Acidimicrobiia; o__IMCC26256; f__IMCC26256; g__IMCC26256; s__uncultured_Ferrimicrobium	0.8222582031757107
43b7ad1f79016d4c546da3ebc04a6a4e	d__Bacteria; p__Acidobacteriota; c__Thermoanaerobaculia; o__Thermoanaerobaculales; f__Thermoanaerobaculaceae; g__Subgroup_10	0.9999967658172411
43b9fa499b3a22a4175e1673d846fa23	d__Bacteria; p__Gemmatimonadota; c__Gemmatimonadetes; o__Gemmatimonadales; f__Gemmatimonadaceae; g__uncultured; s__uncultured_Gemmatimonadetes	0.9615305106959406
43bc1a371f4e57793c5af3e8762040ee	d__Bacteria; p__MBNT15; c__MBNT15; o__MBNT15; f__MBNT15; g__MBNT15	0.931522163154434
43bd2024e03fbe09b2712fdddb30d923	d__Bacteria; p__Acidobacteriota; c__Holophagae; o__Subgroup_7; f__Subgroup_7; g__Subgroup_7; s__uncultured_bacterium	0.8156902721935058
43be4d89d2efc47275536b6fbdea7041	d__Bacteria; p__Myxococcota; c__Myxococcia; o__Myxococcales; f__Myxococcaceae	0.9999962469460049
43c717ba01bad629d79240fa01b57c45	d__Bacteria; p__Acidobacteriota; c__Vicinamibacteria; o__Vicinamibacterales; f__uncultured; g__uncultured	0.9999885427170107
43cf8b7c0f3dc0d96389f88b6fb8e362	d__Bacteria; p__Actinobacteriota; c__Thermoleophilia; o__Solirubrobacterales; f__Solirubrobacteraceae	0.7931627107129171
43da8069bd28fa97b8dfb73085b8bc23	d__Bacteria; p__Acidobacteriota; c__Subgroup_22; o__Subgroup_22; f__Subgroup_22; g__Subgroup_22	0.9995649560833616
43db624f48972a259c130e641aac79cd	d__Bacteria; p__Verrucomicrobiota; c__Verrucomicrobiae; o__Pedosphaerales; f__Pedosphaeraceae; g__Pedosphaeraceae	0.9999715346929121
43e8f79aaa48ba160bacedb43485270c	d__Bacteria; p__Actinobacteriota; c__Actinobacteria; o__Corynebacteriales; f__Corynebacteriaceae; g__Corynebacterium; s__Corynebacterium_durum	0.998828109182184
43ebad55a40877ab3a315aadacb1a10e	d__Bacteria; p__Chloroflexi; c__Anaerolineae; o__Ardenticatenales; f__uncultured; g__uncultured; s__uncultured_soil	0.8872855697600146
43f3e91be74d47baeb1dbe584b638edc	d__Bacteria; p__Chloroflexi; c__Anaerolineae; o__SBR1031; f__SBR1031; g__SBR1031; s__uncultured_Caldilineaceae	0.9999997930632604
43f92d73a451afea5b599c7509fa9fd6	d__Bacteria; p__Actinobacteriota; c__Actinobacteria; o__0319-7L14; f__0319-7L14; g__0319-7L14	0.95705032575984
43fcce99184107ac122e0f1f3fc410f0	d__Bacteria; p__Acidobacteriota; c__Vicinamibacteria; o__Vicinamibacterales; f__uncultured; g__uncultured	0.9999738857204715
440810fa2a0b76689a9faebeb47e0ffd	d__Bacteria; p__Proteobacteria; c__Gammaproteobacteria; o__Burkholderiales; f__Nitrosomonadaceae; g__Ellin6067	0.9999597695025757
440880d1b571d8aa5d60ad53f560c1a9	d__Bacteria; p__Gemmatimonadota; c__Gemmatimonadetes; o__Gemmatimonadales; f__Gemmatimonadaceae; g__uncultured; s__Gemmatimonadetes_bacterium	0.7687369764514796
440c407560081311ec240c63631c783e	d__Bacteria; p__Planctomycetota; c__Planctomycetes; o__Gemmatales; f__Gemmataceae; g__uncultured	0.9438477222846021
4414778071d0558c910664e4ee0a71f9	d__Bacteria	0.9999999982141988
44154303ab14091f33fd0c82ccf13843	d__Bacteria; p__Acidobacteriota; c__Thermoanaerobaculia; o__Thermoanaerobaculales; f__Thermoanaerobaculaceae; g__Subgroup_10; s__uncultured_Bacteroidetes	0.9931809849974574
4416cbc2026260fa4e2ed0a8feff1443	d__Bacteria; p__Chloroflexi; c__Anaerolineae; o__Ardenticatenales; f__uncultured; g__uncultured; s__uncultured_Litorilinea	0.9992057011644049
443c1cf06ba848dd8e282e721b3eedad	d__Bacteria; p__Proteobacteria; c__Alphaproteobacteria; o__Rhizobiales; f__Xanthobacteraceae; g__uncultured	0.950245158468075
4456598990b6bc58aeee15f041f258a7	d__Bacteria; p__Firmicutes; c__Bacilli; o__Bacillales; f__Bacillaceae; g__Bacillus	0.9997973949516633
4459d3083411bf3464272be321d5c382	d__Bacteria; p__Patescibacteria; c__Gracilibacteria; o__Candidatus_Peribacteria; f__Candidatus_Peribacteria; g__Candidatus_Peribacteria	0.9999999251542407
44645eac770130380b8815b860996143	d__Bacteria; p__Proteobacteria; c__Gammaproteobacteria; o__Steroidobacterales; f__Steroidobacteraceae; g__Steroidobacter	0.9305555744251092
4464d0ff0cfd49661547723789ed829a	d__Bacteria; p__WPS-2; c__WPS-2; o__WPS-2; f__WPS-2; g__WPS-2; s__metagenome	0.9411440868729121
448665deb61ece2a5092f2756bc27200	d__Bacteria; p__Actinobacteriota; c__Acidimicrobiia; o__uncultured; f__uncultured; g__uncultured	0.9976956684430126
448929b9a154de70f66658956f6e2c48	d__Bacteria; p__Acidobacteriota; c__Vicinamibacteria; o__Vicinamibacterales; f__uncultured; g__uncultured	0.9999179879695905
448e1a1da118710ab120e49bf09e5b22	d__Bacteria; p__Actinobacteriota; c__Thermoleophilia; o__uncultured; f__uncultured; g__uncultured; s__uncultured_bacterium	0.9996964036958826
4497dd962c34e2bda202ea3a7846cade	d__Bacteria; p__Firmicutes; c__Bacilli; o__Bacillales; f__Bacillaceae; g__Bacillus; s__Bacillus_luciferensis	0.7853861744339231
449da050387b925eebcd5eabf0ee30b4	d__Bacteria; p__Proteobacteria; c__Gammaproteobacteria; o__Burkholderiales; f__Oxalobacteraceae	0.9784249587073842
449de23afc151c6faecfb7cc2bc935b7	d__Bacteria; p__Planctomycetota; c__Phycisphaerae; o__Tepidisphaerales; f__WD2101_soil_group; g__WD2101_soil_group; s__uncultured_planctomycete	0.8566911405297662
44a00000a2df10478bd43bd7a4f67c2f	d__Bacteria; p__Proteobacteria; c__Gammaproteobacteria; o__Burkholderiales; f__Nitrosomonadaceae; g__MND1	0.9997804818121193
44a38d5b6bb70dd9ad3f4c8439392826	d__Bacteria; p__Acidobacteriota; c__Subgroup_22; o__Subgroup_22; f__Subgroup_22; g__Subgroup_22; s__uncultured_bacterium	0.8623433136410114
44accdf5af3dd886ebd8d0c7683f88bf	d__Bacteria; p__Proteobacteria; c__Alphaproteobacteria; o__Rhizobiales; f__D05-2; g__D05-2	0.8113836004338579
44b44fc4055a58c01f6d1e9de5e0d1d9	d__Bacteria; p__Actinobacteriota; c__Actinobacteria; o__Streptomycetales; f__Streptomycetaceae; g__Streptomyces	0.9840416801924252
44c203cfede55b5ec7a0eeb5b8e9a440	d__Bacteria; p__Planctomycetota; c__Phycisphaerae; o__Tepidisphaerales; f__WD2101_soil_group; g__WD2101_soil_group; s__Planctomycetales_bacterium	0.8531551869781369
44c93be19fbe92166041f2533aa7ed21	d__Bacteria; p__Bacteroidota; c__Kapabacteria; o__Kapabacteriales; f__Kapabacteriales; g__Kapabacteriales; s__uncultured_Chlorobiales	0.9984946484632622
44d382b88b81b22e30f7aa314fce032b	d__Bacteria; p__Planctomycetota; c__Planctomycetes; o__Planctomycetales; f__uncultured; g__uncultured	0.9997234972850867
44eb045f806f82c8277bb2eac62cd437	d__Bacteria; p__Actinobacteriota; c__Actinobacteria; o__Micromonosporales; f__Micromonosporaceae; g__Virgisporangium; s__uncultured_bacterium	0.9128552196861438
44ecb260b1f518ef44ef8df29cbdd9bd	d__Bacteria; p__Bacteroidota; c__Bacteroidia; o__Cytophagales; f__Hymenobacteraceae; g__Pontibacter	0.999879076501474
44f449d5735c1b93169685daac9b6c50	d__Bacteria; p__Proteobacteria; c__Alphaproteobacteria; o__Rhodobacterales; f__Rhodobacteraceae; g__Rubellimicrobium; s__uncultured_bacterium	0.7248153564350261
44fa299492152518fec34b9fa4554648	d__Bacteria; p__Firmicutes; c__Clostridia; o__Clostridia; f__Hungateiclostridiaceae; g__Pseudobacteroides; s__Clostridium_sp.	0.8308980072082619
45007354a5d42914f3d5728863734628	d__Bacteria; p__Proteobacteria; c__Gammaproteobacteria; o__Xanthomonadales; f__Xanthomonadaceae; g__Arenimonas; s__uncultured_Xanthomonadaceae	0.7920963019967941
4501f98c83484fd902be11383c8d032b	d__Bacteria	0.9999999999999829
450f742cde4a0b694bed2c7d272edb0c	d__Bacteria; p__Gemmatimonadota; c__BD2-11_terrestrial_group; o__BD2-11_terrestrial_group; f__BD2-11_terrestrial_group; g__BD2-11_terrestrial_group; s__metagenome	0.9133766051969091
45107a3ca78054cd45901bb0c1d23d42	d__Bacteria; p__Proteobacteria; c__Gammaproteobacteria; o__Pseudomonadales; f__Pseudomonadaceae; g__Pseudomonas	0.9999888705338015
4525a4d6e32f63af1a2c2b832ecc4e0a	d__Bacteria; p__MBNT15; c__MBNT15; o__MBNT15; f__MBNT15; g__MBNT15; s__uncultured_bacterium	0.875652993220902
452bbe469f6a717a38dd54ed785cefeb	d__Bacteria; p__Gemmatimonadota; c__S0134_terrestrial_group; o__S0134_terrestrial_group; f__S0134_terrestrial_group; g__S0134_terrestrial_group; s__uncultured_bacterium	0.970823453909512
454c2a4fdbd9e46a341b91bb48db9bfe	d__Bacteria; p__Bacteroidota; c__Bacteroidia; o__Cytophagales; f__Microscillaceae; g__Ohtaekwangia	0.9421826675555786
454f4e64b27bb5b691759dbe1b2e23e5	d__Bacteria; p__Acidobacteriota	0.7683407260369833
455b1180aa16ec7a350e7cb68ddfe35d	d__Bacteria; p__Acidobacteriota; c__Blastocatellia; o__Pyrinomonadales; f__Pyrinomonadaceae; g__RB41	0.999995299678043
4565fcfae82198f696bac598d8158bb7	d__Bacteria; p__Firmicutes; c__Bacilli; o__Bacillales; f__Bacillaceae; g__Bacillus	0.992037852654369
457777ae15a7c91d77851729816a4208	d__Bacteria; p__Planctomycetota; c__Phycisphaerae; o__Phycisphaerales; f__Phycisphaeraceae; g__CL500-3; s__uncultured_bacterium	0.9991820004410086
45825d6720723e8ad9385c827aa35a4e	d__Bacteria; p__Proteobacteria; c__Gammaproteobacteria; o__Burkholderiales; f__Comamonadaceae; g__Comamonas; s__Comamonas_aquatica	0.9124299565922733
45830a4c714bf9b2bb14a45a8aeb496a	d__Bacteria; p__Bacteroidota; c__Bacteroidia; o__Chitinophagales; f__Chitinophagaceae; g__Niastella	0.817709646950289
4585fd12ea6444844af911c1fab1fb4a	d__Bacteria; p__Proteobacteria; c__Alphaproteobacteria; o__Rickettsiales; f__Mitochondria; g__Mitochondria; s__Andalucia_godoyi	0.7220862423958506
458a4515fd4be7b3a3a62725b0b10d46	d__Bacteria; p__Acidobacteriota; c__Thermoanaerobaculia; o__Thermoanaerobaculales; f__Thermoanaerobaculaceae; g__Subgroup_10	0.9999227564946944
458e64e8fcae26b748813b5fe8269257	d__Bacteria; p__Bdellovibrionota; c__Bdellovibrionia; o__Bacteriovoracales; f__Bacteriovoracaceae; g__Peredibacter; s__Peredibacter_starrii	0.7429205158954708
45920843bd44234214f03fbf798d0ff8	d__Bacteria; p__Verrucomicrobiota; c__Verrucomicrobiae; o__Verrucomicrobiales; f__Rubritaleaceae; g__Luteolibacter	0.9978657643387839
45ad90e179842705fa984962f131fd61	d__Bacteria; p__Proteobacteria; c__Gammaproteobacteria; o__R7C24; f__R7C24; g__R7C24	0.8197427879106316
45bebb348d711f845a8d183690308c64	d__Bacteria; p__Acidobacteriota; c__Vicinamibacteria; o__Vicinamibacterales; f__uncultured; g__uncultured; s__uncultured_Acidobacteriales	0.9787955083168929
45dced2a6c622f23960fc8a45da2171d	d__Bacteria; p__Entotheonellaeota; c__Entotheonellia; o__Entotheonellales; f__Entotheonellaceae; g__Candidatus_Entotheonella; s__uncultured_Candidatus	0.7442181520911724
45e26154594c933c183dd7dde6c2cc59	d__Bacteria; p__Planctomycetota; c__Pla4_lineage; o__Pla4_lineage; f__Pla4_lineage; g__Pla4_lineage; s__uncultured_bacterium	0.9952664503123791
45e2fdcec18460ba81ed78d145a4cbbb	d__Bacteria; p__Actinobacteriota; c__Actinobacteria; o__Propionibacteriales; f__Nocardioidaceae; g__Nocardioides	0.9994372498560243
45e788ebbfec11196b99911992d718d5	d__Bacteria; p__Chloroflexi; c__Ktedonobacteria; o__C0119; f__C0119; g__C0119; s__uncultured_bacterium	0.9822053962445243
45f18bee5ae67e29fe6adc5425b03330	d__Bacteria; p__Planctomycetota; c__Planctomycetes; o__Pirellulales; f__Pirellulaceae; g__Rhodopirellula; s__uncultured_Pirellula	0.9995567529639013
45fbe51b396860fa3a765635bca53efe	d__Bacteria; p__Acidobacteriota; c__Vicinamibacteria; o__Vicinamibacterales; f__Vicinamibacteraceae; g__Vicinamibacteraceae	0.9717947151544479
4602c8ae9949bf079bef6a3430af00fc	d__Bacteria; p__NB1-j; c__NB1-j; o__NB1-j; f__NB1-j; g__NB1-j; s__uncultured_proteobacterium	0.9983177252927496
461a0360e22ef2efd20d4713ff7e2f1d	d__Bacteria; p__Bacteroidota; c__Bacteroidia; o__Sphingobacteriales; f__AKYH767; g__AKYH767; s__uncultured_Bacteroidetes	0.8099722297062126
462f01c1717482875f3809cf8d06675f	d__Bacteria; p__Proteobacteria; c__Alphaproteobacteria; o__Tistrellales; f__Geminicoccaceae; g__uncultured; s__uncultured_bacterium	0.708999618216655
463977baa69c7724fdc9407ad162714c	d__Bacteria; p__Proteobacteria; c__Alphaproteobacteria; o__Defluviicoccales; f__Defluviicoccaceae; g__Defluviicoccus; s__uncultured_Defluviicoccus	0.851801317276517
46414d7c686ae3b8fed5f5c109435c86	d__Bacteria; p__Bacteroidota; c__Bacteroidia; o__Flavobacteriales; f__Flavobacteriaceae	0.9021826795466436
46524b2f854df2dcafa472412e44c037	d__Bacteria; p__Proteobacteria; c__Gammaproteobacteria; o__Burkholderiales; f__Nitrosomonadaceae; g__MND1	0.9992750061348953
4659e1d44ff6e35564945bd6ba96281c	d__Bacteria; p__Planctomycetota; c__Phycisphaerae; o__Phycisphaerales; f__Phycisphaeraceae; g__AKYG587	0.9999966026942709
465a75cd2f8e26518fc140653112fdd0	d__Bacteria; p__NB1-j; c__NB1-j; o__NB1-j; f__NB1-j; g__NB1-j; s__uncultured_bacterium	0.7135141347598595
465e34fb377f1a8beab4e9ce6162e206	d__Bacteria; p__Proteobacteria; c__Gammaproteobacteria; o__Xanthomonadales; f__Xanthomonadaceae	0.999880833458655
466010edefe01d5fddf1e4978f915bdb	d__Bacteria; p__NB1-j; c__NB1-j; o__NB1-j; f__NB1-j; g__NB1-j	0.9994487478549958
4663940f92b3e6940c7c02335f72ccd3	d__Bacteria; p__Bacteroidota; c__Bacteroidia; o__Chitinophagales; f__Chitinophagaceae	0.999622169416615
4664e3fad4b8290fe8271a3a626636af	d__Bacteria; p__Myxococcota; c__Polyangia; o__Polyangiales; f__Phaselicystidaceae; g__Phaselicystis; s__uncultured_Polyangiaceae	0.9199394424301572
466b0f79c5a8eac247a68ebcbbe0cd2f	d__Bacteria; p__Firmicutes; c__Clostridia; o__Clostridiales; f__Clostridiaceae; g__Clostridium_sensu_stricto_1	0.9965348572929237
466fb18ad8916d9f559ba078249628ab	d__Bacteria; p__Planctomycetota; c__Planctomycetes; o__Gemmatales; f__Gemmataceae; g__uncultured; s__uncultured_bacterium	0.8247792621015254
4670659848d659ddb8330c3eb4c8bb5e	d__Bacteria; p__Actinobacteriota; c__Thermoleophilia; o__Gaiellales	0.9999949820358629
467bbf6903b3931b9b1acfbf4e324a53	d__Bacteria; p__Gemmatimonadota; c__Longimicrobia; o__Longimicrobiales; f__Longimicrobiaceae; g__Longimicrobiaceae; s__uncultured_bacterium	0.7795450594872417
467f6bc082353f561998fa759b5c38bb	d__Bacteria; p__Firmicutes; c__Bacilli; o__Haloplasmatales; f__Haloplasmataceae; g__Haloplasma; s__uncultured_bacterium	0.9999913449357604
46869f12c31de7a05781e930c25a1ccd	d__Bacteria; p__Myxococcota; c__Myxococcia; o__Myxococcales; f__Myxococcaceae	0.999999179437788
4695f476afc9419d4e0d47bc36adb6e3	d__Bacteria; p__Proteobacteria; c__Alphaproteobacteria; o__Rhizobiales	0.9986698888450449
46a2c155fc4692f3e735e997b160057f	d__Bacteria; p__Methylomirabilota; c__Methylomirabilia; o__Rokubacteriales; f__Rokubacteriales; g__Rokubacteriales	0.9999999941382663
46acad1fc9659389c8ab1098b2dbbba2	d__Bacteria; p__Verrucomicrobiota; c__Chlamydiae; o__Chlamydiales; f__Parachlamydiaceae; g__Neochlamydia; s__uncultured_bacterium	0.9911910720596566
46b5b48cb063783a80c41534845bb9f5	d__Bacteria; p__Proteobacteria; c__Gammaproteobacteria; o__Pseudomonadales; f__Moraxellaceae; g__Acinetobacter	0.9968484413614584
46d39ec253464344349d2bb3848c39d0	d__Bacteria; p__Chloroflexi; c__Gitt-GS-136; o__Gitt-GS-136; f__Gitt-GS-136; g__Gitt-GS-136; s__uncultured_bacterium	0.9589734032863201
46e382e7db2c334a1f22d46832953017	d__Bacteria; p__Acidobacteriota; c__Blastocatellia; o__Pyrinomonadales; f__Pyrinomonadaceae; g__RB41	0.9999044363579251
46f6b97995fb64122550d458014468fe	d__Bacteria; p__Actinobacteriota; c__Actinobacteria; o__Pseudonocardiales; f__Pseudonocardiaceae; g__Pseudonocardia	0.9994117800587878
4706543c02f757a2fa1675148ff2a5ab	d__Bacteria; p__Acidobacteriota; c__Thermoanaerobaculia; o__Thermoanaerobaculales; f__Thermoanaerobaculaceae; g__Subgroup_10	0.999981139800499
470fcb79468f52eacfbdbe2b924ff95c	d__Bacteria; p__Gemmatimonadota; c__Gemmatimonadetes; o__Gemmatimonadales; f__Gemmatimonadaceae; g__Gemmatimonas	0.9419592836115183
4712befe3685661e0fc0968859c369d5	d__Bacteria; p__Gemmatimonadota; c__Gemmatimonadetes; o__Gemmatimonadales; f__Gemmatimonadaceae; g__Roseisolibacter	0.9421592054358165
47134aa9fed513a7b784a20cc946351f	d__Bacteria; p__Chloroflexi; c__Anaerolineae; o__Caldilineales; f__Caldilineaceae; g__uncultured; s__uncultured_Caldilinea	0.978118756513658
47252ca8202428729a8d1e9c0da516af	d__Bacteria; p__Bacteroidota; c__Rhodothermia; o__Rhodothermales; f__Rhodothermaceae; g__Rhodothermaceae; s__uncultured_Bacteroidetes	0.7419119976527521
4725b5cb43d1cf285f8f1e5776adcf3b	d__Bacteria; p__Actinobacteriota; c__Acidimicrobiia; o__Microtrichales; f__uncultured; g__uncultured	0.9302991566277432
473b9e9447eb666cc82a27fec4232429	d__Bacteria; p__Planctomycetota; c__Planctomycetes; o__Pirellulales; f__Pirellulaceae; g__Pirellula	0.9999999326652413
473c202a54cc7ecc9faf9586cefc6bdc	d__Bacteria; p__Chloroflexi; c__Anaerolineae; o__Ardenticatenales; f__Ardenticatenaceae; g__uncultured	0.9999801844162991
47458f7a26864c20799534efcd6a865b	d__Bacteria; p__Proteobacteria; c__Alphaproteobacteria; o__Elsterales; f__uncultured; g__uncultured	0.9996252740674794
474dae8921af9fbbd54b0ff38d8eaed2	d__Bacteria; p__Chloroflexi; c__Chloroflexia; o__Thermomicrobiales; f__AKYG1722; g__AKYG1722; s__uncultured_soil	0.9483085421504595
4750003c960301a67ec4a3640e2c0f71	d__Bacteria; p__Methylomirabilota; c__Methylomirabilia; o__Rokubacteriales; f__Rokubacteriales; g__Rokubacteriales; s__uncultured_bacterium	0.9722287090838354
4755bae1c9c45494186fe36e7350f1d8	d__Bacteria; p__Firmicutes; c__Bacilli; o__Bacillales; f__Bacillaceae; g__Anaerobacillus; s__uncultured_bacterium	0.8192928513188752
4764f158c176eff8ed659c7f32b31f50	d__Bacteria; p__Planctomycetota; c__Planctomycetes; o__Pirellulales; f__Pirellulaceae; g__Pirellula	0.9696305032593046
47654c89a0be84aa14b745b06f405c10	d__Bacteria; p__Proteobacteria; c__Gammaproteobacteria; o__Pseudomonadales; f__Moraxellaceae; g__uncultured; s__uncultured_gamma	0.7112207245868087
477eaf907be675cc13a7e65f5cee2912	d__Bacteria; p__Verrucomicrobiota; c__Verrucomicrobiae; o__Opitutales; f__Opitutaceae; g__Alterococcus; s__uncultured_bacterium	0.9997342581867811
4783fb00e313efce48b4d95c556f2ed3	d__Bacteria; p__Acidobacteriota; c__Vicinamibacteria; o__Vicinamibacterales; f__uncultured; g__uncultured	0.9995758482077893
478e922c4a0d3305078982d44080eac2	d__Bacteria; p__Planctomycetota; c__Planctomycetes; o__Pirellulales; f__Pirellulaceae; g__uncultured; s__uncultured_bacterium	0.7427433912313799
47924640bcc8c7b4ad14c10fdc5776da	d__Bacteria; p__Entotheonellaeota; c__Entotheonellia; o__Entotheonellales; f__Entotheonellaceae; g__Entotheonellaceae	0.9990833941080871
4797e8de31b3f18622c0f26d4fc64e26	d__Bacteria; p__Chloroflexi; c__Ktedonobacteria; o__C0119; f__C0119; g__C0119; s__uncultured_bacterium	0.9861868357557658
47ad52b0496d0e2d2ff9e94bf48b9396	d__Bacteria; p__Myxococcota; c__Polyangia; o__Polyangiales; f__BIrii41; g__BIrii41	0.99537093043061
47b8a85dcd219b5d88dfd1e2e69e56df	d__Bacteria; p__Cyanobacteria; c__Cyanobacteriia; o__Chloroplast; f__Chloroplast; g__Chloroplast; s__Chloroplast_expression	0.8765397421643518
47be631917b099659aae0c6408aafdf4	d__Bacteria; p__Bdellovibrionota; c__Bdellovibrionia; o__Bdellovibrionales; f__Bdellovibrionaceae; g__OM27_clade; s__uncultured_bacterium	0.7482244832189194
47c16dbcdd689b4a7ced4858ecab7577	d__Bacteria; p__Acidobacteriota; c__Blastocatellia; o__DS-100; f__DS-100; g__DS-100; s__uncultured_bacterium	0.7073604612912123
480391953e54b0c00e4658621434fd3e	d__Bacteria; p__Proteobacteria; c__Gammaproteobacteria	0.9999999052794287
48062a74b920961b33e883e63cf01115	d__Bacteria	0.9999999999999677
4809b5a145c77ad4dabc47837627b32d	d__Bacteria; p__Actinobacteriota; c__Actinobacteria	0.9999999746704188
480a00fe1110318177434a148fa65654	d__Bacteria; p__Bacteroidota; c__Bacteroidia; o__Flavobacteriales; f__Flavobacteriaceae; g__Flavobacterium	0.9718772639491481
48297c589c29bbb06d29da79a37cca37	d__Bacteria; p__Proteobacteria; c__Gammaproteobacteria; o__Xanthomonadales; f__Xanthomonadaceae; g__Lysobacter	0.9837860760311304
482ac92c493625d56bc92715351577ec	d__Bacteria; p__Firmicutes; c__Bacilli; o__Thermoactinomycetales; f__Thermoactinomycetaceae; g__Planifilum; s__uncultured_compost	0.8531720258872372
482eb2d008331144667c51038298ffa1	d__Bacteria; p__Deinococcota; c__Deinococci; o__Deinococcales; f__Trueperaceae; g__Truepera; s__uncultured_endolithic	0.9313741425611961
483ccd5bf0eff205f2b691219a5a30b4	d__Bacteria; p__Proteobacteria; c__Gammaproteobacteria; o__Burkholderiales; f__Comamonadaceae	0.9999383688610022
483f0c5b7afa3b5d35ba946449247f9e	d__Bacteria; p__Chloroflexi; c__Anaerolineae; o__SBR1031; f__A4b; g__A4b	0.9998381627101472
48673cefff74845ecb763745ceea6a9c	d__Bacteria; p__Bacteroidota; c__Bacteroidia; o__Chitinophagales; f__Chitinophagaceae; g__Flavitalea	0.9643657259106414
486acdb846fbfd7f1e353c853430b568	d__Bacteria; p__Bacteroidota; c__Bacteroidia; o__Cytophagales; f__Hymenobacteraceae; g__Pontibacter	0.9180140098810087
4879dff77a151e77785f63ac383e37e9	d__Bacteria; p__Proteobacteria; c__Gammaproteobacteria; o__Burkholderiales; f__Oxalobacteraceae	0.9993281520578989
487c1ab6c35bd78e6e05e1f86c803189	d__Bacteria; p__Verrucomicrobiota; c__Verrucomicrobiae; o__Pedosphaerales; f__Pedosphaeraceae	0.9999999957482407
48847da92a205e4a20b5047b76e1dbd6	d__Bacteria; p__NB1-j; c__NB1-j; o__NB1-j; f__NB1-j; g__NB1-j	0.9998683209290808
48883faf4b2539b31634e4a62222b7c6	d__Bacteria; p__Methylomirabilota; c__Methylomirabilia; o__Rokubacteriales; f__Rokubacteriales; g__Rokubacteriales; s__uncultured_bacterium	0.8923937334759612
488bff2740a18f846ae6a9a82685ba04	d__Bacteria; p__Cyanobacteria; c__Cyanobacteriia; o__Chloroplast; f__Chloroplast; g__Chloroplast; s__Chloroplast_expression	0.9498829208381064
488c0bd4d2d654468f6a58b2bcda56a4	d__Bacteria; p__Bacteroidota; c__Kapabacteria; o__Kapabacteriales; f__Kapabacteriales; g__Kapabacteriales; s__uncultured_bacterium	0.9945969188292401
48b67d6a8aae34dd1874f047a79f6660	d__Bacteria; p__Actinobacteriota; c__Actinobacteria; o__Frankiales; f__Geodermatophilaceae; g__Geodermatophilus	0.7610259810194471
48bc5a8159f5beaf3650bf8de5c6b950	d__Bacteria; p__Myxococcota; c__Polyangia; o__Nannocystales; f__Nannocystaceae; g__Nannocystis	0.9813996098490282
48bf22808df416d4d5db36a8b4d0d4e9	d__Bacteria; p__Firmicutes; c__Bacilli; o__Bacillales; f__Bacillaceae; g__Bacillus	0.9610413714879035
48c1f7409761c7a63bd754d837f9c0a6	d__Bacteria; p__Acidobacteriota; c__Vicinamibacteria; o__Vicinamibacterales; f__uncultured; g__uncultured; s__uncultured_Acidobacteriales	0.8564728798150196
48d1081245bd065cbec1648165de10fe	d__Bacteria; p__Proteobacteria; c__Alphaproteobacteria; o__Acetobacterales; f__Acetobacteraceae	0.9998473197642704
48dce7e50e140abded63b09f16c14ab8	d__Bacteria; p__Proteobacteria; c__Gammaproteobacteria; o__Gammaproteobacteria_Incertae_Sedis; f__Unknown_Family; g__Acidibacter	0.998705177570883
48de13dd1e3232c15db6cdce0d419292	d__Bacteria; p__Firmicutes; c__Bacilli; o__Bacillales; f__Bacillaceae; g__Bacillus	0.9226189214844884
48e2b574c86279296d21bcdffc0edf05	d__Bacteria; p__Actinobacteriota; c__MB-A2-108; o__MB-A2-108; f__MB-A2-108; g__MB-A2-108; s__uncultured_actinobacterium	0.8164887374251397
48f68e44e258de63575b8bf6cf565d52	d__Bacteria; p__Gemmatimonadota; c__Gemmatimonadetes; o__Gemmatimonadales; f__Gemmatimonadaceae; g__Gemmatimonas	0.9690899775365815
48f77d7c6252041b4acbb7600bcc60e4	d__Bacteria; p__Acidobacteriota; c__Blastocatellia; o__Pyrinomonadales; f__Pyrinomonadaceae; g__RB41	0.9985731381781602
48f7d3a5a8339f63570ede7b2e3218c9	d__Bacteria; p__Proteobacteria; c__Alphaproteobacteria; o__Rhizobiales; f__Beijerinckiaceae; g__Bosea	0.9972708344134887
4910f27afbca698caee6cd0c5e4da285	d__Bacteria; p__Acidobacteriota; c__Vicinamibacteria; o__Vicinamibacterales; f__uncultured; g__uncultured	0.9999505078781078
49192cc8a222d97b965b839ff5d0f333	d__Bacteria; p__Actinobacteriota; c__Actinobacteria; o__Micrococcales; f__Microbacteriaceae	0.9999750646512686
49263a2f15b1404280b44d8574b6d3ae	d__Bacteria; p__Bacteroidota; c__Rhodothermia; o__Rhodothermales; f__Rhodothermaceae; g__Rhodothermaceae; s__uncultured_Bacteroidetes	0.9379492503411523
4932d44d837a2c201dec59271b325618	d__Bacteria; p__Actinobacteriota; c__Acidimicrobiia; o__Actinomarinales; f__uncultured; g__uncultured	0.770118274902338
493c377c986c5cb34c7b1c3f2c5e6630	d__Bacteria; p__Planctomycetota; c__Planctomycetes; o__Pirellulales; f__Pirellulaceae; g__Pirellula	0.9996212686931095
4942db7186c406e772df17a935a9a32f	d__Bacteria; p__Bacteroidota; c__Bacteroidia; o__Chitinophagales; f__Chitinophagaceae; g__Flavihumibacter; s__Flavihumibacter_sediminis	0.7152177396092909
495db93941457fdf8f937154b3538d48	d__Bacteria; p__Proteobacteria; c__Alphaproteobacteria; o__Reyranellales; f__Reyranellaceae; g__uncultured; s__uncultured_bacterium	0.8298335848260409
4963567d2979bb761291aa98e0b8595b	d__Bacteria; p__Proteobacteria; c__Alphaproteobacteria; o__Tistrellales; f__Geminicoccaceae; g__uncultured; s__uncultured_bacterium	0.9187810908377968
4963c77b799e3b5ed1afddb09e9b5550	d__Bacteria; p__Planctomycetota; c__Planctomycetes; o__Gemmatales; f__Gemmataceae; g__uncultured	0.9337067742068743
49918f0c66e52eade6736cc45bef201c	d__Bacteria; p__Chloroflexi; c__Anaerolineae; o__Caldilineales; f__Caldilineaceae; g__uncultured	0.9991639243744209
49968f2c27922162ba2edd36a5c97135	d__Bacteria; p__Planctomycetota; c__Planctomycetes; o__Gemmatales; f__Gemmataceae; g__uncultured; s__uncultured_bacterium	0.8742066418289557
499741cd2005e4fb3d1ce8ff910ec1bc	d__Bacteria; p__Verrucomicrobiota; c__Chlamydiae; o__Chlamydiales; f__cvE6; g__cvE6	0.9999791016173808
49a5c3a6fe381f85b2645de594484682	d__Bacteria; p__Acidobacteriota; c__Vicinamibacteria; o__Vicinamibacterales; f__uncultured; g__uncultured; s__uncultured_Acidobacteriales	0.7427312196696505
49a5e1619345a914fa4acc1adde792f3	d__Bacteria; p__Chloroflexi; c__KD4-96; o__KD4-96; f__KD4-96; g__KD4-96; s__metagenome	0.7643472822698345
49a6358e3cacc5b90a940465a493fa88	d__Bacteria; p__Acidobacteriota; c__Vicinamibacteria; o__Vicinamibacterales; f__uncultured; g__uncultured	0.9992934905141807
49a6d6c656964b4b807e135c92325074	d__Bacteria; p__Actinobacteriota; c__Acidimicrobiia; o__Microtrichales; f__Microtrichaceae; g__uncultured; s__uncultured_Actinomycetales	0.9762002831542612
49b2b5d79679a97151a3a8c9bcda654d	d__Bacteria; p__Actinobacteriota; c__Acidimicrobiia; o__Microtrichales; f__Ilumatobacteraceae; g__uncultured	0.7909979067820971
49c52d0e7d1fafb003a8dddd94b80f7b	d__Bacteria; p__Myxococcota; c__Polyangia; o__Polyangiales; f__Sandaracinaceae; g__uncultured	0.9999791669872495
49c761b340419fc119c4361cfbd1c28e	d__Bacteria; p__Myxococcota; c__Myxococcia; o__Myxococcales; f__Anaeromyxobacteraceae; g__Anaeromyxobacter; s__uncultured_bacterium	0.9525468976381594
49d6c9925e3d6931c5cdfb2385d6f1a0	d__Bacteria; p__Patescibacteria; c__uncultured; o__uncultured; f__uncultured; g__uncultured; s__uncultured_bacterium	0.9994932465779877
49e0404b16ae1c9f707611804e656708	d__Bacteria; p__Proteobacteria; c__Gammaproteobacteria; o__Burkholderiales; f__SC-I-84; g__SC-I-84	0.9959315447071421
49eb407455eb6e968aa3df6632e2ed46	d__Bacteria; p__Desulfobacterota; c__Desulfobulbia; o__Desulfobulbales; f__Desulfocapsaceae; g__[Desulfobacterium]_catecholicum_group; s__uncultured_bacterium	0.7516864404407517
49f12e527c0ae48ed5b15283f66ac8bc	d__Bacteria; p__Proteobacteria; c__Gammaproteobacteria; o__Burkholderiales; f__Nitrosomonadaceae; g__MND1	0.9999532228755749
49f614420449f6c7ecc8c9f4e137ad05	d__Bacteria; p__Proteobacteria; c__Alphaproteobacteria; o__Rhizobiales; f__Beijerinckiaceae	0.9430571603354859
4a0a56ee95500bcaf5de57a21f05bb49	d__Bacteria; p__Planctomycetota; c__OM190; o__OM190; f__OM190; g__OM190; s__planctomycete_A-2	0.7105379984722096
4a0ecc4abf1a330b9ce640e7b284581d	d__Bacteria; p__Chloroflexi; c__Anaerolineae; o__Ardenticatenales; f__uncultured; g__uncultured; s__uncultured_Litorilinea	0.9983888470946481
4a1681f542994b5b874ca60af1ebb0ae	d__Bacteria; p__Proteobacteria; c__Alphaproteobacteria; o__uncultured; f__uncultured; g__uncultured; s__uncultured_forest	0.89384038593034
4a16baca997067f9cc4b7031295957e5	d__Bacteria; p__Firmicutes; c__Bacilli; o__Bacillales; f__Bacillaceae; g__Bacillus	0.9999458231716867
4a1979a0f443bb8918e7c8a705c6451c	d__Bacteria; p__Bdellovibrionota; c__Bdellovibrionia; o__Bdellovibrionales; f__Bdellovibrionaceae; g__OM27_clade; s__uncultured_Myxococcales	0.944578903193359
4a1c1a2b25a7c76e71ecd38d43243815	d__Bacteria; p__Gemmatimonadota; c__Longimicrobia; o__Longimicrobiales; f__Longimicrobiaceae; g__YC-ZSS-LKJ147	0.8479565897499115
4a22888815e9d541ef2b2afc374113f4	d__Bacteria; p__Planctomycetota; c__Planctomycetes; o__Pirellulales; f__Pirellulaceae; g__uncultured; s__uncultured_bacterium	0.8602351030034765
4a36b38898874b17b20d9d5005f464b0	d__Bacteria; p__Proteobacteria; c__Gammaproteobacteria; o__Burkholderiales; f__Oxalobacteraceae	0.995510720454552
4a3c4abee502d6185abd750522566bf3	d__Bacteria; p__Verrucomicrobiota; c__Verrucomicrobiae; o__Chthoniobacterales; f__Xiphinematobacteraceae; g__Candidatus_Xiphinematobacter	0.7119188727521498
4a446e62e421d306c778ba227b3179d8	d__Bacteria; p__Actinobacteriota; c__Acidimicrobiia; o__Microtrichales; f__uncultured; g__uncultured	0.9513371043312759
4a4b2c51364a8fc4172688472cef442c	d__Bacteria; p__Myxococcota; c__Polyangia; o__Polyangiales; f__Phaselicystidaceae; g__Phaselicystis; s__metagenome	0.9464217844625573
4a4c7777128ea8759f4d76cc7e209705	d__Bacteria; p__Bacteroidota; c__Bacteroidia; o__Chitinophagales; f__Chitinophagaceae; g__Ferruginibacter	0.9744742796117198
4a550463461d896b57a5655c7cd5bc25	d__Bacteria; p__Proteobacteria; c__Gammaproteobacteria; o__Salinisphaerales; f__Solimonadaceae; g__Panacagrimonas	0.8728254988236976
4a585d38d8c7467169d8d2679f9a058d	d__Bacteria; p__Verrucomicrobiota; c__Verrucomicrobiae; o__Chthoniobacterales; f__Chthoniobacteraceae; g__Chthoniobacter	0.9940976728198518
4a5b1dff695c3ff55acade75bf300b02	d__Bacteria; p__Planctomycetota; c__Phycisphaerae; o__Phycisphaerales; f__Phycisphaeraceae; g__SM1A02; s__uncultured_bacterium	0.772856915296845
4a6b3e8559f626a5f3c885a00913da30	d__Bacteria; p__Proteobacteria; c__Gammaproteobacteria; o__Pseudomonadales; f__Moraxellaceae; g__uncultured; s__uncultured_gamma	0.7626288610235937
4a6f0076e4ac71474b3c364294ad3b33	d__Bacteria; p__Firmicutes; c__Bacilli; o__Bacillales; f__Bacillaceae	0.9998132216099515
4a81ffda2ffb0e5202170bd03c5eb12e	d__Bacteria; p__Planctomycetota; c__Planctomycetes; o__Pirellulales; f__Pirellulaceae; g__Pir4_lineage; s__uncultured_Planctomycetaceae	0.9195282141408435
4a848fa05fe1592bcf371ff8dc8305b3	d__Bacteria; p__Cyanobacteria; c__Cyanobacteriia; o__Chloroplast; f__Chloroplast; g__Chloroplast	0.9999288641872768
4a86fc550fa1ac37aa480d37edea875f	d__Bacteria; p__Planctomycetota; c__Planctomycetes; o__Isosphaerales; f__Isosphaeraceae	0.9976193636921957
4a887b9eaf1db6c9c373fdcef62e56a1	d__Bacteria; p__Bacteroidota; c__Bacteroidia; o__Chitinophagales; f__Chitinophagaceae; g__Flavisolibacter	0.9625596470149835
4a8f1741391e77325652faea0174fd8c	d__Bacteria; p__Acidobacteriota; c__Vicinamibacteria; o__Vicinamibacterales; f__Vicinamibacteraceae; g__Vicinamibacteraceae; s__uncultured_Acidobacteriaceae	0.9108426682744576
4a9c04246b94b8ec9f14e60326e9199b	d__Bacteria; p__Myxococcota; c__Polyangia; o__Blfdi19; f__Blfdi19; g__Blfdi19; s__uncultured_bacterium	0.962496509024161
4a9de9a4516e756dd0a341cadfc37479	d__Bacteria; p__Actinobacteriota; c__MB-A2-108; o__MB-A2-108; f__MB-A2-108; g__MB-A2-108; s__uncultured_actinobacterium	0.9967639857186892
4aa083fe7c1b0639dbc48ec649e68a31	d__Bacteria; p__Proteobacteria; c__Gammaproteobacteria; o__Burkholderiales; f__Rhodocyclaceae	0.902914262573141
4aa2227d361df6e09f75f1488e71bd4c	d__Bacteria; p__Desulfobacterota; c__uncultured; o__uncultured; f__uncultured; g__uncultured	0.9975552210727342
4aafb313a3a768a874a019fbae5bef04	d__Bacteria; p__Gemmatimonadota; c__Gemmatimonadetes; o__Gemmatimonadales; f__Gemmatimonadaceae; g__uncultured; s__uncultured_prokaryote	0.9301903970353231
4acb45d5d61135ac9cf2d9385074e9d2	d__Bacteria; p__Actinobacteriota; c__Actinobacteria	0.9999999833641728
4af43619ecb5d6383c4c41568d35f05d	d__Bacteria; p__Proteobacteria; c__Alphaproteobacteria; o__Rhizobiales; f__Beijerinckiaceae; g__Microvirga	0.9175452371995159
4b082658bf046e3cadc39e3f8ce5b624	d__Bacteria; p__Planctomycetota; c__Planctomycetes; o__Pirellulales; f__Pirellulaceae; g__Pir4_lineage; s__uncultured_Planctomycetaceae	0.9095089827876397
4b087e13957eb38128f63e1c99df23c3	d__Bacteria; p__Bacteroidota; c__Bacteroidia; o__Cytophagales; f__Cyclobacteriaceae	0.8717036926940599
4b0b9a2e47a05a7c4829355378cfb0e0	d__Bacteria; p__Patescibacteria; c__Saccharimonadia; o__Saccharimonadales; f__Saccharimonadales; g__Saccharimonadales	0.9683050227357021
4b0cfc8899b466bd9992f7b22a5a06be	d__Bacteria; p__Proteobacteria; c__Alphaproteobacteria; o__Rhizobiales; f__Xanthobacteraceae; g__Pseudorhodoplanes	0.9822883560280175
4b1b330daa8bfc85aca9c2c0942c84e4	d__Bacteria; p__Myxococcota; c__bacteriap25; o__bacteriap25; f__bacteriap25; g__bacteriap25	0.9884994265473713
4b1c3b32942ff5992b8282a96d6625ed	d__Bacteria; p__Myxococcota; c__Polyangia; o__Polyangiales; f__BIrii41; g__BIrii41	0.9914406140612428
4b2a024588faa7172365adc703533461	d__Bacteria; p__Firmicutes; c__Bacilli; o__Lactobacillales; f__Lactobacillaceae; g__Lactobacillus; s__Lactobacillus_parafarraginis	0.9819113290007814
4b2d3736326bfb14ade711b835cf2582	d__Bacteria; p__Firmicutes; c__Clostridia; o__Peptostreptococcales-Tissierellales; f__Peptostreptococcales-Tissierellales	0.8410259223964073
4b310c17c542803ed1d201bcd2f871bd	d__Bacteria; p__Gemmatimonadota; c__Gemmatimonadetes; o__Gemmatimonadales; f__Gemmatimonadaceae; g__uncultured; s__uncultured_proteobacterium	0.8355195792863493
4b393e0e7fdde7adac8ca53bc950f7da	d__Bacteria; p__Acidobacteriota; c__Vicinamibacteria; o__Vicinamibacterales; f__Vicinamibacteraceae; g__Vicinamibacteraceae	0.9845698160766504
4b3cd881505ebf1959bcc23ab5c0d780	d__Bacteria; p__Myxococcota; c__Polyangia; o__Polyangiales; f__Sandaracinaceae; g__uncultured; s__metagenome	0.9849793690652506
4b3e116c18658bcbf87d829d82bf364a	d__Bacteria; p__Actinobacteriota; c__Thermoleophilia; o__Gaiellales; f__Gaiellaceae; g__Gaiella	0.8994612501877799
4b474c9e8eb466dcd0897d5fa5e68201	d__Bacteria; p__Planctomycetota; c__Planctomycetes; o__Pirellulales; f__Pirellulaceae; g__Pirellula	0.9729306481057781
4b4dd47044014c1499c381a1e488f0e0	d__Bacteria; p__Actinobacteriota; c__Thermoleophilia; o__Solirubrobacterales; f__67-14; g__67-14	0.9790125486515787
4b509d243af20a714c0e96b8951482a6	d__Bacteria; p__Actinobacteriota; c__Actinobacteria; o__0319-7L14; f__0319-7L14; g__0319-7L14; s__uncultured_bacterium	0.768514282054589
4b60f9960eb8e0b62306ad333dff8000	d__Bacteria; p__Methylomirabilota; c__Methylomirabilia; o__Rokubacteriales; f__Rokubacteriales; g__Rokubacteriales; s__uncultured_bacterium	0.9990275382121311
4b7be5f2fbe3772f6a5d4c212941ae1b	d__Bacteria; p__Proteobacteria; c__Gammaproteobacteria; o__Pseudomonadales; f__Pseudomonadaceae; g__Pseudomonas	0.9867154609132615
4ba3345b4bd84d01010bab296ee5a8e5	d__Bacteria; p__Actinobacteriota; c__Actinobacteria; o__Actinomycetales; f__Actinomycetaceae; g__Actinomyces	0.9999985652606547
4ba6ab566bcdc4e3ae40d83608fa41c5	d__Bacteria; p__Acidobacteriota; c__Vicinamibacteria; o__Vicinamibacterales; f__Vicinamibacteraceae; g__Vicinamibacteraceae; s__uncultured_Acidobacteriaceae	0.8562473082049055
4ba6ed87d0f0cb5eb5c0cbc354f09e50	d__Bacteria; p__Actinobacteriota; c__Actinobacteria; o__Propionibacteriales; f__Nocardioidaceae; g__Nocardioides	0.8877938239743901
4bae90dec083efcd3e87abea29376a0d	d__Bacteria; p__Actinobacteriota; c__Actinobacteria	0.9438248195409731
4bb28b90dfc87c3a274f68f6b857eb43	d__Bacteria; p__Myxococcota; c__bacteriap25; o__bacteriap25; f__bacteriap25; g__bacteriap25; s__metagenome	0.9292535173337159
4bb85e4b43278d28c0604c8f6853a9ff	d__Bacteria; p__Patescibacteria; c__Saccharimonadia; o__Saccharimonadales	0.999999997343569
4bbad82a39655a26a2de61b88c5af7fa	d__Bacteria; p__Actinobacteriota; c__Thermoleophilia; o__Gaiellales	0.999998696667518
4bbd781b998afe468429f6fa265fdc0f	d__Bacteria; p__Bacteroidota; c__Kapabacteria; o__Kapabacteriales; f__Kapabacteriales; g__Kapabacteriales; s__uncultured_bacterium	0.9732105908923485
4bc08118f480011a5b233fa779be55b7	d__Bacteria; p__Actinobacteriota	0.7965545807566874
4bfdf07ab1192cf31f55744eb18712b1	d__Bacteria; p__Proteobacteria; c__Gammaproteobacteria; o__Pseudomonadales; f__Moraxellaceae; g__uncultured; s__uncultured_gamma	0.8794776680789828
4c1f61e0feecfcd5632304febd18d407	d__Bacteria; p__Planctomycetota; c__Planctomycetes; o__Isosphaerales; f__Isosphaeraceae; g__uncultured	0.8235393609939997
4c21190f7ccdcfff0de4048c2e8f2e8f	d__Bacteria; p__Chloroflexi; c__Anaerolineae; o__SBR1031; f__A4b; g__A4b	0.996990184963488
4c2afc71789fc70f4bb46f54f1c77401	d__Bacteria; p__Chloroflexi; c__Dehalococcoidia; o__S085; f__S085; g__S085	0.9999993914342786
4c2b873a50d41dedfebb51d5a13ccb6d	d__Bacteria; p__Proteobacteria; c__Gammaproteobacteria; o__Cellvibrionales; f__Cellvibrionaceae; g__Cellvibrio; s__uncultured_bacterium	0.7788652006490835
4c2d3007acb9f2125b63780e394cdfaf	d__Bacteria; p__Acidobacteriota; c__Thermoanaerobaculia; o__Thermoanaerobaculales; f__Thermoanaerobaculaceae; g__Subgroup_10	0.9943403173135889
4c38ef251d792cfa494cffdc654d861a	d__Bacteria; p__Acidobacteriota; c__Blastocatellia; o__Pyrinomonadales; f__Pyrinomonadaceae; g__RB41	0.9994571874428538
4c47d5cf81df1ac6e2a0560029a81578	d__Bacteria; p__Proteobacteria; c__Alphaproteobacteria; o__Rhodobacterales; f__Rhodobacteraceae	0.9997573069379537
4c4c0d153ac92dea8eca56fa4950e195	d__Bacteria; p__Actinobacteriota; c__Actinobacteria; o__0319-7L14; f__0319-7L14; g__0319-7L14; s__uncultured_bacterium	0.9481833881655533
4c5618cd89405f342b786c8cf2e826e2	d__Bacteria; p__Proteobacteria; c__Alphaproteobacteria; o__Micavibrionales; f__uncultured; g__uncultured	0.9998887575799273
4c575752c7356b42f16f24ce1695c2ed	d__Bacteria; p__Bacteroidota; c__Bacteroidia; o__Cytophagales; f__Hymenobacteraceae; g__Adhaeribacter	0.9999218769576412
4c5ac6a0a76e1a6e99d724c09795b859	d__Bacteria; p__Acidobacteriota; c__Vicinamibacteria; o__Subgroup_17; f__Subgroup_17; g__Subgroup_17	0.9999999473748807
4c64cecfd6fa24284062dfddf90ca034	d__Bacteria; p__Firmicutes; c__Bacilli; o__Paenibacillales; f__Paenibacillaceae; g__Paenibacillus	0.9982731586706065
4c682517b5dc6f3ba72a165ad89bba13	d__Bacteria; p__Firmicutes; c__Bacilli; o__Bacillales; f__Bacillaceae; g__Bacillus	0.9955538564288763
4c6ac405a758356308f5f5d476b0511a	d__Bacteria; p__Proteobacteria; c__Alphaproteobacteria; o__Rhizobiales; f__Rhizobiaceae	0.9972083954533542
4c87bb6705f90fa58e8df6e6f527ab2a	d__Bacteria; p__Actinobacteriota; c__Thermoleophilia; o__Gaiellales; f__Gaiellaceae; g__Gaiella	0.989626678782737
4c92d4d15f2ef97078d31bc46a01343f	d__Bacteria; p__Proteobacteria; c__Gammaproteobacteria; o__PLTA13; f__PLTA13; g__PLTA13	0.9999947834823266
4c9b01b0faf81869d8f91ad8d95ddc90	d__Bacteria; p__Proteobacteria; c__Alphaproteobacteria	0.999965182566656
4cc335cc49b2f53d9926a187741c85a9	d__Bacteria; p__Bacteroidota; c__Bacteroidia; o__Cytophagales; f__Hymenobacteraceae; g__Adhaeribacter; s__uncultured_Hymenobacter	0.7519862881710764
4cc90605595cf649b3925ca5a8bd4b54	d__Bacteria; p__Cyanobacteria; c__Cyanobacteriia; o__Chloroplast; f__Chloroplast; g__Chloroplast; s__Bacillaria_paxillifer	0.7784561290302395
4ccc086c0126a2a1be6cf2813be015c9	d__Bacteria; p__Planctomycetota; c__Planctomycetes; o__Gemmatales; f__Gemmataceae; g__uncultured	0.9547125966554011
4cce4531132ddc1e61944f2c9858d32a	d__Bacteria; p__Myxococcota; c__Polyangia; o__Haliangiales; f__Haliangiaceae; g__Haliangium	0.9994089915740165
4cd420962855afdf0bc69bb268b846c7	d__Bacteria; p__Proteobacteria; c__Alphaproteobacteria; o__Sphingomonadales; f__Sphingomonadaceae	0.9993487504810807
4cd480de3c8c940cff060b941d9b2359	d__Bacteria; p__Bdellovibrionota; c__Bdellovibrionia; o__Bdellovibrionales; f__Bdellovibrionaceae; g__OM27_clade	0.9995064110010674
4ce471b92a5c88c7f61d407e1ea2f3fb	d__Bacteria; p__Bacteroidota; c__Bacteroidia; o__Chitinophagales; f__Chitinophagaceae; g__uncultured; s__uncultured_microorganism	0.9999514548353593
4cf581fe41a4970ebd54a5884871cab8	d__Bacteria; p__Patescibacteria; c__Saccharimonadia; o__Saccharimonadales; f__LWQ8; g__LWQ8; s__uncultured_bacterium	0.7091185447215315
4d024df85218cf39b5322caf31acb247	d__Bacteria; p__Acidobacteriota; c__Thermoanaerobaculia; o__Thermoanaerobaculales; f__Thermoanaerobaculaceae; g__Subgroup_10; s__uncultured_Alphaproteobacteria	0.7166689911062097
4d04fe4e6a0e8474cfdc56d426a19785	d__Bacteria; p__Patescibacteria; c__Parcubacteria; o__Candidatus_Nomurabacteria; f__Candidatus_Nomurabacteria; g__Candidatus_Nomurabacteria; s__uncultured_bacterium	0.9555794452867059
4d096818f5aaa0aaecff53e8e9ca1e06	d__Bacteria; p__Methylomirabilota; c__Methylomirabilia; o__Rokubacteriales; f__WX65; g__WX65; s__uncultured_bacterium	0.999963573296646
4d0b1695ede6fc0994e743517c0e9bab	d__Bacteria; p__Planctomycetota; c__Planctomycetes; o__Planctomycetales; f__uncultured; g__uncultured; s__uncultured_Planctomyces	0.9130049191352515
4d2f1ee44046849aee911ea499b4b78f	d__Bacteria; p__Methylomirabilota; c__Methylomirabilia; o__Rokubacteriales; f__Rokubacteriales; g__Rokubacteriales	0.9999990093782722
4d3def5ffad0c392381591440bfc3668	d__Bacteria; p__Bacteroidota; c__Bacteroidia; o__Flavobacteriales; f__Flavobacteriaceae; g__Capnocytophaga; s__Capnocytophaga_gingivalis	0.9953089727132053
4d56c4a588c712d86df01d606e9ae9f1	d__Bacteria; p__Acidobacteriota; c__Thermoanaerobaculia; o__Thermoanaerobaculales; f__Thermoanaerobaculaceae; g__Subgroup_10	0.9999998181607465
4d5ab121763879fd59e8f00d35473540	d__Bacteria; p__Proteobacteria; c__Gammaproteobacteria; o__Burkholderiales; f__Comamonadaceae	0.99979727401988
4d691fbbe2dbfb2815649fb72c757977	d__Bacteria; p__Proteobacteria; c__Gammaproteobacteria; o__Steroidobacterales; f__Steroidobacteraceae	0.9999997278560124
4d6e0e08712c782a355ad045049e5020	d__Bacteria; p__Planctomycetota; c__Pla4_lineage; o__Pla4_lineage; f__Pla4_lineage; g__Pla4_lineage; s__uncultured_planctomycete	0.7810341105856531
4d7163caa32b5cb459c9b3f5e1263131	d__Bacteria; p__Myxococcota; c__Myxococcia; o__Myxococcales; f__Myxococcaceae	0.9994936356475111
4d76982e897c95c976d9f5c3619f0fb0	d__Bacteria; p__Gemmatimonadota; c__S0134_terrestrial_group; o__S0134_terrestrial_group; f__S0134_terrestrial_group; g__S0134_terrestrial_group; s__uncultured_bacterium	0.9710026533362621
4d76bd78b886f8301e0ab5c42dd736f8	d__Bacteria; p__Actinobacteriota; c__Acidimicrobiia; o__Microtrichales; f__uncultured; g__uncultured	0.9351666259191798
4d7d9f968de0d5bf002f0aa68a5ef3e5	d__Bacteria; p__Acidobacteriota; c__Subgroup_25; o__Subgroup_25; f__Subgroup_25; g__Subgroup_25; s__uncultured_Acidobacteria	0.9376009634927855
4d7dd69a93e88854f2dc31f1a5569541	d__Bacteria; p__Gemmatimonadota; c__Gemmatimonadetes; o__Gemmatimonadales; f__Gemmatimonadaceae; g__uncultured; s__uncultured_Gemmatimonas	0.9065785361711305
4d9c89e5d1e6001c80213a8343eb3ac2	d__Bacteria; p__Firmicutes; c__Bacilli; o__Lactobacillales; f__Streptococcaceae; g__Streptococcus; s__Streptococcus_sanguinis	0.7650174290729401
4da5085a6937553e7cd8c4edbe36390e	d__Bacteria; p__Acidobacteriota; c__Vicinamibacteria; o__Vicinamibacterales; f__Vicinamibacteraceae; g__Vicinamibacteraceae	0.999990541302802
4dc4e46c49ffc4d48548ebec92310a52	d__Bacteria; p__Proteobacteria; c__Gammaproteobacteria; o__Xanthomonadales; f__Xanthomonadaceae; g__Thermomonas	0.9954207819125687
4dd5900efaa4a99438421ad62c6bffe3	d__Bacteria; p__Entotheonellaeota; c__Entotheonellia; o__Entotheonellales; f__Entotheonellaceae; g__Candidatus_Entotheonella	0.9999999995581252
4dddd44af202ecd56182a43d6b691331	d__Bacteria; p__Verrucomicrobiota; c__Verrucomicrobiae; o__Pedosphaerales; f__Pedosphaeraceae; g__Pedosphaeraceae	0.9999979135845714
4de0f636c207f238ee95fe798343b7a7	d__Bacteria; p__Proteobacteria; c__Gammaproteobacteria; o__Pseudomonadales; f__Moraxellaceae; g__Acinetobacter; s__Acinetobacter_schindleri	0.8228729387481618
4df790bcf8400df995efd2dcf5f61850	d__Bacteria; p__Planctomycetota; c__Planctomycetes; o__Gemmatales; f__Gemmataceae; g__Fimbriiglobus	0.855071635014283
4e2cf279400f4c57de06b4fe8907f101	d__Bacteria; p__Bacteroidota; c__Bacteroidia; o__Sphingobacteriales; f__Sphingobacteriaceae; g__Pedobacter	0.9990473411597771
4e3e4456d494e31fcd5e25c21dde39ac	d__Bacteria; p__Acidobacteriota; c__Vicinamibacteria; o__Vicinamibacterales; f__uncultured; g__uncultured	0.8096505876641239
4e6dcaa908f0cea6ad88d5b684d55d39	d__Bacteria; p__Acidobacteriota; c__Subgroup_11; o__Subgroup_11; f__Subgroup_11; g__Subgroup_11; s__uncultured_bacterium	0.9761864284179103
4e7d22d793d30bdedbd32a5b73b564b8	d__Bacteria; p__Methylomirabilota; c__Methylomirabilia; o__Rokubacteriales; f__Rokubacteriales; g__Rokubacteriales; s__uncultured_Candidatus	0.8272494637019829
4e8e50ba1cefa0a2f3c072e9f3e06566	d__Bacteria; p__Cyanobacteria; c__Cyanobacteriia; o__Chloroplast; f__Chloroplast; g__Chloroplast	0.999933881536915
4e9df68ff74e9f8f5bb516dc986b4c39	d__Bacteria; p__Latescibacterota; c__Latescibacterota; o__Latescibacterota; f__Latescibacterota; g__Latescibacterota; s__metagenome	0.8829435937217888
4eb67783b9c22a31ebe5d031f5d38777	d__Bacteria; p__Proteobacteria; c__Gammaproteobacteria; o__Pseudomonadales; f__Pseudomonadaceae; g__Pseudomonas	0.8470191548081512
4ec437f11c74bd1f9ff423fb958b69f1	d__Bacteria; p__Proteobacteria; c__Alphaproteobacteria; o__Sphingomonadales; f__Sphingomonadaceae; g__Sphingomonas	0.8702387688149227
4ed203b7c426b5608fbcf9404a034776	d__Bacteria; p__Firmicutes; c__Clostridia	0.9989925710080928
4ed25a7de4a066893401135ebac2e34f	d__Bacteria; p__Firmicutes; c__Bacilli; o__Bacillales; f__Bacillaceae; g__Bacillus; s__Bacillus_pseudofirmus	0.8257913382932258
4ed3218615bbc1ed4da82d9806e4786b	d__Bacteria; p__Chloroflexi; c__OLB14; o__OLB14; f__OLB14; g__OLB14	0.9955134413357472
4eda6a45181a388cffa44eb558eea50c	d__Bacteria; p__Actinobacteriota; c__Acidimicrobiia; o__Microtrichales; f__Ilumatobacteraceae; g__CL500-29_marine_group	0.9989170340199345
4ee10294799bcfeab0c8ee567d5d9608	d__Bacteria; p__Bacteroidota; c__Bacteroidia; o__Sphingobacteriales; f__Sphingobacteriaceae	0.9999150874294573
4ee4664669ffce99e1a8b88466aeb0f6	d__Bacteria; p__Proteobacteria; c__Gammaproteobacteria; o__Xanthomonadales; f__Rhodanobacteraceae; g__Ahniella; s__uncultured_bacterium	0.9856138111235175
4ef628fb3e45f52000a0680b1e0318bf	d__Bacteria; p__Actinobacteriota; c__Thermoleophilia; o__Solirubrobacterales; f__Solirubrobacteraceae	0.9986718935015924
4ef9f7d62d1d32efd1f098ca6fd5aa9f	d__Bacteria; p__Planctomycetota; c__Pla4_lineage; o__Pla4_lineage; f__Pla4_lineage; g__Pla4_lineage; s__uncultured_planctomycete	0.7865905244098894
4efb8dc93482a4bba1886233d33f47a2	d__Bacteria; p__Proteobacteria; c__Gammaproteobacteria; o__Pseudomonadales; f__Moraxellaceae; g__Acinetobacter; s__Acinetobacter_schindleri	0.8745197466230237
4f12edbdc6d83abeba7bb9fa532b0414	d__Bacteria; p__Bacteroidota; c__Bacteroidia; o__Cytophagales; f__Microscillaceae; g__Ohtaekwangia; s__uncultured_bacterium	0.8489120944510822
4f47289cf872816767cd0169b17d4b3a	d__Bacteria; p__Proteobacteria; c__Gammaproteobacteria; o__Alteromonadales; f__Alteromonadaceae; g__Rheinheimera	0.99907307246523
4f5ae89fa3b95839957c2d559159effc	d__Bacteria; p__Proteobacteria; c__Alphaproteobacteria; o__Rhizobiales; f__Xanthobacteraceae; g__uncultured	0.828550266220101
4f68eccb2120ebb76fdac5053b073164	d__Bacteria; p__Patescibacteria; c__Saccharimonadia; o__Saccharimonadales	0.9999999895968248
4f69eab90cb181d6090904c81f9d8960	d__Bacteria; p__Acidobacteriota; c__Holophagae; o__Subgroup_7; f__Subgroup_7; g__Subgroup_7	0.9999999760381071
4f70e53910a33ab2cd412a42b112795b	d__Bacteria; p__Proteobacteria; c__Gammaproteobacteria; o__Cellvibrionales; f__Spongiibacteraceae; g__Litorivivens	0.709893085925343
4f8e54c565920aef1606d0dec76789e2	d__Bacteria; p__Proteobacteria; c__Gammaproteobacteria; o__Burkholderiales; f__Nitrosomonadaceae; g__IS-44	0.9980202752122654
4f9eb0cb28562c8123301b67b1ba1a9a	d__Bacteria; p__Bacteroidota; c__Bacteroidia; o__Chitinophagales; f__Chitinophagaceae; g__Terrimonas	0.9620720856677427
4fa18ae60c22b3b17f8d024be0dfd696	d__Bacteria; p__Myxococcota; c__Polyangia; o__Haliangiales; f__Haliangiaceae; g__Haliangium	0.9621120203867244
4fa54ad39174a904bca6a18552003c89	d__Bacteria; p__Gemmatimonadota; c__Longimicrobia; o__Longimicrobiales; f__Longimicrobiaceae; g__Longimicrobiaceae; s__uncultured_bacterium	0.8070168894263692
4fa5e6c85a1f0bd7183f281ac7f985f6	d__Bacteria; p__Firmicutes; c__Clostridia; o__Peptostreptococcales-Tissierellales	0.999409954412287
4fa750c61f0ec3404b61462670cb5a06	d__Bacteria; p__Firmicutes; c__Negativicutes; o__Veillonellales-Selenomonadales; f__Veillonellaceae; g__Veillonella; s__Veillonella_parvula	0.7127205366316364
4faa9df9643e999a336deb477f52812e	d__Bacteria; p__Chloroflexi; c__Anaerolineae; o__Caldilineales; f__Caldilineaceae; g__Litorilinea; s__uncultured_bacterium	0.9997049401834417
4fadf31da7d55ce71446c905ef02eb3a	d__Bacteria; p__Firmicutes; c__Bacilli; o__Bacillales; f__Planococcaceae; g__Domibacillus	0.9956678212525144
4faeb95a45b3b9406e80076b1fa940e6	d__Bacteria; p__Actinobacteriota; c__Acidimicrobiia; o__Microtrichales; f__uncultured; g__uncultured; s__metagenome	0.7327376637437626
4fb07ccd34b5f2f0b6f2f78ee9ff7f61	d__Bacteria; p__Bacteroidota; c__Bacteroidia; o__Sphingobacteriales; f__Sphingobacteriaceae; g__Mucilaginibacter	0.9897715109671932
4fb39f341fd3613a13afc658b74f023e	d__Bacteria; p__Actinobacteriota; c__MB-A2-108; o__MB-A2-108; f__MB-A2-108; g__MB-A2-108; s__uncultured_actinobacterium	0.9928975391352821
4fc699ef6d7181074dca71e0484dc1b7	d__Bacteria; p__Proteobacteria; c__Gammaproteobacteria; o__Gammaproteobacteria_Incertae_Sedis; f__Unknown_Family; g__Acidibacter	0.7699505956387317
4fca379fc84391e07478513520970b88	d__Bacteria; p__Chloroflexi; c__KD4-96; o__KD4-96; f__KD4-96; g__KD4-96	0.9999998257781451
4fd25f6d88a207fe685856f638174d45	d__Bacteria; p__Chloroflexi; c__Anaerolineae; o__Caldilineales; f__Caldilineaceae; g__uncultured; s__metagenome	0.7819915190581735
4fd76b1983231abd01d3992ea8659e2d	d__Bacteria; p__Firmicutes; c__Bacilli; o__Bacillales; f__Bacillaceae; g__Bacillus; s__Bacillus_clausii	0.96229446170823
4fd8f7540e7f02f69c3cc76eafcf62dc	d__Bacteria; p__Proteobacteria; c__Gammaproteobacteria; o__Steroidobacterales; f__Steroidobacteraceae; g__Steroidobacter	0.9738296993349523
4fdb9a5f7fb8c1d0bc5c5d6004831868	d__Bacteria; p__Actinobacteriota; c__Thermoleophilia; o__uncultured; f__uncultured; g__uncultured; s__uncultured_bacterium	0.9998250544115316
500bfd958c9ea4dbf8f804e92d4aaf5f	d__Bacteria; p__Acidobacteriota; c__Holophagae; o__Subgroup_7; f__Subgroup_7; g__Subgroup_7	0.9999999551454126
501b7c98697154e9f92eacffd78e24e9	d__Bacteria; p__Patescibacteria; c__Saccharimonadia; o__Saccharimonadales; f__Saccharimonadales; g__Saccharimonadales; s__unidentified	0.7339873345555766
503d123a6c78c6fb280a6472bd61b51e	d__Bacteria; p__Sumerlaeota; c__Sumerlaeia; o__Sumerlaeales; f__Sumerlaeaceae; g__Sumerlaea; s__uncultured_bacterium	0.837623110439995
504a0d9077280492db854cd7bf06c049	d__Bacteria; p__Proteobacteria; c__Gammaproteobacteria; o__Burkholderiales; f__Sutterellaceae; g__uncultured; s__uncultured_bacterium	0.7491003062560933
505fb9e6cbe03996da2a7b41ebeb6320	d__Bacteria; p__Firmicutes; c__Bacilli; o__Paenibacillales; f__Paenibacillaceae; g__Paenibacillus	0.9997368061247408
50692e847834375e03030956b1eff368	d__Bacteria; p__Bacteroidota; c__Bacteroidia; o__Sphingobacteriales; f__Sphingobacteriaceae; g__Pedobacter	0.9968053153959903
5079ae7dd856c6e9856e63e740bb3383	d__Bacteria; p__Chloroflexi; c__Anaerolineae; o__Ardenticatenales; f__Ardenticatenaceae; g__uncultured; s__uncultured_bacterium	0.9701471646476802
50819427c7c24fcf0e660f8dc1947083	d__Bacteria; p__Patescibacteria; c__Saccharimonadia; o__Saccharimonadales; f__LWQ8; g__LWQ8; s__uncultured_bacterium	0.76186086045884
50a2f2ee582f5f4fccbb62cd0c81702d	d__Bacteria; p__Acidobacteriota; c__Acidobacteriae; o__PAUC26f; f__PAUC26f; g__PAUC26f; s__uncultured_bacterium	0.9995973075676404
50c1ec741793debd5ad75f6e051fd793	d__Bacteria; p__Firmicutes; c__Bacilli; o__Paenibacillales; f__Paenibacillaceae; g__Paenibacillus	0.9930341163526034
50c8c4cf09e9c1d25b39bf08fb811154	d__Bacteria; p__Acidobacteriota; c__Vicinamibacteria; o__Vicinamibacterales; f__uncultured; g__uncultured; s__uncultured_bacterium	0.7362115310781738
50d10ed4e85b2a489935a85f38671f68	d__Bacteria; p__Gemmatimonadota; c__Gemmatimonadetes; o__Gemmatimonadales; f__Gemmatimonadaceae; g__uncultured	0.9994910514329276
50d4ff1671d9f5f71b7995f8a29b588f	d__Bacteria; p__Actinobacteriota; c__Actinobacteria; o__Pseudonocardiales; f__Pseudonocardiaceae; g__Saccharothrix	0.9730832257485402
50e503a33ce21cf8b204ca415e15c103	d__Bacteria; p__Planctomycetota; c__Planctomycetes; o__Pirellulales; f__Pirellulaceae; g__uncultured; s__uncultured_sludge	0.9995594294950017
50f87bfb0acea8aaf066cacb40efac38	d__Bacteria; p__Firmicutes; c__Bacilli; o__Paenibacillales; f__Paenibacillaceae; g__Paenibacillus; s__Paenibacillus_alginolyticus	0.7205784212914262
50f937352adc5e69c7f7138b65770c7a	d__Bacteria; p__Latescibacterota; c__Latescibacterota; o__Latescibacterota; f__Latescibacterota; g__Latescibacterota; s__uncultured_soil	0.947941439865117
51034dd77c82a52456680313da3e351d	d__Bacteria; p__Patescibacteria; c__Parcubacteria; o__Candidatus_Azambacteria; f__Candidatus_Azambacteria; g__Candidatus_Azambacteria; s__Parcubacteria_bacterium	0.7945418118346291
5104824fd88874bfdcd3b816c557ab10	d__Bacteria; p__Proteobacteria; c__Gammaproteobacteria; o__Burkholderiales; f__Rhodocyclaceae	0.9986167170343615
51063c21e11af491cc647a7ea78cdd63	d__Bacteria; p__Proteobacteria; c__Gammaproteobacteria; o__Burkholderiales; f__TRA3-20; g__TRA3-20; s__metagenome	0.7890852327879345
510c574ad7404911f96a41d9716f9a00	d__Bacteria; p__Acidobacteriota; c__Vicinamibacteria; o__Vicinamibacterales; f__uncultured; g__uncultured	0.9999887060283822
5140e3cd0cd01e8f7f1a34194fbea8a3	d__Bacteria; p__Desulfobacterota; c__uncultured; o__uncultured; f__uncultured; g__uncultured	0.7596518504833889
51487387b96aebae324e353d43ab4e93	d__Bacteria; p__Verrucomicrobiota; c__Verrucomicrobiae; o__Pedosphaerales; f__Pedosphaeraceae; g__ADurb.Bin063-1	0.9625849271928002
51514310197d91e140c3fddde6c2c453	d__Bacteria; p__Verrucomicrobiota; c__Verrucomicrobiae; o__Methylacidiphilales; f__Methylacidiphilaceae; g__uncultured	0.99987305603618
5162293bf2bddc42efda94961c6d93e1	d__Bacteria; p__Actinobacteriota; c__Acidimicrobiia; o__IMCC26256; f__IMCC26256; g__IMCC26256; s__uncultured_actinobacterium	0.8256767532553213
516681b73a186e59bdfcd859d7da6c23	d__Bacteria; p__Acidobacteriota; c__Vicinamibacteria; o__Vicinamibacterales; f__Vicinamibacteraceae; g__Vicinamibacteraceae	0.9999288736645725
5166dd3fabb7805b5c06cb0ca08fd51a	d__Bacteria; p__Proteobacteria; c__Alphaproteobacteria; o__Rhizobiales; f__Rhodomicrobiaceae; g__Rhodomicrobium; s__uncultured_bacterium	0.748623583558653
5168829e1e41db2c21e872bd46adbe6f	d__Bacteria; p__Proteobacteria; c__Gammaproteobacteria; o__Pseudomonadales; f__Pseudomonadaceae; g__Pseudomonas	0.9917821349314089
5174828ba734e6c1af03d1ba6fdb36de	d__Bacteria; p__Actinobacteriota; c__Actinobacteria; o__Frankiales; f__Sporichthyaceae; g__Sporichthya; s__Sporichthya_polymorpha	0.7224267622954068
517d7060f85bfd849e547f5a989862c5	d__Bacteria; p__Bdellovibrionota; c__Oligoflexia; o__0319-6G20; f__0319-6G20; g__0319-6G20	0.9999788822425069
5186c4cd15d4a9bd0ded6ed43c909173	d__Bacteria; p__Myxococcota; c__Polyangia; o__Haliangiales; f__Haliangiaceae; g__Haliangium; s__uncultured_Myxococcales	0.9898483202919218
519dbb3f18012f5a987aee5984411858	d__Bacteria; p__Planctomycetota; c__Phycisphaerae; o__Tepidisphaerales; f__WD2101_soil_group; g__WD2101_soil_group; s__uncultured_bacterium	0.8402284317375649
51a2ef61137ddef8e68a52fcbef2274d	d__Bacteria; p__Chloroflexi; c__Chloroflexia; o__Thermomicrobiales; f__JG30-KF-CM45; g__JG30-KF-CM45; s__uncultured_bacterium	0.7828615744691707
51b7bf1543625913b9ed44fb74d439e6	d__Bacteria; p__Proteobacteria; c__Alphaproteobacteria; o__Rhizobiales; f__Xanthobacteraceae; g__Xanthobacter	0.8556678822152486
51ba6d2283b068ee8e30dbfb7e6121cd	d__Bacteria; p__Desulfobacterota; c__Desulfuromonadia; o__Geobacterales; f__Geobacteraceae; g__Citrifermentans	0.9977348849164908
51bc92c744157cbbb83096c8d76ca2c8	d__Bacteria; p__Proteobacteria; c__Gammaproteobacteria; o__Steroidobacterales; f__Steroidobacteraceae; g__uncultured	0.9999006371088277
51c156e80b49d6b5b28c19e38cd682ee	d__Bacteria; p__Acidobacteriota; c__Vicinamibacteria; o__Vicinamibacterales; f__Vicinamibacteraceae; g__Vicinamibacteraceae	0.9988040300464414
51c4daf23211faecb80e6c0cd27919d0	d__Bacteria; p__Chloroflexi; c__Chloroflexia; o__Thermomicrobiales; f__JG30-KF-CM45; g__JG30-KF-CM45; s__uncultured_bacterium	0.852346205091627
51cdb2f239cb819851014b9f300ba2fd	d__Bacteria; p__Planctomycetota; c__Planctomycetes; o__Planctomycetales; f__uncultured; g__uncultured; s__uncultured_Planctomycetales	0.7441507108707068
51e1089f4d0ccdd9af53bd29fe55155e	d__Bacteria; p__Firmicutes; c__Bacilli; o__Haloplasmatales; f__Haloplasmataceae; g__Haloplasma	0.9998780813150465
51e98451d7e3f46127481ec5490f1c91	d__Bacteria; p__Bacteroidota; c__Bacteroidia; o__Chitinophagales; f__Chitinophagaceae; g__Chitinophaga; s__Chitinophaga_sp.	0.8316520671539931
51ec5cd58f6bd20a2d224ebef7bf7b8b	d__Bacteria; p__Actinobacteriota; c__Acidimicrobiia; o__Microtrichales; f__uncultured; g__uncultured; s__metagenome	0.7351688595931017
51f769055c62ff3f60dc32752ff1cc14	d__Bacteria; p__Acidobacteriota; c__Vicinamibacteria; o__Vicinamibacterales; f__uncultured; g__uncultured	0.9995360940185178
51fcb419a2c0266b24d201d78c46919e	d__Bacteria; p__Proteobacteria; c__Gammaproteobacteria; o__Burkholderiales; f__Nitrosomonadaceae; g__MND1	0.9988533239003023
52034e0da6d5e7962369437956984e18	d__Bacteria; p__Bdellovibrionota; c__Oligoflexia; o__Oligoflexales; f__uncultured; g__uncultured; s__uncultured_bacterium	0.8086966093115413
5206198be637ae97442f6b00fefcf142	d__Bacteria; p__Planctomycetota; c__Planctomycetes; o__Pirellulales; f__Pirellulaceae; g__Pirellula	0.7700814572961759
520bdb365c595668f25072f80657b2d5	d__Bacteria; p__Proteobacteria; c__Gammaproteobacteria; o__Cellvibrionales; f__Cellvibrionaceae; g__Cellvibrio; s__uncultured_gamma	0.7698671114845936
520d7ec03a315f3021c16d2de1537db5	d__Bacteria; p__Myxococcota; c__Polyangia; o__Polyangiales; f__Polyangiaceae; g__Polyangium; s__uncultured_bacterium	0.9713673948524479
5218274c354d41965abbf4b0751d6f3a	d__Bacteria	0.999999999760302
521b482d2005a633012cb8cea9209de0	d__Bacteria; p__Firmicutes; c__Clostridia; o__Clostridiales; f__Caloramatoraceae; g__Fonticella	0.745636441568009
521bc1d20ed0567f5d749c6d2a7cd878	d__Bacteria; p__Bacteroidota; c__Bacteroidia; o__Chitinophagales; f__Saprospiraceae; g__uncultured	0.994107144466681
52212f822d8ea2292998d0d6a74c6847	d__Bacteria; p__Planctomycetota; c__Planctomycetes; o__Pirellulales; f__Pirellulaceae; g__uncultured; s__uncultured_bacterium	0.7590537486054523
5221318b5e44cb0446136d0b506af6ae	d__Bacteria; p__Firmicutes; c__Bacilli; o__Haloplasmatales; f__Haloplasmataceae; g__Haloplasma	0.9998137235268284
522d20c27cf4237b60f36ffdca056c19	d__Bacteria; p__Chloroflexi; c__Anaerolineae; o__Anaerolineales; f__Anaerolineaceae; g__Anaerolinea; s__uncultured_Chloroflexi	0.883369961688627
522d40fed60b94f071891a03f5b1e76c	d__Bacteria; p__Firmicutes; c__Bacilli; o__Bacillales; f__Bacillaceae; g__Bacillus	0.9874716886821
5232bb8917b219e76d42de327a10c136	d__Bacteria; p__Acidobacteriota; c__Blastocatellia; o__Pyrinomonadales; f__Pyrinomonadaceae; g__RB41	0.9969097150705455
523d9177c2c84172256882d02df8c719	d__Bacteria; p__Bacteroidota; c__Bacteroidia; o__Sphingobacteriales; f__AKYH767; g__AKYH767; s__uncultured_bacterium	0.9294968681144663
523e6b60340f4a215877b1c336822e50	d__Bacteria; p__Bacteroidota; c__Bacteroidia; o__Cytophagales; f__Microscillaceae	0.9999999187366573
523f054f69655f64371563233e65dd4b	d__Bacteria	0.999999999999968
524081f9f80dccfd4aa1a5126e5d7bdf	d__Bacteria; p__Verrucomicrobiota; c__Verrucomicrobiae; o__Pedosphaerales; f__Pedosphaeraceae; g__Pedosphaeraceae; s__uncultured_soil	0.7481171782886992
5240cc616e793c845da0a527a1049bd3	d__Bacteria; p__Planctomycetota; c__Planctomycetes; o__Planctomycetales; f__uncultured; g__uncultured; s__metagenome	0.9992148622367499
5243ff0000950a2c6e01acefb8184a2b	d__Bacteria; p__Verrucomicrobiota; c__Verrucomicrobiae; o__Chthoniobacterales	0.9998377409318636
525a14754b60b3acc7aadf3bc2332b48	d__Bacteria; p__Actinobacteriota; c__Acidimicrobiia; o__uncultured; f__uncultured; g__uncultured; s__metagenome	0.8968334338742652
525f61c9388e9e668d25336c62a21305	d__Bacteria; p__Planctomycetota; c__Planctomycetes; o__Gemmatales; f__Gemmataceae; g__uncultured	0.9982870668601018
528d9322dc6a7b46adbf37bff10139d0	d__Bacteria; p__Chloroflexi; c__KD4-96; o__KD4-96; f__KD4-96; g__KD4-96; s__metagenome	0.9177138303537759
529415ed5bbc6cdba38c4addb78fbe1d	d__Bacteria; p__Acidobacteriota; c__Vicinamibacteria; o__Vicinamibacterales; f__Vicinamibacteraceae; g__Vicinamibacteraceae	0.9947539549406895
52b864e3f90e6fedc8916998500b5606	d__Bacteria; p__Firmicutes; c__Bacilli; o__Bacillales; f__Planococcaceae; g__Lysinibacillus	0.999601365008543
52c3c31240f2001ef84f089058cfdc1b	d__Bacteria; p__Acidobacteriota; c__Vicinamibacteria; o__Vicinamibacterales; f__Vicinamibacteraceae; g__Vicinamibacteraceae	0.956761060353454
52ccde4d3c835d0d95d1c4d7b330a93a	d__Bacteria; p__Patescibacteria; c__Saccharimonadia; o__Saccharimonadales; f__LWQ8; g__LWQ8	0.9288632178426255
52d57ef65f9e13d89d523330a0471877	d__Bacteria; p__Acidobacteriota; c__Holophagae; o__Subgroup_7; f__Subgroup_7; g__Subgroup_7	0.9999997009852521
52f9feaeaf1a0dbc0034dfb6157916d7	d__Bacteria; p__Planctomycetota; c__Planctomycetes; o__Gemmatales; f__Gemmataceae	0.9999985579168538
530ae0fca8b775bee0c98f4bead02d0c	d__Bacteria; p__Verrucomicrobiota; c__Verrucomicrobiae; o__Verrucomicrobiales; f__Verrucomicrobiaceae; g__Roseimicrobium; s__Roseimicrobium_gellanilyticum	0.9039496573736241
530d03953dc88622cfe774344afdef0f	d__Bacteria; p__Chloroflexi; c__Anaerolineae; o__Anaerolineales; f__Anaerolineaceae; g__uncultured	0.9764793427774305
53157acd1642f973842d01e1cd287421	d__Bacteria; p__Proteobacteria; c__Gammaproteobacteria; o__Burkholderiales; f__Nitrosomonadaceae	0.8472324333388619
531ed6e37a3410c431ab012282d9f3eb	d__Bacteria; p__Myxococcota; c__Polyangia; o__Polyangiales; f__Sandaracinaceae; g__uncultured	0.9999676402425974
531efdc4c2102566dbec467775e4da8f	d__Bacteria; p__Proteobacteria; c__Alphaproteobacteria; o__Rhizobiales; f__Rhizobiaceae	0.8865911910388116
53327668f68a43184ca995f17af2da46	d__Bacteria; p__Proteobacteria; c__Gammaproteobacteria; o__Burkholderiales; f__Nitrosomonadaceae; g__Ellin6067; s__uncultured_bacterium	0.7971161447989465
534b9d957af13ce59b65658bc4e6fb90	d__Bacteria; p__Fusobacteriota; c__Fusobacteriia; o__Fusobacteriales; f__Fusobacteriaceae; g__Fusobacterium	0.9999997739018666
5356091aca06a9e2cdeb5bad420a56a3	d__Bacteria; p__Planctomycetota; c__Planctomycetes; o__Gemmatales; f__Gemmataceae; g__uncultured; s__uncultured_bacterium	0.8942497533459614
5357af3887cedf2c9915776f684027c5	d__Bacteria; p__Planctomycetota; c__Planctomycetes; o__Pirellulales; f__Pirellulaceae; g__Pirellula	0.9993150243748192
536657ad197eb47d0668adc84c62934f	d__Bacteria; p__Chloroflexi; c__JG30-KF-CM66; o__JG30-KF-CM66; f__JG30-KF-CM66; g__JG30-KF-CM66	0.9997290267284876
53a4cd0dcec001f17cc4a32c21a0bb1a	d__Bacteria; p__Chloroflexi; c__Anaerolineae; o__Caldilineales; f__Caldilineaceae; g__uncultured	0.999192609259521
53af12cd46886105a591062effbbbbcc	d__Bacteria; p__Myxococcota; c__Myxococcia; o__Myxococcales; f__Myxococcaceae	0.9999946020006353
53cb9ed7955aa5f93b15a564153094bf	d__Bacteria; p__Proteobacteria; c__Alphaproteobacteria; o__Rhodospirillales; f__uncultured; g__uncultured	0.9991967671724531
53d84e95321f0588320d4e96495bdfff	d__Bacteria; p__Proteobacteria; c__Gammaproteobacteria; o__Burkholderiales; f__Burkholderiaceae; g__Ralstonia	0.999933720867024
53dd05492b673357393d05da4f2eac00	d__Bacteria; p__Actinobacteriota; c__Thermoleophilia; o__Gaiellales; f__uncultured; g__uncultured	0.9991223809296147
53e8567c97dda3e3ec6c2bd044191ccd	d__Bacteria; p__Acidobacteriota; c__Subgroup_20; o__Subgroup_20; f__Subgroup_20; g__Subgroup_20; s__uncultured_bacterium	0.9999999990375557
53f5a0a3e7dfe950690240d51479b477	d__Bacteria; p__Firmicutes; c__Bacilli; o__Bacillales; f__Planococcaceae; g__Planococcus	0.9427704360912949
53fad3d8c52f4b5a023ff92aee9c0f1a	d__Bacteria; p__Bacteroidota; c__Bacteroidia; o__Chitinophagales; f__Chitinophagaceae	0.9999999553802154
53ffe3fd0e9a3a944d019967677741a9	d__Bacteria; p__Proteobacteria; c__Gammaproteobacteria; o__Steroidobacterales; f__Steroidobacteraceae; g__Steroidobacter	0.8929613051729741
5403445694339e2ae5ecac06d9f3ff47	d__Bacteria; p__Myxococcota; c__Myxococcia; o__Myxococcales; f__Anaeromyxobacteraceae; g__Anaeromyxobacter	0.9986923082338083
540ec9da884a713d41b1798eb1e66f5a	d__Bacteria; p__Actinobacteriota; c__Actinobacteria; o__Propionibacteriales; f__Nocardioidaceae; g__Nocardioides	0.9421351628399824
5414661cc6cdcd9fa8e124349c54124a	d__Bacteria; p__Gemmatimonadota; c__Gemmatimonadetes; o__Gemmatimonadales; f__Gemmatimonadaceae; g__Gemmatimonas	0.9785984570166344
54187aa4660f46b9bd7ff8bc74dd6ba8	d__Bacteria; p__Planctomycetota; c__Phycisphaerae; o__Tepidisphaerales; f__WD2101_soil_group; g__WD2101_soil_group	0.9999925273927516
54280bf44ceff2f96dab6b132a1bd0b0	d__Bacteria; p__Firmicutes; c__Bacilli; o__Bacillales	0.9745048542673772
5437b3271340a6378e1cd25740f39b22	d__Bacteria; p__Proteobacteria; c__Gammaproteobacteria; o__Burkholderiales; f__Comamonadaceae; g__Ramlibacter	0.791285146896456
543ab4c92af16c3763ba0578bdc91ee0	d__Bacteria; p__Proteobacteria; c__Gammaproteobacteria; o__Burkholderiales; f__SC-I-84; g__SC-I-84	0.9951137456103055
543c8de485d063651fd19f344782411a	d__Bacteria; p__Bacteroidota; c__Bacteroidia; o__Cytophagales; f__Microscillaceae; g__uncultured	0.8819521836031448
5443ff5e7f1c6bd5b1c2de43b7534e6d	d__Bacteria; p__Chloroflexi; c__Anaerolineae; o__Anaerolineales; f__Anaerolineaceae; g__Anaerolinea; s__uncultured_Chloroflexi	0.9613236533844153
544d93c8d2f58aff20ad872abdd12553	d__Bacteria; p__Actinobacteriota; c__Acidimicrobiia; o__IMCC26256; f__IMCC26256; g__IMCC26256	0.8785158058429059
5459b4e05a3f1e8567dd3572e55cf84a	d__Bacteria; p__Planctomycetota; c__Planctomycetes; o__Gemmatales; f__Gemmataceae; g__Gemmata	0.8216952204933234
545c1c987427f1d2802e88c0403c3b55	d__Bacteria; p__Gemmatimonadota; c__Longimicrobia; o__Longimicrobiales; f__Longimicrobiaceae; g__Longimicrobiaceae; s__metagenome	0.9825293776483303
546104795079246a9e9bcfb80dc30689	d__Bacteria; p__Cyanobacteria; c__Cyanobacteriia; o__Chloroplast; f__Chloroplast; g__Chloroplast	0.9999998737050878
5468a3dafc91708f487db6c9429c0697	d__Bacteria; p__Gemmatimonadota; c__Gemmatimonadetes; o__Gemmatimonadales; f__Gemmatimonadaceae; g__Gemmatimonas	0.9998663018228927
5473ed4dad31e747afb557c474cd40ab	d__Bacteria; p__Armatimonadota; c__Fimbriimonadia; o__Fimbriimonadales; f__Fimbriimonadaceae; g__Fimbriimonadaceae	0.9702822161393405
547f473653a510b90f5f49809bce9af7	d__Bacteria; p__Bacteroidota; c__Bacteroidia; o__Flavobacteriales; f__Flavobacteriaceae; g__Flavobacterium	0.9995840006193543
548b17736f88c7422b2fadf9f667ce5f	d__Bacteria; p__Patescibacteria; c__Saccharimonadia; o__Saccharimonadales; f__S32; g__TM7; s__uncultured_bacterium	0.939843029897399
549a96d239415d367535bbb123fb8795	d__Bacteria; p__Firmicutes; c__Bacilli; o__Bacillales; f__Bacillaceae; g__Ureibacillus	0.9999903287920255
54a68e6ad694655e24688582a6546fb4	d__Bacteria; p__Cyanobacteria; c__Cyanobacteriia; o__Chloroplast; f__Chloroplast; g__Chloroplast; s__Chloroplast_expression	0.9172938686401632
54c5266b67e2063023dd581217382af1	d__Bacteria; p__Gemmatimonadota; c__Gemmatimonadetes; o__Gemmatimonadales; f__Gemmatimonadaceae; g__Gemmatimonas; s__uncultured_bacterium	0.8479242634001265
54d962fe463e0b6330a7eb77200266a2	d__Bacteria; p__Proteobacteria; c__Gammaproteobacteria; o__Enterobacterales; f__Enterobacteriaceae	0.9570550648579038
54e119f76f9975db7621e56ad02fa332	d__Bacteria; p__Proteobacteria; c__Gammaproteobacteria; o__Burkholderiales; f__SC-I-84; g__SC-I-84	0.9985891063158833
54eaf6571de743a86ccb531bee8aad7e	d__Bacteria; p__WS2; c__WS2; o__WS2; f__WS2; g__WS2; s__uncultured_soil	0.9917717172338185
54eb210504618b95567a344d3edddbee	d__Bacteria; p__Proteobacteria; c__Gammaproteobacteria; o__Cellvibrionales; f__Cellvibrionaceae; g__Cellvibrio	0.9999724525891296
5512ab49c12fbec43c81d6ffd5d71f50	d__Bacteria; p__Proteobacteria; c__Gammaproteobacteria; o__Burkholderiales; f__Nitrosomonadaceae; g__MND1; s__uncultured_bacterium	0.7192382521682509
5512bc7e663220f008c7efd9905faa0b	d__Bacteria; p__Acidobacteriota; c__Vicinamibacteria; o__Vicinamibacterales; f__uncultured; g__uncultured	0.9999998163283003
55187c50f1f562049d9c7fda9e8ceeba	d__Bacteria; p__Firmicutes; c__Bacilli; o__Bacillales; f__Planococcaceae; g__Lysinibacillus	0.9995658260318119
5523870e7a0decceda0d3bec2c5d164c	d__Bacteria; p__Acidobacteriota; c__Thermoanaerobaculia; o__Thermoanaerobaculales; f__Thermoanaerobaculaceae; g__Subgroup_10	0.9998261419886423
5526624b473bb1f0541dc6fb95c98678	d__Bacteria; p__Acidobacteriota; c__Subgroup_25; o__Subgroup_25; f__Subgroup_25; g__Subgroup_25	0.9999999543813237
5526b98a01b648b4a903e8e8f87400f9	d__Bacteria; p__Planctomycetota; c__Planctomycetes; o__Gemmatales; f__Gemmataceae; g__Gemmata; s__uncultured_bacterium	0.8621725123467796
552f1fc8fe557295e90097654a1c58da	d__Bacteria; p__Acidobacteriota; c__Blastocatellia; o__DS-100; f__DS-100; g__DS-100	0.9999887585566548
55310b3aac4868c4e33b0a9492d7609a	d__Bacteria; p__Chloroflexi; c__Chloroflexia; o__Chloroflexales; f__Chloroflexaceae; g__Candidatus_Chloroploca	0.8011772948042337
5544139a16716cc6ef48b2c16c9613e9	d__Bacteria; p__Firmicutes; c__Clostridia; o__Lachnospirales; f__Lachnospiraceae; g__Lachnoclostridium; s__Lachnoclostridium_phytofermentans	0.8206233002400091
554e4fd950fd25ccc5dfa2f06cff34e4	d__Bacteria; p__Bacteroidota; c__Bacteroidia; o__Chitinophagales; f__uncultured; g__uncultured; s__metagenome	0.9755353572769471
55532128c406cf2ef78dba4b1f54e318	d__Bacteria; p__Actinobacteriota; c__Rubrobacteria; o__Rubrobacterales; f__Rubrobacteriaceae; g__Rubrobacter	0.9999998596548242
55543aa52f56d15ea54e5bce40dfcae4	d__Bacteria; p__Planctomycetota; c__Planctomycetes; o__Pirellulales; f__Pirellulaceae; g__uncultured; s__metagenome	0.9952490247878213
555c21fa7d85aa230e3f466ae26f939c	d__Bacteria; p__Cyanobacteria; c__Cyanobacteriia; o__Chloroplast; f__Chloroplast; g__Chloroplast	0.9999676897341335
555d537e411585adb33b940863b0f948	d__Bacteria; p__Proteobacteria; c__Alphaproteobacteria; o__Rhodobacterales; f__Rhodobacteraceae	0.9994805291369003
556022764a74bb1f489d6bced4746b20	d__Bacteria; p__Methylomirabilota; c__Methylomirabilia; o__Rokubacteriales; f__WX65; g__WX65; s__uncultured_bacterium	0.9990654489200943
556376b7ff477182eea659b827b53267	d__Bacteria	0.9999999887162283
556e23744a73fd06aa5beaeabf431941	d__Bacteria; p__Planctomycetota; c__Planctomycetes; o__Pirellulales; f__Pirellulaceae; g__Blastopirellula	0.9991098273541139
5580620976477e6a4ee6cbd963e26f1d	d__Bacteria; p__Actinobacteriota; c__Actinobacteria; o__Propionibacteriales; f__Nocardioidaceae; g__Nocardioides; s__Nocardioides_marinquilinus	0.8650529707556384
558bc88994019dce1497e9a8b1e65922	d__Bacteria; p__Proteobacteria; c__Gammaproteobacteria; o__Burkholderiales; f__TRA3-20; g__TRA3-20	0.9999519019034593
559e6e47f7c0748916a439dab85f9c98	d__Bacteria; p__Gemmatimonadota; c__Gemmatimonadetes; o__Gemmatimonadales; f__Gemmatimonadaceae; g__uncultured	0.9998470716453802
55a52f61d81908bf032904f8f87212c3	d__Bacteria; p__Acidobacteriota; c__Vicinamibacteria; o__Vicinamibacterales; f__uncultured; g__uncultured	0.9999993709488076
55ad70fff1f72c2150ed6c6b5ceaca07	d__Bacteria; p__Firmicutes; c__Clostridia; o__Peptostreptococcales-Tissierellales; f__Peptostreptococcales-Tissierellales; g__Soehngenia	0.8194132144349767
55b35330fae5efbda4547da3d62b90c1	d__Bacteria; p__Planctomycetota; c__Phycisphaerae; o__Tepidisphaerales; f__Tepidisphaerales; g__Tepidisphaerales	0.9999992167201367
55d47e78e87c12b05b940253d89c1509	d__Bacteria; p__WPS-2; c__WPS-2; o__WPS-2; f__WPS-2; g__WPS-2; s__metagenome	0.9770792451131208
55d6e4264cb6b2963457591636098575	d__Bacteria; p__Planctomycetota; c__Phycisphaerae; o__Tepidisphaerales; f__WD2101_soil_group; g__WD2101_soil_group	0.9999997300893069
55e1b8f5632b23bade824f8621bb3a13	d__Bacteria; p__Verrucomicrobiota; c__Verrucomicrobiae; o__Chthoniobacterales; f__Chthoniobacteraceae; g__Chthoniobacter; s__metagenome	0.9840063509821173
55ef8ae531cd6ca1ae30b867fe449092	d__Bacteria; p__Bdellovibrionota; c__Oligoflexia; o__Oligoflexales; f__uncultured; g__uncultured; s__uncultured_bacterium	0.9360128580787461
55f550bc3a0dfb3d3a496ec5526b4c16	d__Bacteria; p__Firmicutes; c__Negativicutes; o__Veillonellales-Selenomonadales; f__Sporomusaceae; g__Anaerospora; s__uncultured_bacterium	0.9995285319956855
55fe7ca7ffd1a2d03fd2a1ea451b3687	d__Bacteria; p__Firmicutes; c__Bacilli; o__Bacillales; f__Bacillaceae; g__Bacillus; s__Bacillus_mannanilyticus	0.7778088677513355
56025f74cc8e54d4a054442d786ef096	d__Bacteria; p__Actinobacteriota	0.9999997510756856
560ee17fa0324ebf96ddc5cf4d4987b8	d__Bacteria; p__Acidobacteriota; c__Vicinamibacteria; o__Vicinamibacterales; f__uncultured; g__uncultured; s__uncultured_Acidobacteriales	0.8509879508858968
562ef1cafeaf88dbb0a8b8091674ca42	d__Bacteria; p__Actinobacteriota; c__Thermoleophilia; o__Gaiellales	0.9999275397828635
563189146bb98f0671d815ccc3c70c96	d__Bacteria; p__Chloroflexi; c__Chloroflexia; o__Chloroflexales; f__Roseiflexaceae; g__uncultured; s__uncultured_bacterium	0.9843050297419133
5636538ede212b56b96db25198666dd9	d__Bacteria; p__Bacteroidota; c__Bacteroidia; o__Sphingobacteriales; f__FFCH9454; g__FFCH9454; s__uncultured_bacterium	0.9620450550492228
564f1047dc24ef29ecf20d914971d61a	d__Bacteria; p__Planctomycetota; c__Planctomycetes; o__Gemmatales; f__Gemmataceae	0.9998754966674939
565a72e97548ea6617bf2986754103e1	d__Bacteria; p__Firmicutes	0.9112462425108747
56778cc1b8c0755e2608af56fa128d99	d__Bacteria; p__Myxococcota; c__Polyangia; o__Haliangiales; f__Haliangiaceae; g__Haliangium	0.9996353002718079
567c2640108006c8eca081ad4180e346	d__Bacteria; p__Proteobacteria; c__Gammaproteobacteria; o__Burkholderiales; f__Oxalobacteraceae	0.9995757813457339
569a60989174b30f5b934331e13a251c	d__Bacteria; p__Acidobacteriota; c__Holophagae; o__Subgroup_7; f__Subgroup_7; g__Subgroup_7	0.9999999689456194
569a84cef281432424cc4bd1e0f2a5f7	d__Bacteria; p__Proteobacteria; c__Gammaproteobacteria; o__Xanthomonadales; f__Xanthomonadaceae; g__Lysobacter	0.9937800462026202
569ce8ceb5b4c0e1851f7078aa0d436a	d__Bacteria; p__Verrucomicrobiota; c__Verrucomicrobiae; o__Pedosphaerales; f__Pedosphaeraceae; g__Pedosphaeraceae; s__uncultured_soil	0.9429442040214625
56a0c3383f38095b1cb4e3046a2bbb3c	d__Bacteria; p__Proteobacteria; c__Gammaproteobacteria; o__Xanthomonadales; f__Xanthomonadaceae	0.9972358187832738
56a26bb3413f2976b27385bf51cfed12	d__Bacteria; p__Proteobacteria; c__Gammaproteobacteria; o__Xanthomonadales; f__Xanthomonadaceae; g__Lysobacter	0.9260591416565384
56b4ec05ef3bbded515ec3dd2d573197	d__Bacteria; p__Planctomycetota; c__Planctomycetes; o__Gemmatales; f__Gemmataceae	0.9993598002083927
56be5ad26fa76334ec4b897bcdb12dc0	d__Bacteria; p__Latescibacterota; c__Latescibacterota; o__Latescibacterota; f__Latescibacterota; g__Latescibacterota; s__uncultured_Desulfuromonadales	0.950441426435003
56c4b2839265bd735b96f251dac9477d	d__Bacteria; p__Planctomycetota; c__Planctomycetes; o__Gemmatales; f__Gemmataceae; g__Telmatocola; s__metagenome	0.9254862684483333
56d7f60e4fb1bbd969f40e8cbf559cbe	d__Bacteria; p__Planctomycetota; c__Phycisphaerae; o__Tepidisphaerales; f__WD2101_soil_group; g__WD2101_soil_group	0.9999893920843991
56eca540590ea1925661082ab8dd11b8	d__Bacteria; p__Firmicutes; c__Bacilli; o__Bacillales; f__Bacillaceae; g__Bacillus	0.9967538255501811
56f45eba0496ed29fb7171041a2a950d	d__Bacteria; p__Cyanobacteria; c__Sericytochromatia; o__Sericytochromatia; f__Sericytochromatia; g__Sericytochromatia; s__Cyanobacteria/Melainabacteria_group	0.9979118706702288
5711292b1edae8673e68f8e58c52dec2	d__Bacteria; p__Actinobacteriota; c__Acidimicrobiia; o__IMCC26256; f__IMCC26256; g__IMCC26256	0.7067748551155414
57136cbdae8fe066c2bb4a661003719b	d__Bacteria; p__Patescibacteria; c__Saccharimonadia; o__Saccharimonadales	0.9999999748518712
57277b211978e7d5e6df726349714aa0	d__Bacteria; p__Planctomycetota; c__Phycisphaerae; o__Tepidisphaerales; f__WD2101_soil_group; g__WD2101_soil_group	0.9989436525668158
5732b167102f3da13b6108e0df214dbf	d__Bacteria; p__Proteobacteria; c__Gammaproteobacteria; o__Burkholderiales; f__Oxalobacteraceae; g__Noviherbaspirillum	0.7061806779053539
5735003277231203592078f242af1e22	d__Bacteria; p__Planctomycetota; c__Planctomycetes; o__Gemmatales; f__Gemmataceae; g__Gemmata; s__uncultured_bacterium	0.8976432414251297
574b755e86338bdff654f846f9d7d5e2	d__Bacteria; p__Actinobacteriota; c__Acidimicrobiia	0.999817219172758
5756ed7f28056d7f7a53f3f7eea5060f	d__Bacteria; p__Planctomycetota; c__Planctomycetes; o__Pirellulales; f__Pirellulaceae; g__Pirellula; s__uncultured_soil	0.9992743158158558
57581fe36174220332f620923fa6ddcd	d__Bacteria; p__Planctomycetota; c__Planctomycetes; o__Pirellulales; f__Pirellulaceae; g__uncultured	0.9930575520175435
576282d14b09004803d344bc0e59df14	d__Bacteria; p__Cyanobacteria; c__Cyanobacteriia; o__Chloroplast; f__Chloroplast; g__Chloroplast	0.9999715644575918
5767413f194e1271abf710820c4430a1	d__Bacteria; p__Myxococcota; c__Myxococcia; o__Myxococcales; f__27F-1492R; g__27F-1492R; s__uncultured_bacterium	0.9991843352901715
5767ee0d6881d475fb859d90ca3701ec	d__Bacteria; p__Acidobacteriota; c__Vicinamibacteria; o__Vicinamibacterales; f__Vicinamibacteraceae; g__Vicinamibacteraceae; s__uncultured_Acidobacteriaceae	0.8499230204356334
576865ced7c5fd69c40ad995ce8eaf34	d__Bacteria; p__Chloroflexi; c__Anaerolineae; o__Caldilineales; f__Caldilineaceae; g__uncultured	0.999933729193123
57726d86b8a9ef673cf5f83b8209a57e	d__Bacteria; p__Bacteroidota; c__Bacteroidia; o__Cytophagales; f__Microscillaceae; g__Ohtaekwangia; s__metagenome	0.8070924477044948
577b90a782fa326a4418f90642ade8a5	d__Bacteria; p__Bdellovibrionota; c__Bdellovibrionia; o__Bdellovibrionales; f__Bdellovibrionaceae; g__Bdellovibrio; s__Bdellovibrio_bacteriovorus	0.8630108098814466
577de40494190aaf9ca8c35c7c809630	d__Bacteria; p__Proteobacteria; c__Gammaproteobacteria; o__Steroidobacterales; f__Steroidobacteraceae; g__Steroidobacter; s__metagenome	0.8528876726314444
57801a10b36477e704bcd1d639e514d8	d__Bacteria; p__Bacteroidota; c__Bacteroidia; o__Chitinophagales; f__uncultured; g__uncultured; s__metagenome	0.7644487698607706
5788bcc47fc1921f330826cf41dbd951	d__Bacteria; p__Chloroflexi; c__Chloroflexia; o__Chloroflexales; f__Roseiflexaceae; g__uncultured; s__uncultured_Chloroflexi	0.9966757939272506
579407cc705ece67336788ed059551fc	d__Bacteria; p__Acidobacteriota; c__Vicinamibacteria; o__Vicinamibacterales; f__uncultured; g__uncultured; s__uncultured_Acidobacteriales	0.7043632264749522
5794f8f2994ee87709118eaadb59a3e1	d__Bacteria; p__Gemmatimonadota; c__Gemmatimonadetes; o__Gemmatimonadales; f__Gemmatimonadaceae	0.9998855083725089
5795c89e2b1b82f337d61a4cb66bd16b	d__Bacteria; p__Firmicutes; c__Clostridia; o__Peptostreptococcales-Tissierellales	0.9992056677319872
579ed929693d5a14ab80927a50df5cae	d__Bacteria; p__Bacteroidota; c__Kapabacteria; o__Kapabacteriales; f__Kapabacteriales; g__Kapabacteriales; s__uncultured_Chlorobiales	0.9948516426648494
57d2ed0c288194d6b07485a7512c4404	d__Bacteria; p__Gemmatimonadota; c__Longimicrobia; o__Longimicrobiales; f__Longimicrobiaceae; g__Longimicrobium; s__uncultured_bacterium	0.9269597437747218
57da9119b5d477e62e1ec1d02abf1339	d__Bacteria; p__Acidobacteriota; c__Vicinamibacteria; o__Vicinamibacterales; f__Vicinamibacteraceae; g__Luteitalea	0.9999765621884358
57e45f2e3238b9ca0febc310407d9c53	d__Bacteria; p__Planctomycetota; c__Phycisphaerae; o__Tepidisphaerales; f__WD2101_soil_group; g__WD2101_soil_group; s__uncultured_planctomycete	0.805568592273054
57efbd0958ca75ebbedc6f6d72e74458	d__Bacteria; p__Bdellovibrionota; c__Bdellovibrionia; o__Bdellovibrionales; f__Bdellovibrionaceae; g__Bdellovibrio; s__Bdellovibrio_bacteriovorus	0.7343471228485385
57f7639852d30c6e9004ec1f6d404766	d__Bacteria; p__Chloroflexi; c__Chloroflexia; o__Chloroflexales; f__Chloroflexaceae; g__Candidatus_Chloroploca	0.9040688773713246
5819ad013987dbca5c6035bd53b7a711	d__Bacteria; p__Acidobacteriota; c__Vicinamibacteria; o__Vicinamibacterales; f__Vicinamibacteraceae; g__Vicinamibacteraceae	0.9868170598467032
5830fa37da60a38230891b2a585369d8	d__Bacteria; p__Myxococcota; c__Polyangia; o__Polyangiales; f__BIrii41; g__BIrii41	0.9624854983774692
5861caaf201e0430778a75f530466c0d	d__Bacteria; p__Proteobacteria; c__Gammaproteobacteria; o__Burkholderiales; f__Rhodocyclaceae	0.9984826402309309
586cb10e2555a92f591078a7cdb8ee1d	d__Bacteria; p__Acidobacteriota; c__Thermoanaerobaculia; o__Thermoanaerobaculales; f__Thermoanaerobaculaceae; g__Subgroup_10; s__uncultured_bacterium	0.9572712255778068
5872e1df299ec895590352ee97a640ca	d__Bacteria; p__Chloroflexi; c__TK10; o__TK10; f__TK10; g__TK10	0.9999701717457797
5880847cecc48ffff678fcf6597de171	d__Bacteria; p__Acidobacteriota; c__Vicinamibacteria; o__Vicinamibacterales; f__uncultured; g__uncultured; s__uncultured_bacterium	0.78982485999497
588c3db7f41b2dc88abdf4e0a9b4e5f5	d__Bacteria; p__Proteobacteria; c__Gammaproteobacteria; o__Burkholderiales; f__Comamonadaceae; g__Aquabacterium	0.9974365981409982
58908f971eec22fc85592b6925fad2cf	d__Bacteria; p__Bacteroidota; c__Bacteroidia; o__Cytophagales; f__Hymenobacteraceae; g__Adhaeribacter; s__metagenome	0.8098901654197026
5894d096b0ce83c87b45562a9500a8d4	d__Bacteria; p__Myxococcota; c__Polyangia; o__Polyangiales; f__Sandaracinaceae; g__uncultured	0.9978392129871118
58acdeb4df548baa447db1fdb0fd348b	d__Bacteria; p__Proteobacteria; c__Gammaproteobacteria; o__Burkholderiales; f__SC-I-84; g__SC-I-84	0.9974777841586118
58ba325c0c76080a50974dac9ff31b82	d__Bacteria; p__Entotheonellaeota; c__Entotheonellia; o__Entotheonellales; f__Entotheonellaceae; g__Entotheonellaceae; s__uncultured_bacterium	0.9180136378930255
58bb70900d93a9400f4a76f8e12b6757	d__Bacteria; p__Acidobacteriota; c__Acidobacteriae; o__Bryobacterales; f__Bryobacteraceae; g__Bryobacter	0.8802894908318066
58bc3020893710d94d08c2ea2e76af3b	d__Bacteria; p__Latescibacterota; c__Latescibacterota; o__Latescibacterota; f__Latescibacterota; g__Latescibacterota; s__uncultured_soil	0.9448496422122682
58d4c6ad823fdb505d87471c6c1baa72	d__Bacteria; p__Verrucomicrobiota; c__Verrucomicrobiae; o__Verrucomicrobiales; f__Rubritaleaceae	0.9999979525113778
58ec968c3389fb9d158f0e0623281ad2	d__Bacteria; p__Acidobacteriota; c__Vicinamibacteria; o__Vicinamibacterales; f__uncultured; g__uncultured	0.9998765038801616
58f252f5eb2a863a91b12f76da0915bd	d__Bacteria; p__Proteobacteria; c__Gammaproteobacteria; o__Enterobacterales; f__Erwiniaceae; g__Pantoea	0.7471634635181468
58f32798b396f49aaadeaf01295539da	d__Bacteria; p__Acidobacteriota; c__Blastocatellia; o__Pyrinomonadales; f__Pyrinomonadaceae; g__RB41	0.9996283887348814
58f714f964b3e2dc26f33ae30133e1f7	d__Bacteria; p__Bdellovibrionota; c__Oligoflexia; o__0319-6G20; f__0319-6G20; g__0319-6G20	0.9996215002104101
58fec8cc336361e7fcf8fce7913feaea	d__Bacteria; p__Acidobacteriota; c__Vicinamibacteria; o__Vicinamibacterales; f__Vicinamibacteraceae; g__Vicinamibacteraceae	0.9982698098699203
5900033991d112ab696b5e55de655018	d__Bacteria; p__Acidobacteriota; c__Thermoanaerobaculia; o__Thermoanaerobaculales; f__Thermoanaerobaculaceae; g__Subgroup_10	0.9999471150974043
59247ef46fbf762f669c569fa2381390	d__Bacteria; p__Firmicutes; c__Bacilli; o__Haloplasmatales; f__Haloplasmataceae; g__Haloplasma	0.999745223911613
59316b2831e14cb36cfe3fde79f52a1a	d__Bacteria; p__Acidobacteriota; c__Vicinamibacteria; o__Vicinamibacterales; f__uncultured; g__uncultured	0.9999708976514274
5933f56f226411a2a3d399180825d1a4	d__Bacteria; p__Planctomycetota; c__Planctomycetes; o__Pirellulales; f__Pirellulaceae; g__uncultured	0.9884652375549401
594d4488d0d8adf0936cda8ac752816a	d__Bacteria; p__Actinobacteriota; c__Acidimicrobiia; o__uncultured; f__uncultured; g__uncultured	0.949031717350197
594ff525fb6f2d87527545ab7f58351a	d__Bacteria; p__Proteobacteria; c__Gammaproteobacteria; o__Salinisphaerales; f__Solimonadaceae; g__Polycyclovorans; s__uncultured_bacterium	0.9410487494577111
59504801d028b79f18f98eccaf3beddc	d__Bacteria; p__Planctomycetota; c__OM190; o__OM190; f__OM190; g__OM190	0.9977886101800174
5950949b71082741302b712e97309b17	d__Bacteria; p__Desulfobacterota; c__Desulfovibrionia; o__Desulfovibrionales; f__Desulfovibrionaceae; g__Desulfovibrio	0.9942492258789508
595766423718a8a44576f9250accf530	d__Bacteria; p__Planctomycetota; c__Planctomycetes; o__Pirellulales; f__Pirellulaceae; g__uncultured	0.9844926382489887
595d489e6a7375d635f1edbe915e9719	d__Bacteria; p__Planctomycetota; c__Planctomycetes; o__Gemmatales; f__Gemmataceae; g__uncultured	0.9615298795410235
596d1045b5ae18bad160e249819b7e09	d__Bacteria; p__Proteobacteria; c__Gammaproteobacteria; o__Burkholderiales; f__Comamonadaceae; g__Variovorax	0.8053924323953016
5971175a33c7c2496c11a4a30a7ff09b	d__Bacteria; p__Planctomycetota; c__BD7-11; o__BD7-11; f__BD7-11; g__BD7-11; s__uncultured_Planctomycetaceae	0.9917495713093755
597bdec49adf7675912f9fba4e262e70	d__Bacteria; p__Planctomycetota; c__BD7-11; o__BD7-11; f__BD7-11; g__BD7-11; s__uncultured_Planctomycetaceae	0.99999360680073
5991790d1c0aa8b73b2d7f906449a1f9	d__Bacteria; p__Proteobacteria; c__Alphaproteobacteria; o__Azospirillales; f__Azospirillaceae	0.9990393252088811
599b3a2e8dc2db67de92b1e8213bf424	d__Bacteria; p__Bacteroidota; c__Bacteroidia; o__Sphingobacteriales; f__env.OPS_17; g__env.OPS_17	0.9999999178123854
599d54a676f457f9de269db1f3958841	d__Bacteria; p__Chloroflexi; c__Chloroflexia; o__Thermomicrobiales; f__JG30-KF-CM45; g__JG30-KF-CM45	0.9244548893455006
599fc882e6756a2113ecc41d22599b7c	d__Bacteria; p__Acidobacteriota; c__Vicinamibacteria; o__Vicinamibacterales; f__uncultured; g__uncultured	0.999880361073282
59a8c0714f4a9815efea3f92d5774263	d__Bacteria; p__Desulfobacterota; c__Desulfuromonadia; o__Geobacterales; f__Geobacteraceae; g__Citrifermentans; s__uncultured_bacterium	0.7208134375431888
59accf411763ed2e059b80872153e440	d__Bacteria	0.9999999960248747
59b0f9b9d04390e21fc908b9d1e034cb	d__Bacteria; p__Patescibacteria; c__uncultured; o__uncultured; f__uncultured; g__uncultured; s__uncultured_bacterium	0.9999973225195793
59bc57b03de5c911243354568cd039d7	d__Bacteria; p__Proteobacteria; c__Alphaproteobacteria	0.9998457262953726
59c9f836918b05b5cdf2292df70be412	d__Bacteria; p__Proteobacteria; c__Gammaproteobacteria; o__R7C24; f__R7C24; g__R7C24	0.8877108735436448
59d2891ed32474edf44fb9ac4908610c	d__Bacteria; p__Bacteroidota; c__Bacteroidia; o__Flavobacteriales; f__Flavobacteriaceae; g__Flavobacterium	0.9997171512421406
59d330670291b4a5332c84363f042538	d__Bacteria; p__Proteobacteria; c__Gammaproteobacteria; o__Xanthomonadales; f__Xanthomonadaceae	0.9999952567975736
59d9da1d807c046766df821dd21502fd	d__Bacteria; p__Acidobacteriota; c__Vicinamibacteria; o__Vicinamibacterales; f__uncultured; g__uncultured; s__uncultured_Acidobacteriaceae	0.9033893755963361
59dba9ada718fbab3d9713ff87fbb30f	d__Bacteria; p__Myxococcota; c__Polyangia; o__Polyangiales; f__Sandaracinaceae; g__uncultured; s__metagenome	0.7000244787600796
59fd069b18e78b33c870078bc6cc2e6a	d__Bacteria; p__Gemmatimonadota; c__Gemmatimonadetes; o__Gemmatimonadales; f__Gemmatimonadaceae; g__uncultured; s__uncultured_Gemmatimonadetes	0.7233221885890391
5a06e1f8bae0a88327d45e6fcc734ee8	d__Bacteria; p__Chloroflexi; c__Chloroflexia; o__Thermomicrobiales; f__JG30-KF-CM45; g__JG30-KF-CM45; s__uncultured_Chloroflexi	0.8173829005927054
5a554353f9ed728f0ab0631f29c8be2e	d__Bacteria; p__Proteobacteria; c__Alphaproteobacteria; o__Ferrovibrionales; f__Ferrovibrionaceae; g__Ferrovibrio	0.9995784417705285
5a640208e27f3d5a950b35ba83474cff	d__Bacteria; p__Chloroflexi; c__Dehalococcoidia; o__S085; f__S085; g__S085; s__uncultured_soil	0.7076522069569735
5a6882df2764cfd85fd7224b033bdcdd	d__Bacteria; p__Acidobacteriota; c__Vicinamibacteria; o__Vicinamibacterales; f__Vicinamibacteraceae; g__Vicinamibacteraceae	0.9923693846789006
5a72208cc834af9a30584086295ae05c	d__Bacteria; p__Bacteroidota; c__Bacteroidia; o__Sphingobacteriales; f__AKYH767; g__AKYH767; s__uncultured_bacterium	0.7995841944084756
5a8ca68a735de2bf9bee59cb674978b1	d__Bacteria; p__Proteobacteria; c__Gammaproteobacteria; o__Cellvibrionales; f__Halieaceae; g__OM60(NOR5)_clade; s__uncultured_soil	0.875404945325245
5a8d91a4ca959f23827be23b290bb472	d__Bacteria; p__Planctomycetota; c__Phycisphaerae; o__Tepidisphaerales; f__Tepidisphaeraceae; g__Tepidisphaeraceae; s__uncultured_bacterium	0.9399507106028478
5a8e4655df1d10c790b079b35dd6ff39	d__Bacteria; p__Verrucomicrobiota; c__Verrucomicrobiae; o__Pedosphaerales; f__Pedosphaeraceae; g__uncultured; s__uncultured_bacterium	0.7032368289124673
5a9ce71230274d3bfbc6ce107a9a5787	d__Bacteria; p__Proteobacteria; c__Gammaproteobacteria; o__Burkholderiales; f__Comamonadaceae; g__Variovorax	0.7557236949199585
5aa2ae55e7013f94639a15354ce0262b	d__Bacteria; p__Cyanobacteria; c__Sericytochromatia; o__Sericytochromatia; f__Sericytochromatia; g__Sericytochromatia; s__uncultured_bacterium	0.9413896933154603
5aa3ce560d419e1bcdf660c71f378714	d__Bacteria; p__Proteobacteria; c__Gammaproteobacteria; o__Pseudomonadales; f__Pseudomonadaceae; g__Pseudomonas	0.9999364533766877
5aa90aa42e06cd52d729e56d5a94ed8c	d__Bacteria; p__Acidobacteriota; c__Blastocatellia; o__Pyrinomonadales; f__Pyrinomonadaceae; g__RB41	0.9990261635156844
5ab4bc296f19d8cb3cd1938fa8bf64ec	d__Bacteria; p__Actinobacteriota; c__Thermoleophilia; o__Solirubrobacterales; f__67-14; g__67-14; s__uncultured_soil	0.9954668789864847
5ac32387547a0846a5ac8357efc91e7c	d__Bacteria; p__Myxococcota; c__Polyangia; o__Haliangiales; f__Haliangiaceae; g__Haliangium	0.9999713751300126
5ac41b3408948a5678d010ca36131d60	d__Bacteria; p__Verrucomicrobiota; c__Verrucomicrobiae; o__Pedosphaerales; f__Pedosphaeraceae	0.9999999738440805
5ac4fb41fe58b90367449804e1ae9301	d__Bacteria; p__Proteobacteria; c__Gammaproteobacteria; o__Burkholderiales; f__TRA3-20; g__TRA3-20	0.999975746840587
5acf837f4f2e6bf2b68d47fb37cddd06	d__Bacteria; p__Proteobacteria; c__Gammaproteobacteria; o__Burkholderiales	0.9999749239213128
5acf8fe0a7a5c743ebb5f6afd23468a3	d__Bacteria; p__Entotheonellaeota; c__Entotheonellia; o__Entotheonellales; f__Entotheonellaceae; g__Entotheonellaceae; s__uncultured_bacterium	0.919757520178791
5ae1b7200241ff4560b81361a27f4eb4	d__Bacteria; p__Actinobacteriota; c__Actinobacteria; o__Micrococcales; f__Microbacteriaceae; g__Microbacterium	0.9979722034391342
5aee64b6161d53675c0a7002f2c54745	d__Bacteria; p__Acidobacteriota; c__Vicinamibacteria; o__Vicinamibacterales; f__Vicinamibacteraceae	0.9980197703142661
5b042a32cd2f90e8549a9668619d3fe9	d__Bacteria; p__Acidobacteriota; c__Subgroup_25; o__Subgroup_25; f__Subgroup_25; g__Subgroup_25; s__uncultured_Acidobacteria	0.8830802913155763
5b05ed90d1affd762abd4b4e8785b471	d__Bacteria; p__Planctomycetota; c__Phycisphaerae; o__Phycisphaerales; f__Phycisphaeraceae; g__SM1A02; s__metagenome	0.9667778613339162
5b1fe467b6c1a935abe7a341f716c117	d__Bacteria; p__Methylomirabilota; c__Methylomirabilia; o__Rokubacteriales; f__Rokubacteriales; g__Rokubacteriales; s__uncultured_bacterium	0.7187639862486928
5b232e03bbd44cf5bfd9b460cc763dd9	d__Bacteria; p__Proteobacteria; c__Gammaproteobacteria; o__Enterobacterales; f__Yersiniaceae; g__Serratia	0.9673855024761834
5b320505c6d6c646d8c2fbe6288b1f5e	d__Bacteria; p__Bdellovibrionota; c__Oligoflexia; o__0319-6G20; f__0319-6G20; g__0319-6G20	0.9999907454684385
5b44eccb4518c2db1f93ac298b31f87f	d__Bacteria; p__Proteobacteria; c__Alphaproteobacteria; o__Caulobacterales; f__Caulobacteraceae; g__Brevundimonas	0.996990163964233
5b55a18ecb06e051375054d559c2c57b	d__Bacteria; p__Planctomycetota; c__Planctomycetes; o__Pirellulales; f__Pirellulaceae; g__Pirellula	0.9999942539573012
5b55f66d2fbe3ec68335259ee5c1804c	d__Bacteria; p__Acidobacteriota; c__Thermoanaerobaculia; o__Thermoanaerobaculales; f__Thermoanaerobaculaceae; g__Subgroup_10; s__metagenome	0.9849398498692487
5b7b35726f9f81e9907ae7dba5da4b63	d__Bacteria; p__Acidobacteriota; c__Vicinamibacteria; o__Vicinamibacterales; f__uncultured; g__uncultured	0.9998816360513926
5b7f8f977a9de72ed3a36ae3b6f14c7b	d__Bacteria; p__Planctomycetota; c__Phycisphaerae; o__Tepidisphaerales; f__WD2101_soil_group; g__WD2101_soil_group; s__uncultured_bacterium	0.9072273585936783
5b7fe68483e701059142cb531397b547	d__Bacteria; p__Firmicutes; c__Clostridia; o__Peptococcales; f__Peptococcaceae; g__uncultured; s__uncultured_bacterium	0.9468955163004448
5b8734ad0c04c6066b5ff0a07282ed6d	d__Bacteria	0.9999999999944229
5b8774528c5cd973c0d37d270ffcb78e	d__Bacteria; p__Myxococcota; c__Polyangia; o__Haliangiales; f__Haliangiaceae; g__Haliangium; s__uncultured_prokaryote	0.7416684044994643
5b88b546243cfee5cfaad77bc67f5dc1	d__Bacteria; p__Proteobacteria; c__Gammaproteobacteria; o__Burkholderiales; f__Burkholderiaceae; g__Cupriavidus; s__Cupriavidus_taiwanensis	0.7481418489146833
5b8a5f3537df8b3655943b8680b380a8	d__Bacteria; p__Proteobacteria; c__Alphaproteobacteria; o__Rhizobiales; f__uncultured; g__uncultured	0.97421193847759
5b8ff1406963be075d6d964f3516b9b9	d__Bacteria; p__Acidobacteriota; c__Vicinamibacteria; o__Vicinamibacterales; f__Vicinamibacteraceae; g__Vicinamibacteraceae	0.9999940068985153
5b9772a070528657e761cfec45249ab5	d__Bacteria; p__Planctomycetota; c__Planctomycetes; o__Pirellulales; f__Pirellulaceae; g__Blastopirellula; s__metagenome	0.9407764304000168
5bb4957af1b5d43980da5a64dbde14b4	d__Bacteria; p__Verrucomicrobiota; c__Verrucomicrobiae; o__Pedosphaerales; f__Pedosphaeraceae; g__Pedosphaeraceae	0.9995736882224029
5bb62d60a80976e87018b8fbeca93064	d__Bacteria; p__Bacteroidota; c__Bacteroidia; o__Cytophagales; f__Hymenobacteraceae; g__Adhaeribacter; s__metagenome	0.9208438118959477
5bb7fec39744a6d4e4d61596dabc6886	d__Bacteria; p__Verrucomicrobiota; c__Verrucomicrobiae; o__Opitutales; f__Opitutaceae	0.9999998906717864
5bc61f5029f65e7a8c242d3bc4f1c954	d__Bacteria; p__Bdellovibrionota; c__Bdellovibrionia; o__Bdellovibrionales; f__Bdellovibrionaceae; g__Bdellovibrio	0.9997556023311316
5bc66ed0e705c3987e0939e317b86f9c	d__Bacteria; p__Firmicutes; c__Bacilli; o__Bacillales; f__Salisediminibacteriaceae; g__Salipaludibacillus	0.9441807288872844
5bc91c4dc53c283593f0a06dc0c52a60	d__Bacteria; p__NB1-j; c__NB1-j; o__NB1-j; f__NB1-j; g__NB1-j; s__uncultured_bacterium	0.8697076441294714
5bd577359634a8baf3fc7ebaf9931fb1	d__Bacteria; p__Acidobacteriota; c__Vicinamibacteria; o__Vicinamibacterales; f__uncultured; g__uncultured	0.9995332934887308
5bfcf34d00c2b72bb54cb2fc9e3cce50	d__Bacteria; p__Gemmatimonadota; c__Gemmatimonadetes; o__Gemmatimonadales; f__Gemmatimonadaceae; g__Roseisolibacter; s__metagenome	0.9683815699710453
5c04647bf77feff86adb3ed070cba794	d__Bacteria; p__Bacteroidota; c__Bacteroidia; o__Chitinophagales; f__Chitinophagaceae; g__Flavisolibacter	0.9701953708772096
5c0c8bcc92fd781929df62678dc2824f	d__Bacteria; p__Acidobacteriota; c__Vicinamibacteria; o__Vicinamibacterales; f__Vicinamibacteraceae; g__Vicinamibacteraceae	0.8803319896714037
5c1154fb30941d50f21c0b1a5c55eb1e	d__Bacteria; p__Planctomycetota; c__Planctomycetes; o__Gemmatales; f__Gemmataceae; g__Telmatocola; s__metagenome	0.8720473644718414
5c12855221e6ec9a1ae64f995d54ceb5	d__Bacteria; p__Verrucomicrobiota; c__Verrucomicrobiae; o__Pedosphaerales; f__Pedosphaeraceae	0.9999988008822611
5c16b3c4756e38876b4cbb3a96b0fd38	d__Bacteria; p__Acidobacteriota; c__Vicinamibacteria; o__Vicinamibacterales; f__uncultured; g__uncultured	0.9997043035119688
5c1c55bb0be6e530a4c05d3e602a460b	d__Bacteria; p__Chloroflexi; c__Anaerolineae; o__Caldilineales; f__Caldilineaceae; g__Litorilinea; s__uncultured_bacterium	0.999796689534311
5c31570f706752fa4f7851aca5b5c291	d__Bacteria; p__Abditibacteriota; c__Abditibacteria; o__Abditibacteriales; f__Abditibacteriaceae; g__Abditibacterium	0.9999999988594833
5c33301f39ce4d03082ac3cf928a8214	d__Bacteria; p__Desulfobacterota; c__uncultured; o__uncultured; f__uncultured; g__uncultured	0.9979816301155238
5c342aeb104ead0567071837b65927f7	d__Bacteria; p__Proteobacteria; c__Gammaproteobacteria; o__Burkholderiales; f__Oxalobacteraceae; g__Massilia	0.8469057872697041
5c3f8faeea9837af108c28feaf733ed8	d__Bacteria; p__Proteobacteria; c__Alphaproteobacteria; o__Tistrellales; f__Geminicoccaceae; g__Candidatus_Alysiosphaera	0.9827200001171567
5c5bb05ffdd2cb8c0be3bfc24cf5639d	d__Bacteria; p__Bdellovibrionota; c__Oligoflexia; o__Oligoflexales; f__Oligoflexales; g__Oligoflexus	0.9999476369497178
5c5d0d4546f3a0d7547052d5d4435898	d__Bacteria; p__NB1-j; c__NB1-j; o__NB1-j; f__NB1-j; g__NB1-j	0.9999615824926836
5c709c9230238d9eee0feb02dbdb5203	d__Bacteria; p__Sumerlaeota; c__Sumerlaeia; o__Sumerlaeales; f__Sumerlaeaceae; g__Sumerlaea; s__uncultured_Acidobacteria	0.9997439411477586
5ca35a9e250ea85b89dacc0e77db0fba	d__Bacteria; p__Gemmatimonadota; c__S0134_terrestrial_group; o__S0134_terrestrial_group; f__S0134_terrestrial_group; g__S0134_terrestrial_group; s__uncultured_soil	0.9353580434935318
5cbcbe608583e7156331514e52c25edc	d__Bacteria; p__Actinobacteriota; c__Actinobacteria; o__Micrococcales; f__Micrococcaceae; g__Rothia	0.99942859961211
5cc0ffe92b25729dd0179d31213c7c1a	d__Bacteria; p__Acidobacteriota; c__Vicinamibacteria; o__Vicinamibacterales; f__Vicinamibacteraceae; g__Vicinamibacteraceae	0.9596199267032832
5cc40796d86a4d00e3e82f0dfda0b67d	d__Bacteria; p__Chloroflexi; c__TK10; o__TK10; f__TK10; g__TK10; s__uncultured_bacterium	0.7693677293728057
5ccc74e70b8a82a6eebea3385738ece3	d__Bacteria; p__Chloroflexi; c__Anaerolineae; o__Anaerolineales; f__Anaerolineaceae; g__uncultured	0.9994664024372546
5cdf8e8c82dac172d819738e894c5e1e	d__Bacteria; p__Acidobacteriota; c__Vicinamibacteria; o__Vicinamibacterales; f__uncultured; g__uncultured; s__uncultured_bacterium	0.7481367038907072
5cef161b5f45cc9a9a67103f0537f7b9	d__Bacteria; p__Bacteroidota; c__Bacteroidia; o__Cytophagales; f__Cyclobacteriaceae; g__Mongoliicoccus	0.9725327169952598
5cf0e77ee1c50191031d6583b6ccd0ac	d__Bacteria; p__Bacteroidota; c__Bacteroidia; o__Chitinophagales; f__Chitinophagaceae; g__Ferruginibacter	0.982814726940317
5cf9a74d0fba585bd1ecb94a27dbd9e4	d__Bacteria; p__Planctomycetota; c__Phycisphaerae; o__Tepidisphaerales; f__WD2101_soil_group; g__WD2101_soil_group	0.9999234203872993
5d174711bad1268387514d9146607e94	d__Bacteria; p__Firmicutes; c__Bacilli; o__Bacillales; f__Bacillaceae; g__Bacillus	0.9645351453843444
5d2f3db8fea4e3898457372b350dc71e	d__Bacteria	0.9999999999999781
5d38260b0381ea5cf0b0092f87fafddf	d__Bacteria; p__Chloroflexi; c__Chloroflexia; o__Thermomicrobiales; f__AKYG1722; g__AKYG1722	0.9999999393224248
5d3851b4db0631ff89a9737d47f3d37d	d__Bacteria; p__Planctomycetota; c__OM190; o__OM190; f__OM190; g__OM190; s__uncultured_bacterium	0.8720398519764173
5d3d87494c10e3535d9a8ea8456fb62e	d__Bacteria; p__Verrucomicrobiota; c__Verrucomicrobiae; o__Pedosphaerales; f__Pedosphaeraceae; g__ADurb.Bin063-1	0.9932666581012629
5d3dbd16ae7bc87419750666be3dadad	d__Bacteria; p__Acidobacteriota; c__Blastocatellia; o__11-24; f__11-24; g__11-24; s__uncultured_bacterium	0.8974347171778376
5d675a3518222fc99c8cba34feaeac81	d__Bacteria; p__Actinobacteriota; c__Thermoleophilia; o__Gaiellales	0.9999983673213454
5d70f66b1419a9d1c20b67eeb7c3a402	d__Bacteria; p__Gemmatimonadota; c__Gemmatimonadetes; o__Gemmatimonadales; f__Gemmatimonadaceae; g__Gemmatimonas	0.9999669735782797
5d85571a9be0c10541ab9ce2f99c5d2b	d__Bacteria; p__Gemmatimonadota; c__S0134_terrestrial_group; o__S0134_terrestrial_group; f__S0134_terrestrial_group; g__S0134_terrestrial_group; s__uncultured_Gemmatimonadetes	0.9390866071600505
5d8c1175950225f79ae421c42653f926	d__Bacteria; p__Firmicutes; c__Bacilli; o__Bacillales; f__Bacillaceae; g__Bacillus; s__Bacillus_cohnii	0.7778284816072504
5d8d81370b25fb996606e40bb315b411	d__Bacteria; p__Myxococcota; c__Polyangia; o__Haliangiales; f__Haliangiaceae; g__Haliangium	0.9999369138264086
5d99ba689ad34e4393a905e8a725b72b	d__Bacteria; p__Entotheonellaeota; c__Entotheonellia; o__Entotheonellales; f__Entotheonellaceae; g__Entotheonellaceae; s__uncultured_bacterium	0.8365289745904713
5d9feb713e77b2bc344f9f6f59f18e13	d__Bacteria; p__Chloroflexi; c__Anaerolineae; o__SBR1031; f__A4b; g__A4b	0.999006188627578
5dad7961db7d6c5531e4b42905e4c140	d__Bacteria; p__Actinobacteriota; c__Acidimicrobiia; o__Microtrichales; f__uncultured; g__uncultured	0.7966362130148069
5dd17a258ebbb8174c18fbde3531a1c6	d__Bacteria; p__Myxococcota; c__Polyangia; o__Polyangiales; f__Sandaracinaceae; g__Sandaracinus; s__uncultured_bacterium	0.8256443636326948
5dd5bd76f3a45aa653f2fb5ad6e7b8c6	d__Bacteria; p__Proteobacteria; c__Gammaproteobacteria	0.9999878594193204
5dd86c5dd08ceb2b4a383ea28f0c912e	d__Bacteria; p__Planctomycetota; c__Phycisphaerae; o__Phycisphaerales; f__Phycisphaeraceae; g__AKYG587; s__uncultured_bacterium	0.996015231775417
5ddd6c427cac558ffb9c1c053019b7bf	d__Bacteria; p__Acidobacteriota; c__Thermoanaerobaculia; o__Thermoanaerobaculales; f__Thermoanaerobaculaceae; g__Subgroup_10; s__uncultured_bacterium	0.8207163019112012
5de6883492396dd159b908d8e362390e	d__Bacteria; p__Proteobacteria; c__Gammaproteobacteria; o__Burkholderiales; f__Rhodocyclaceae	0.9546508950894697
5defebe83f31d2e72f495234cec1b14a	d__Bacteria; p__Proteobacteria; c__Gammaproteobacteria; o__Diplorickettsiales; f__Diplorickettsiaceae; g__uncultured	0.9986376033660959
5df126fc790504dd54306ca105542169	d__Bacteria; p__Acidobacteriota; c__Vicinamibacteria; o__Vicinamibacterales; f__uncultured; g__uncultured	0.9998512339459895
5dfd0f245c60b760b7dd9907efd302a5	d__Bacteria; p__Planctomycetota; c__Phycisphaerae; o__Phycisphaerales; f__Phycisphaeraceae; g__SM1A02; s__metagenome	0.9888993953979075
5e040c2397f959e7f0dfc6ec2855b812	d__Bacteria; p__Myxococcota; c__Polyangia; o__Nannocystales; f__Nannocystaceae; g__Nannocystis	0.925549093565619
5e2548d6a970645d0ca943a72d207489	d__Bacteria; p__Actinobacteriota; c__Acidimicrobiia; o__Microtrichales; f__Ilumatobacteraceae	0.9999998790366728
5e28e9e756a15179f43c432f67b757bb	d__Bacteria; p__Bacteroidota; c__Bacteroidia; o__Cytophagales; f__Microscillaceae; g__Ohtaekwangia	0.9921121173754147
5e2ac9e74f851c5a1101c44c07ba51fa	d__Bacteria; p__Acidobacteriota; c__Vicinamibacteria; o__Vicinamibacterales; f__Vicinamibacteraceae; g__Vicinamibacteraceae; s__uncultured_Acidobacteriaceae	0.8358524402492067
5e31648637e7fd6b25e25769439dea62	d__Bacteria; p__Proteobacteria; c__Gammaproteobacteria; o__Xanthomonadales; f__Xanthomonadaceae; g__Pseudoxanthomonas	0.9416221601868451
5e37342d650cde6cfc5bbe2726b12e3e	d__Bacteria; p__Proteobacteria; c__Gammaproteobacteria; o__Burkholderiales; f__Rhodocyclaceae	0.9766971505121943
5e3d38371a04d0def0a2dfeef998f888	d__Bacteria; p__Bdellovibrionota; c__Bdellovibrionia; o__Bacteriovoracales; f__Bacteriovoracaceae; g__Bacteriovorax	0.9999979747604664
5e3eacf88b05527e72afd3c83f6cba87	d__Bacteria; p__Acidobacteriota; c__Vicinamibacteria; o__Vicinamibacterales; f__uncultured; g__uncultured; s__uncultured_Acidobacteriaceae	0.7242991502351426
5e40f41c0433835f2a2acad08ad05093	d__Bacteria; p__Actinobacteriota; c__Actinobacteria; o__Micromonosporales; f__Micromonosporaceae; g__Luedemannella; s__uncultured_bacterium	0.7712694146967896
5e42945557a052d227df382ba3527412	d__Bacteria; p__Actinobacteriota; c__Acidimicrobiia; o__IMCC26256; f__IMCC26256; g__IMCC26256	0.9980480632272782
5e43f2d8be71399fc8d6736754cb42ac	d__Bacteria; p__Proteobacteria; c__Alphaproteobacteria; o__Azospirillales; f__Azospirillaceae; g__Skermanella	0.7075861313734311
5e43f582cdac88f9b366e6aefd58adc3	d__Bacteria; p__Chloroflexi; c__Chloroflexia; o__Chloroflexales; f__Roseiflexaceae; g__uncultured; s__uncultured_Chloroflexi	0.772188866932116
5e57f0013d0589dd94e207cbce5cb699	d__Bacteria; p__Acidobacteriota; c__Thermoanaerobaculia; o__Thermoanaerobaculales; f__Thermoanaerobaculaceae; g__Subgroup_10; s__uncultured_Bacteroidetes	0.8914976029832637
5e65d11e0e61567256a4dac1dca350a9	d__Bacteria; p__Acidobacteriota; c__Holophagae; o__Subgroup_7; f__Subgroup_7; g__Subgroup_7	0.9999990801070315
5e6bb8aa7dcfd006451468ad9c759613	d__Bacteria; p__Chloroflexi; c__Chloroflexia; o__Thermomicrobiales; f__JG30-KF-CM45; g__JG30-KF-CM45; s__uncultured_bacterium	0.7229259769647469
5e6d54771ebb2fc732c2d9784dfee825	d__Bacteria; p__Proteobacteria; c__Gammaproteobacteria; o__Burkholderiales; f__Neisseriaceae; g__Neisseria	0.9959174826854295
5e7ab8b6c94e8eb25c8ea992389f77fc	d__Bacteria; p__Proteobacteria; c__Alphaproteobacteria; o__Defluviicoccales; f__Defluviicoccaceae; g__Defluviicoccus	0.9995670897482725
5e823c4bda9e87e37f03b1b2756b4f94	d__Bacteria; p__Chloroflexi; c__KD4-96; o__KD4-96; f__KD4-96; g__KD4-96; s__uncultured_bacterium	0.9010760503636642
5e865eeb32e97c37e842821203a2e68e	d__Bacteria; p__Proteobacteria; c__Gammaproteobacteria; o__Salinisphaerales	0.9692733326151483
5e8701b151604b81b4ec1f0a73709643	d__Bacteria; p__Proteobacteria; c__Alphaproteobacteria	0.8818571512561462
5e88dff1711e7e66a515f9ce0e88c5ee	d__Bacteria; p__Gemmatimonadota; c__Longimicrobia; o__Longimicrobiales; f__Longimicrobiaceae; g__YC-ZSS-LKJ147; s__uncultured_bacterium	0.9874764431682304
5e93921ed0cf3e081a0d8411f45de4f9	d__Bacteria; p__Actinobacteriota; c__Thermoleophilia; o__Solirubrobacterales; f__Solirubrobacteraceae; g__Solirubrobacter	0.9729346687176545
5eafee1628190b4fe5bc9837d90c4080	d__Bacteria; p__Planctomycetota; c__Planctomycetes; o__Planctomycetales; f__Rubinisphaeraceae; g__SH-PL14; s__uncultured_Planctomycetaceae	0.9509974772133672
5eb7c67c9e0b6df3ae7037901c973604	d__Bacteria	0.9999999992784993
5eb9cd01f2359c960be39f8119fb001a	d__Bacteria; p__Proteobacteria; c__Gammaproteobacteria; o__Alteromonadales; f__Alteromonadaceae; g__Rheinheimera; s__Pararheinheimera_soli	0.8315947655395933
5ebc56b72d97679bc5e9fe533d90d422	d__Bacteria; p__Firmicutes; c__Bacilli; o__Paenibacillales; f__Paenibacillaceae; g__Paenibacillus	0.9999494811924997
5ec915b6cef1b6a03dce1e1f6c44a897	d__Bacteria; p__Myxococcota; c__Polyangia; o__Polyangiales; f__BIrii41; g__BIrii41; s__uncultured_delta	0.9592975448232551
5ed0f4642a4fad8ba137913546595ed4	d__Bacteria; p__Bdellovibrionota; c__Oligoflexia; o__0319-6G20; f__0319-6G20; g__0319-6G20	0.9999941057742335
5ed43c7dcf17ba1945d3aced0a968a58	d__Bacteria; p__Planctomycetota; c__OM190; o__OM190; f__OM190; g__OM190; s__uncultured_bacterium	0.9005787859981761
5ed591e90b08f641a73d70740ea18980	d__Bacteria; p__Bdellovibrionota; c__Oligoflexia; o__Oligoflexales; f__Oligoflexales; g__Oligoflexus	0.9999985462833434
5ee4f24545b9b669ff4468043d3435f5	d__Bacteria; p__Firmicutes; c__Bacilli; o__Bacillales; f__Salisediminibacteriaceae; g__Salipaludibacillus	0.9395200522545757
5efb61e2ab2a34384f761b61e4e2fd24	d__Bacteria; p__Bdellovibrionota; c__Bdellovibrionia; o__Bdellovibrionales; f__Bdellovibrionaceae; g__Bdellovibrio	0.9999999999070811
5f1247fd9e3b95e827f4bf022adfccf1	d__Bacteria; p__Proteobacteria; c__Gammaproteobacteria; o__Burkholderiales; f__SC-I-84; g__SC-I-84; s__uncultured_bacterium	0.8075840654660088
5f1a166e761abac52e03b045204021f3	d__Bacteria; p__Chloroflexi; c__Chloroflexia; o__Thermomicrobiales; f__JG30-KF-CM45; g__JG30-KF-CM45; s__uncultured_Chloroflexi	0.73199904564147
5f1b92bb9631ff804c236a96447a83ff	d__Bacteria; p__Proteobacteria; c__Alphaproteobacteria; o__Rhodospirillales; f__Magnetospiraceae; g__uncultured; s__metagenome	0.9970258903800773
5f1ce93ad108171e1a44d315ae69dca9	d__Bacteria; p__Gemmatimonadota; c__Gemmatimonadetes; o__Gemmatimonadales; f__Gemmatimonadaceae; g__uncultured	0.9998853968172878
5f2b5ccdccf37df1e725a7259d55a807	d__Bacteria; p__Chloroflexi; c__Anaerolineae; o__SBR1031; f__A4b; g__A4b; s__metagenome	0.7244691477469059
5f35160570da9c68d11e1b9b41790462	d__Bacteria; p__Fusobacteriota; c__Fusobacteriia; o__Fusobacteriales; f__Leptotrichiaceae; g__Leptotrichia	0.9999479214396969
5f4a54d7d88999855bb43bf9890db935	d__Bacteria; p__Myxococcota; c__Polyangia; o__Polyangiales; f__Phaselicystidaceae; g__Phaselicystis; s__uncultured_Polyangiaceae	0.825192369698125
5f5bbb874da1e25336ba1ac6c7def230	d__Bacteria; p__Elusimicrobiota; c__Lineage_IIa; o__Lineage_IIa; f__Lineage_IIa; g__Lineage_IIa; s__uncultured_bacterium	0.9584295681476325
5f6ab6fa7e6843fe6fd3aaaf467f565c	d__Bacteria; p__Acidobacteriota; c__Vicinamibacteria; o__Vicinamibacterales; f__uncultured; g__uncultured	0.9999998068544593
5f6db0d64dc36bbbcd0145097b95be56	d__Bacteria; p__Acidobacteriota; c__Vicinamibacteria; o__Vicinamibacterales; f__uncultured; g__uncultured	0.9999988467875215
5f6fcde55bc521d76436c3e955838de6	d__Bacteria; p__Actinobacteriota; c__Thermoleophilia; o__Gaiellales	0.9999631565436802
5f77dd5ce97c0e2b9b68bf4de4f2df92	d__Bacteria; p__Planctomycetota; c__Planctomycetes; o__Isosphaerales; f__Isosphaeraceae; g__uncultured; s__uncultured_bacterium	0.829613005975556
5f80d00ab3fefd4cd9924eee7ec6f616	d__Bacteria; p__Chloroflexi; c__KD4-96; o__KD4-96; f__KD4-96; g__KD4-96	0.9999985559595194
5fc16b477d0eb8627d2840c24ccef1e2	d__Bacteria; p__Actinobacteriota; c__Actinobacteria; o__0319-7L14; f__0319-7L14; g__0319-7L14; s__uncultured_actinobacterium	0.7633031644429142
5fccdf23f4dab30a24d1f9fbc1eced2b	d__Bacteria; p__Acidobacteriota; c__Holophagae; o__Subgroup_7; f__Subgroup_7; g__Subgroup_7	0.9999983734860762
5fd4b2f7dee3fb0bde6f856ae266dbcb	d__Bacteria; p__Actinobacteriota; c__Actinobacteria; o__Micromonosporales; f__Micromonosporaceae; g__Virgisporangium; s__uncultured_bacterium	0.9167926046448478
5fd5b36ae2b80e324fe5af52f8972260	d__Bacteria; p__Myxococcota; c__Myxococcia; o__Myxococcales; f__Myxococcaceae; g__Myxococcus	0.7608167735777118
5fd719bb0ea2c7122fa0e8aec50e0087	d__Bacteria; p__Patescibacteria; c__uncultured; o__uncultured; f__uncultured; g__uncultured; s__uncultured_bacterium	0.9999999395561918
5fd75ffc4f3685cfda25ae98b2eed41a	d__Bacteria; p__Chloroflexi; c__Anaerolineae; o__SBR1031; f__A4b; g__A4b	0.99999792644849
5fe43a6c1b3720cf49750c4cb3f20bcf	d__Bacteria; p__Myxococcota; c__Polyangia; o__Polyangiales; f__BIrii41; g__BIrii41; s__uncultured_bacterium	0.7878112401627676
5ffac43f8e296fd5442500e6b1328f8c	d__Bacteria; p__Gemmatimonadota; c__Gemmatimonadetes; o__Gemmatimonadales; f__Gemmatimonadaceae; g__uncultured	0.9923174006805615
5fff8a5cac12c06e93e790a5920faf26	d__Bacteria; p__Actinobacteriota; c__MB-A2-108; o__MB-A2-108; f__MB-A2-108; g__MB-A2-108; s__uncultured_Firmicutes	0.8597668480819785
60025e65b411000c025e6a4c13e63ab4	d__Bacteria; p__Planctomycetota; c__OM190; o__OM190; f__OM190; g__OM190; s__planctomycete_A-2	0.891983743749146
600c9e81fd1d1ddd5a37a5aa0f9f796d	d__Bacteria; p__Myxococcota; c__Polyangia; o__Polyangiales; f__Polyangiaceae	0.9745638795604975
601072307b3a79f09895f039bc518bbe	d__Bacteria; p__Cyanobacteria; c__Cyanobacteriia; o__Chloroplast; f__Chloroplast; g__Chloroplast	0.9999999714434962
60142f9df03cba755d0e646a88e4df86	d__Bacteria; p__Actinobacteriota; c__Actinobacteria; o__0319-7L14; f__0319-7L14; g__0319-7L14	0.9996213076666134
601e0b1578f3a6dc1a258f7d1707abc7	d__Bacteria; p__Bacteroidota; c__Bacteroidia; o__Flavobacteriales; f__Flavobacteriaceae; g__Flavobacterium	0.9985054044484709
601e85453d29979a58a406a1dd4737b8	d__Bacteria; p__Myxococcota; c__Polyangia; o__Haliangiales; f__Haliangiaceae; g__Haliangium	0.9803924562792055
602ae32d6a712b8cdd244299e7655295	d__Bacteria; p__Proteobacteria; c__Gammaproteobacteria; o__Xanthomonadales; f__Xanthomonadaceae; g__Arenimonas	0.928622433421095
602dfce1b29b90929bb45243cecc2077	d__Bacteria; p__Proteobacteria; c__Gammaproteobacteria; o__Burkholderiales; f__Oxalobacteraceae; g__Massilia	0.8647679271444003
603999548491100228e80e8de3064662	d__Bacteria; p__Myxococcota; c__Polyangia; o__Haliangiales; f__Haliangiaceae; g__Haliangium	0.9999681572390483
6043ac9f99fb85a469562abefd1a2914	d__Bacteria; p__Myxococcota; c__Polyangia; o__Polyangiales; f__BIrii41; g__BIrii41; s__uncultured_bacterium	0.9709390918336532
604e56dc56403fb08381ca44584b9736	d__Archaea; p__Crenarchaeota; c__Nitrososphaeria; o__Nitrososphaerales; f__Nitrososphaeraceae; g__Nitrososphaeraceae	0.9997379450478713
605d83f3287e02d34f96385392cb0d4d	d__Bacteria; p__Firmicutes; c__Bacilli; o__Bacillales; f__Salisediminibacteriaceae; g__Salipaludibacillus	0.9937446484298652
6063b1bbf6e5ed34820d0114afc50fe3	d__Bacteria; p__Planctomycetota; c__Planctomycetes; o__Planctomycetales; f__uncultured; g__uncultured	0.7320551184662285
6064f4dc21d1e6afab57277f1664ed1d	d__Bacteria; p__Acidobacteriota; c__Vicinamibacteria; o__Vicinamibacterales; f__uncultured; g__uncultured; s__uncultured_Acidobacteriaceae	0.7346895644660155
606bb34d349b062c4ae1819aceea2acf	d__Bacteria; p__Proteobacteria; c__Alphaproteobacteria	0.9999909131871146
606d10dc72980a37f3361622782599a2	d__Bacteria; p__Actinobacteriota; c__Acidimicrobiia; o__IMCC26256; f__IMCC26256; g__IMCC26256	0.991880392031641
606f5ce7aa790d16e0305c7b823dd6a2	d__Bacteria; p__Acidobacteriota; c__Vicinamibacteria; o__Vicinamibacterales; f__Vicinamibacteraceae; g__Vicinamibacteraceae	0.9906675612106992
6080094e36f7f4b0b6b794a6a654d8e4	d__Bacteria; p__Acidobacteriota; c__Acidobacteriae; o__Bryobacterales; f__Bryobacteraceae; g__Bryobacter	0.9761083988920329
60853cbc891456791accdcaff746772b	d__Bacteria; p__Cyanobacteria; c__Cyanobacteriia; o__Chloroplast; f__Chloroplast; g__Chloroplast; s__Chloroplast_expression	0.8778519798494064
608efc3e503a7acf6548a67881d9f35e	d__Bacteria; p__Firmicutes; c__Bacilli; o__Bacillales; f__Planococcaceae; g__Jeotgalibacillus	0.9885970402032686
60aaf304ac3e6ddecec4b180a61f0d4d	d__Bacteria; p__Chloroflexi; c__Chloroflexia; o__Thermomicrobiales; f__AKYG1722; g__AKYG1722; s__uncultured_soil	0.9789915109642091
60b1ebe60a375baf801d812d96f6f326	d__Bacteria; p__Bdellovibrionota; c__Bdellovibrionia; o__Bdellovibrionales; f__Bdellovibrionaceae; g__OM27_clade	0.9967299717128879
60b62342173bdd1f23c897193bb34590	d__Bacteria; p__Gemmatimonadota; c__Gemmatimonadetes; o__Gemmatimonadales; f__Gemmatimonadaceae; g__uncultured	0.9250946205891116
60b9c8819737cd918c56095c258ec374	d__Bacteria; p__Chloroflexi; c__Dehalococcoidia; o__S085; f__S085; g__S085; s__metagenome	0.9087733309530307
60d5bfc2360cacbb5e7945eea0faf0fe	d__Bacteria; p__Proteobacteria; c__Gammaproteobacteria; o__Pseudomonadales; f__Pseudomonadaceae; g__Pseudomonas	0.998869399144668
60dafdb3ca06fa619149d9d6586ffa8d	d__Bacteria; p__Verrucomicrobiota; c__Verrucomicrobiae; o__Pedosphaerales; f__Pedosphaeraceae; g__Pedosphaeraceae	0.8239827697077574
60de8f44d4201c1b0995b19f238d94cb	d__Bacteria; p__Gemmatimonadota; c__AKAU4049; o__AKAU4049; f__AKAU4049; g__AKAU4049	0.9999515728747385
60e4c88400a750a8122b97476313a67e	d__Bacteria; p__Myxococcota; c__Polyangia; o__Polyangiales; f__Polyangiaceae; g__uncultured	0.9247322719255916
60e731d2ab377caee72cb8c17949ed03	d__Bacteria; p__Gemmatimonadota; c__S0134_terrestrial_group; o__S0134_terrestrial_group; f__S0134_terrestrial_group; g__S0134_terrestrial_group; s__uncultured_Gemmatimonadetes	0.8420756318335799
6100a289f9015f25dbba17ff2f31099b	d__Bacteria; p__Chloroflexi; c__Chloroflexia; o__Chloroflexales; f__Herpetosiphonaceae; g__Herpetosiphon; s__uncultured_Chloroflexi	0.9999025267267969
6107a05de6bce4707306c04e0c293468	d__Bacteria; p__Bdellovibrionota; c__Bdellovibrionia; o__Bdellovibrionales; f__Bdellovibrionaceae; g__Bdellovibrio	0.9999377237901294
61357c9ddc70012141355d351ba1d5c3	d__Bacteria; p__Gemmatimonadota; c__Gemmatimonadetes; o__Gemmatimonadales; f__Gemmatimonadaceae; g__Gemmatimonas	0.9893541048370571
613654d74a1ae095d2c255da757c6669	d__Bacteria; p__Verrucomicrobiota; c__Verrucomicrobiae; o__Chthoniobacterales; f__Chthoniobacteraceae; g__Chthoniobacter; s__uncultured_bacterium	0.8013202457472643
6138e3542574a51d77bc31a20cfa808e	d__Bacteria; p__Latescibacterota; c__Latescibacterota; o__Latescibacterota; f__Latescibacterota; g__Latescibacterota	0.9933890981121329
6157cb92771830955413f808e83fc420	d__Bacteria; p__Proteobacteria; c__Gammaproteobacteria; o__Xanthomonadales; f__Xanthomonadaceae; g__Luteimonas; s__uncultured_Lysobacter	0.9066710288088311
6174f443793dc8275a3c7bab484484fa	d__Bacteria; p__Myxococcota; c__Polyangia; o__Haliangiales; f__Haliangiaceae; g__Haliangium	0.9540775512718503
617c7149e5bce4c6b2f6c0c45291f86e	d__Bacteria; p__Acidobacteriota; c__Thermoanaerobaculia; o__Thermoanaerobaculales; f__Thermoanaerobaculaceae; g__Subgroup_10	0.9999981653487398
618a544744fdcfb7f0bff11fc532370d	d__Bacteria; p__Proteobacteria; c__Gammaproteobacteria; o__Alteromonadales; f__Alteromonadaceae; g__Rheinheimera	0.8680291067032264
61a8b084c3f7aba41d31f41d5dc80349	d__Bacteria; p__Planctomycetota; c__Phycisphaerae; o__Phycisphaerales; f__Phycisphaeraceae; g__SM1A02; s__uncultured_bacterium	0.8688296325810498
61ad1debcf5f91dd4df1602d8fa18add	d__Bacteria; p__Acidobacteriota; c__Vicinamibacteria; o__Vicinamibacterales; f__uncultured; g__uncultured; s__uncultured_Acidobacteriaceae	0.8032919553243566
61cd4918428d3b36910b9cb2fc45946a	d__Bacteria; p__Firmicutes; c__Bacilli; o__Paenibacillales; f__Paenibacillaceae; g__Ammoniphilus	0.9986750617524508
61ce9c352b44b55b116bd8c05e0a806a	d__Bacteria; p__Actinobacteriota; c__Actinobacteria; o__Corynebacteriales; f__Nocardiaceae; g__Rhodococcus	0.9288013235667575
61d0c32bb1115f20a5349cdeccdbb366	d__Bacteria; p__Bacteroidota; c__Bacteroidia; o__Sphingobacteriales; f__Sphingobacteriaceae; g__Arcticibacter	0.8447842233411015
61d434cbd31153b35eedbb7e5d284ccf	d__Bacteria; p__Planctomycetota; c__Planctomycetes; o__Pirellulales; f__Pirellulaceae; g__uncultured; s__uncultured_bacterium	0.766446924017949
61f2c2458d124ba0341851bf83a983ee	d__Bacteria; p__Actinobacteriota; c__Actinobacteria; o__Pseudonocardiales; f__Pseudonocardiaceae; g__Saccharopolyspora	0.9997077932779113
61f7a83a7471c7c420e68b55057053c6	d__Bacteria; p__Planctomycetota; c__Phycisphaerae; o__Phycisphaerales; f__Phycisphaeraceae; g__SM1A02; s__uncultured_prokaryote	0.9988819812073735
62063594eced0662b6c1311ec7fd92ad	d__Bacteria; p__Planctomycetota; c__BD7-11; o__BD7-11; f__BD7-11; g__BD7-11; s__uncultured_bacterium	0.9800324565563544
620e6bfd10548d49a87ef4e8e0fe83e7	d__Bacteria; p__Acidobacteriota; c__Vicinamibacteria; o__Vicinamibacterales; f__uncultured; g__uncultured; s__uncultured_Acidobacteriaceae	0.8948270403963515
6213e8ea279d3a6c111e04622d806fe4	d__Bacteria; p__Acidobacteriota; c__Vicinamibacteria; o__Vicinamibacterales; f__uncultured; g__uncultured; s__uncultured_Acidobacteria	0.718342207140708
622bfaf69c42b00c7cb0894d8da0ed64	d__Bacteria; p__Gemmatimonadota; c__Gemmatimonadetes; o__Gemmatimonadales; f__Gemmatimonadaceae; g__uncultured; s__Gemmatimonadetes_bacterium	0.8782995089395158
623619c5577a65e35de4437b4b24d6fe	d__Bacteria; p__Chloroflexi; c__Chloroflexia; o__Thermomicrobiales; f__JG30-KF-CM45; g__JG30-KF-CM45; s__uncultured_bacterium	0.9455293436316359
624fb8f2815b16c20b71bfa1a4ea7b82	d__Bacteria; p__Acidobacteriota; c__Vicinamibacteria; o__Vicinamibacterales; f__uncultured; g__uncultured	0.999971789176643
62577100e45971da60ea358f8df62d1f	d__Bacteria; p__Bacteroidota; c__Bacteroidia; o__Cytophagales; f__Cyclobacteriaceae; g__Algoriphagus	0.99711902403148
626a990adba9a9d7781b72b59d941f39	d__Bacteria; p__Bacteroidota; c__Bacteroidia; o__Flavobacteriales; f__Flavobacteriaceae; g__Flavobacterium	0.9995256729029155
626b1a41b4f5fe40ef236bacd0351fd0	d__Bacteria; p__Acidobacteriota; c__Holophagae; o__Subgroup_7; f__Subgroup_7; g__Subgroup_7; s__uncultured_soil	0.9159240390915623
6273eb52991d528cf5281215f79b40a3	d__Bacteria; p__Firmicutes; c__Bacilli; o__Bacillales; f__Planococcaceae	0.9999870758863061
62782de29228e087203c59878c67af62	d__Bacteria; p__Gemmatimonadota; c__S0134_terrestrial_group; o__S0134_terrestrial_group; f__S0134_terrestrial_group; g__S0134_terrestrial_group; s__uncultured_bacterium	0.9999621814261633
627f8ea7a977b52f3c8effe89acd8812	d__Bacteria; p__Bacteroidota; c__Bacteroidia; o__Chitinophagales; f__Saprospiraceae; g__uncultured	0.9999027001642395
6284e7393d9a6d677c128ba96d0d156c	d__Bacteria; p__Myxococcota; c__Polyangia; o__Haliangiales; f__Haliangiaceae; g__Haliangium; s__uncultured_organism	0.8113770475668114
62928ac8057bc12db51308879101781f	d__Bacteria; p__Proteobacteria; c__Gammaproteobacteria; o__Burkholderiales; f__Neisseriaceae; g__Neisseria; s__Neisseria_elongata	0.9850562365695811
629e4f0cf1826904ff74907b2507f58b	d__Bacteria; p__Proteobacteria; c__Alphaproteobacteria; o__Rhodobacterales; f__Rhodobacteraceae; g__Roseobacter_clade_CHAB-I-5_lineage; s__uncultured_bacterium	0.9362516616560946
62baab53fa6d0fe8136120f7e8eeb11d	d__Bacteria; p__Actinobacteriota; c__Thermoleophilia; o__Solirubrobacterales; f__67-14; g__67-14; s__uncultured_bacterium	0.7277055346449598
62cc9fc3d3f886809b499af154a75d46	d__Bacteria; p__Chloroflexi; c__KD4-96; o__KD4-96; f__KD4-96; g__KD4-96; s__uncultured_bacterium	0.8944447789051667
62d618b1c9a7af665e0e93f8969fac9a	d__Bacteria; p__Planctomycetota; c__OM190; o__OM190; f__OM190; g__OM190; s__metagenome	0.9739417674162338
62e57c561c52251255740a4e13038b05	d__Bacteria; p__Bacteroidota; c__Bacteroidia; o__Cytophagales; f__Microscillaceae; g__Ohtaekwangia	0.8631185424992713
63087ed0df2c0d364f66698ef495ff90	d__Bacteria; p__Acidobacteriota; c__Vicinamibacteria; o__Vicinamibacterales; f__Vicinamibacteraceae; g__Vicinamibacteraceae	0.902852367588579
6310d1fa0bd861e467d3a20b67711fde	d__Bacteria; p__Actinobacteriota; c__Thermoleophilia; o__Solirubrobacterales; f__Solirubrobacteraceae; g__Solirubrobacter	0.9674579189735963
6312e2ce31af28293d8fccde31d9929d	d__Bacteria; p__Bacteroidota; c__Bacteroidia; o__Chitinophagales; f__Chitinophagaceae; g__Aurantisolimonas; s__uncultured_bacterium	0.7872278685836801
6327003cdbe7c95a2f705d011253b1bc	d__Bacteria; p__Deinococcota; c__Deinococci; o__Deinococcales; f__Trueperaceae; g__Truepera; s__uncultured_Thermus/Deinococcus	0.8550518500785717
6328177398b5937910371d718293f0ef	d__Bacteria; p__Myxococcota; c__Polyangia; o__Polyangiales; f__Phaselicystidaceae; g__Phaselicystis	0.9723088154279658
633d0b40bf582927a7c8e10d63d07ff6	d__Bacteria; p__Planctomycetota; c__Planctomycetes; o__uncultured; f__uncultured; g__uncultured; s__uncultured_bacterium	0.9926867775325992
633f438d3ad97d4751892f8c4f46818b	d__Bacteria; p__Acidobacteriota; c__Vicinamibacteria; o__Vicinamibacterales; f__uncultured; g__uncultured; s__uncultured_bacterium	0.9334258517658827
6343ee972894cc8bdce3ae076b859311	d__Bacteria; p__Planctomycetota; c__Phycisphaerae; o__Tepidisphaerales; f__WD2101_soil_group; g__WD2101_soil_group	0.9999990154852452
63440ccfd6ac841589bfa898af599fd8	d__Bacteria; p__Acidobacteriota; c__Subgroup_5; o__Subgroup_5; f__Subgroup_5; g__Subgroup_5; s__uncultured_bacterium	0.9999813323109421
6349506cac32056a214b04239bdc3a33	d__Bacteria; p__Proteobacteria; c__Gammaproteobacteria; o__Xanthomonadales; f__Xanthomonadaceae; g__Lysobacter	0.9638847259225489
635669e772cb1451549a4e2f050be727	d__Bacteria; p__Chloroflexi; c__TK10; o__TK10; f__TK10; g__TK10	0.9999991610724619
6374a45a14b9f040fca6d4f08ac47283	d__Bacteria; p__Proteobacteria; c__Alphaproteobacteria; o__Rhodobacterales; f__Rhodobacteraceae; g__Rubellimicrobium; s__uncultured_bacterium	0.7764671773994596
6378e511fc6efc59cb70a661581130cb	d__Bacteria; p__Gemmatimonadota; c__Gemmatimonadetes; o__Gemmatimonadales; f__Gemmatimonadaceae; g__uncultured	0.9998913366504747
637e45ece9b97d17ed571193b2ae32e5	d__Bacteria; p__Planctomycetota; c__Planctomycetes; o__Planctomycetales; f__Rubinisphaeraceae; g__SH-PL14; s__Planctomyces_sp.	0.7877924865585121
6380d811702f1032602b7f0aa58bb8fc	d__Bacteria; p__Myxococcota; c__Polyangia; o__Polyangiales; f__Polyangiaceae; g__Pajaroellobacter	0.99947894872449
63849c53d2732763e99be3ab62b5452b	d__Bacteria; p__Firmicutes; c__Bacilli; o__Paenibacillales; f__Paenibacillaceae; g__Paenibacillus	0.9999967321855501
6385166024fc896c8bbed3368c0f9e59	d__Bacteria; p__Myxococcota; c__Polyangia; o__Haliangiales; f__Haliangiaceae; g__Haliangium	0.9998843759900989
638bc9083fac9dd8cebe0d908881146e	d__Bacteria; p__Chloroflexi; c__Chloroflexia; o__Thermomicrobiales; f__JG30-KF-CM45; g__JG30-KF-CM45; s__uncultured_bacterium	0.9572754381434906
639910c21a20bfbf1695a9ca36f9d9ff	d__Bacteria; p__Myxococcota; c__bacteriap25; o__bacteriap25; f__bacteriap25; g__bacteriap25; s__metagenome	0.8194466616656408
63a50dffbb860a3c5ce30601d8bca44a	d__Bacteria; p__Firmicutes; c__Symbiobacteriia; o__Symbiobacteriales; f__Symbiobacteraceae; g__uncultured; s__uncultured_bacterium	0.9331007027686709
63b351dd5b8394d7ee1c3376beb4fd32	d__Bacteria; p__Proteobacteria; c__Alphaproteobacteria; o__Micavibrionales; f__uncultured; g__uncultured	0.837198099362448
63c44ab3725dd0b803d43a29db9fd7fd	d__Bacteria; p__Bacteroidota; c__Bacteroidia; o__Chitinophagales; f__Chitinophagaceae; g__Terrimonas	0.9858791928831189
63c775620b750d53e696fb34270b7946	d__Bacteria; p__Bacteroidota; c__Bacteroidia; o__Flavobacteriales; f__Flavobacteriaceae; g__Flavobacterium	0.9997705668816448
63d76e22472a5f2eada3726b7aca6920	d__Bacteria; p__Actinobacteriota; c__Thermoleophilia; o__Solirubrobacterales; f__67-14; g__67-14	0.9988020427689334
63f3f54483d5982ab1cd75ea7d7a2b02	d__Bacteria; p__Proteobacteria; c__Gammaproteobacteria; o__Burkholderiales; f__Burkholderiaceae	0.9359491484457935
63f761da7f6a21eff9cc2326584356d6	d__Bacteria; p__Actinobacteriota; c__Acidimicrobiia; o__Microtrichales; f__Ilumatobacteraceae; g__uncultured; s__uncultured_Acidimicrobiaceae	0.9481212166847077
6405849c87ff355af48ffbb8ebb46fc5	d__Bacteria; p__Planctomycetota; c__Planctomycetes; o__Pirellulales; f__Pirellulaceae; g__uncultured	0.9909034511304587
640a143141c2329129ccc35d1827ecd3	d__Bacteria; p__Proteobacteria; c__Gammaproteobacteria; o__Burkholderiales; f__TRA3-20; g__TRA3-20	0.9998858667690821
641acdc0d0185dd420e8a7d7012cd925	d__Bacteria; p__Planctomycetota; c__Phycisphaerae; o__mle1-8; f__mle1-8; g__mle1-8; s__uncultured_bacterium	0.9999730421555716
64289fcdb36aa3881b2da8b1e2ea7ecb	d__Bacteria; p__Acidobacteriota; c__Vicinamibacteria; o__Vicinamibacterales; f__uncultured; g__uncultured	0.9980454475026815
643e134079f3531a9a53e54888f61e49	d__Bacteria; p__Planctomycetota; c__Planctomycetes; o__Gemmatales; f__Gemmataceae; g__uncultured	0.9982202283518821
645aee2fad727665399d8d05063b4c17	d__Bacteria; p__Bacteroidota; c__Bacteroidia; o__Chitinophagales; f__Chitinophagaceae; g__Terrimonas; s__uncultured_bacterium	0.7770402011648508
6461db411676f19635c52df4c639e1dd	d__Bacteria; p__Planctomycetota; c__Planctomycetes; o__uncultured; f__uncultured; g__uncultured; s__uncultured_bacterium	0.9942826274031312
646d020c6ebef7fa16e71a13a7beaea5	d__Bacteria; p__Proteobacteria; c__Gammaproteobacteria; o__Burkholderiales; f__Nitrosomonadaceae; g__Ellin6067	0.9996120131411464
64712a3c814267110ada088a02257e85	d__Bacteria; p__Planctomycetota; c__Phycisphaerae; o__Tepidisphaerales; f__Tepidisphaeraceae; g__Tepidisphaeraceae; s__uncultured_bacterium	0.999938022758173
6474f016620982cb5973483f6eafb2ed	d__Bacteria; p__Bdellovibrionota; c__Bdellovibrionia; o__Bdellovibrionales; f__Bdellovibrionaceae; g__OM27_clade	0.9998555445105223
647594f17d5942e6dd28f0e8884730c4	d__Bacteria; p__Bdellovibrionota; c__Bdellovibrionia; o__Bacteriovoracales; f__Bacteriovoracaceae; g__Peredibacter	0.9998193500695365
64761a24fc66e7c93145217dd153b1ee	d__Bacteria; p__Myxococcota; c__Polyangia; o__Polyangiales; f__Polyangiaceae	0.7166451279151368
648078e7cce10d6b953ee77329456a8c	d__Bacteria; p__Myxococcota; c__bacteriap25; o__bacteriap25; f__bacteriap25; g__bacteriap25	0.7760711035123397
64814f40fb618f8c924a556265e519ef	d__Bacteria; p__Planctomycetota; c__Planctomycetes; o__Pirellulales; f__Pirellulaceae; g__Pirellula; s__uncultured_Planctomycetales	0.8011320021379744
648d5cde6e00fc122b91823dfb92aeb0	d__Bacteria; p__Proteobacteria; c__Gammaproteobacteria; o__Pseudomonadales; f__Moraxellaceae; g__uncultured	0.9998007327306111
649e7fa7b9ce5c5472d34675ed643639	d__Bacteria; p__Acidobacteriota; c__Subgroup_5; o__Subgroup_5; f__Subgroup_5; g__Subgroup_5; s__uncultured_bacterium	0.9995828588937127
64a80cf37777c5e35eb3cf583873bba9	d__Bacteria; p__Bdellovibrionota; c__Oligoflexia; o__Oligoflexales; f__uncultured; g__uncultured; s__uncultured_soil	0.8035088017467008
64b7304c41855353cd743c83589c6796	d__Bacteria	0.9999999873116179
64bf67e9328850955bee34afdcd8561f	d__Bacteria; p__Proteobacteria; c__Gammaproteobacteria; o__Pseudomonadales; f__Pseudomonadaceae; g__Pseudomonas	0.8279346367069959
64cac90b97e9b82483fb5cdf4de59faa	d__Bacteria; p__Myxococcota; c__Polyangia; o__Polyangiales; f__Sandaracinaceae; g__uncultured; s__metagenome	0.9576052489147165
64e01ba0267ef55a3931a1044d273db3	d__Bacteria; p__Chloroflexi; c__Anaerolineae; o__RBG-13-54-9; f__RBG-13-54-9; g__RBG-13-54-9	0.9999450498531748
64ee2b837db492a359f8e0a11c45f684	d__Bacteria; p__Actinobacteriota; c__Actinobacteria; o__Propionibacteriales; f__Nocardioidaceae; g__Nocardioides	0.9866378589036672
64f77c8a56b2fcdf9f667a9c77cd992a	d__Bacteria; p__Myxococcota; c__Polyangia; o__Haliangiales; f__Haliangiaceae; g__Haliangium; s__uncultured_Myxococcales	0.83044727367936
65139f739b2c8088ddb9a548fd6ca09b	d__Bacteria; p__Firmicutes; c__Limnochordia; o__Limnochordia; f__Limnochordia; g__Hydrogenispora	0.9999440963529728
651444545b321e09d93e0354f6ec25ee	d__Bacteria; p__Proteobacteria; c__Gammaproteobacteria; o__Xanthomonadales; f__Xanthomonadaceae; g__Lysobacter	0.9722901012699409
652b52185284ce8e30c4ec8be377dffe	d__Bacteria; p__Verrucomicrobiota; c__Verrucomicrobiae; o__Chthoniobacterales; f__Chthoniobacteraceae; g__Chthoniobacter	0.9989498377009283
65386cc1441e6378b03b80c81c4fcd9a	d__Bacteria; p__Chloroflexi; c__Anaerolineae; o__Anaerolineales; f__Anaerolineaceae; g__uncultured	0.9995608516824441
655a66e6566798ade91f73b2942c0b63	d__Bacteria; p__Patescibacteria; c__Saccharimonadia; o__Saccharimonadales	0.9999999992451136
65665dd347d8ee4da4ff98d2a46cf0a1	d__Bacteria; p__Verrucomicrobiota; c__Verrucomicrobiae; o__Chthoniobacterales; f__Chthoniobacteraceae; g__Chthoniobacter; s__uncultured_Verrucomicrobiales	0.9392932713534036
657eb366bcf7787d460f61b1ed216ad9	d__Bacteria; p__NB1-j; c__NB1-j; o__NB1-j; f__NB1-j; g__NB1-j; s__uncultured_bacterium	0.8925641622868152
659462e4cca71ea95ef6cace55c15767	d__Bacteria; p__Actinobacteriota; c__Thermoleophilia; o__Solirubrobacterales; f__67-14; g__67-14; s__uncultured_actinobacterium	0.9830764207992112
65aa187d37784bd4fac3fe19bfd55df6	d__Bacteria; p__Sumerlaeota; c__Sumerlaeia; o__Sumerlaeales; f__Sumerlaeaceae; g__Sumerlaea; s__uncultured_Candidatus	0.7242850037607531
65c241d6b732675023d0300f3dc67987	d__Bacteria; p__Firmicutes; c__Bacilli; o__Bacillales; f__Bacillaceae; g__Bacillus	0.9737934507207351
65c564def02db41f9cf5005e89caa15f	d__Bacteria; p__Verrucomicrobiota; c__Verrucomicrobiae; o__Opitutales; f__Opitutaceae	0.999999999211531
65ce23d1b29092b355d7de3e577efc2e	d__Bacteria; p__Bacteroidota; c__Bacteroidia; o__Cytophagales; f__Microscillaceae; g__uncultured; s__Ohtaekwangia_sp.	0.9827477098575795
65d5d4925e3f4b6aae63544f7f1ffd28	d__Bacteria; p__Bacteroidota; c__Bacteroidia; o__Sphingobacteriales; f__env.OPS_17; g__env.OPS_17	0.9999999144870109
65dac1a894b881de6f5a825ff6e9b43c	d__Bacteria	0.999999999999914
65e23c477d64fb0372a8d2bfc617985a	d__Bacteria; p__Firmicutes; c__Bacilli; o__Bacillales; f__Bacillaceae; g__Geobacillus	0.9999644976515285
65e5ab26d3609f1e6c4bb1039b90d6ec	d__Bacteria; p__Planctomycetota; c__Phycisphaerae; o__Phycisphaerales; f__Phycisphaeraceae; g__SM1A02; s__uncultured_planctomycete	0.9978155528948285
65ec4aec62702055e0758279408ccbd4	d__Bacteria; p__Bacteroidota; c__Bacteroidia; o__Flavobacteriales; f__Flavobacteriaceae; g__Flavobacterium	0.9584334724337621
65f5fef51a5cd3fdab1af121c3476244	d__Bacteria; p__Verrucomicrobiota; c__Verrucomicrobiae; o__Pedosphaerales; f__Pedosphaeraceae; g__uncultured	0.9919435526558215
65fe78453b1a5efb7fb46a9078a2a73e	d__Bacteria; p__Acidobacteriota; c__Holophagae; o__Subgroup_7; f__Subgroup_7; g__Subgroup_7	0.999996948351419
660be177320cf14d991703605767461a	d__Bacteria; p__Actinobacteriota; c__Actinobacteria; o__Pseudonocardiales; f__Pseudonocardiaceae; g__Pseudonocardia	0.9984214302648502
660e8f7f4abd59da932ffc701f0d1d02	d__Bacteria; p__Proteobacteria; c__Alphaproteobacteria; o__Rhodospirillales; f__Thalassospiraceae; g__Thalassospira	0.9999974819156056
660ea9bde0c198572afdeab0e28a8616	d__Bacteria; p__Firmicutes; c__Bacilli; o__Bacillales; f__Bacillaceae; g__uncultured; s__uncultured_bacterium	0.9307703337747892
660f4c72fec7600549e44f527899869d	d__Bacteria; p__Acidobacteriota; c__Vicinamibacteria; o__Vicinamibacterales; f__Vicinamibacteraceae; g__Vicinamibacteraceae; s__uncultured_Acidobacteriaceae	0.7407460963282839
661577faff08555d0c97d5895269f07c	d__Bacteria; p__Verrucomicrobiota; c__Verrucomicrobiae; o__Chthoniobacterales; f__Terrimicrobiaceae; g__Terrimicrobium	0.9679359359360084
6616be4292ced088b379559351895fb3	d__Bacteria; p__Actinobacteriota; c__Actinobacteria; o__0319-7L14; f__0319-7L14; g__0319-7L14	0.9392577472927617
66207104ca534e47a17a0e79727c220d	d__Bacteria; p__Firmicutes; c__Bacilli; o__Paenibacillales; f__Paenibacillaceae; g__Paenibacillus	0.9993724635930882
663e6e833231f2130b55638bb42e11af	d__Bacteria; p__Proteobacteria; c__Gammaproteobacteria; o__Enterobacterales; f__Enterobacteriaceae	0.7764919623388092
6641bf3e307b74b7d0874f7ceab54a9e	d__Bacteria; p__Actinobacteriota; c__Actinobacteria; o__Propionibacteriales; f__Nocardioidaceae; g__Nocardioidaceae; s__Thermasporomyces_composti	0.9983869487683008
6648e23c2a1aff51524b65bccea68e88	d__Bacteria; p__Firmicutes; c__Bacilli; o__Bacillales; f__Bacillaceae; g__Cerasibacillus	0.9985679437808263
6654e7de55a11a42672528eed42ec421	d__Bacteria; p__Proteobacteria; c__Alphaproteobacteria; o__Rhizobiales; f__uncultured; g__uncultured	0.970821388848606
665bce8629f7d222a7ddaa2e691c5b60	d__Bacteria; p__Actinobacteriota; c__MB-A2-108; o__MB-A2-108; f__MB-A2-108; g__MB-A2-108; s__uncultured_bacterium	0.7172193937910173
66648cf223885befb5c885a18e665881	d__Bacteria; p__Planctomycetota; c__Planctomycetes; o__Planctomycetales; f__uncultured; g__uncultured	0.9370601717180583
66665d8910879698138abee7fb0ee53d	d__Bacteria; p__Bacteroidota; c__Bacteroidia; o__Flavobacteriales; f__Flavobacteriaceae; g__Flavobacterium	0.9992539204571191
667a4cca0f072468a8d8b3ead82548aa	d__Bacteria; p__Verrucomicrobiota; c__Verrucomicrobiae; o__Chthoniobacterales; f__Chthoniobacteraceae; g__Chthoniobacter	0.9666313801082344
667eb19398f29b6b9e101596fec59131	d__Bacteria; p__Proteobacteria; c__Gammaproteobacteria; o__Xanthomonadales; f__Xanthomonadaceae; g__Lysobacter	0.971619171325557
6693256f93fb91365145bb594900093b	d__Bacteria; p__Chloroflexi; c__Anaerolineae; o__SBR1031; f__A4b; g__A4b	0.9998701864058455
66aa3825cb969b55672fa0bfad2bc865	d__Bacteria; p__Proteobacteria; c__Gammaproteobacteria; o__Burkholderiales; f__TRA3-20; g__TRA3-20	0.9998735011570096
66ac6f8a4c00230692ee01c71cb474e0	d__Bacteria; p__Chloroflexi; c__Ktedonobacteria; o__C0119; f__C0119; g__C0119; s__uncultured_bacterium	0.9980627358352947
66bc0737fc7fa1463ac7189ab7073998	d__Bacteria; p__Planctomycetota; c__Planctomycetes; o__Gemmatales; f__Gemmataceae; g__uncultured	0.9877806745346984
66c4b5dbebc533d793e9bf3652f34b44	d__Bacteria; p__Actinobacteriota; c__Thermoleophilia; o__Gaiellales	0.999865479001225
66c8a0230862df7a60faa66e887235e5	d__Bacteria; p__Chloroflexi; c__Anaerolineae; o__Ardenticatenales; f__uncultured; g__uncultured; s__uncultured_bacterium	0.764951638272464
66cd174181a82df9f3f01d084f70795f	d__Bacteria; p__Acidobacteriota; c__Blastocatellia; o__Pyrinomonadales; f__Pyrinomonadaceae; g__RB41	0.9999615195092427
66d043f434bbe6e741d4e0c0753a60a8	d__Bacteria; p__Proteobacteria; c__Gammaproteobacteria; o__Pseudomonadales; f__Moraxellaceae; g__Acinetobacter	0.9899359594320878
66d7b69086ad19d778a5653ea7a69f7a	d__Bacteria; p__Bacteroidota; c__Bacteroidia; o__Chitinophagales; f__Chitinophagaceae	0.9999985116600522
66f4cdb455f57e1ff172bf57e4437d4a	d__Bacteria; p__Abditibacteriota; c__Abditibacteria; o__Abditibacteriales; f__Abditibacteriaceae; g__Abditibacterium; s__uncultured_bacterium	0.9174568386552366
6703d0a027d09a33ee64c9682f861fc4	d__Bacteria; p__Acidobacteriota; c__Blastocatellia; o__11-24; f__11-24; g__11-24	0.9999998800446604
670c91568f5ccce96ca34b51a678a805	d__Bacteria; p__Verrucomicrobiota; c__Verrucomicrobiae; o__Verrucomicrobiales; f__Verrucomicrobiaceae; g__Roseimicrobium	0.9999834899921001
6716a02a7be9f2bcffc630c9102738b5	d__Bacteria; p__Acidobacteriota; c__Vicinamibacteria; o__Vicinamibacterales; f__Vicinamibacteraceae; g__Vicinamibacteraceae; s__uncultured_Acidobacteriaceae	0.9304684581369441
671a53a2acbf0c8c7e240e446daf0000	d__Bacteria; p__Patescibacteria; c__Saccharimonadia; o__Saccharimonadales	0.9999999867846314
67272837f727949222bb3ce56cc90198	d__Bacteria; p__Verrucomicrobiota; c__Verrucomicrobiae; o__Pedosphaerales; f__Pedosphaeraceae; g__Ellin517; s__uncultured_bacterium	0.9883874085158072
673ab7015fc4255f17586b5b4b8f72c9	d__Bacteria; p__Acidobacteriota; c__Vicinamibacteria; o__Vicinamibacterales; f__uncultured; g__uncultured; s__uncultured_Acidobacteriaceae	0.8447653707317037
6742f89f8a1da85189e15cd8b68f62a9	d__Bacteria; p__Proteobacteria; c__Alphaproteobacteria; o__Rhizobiales; f__Xanthobacteraceae	0.9065987937259823
674c1dcc1068da19d5eba78e99ed279c	d__Bacteria; p__Proteobacteria; c__Gammaproteobacteria; o__Steroidobacterales; f__Steroidobacteraceae	0.9999993323194347
674e8551d46a99edd8a6dbd523417076	d__Bacteria; p__Acidobacteriota; c__Acidobacteriae; o__Bryobacterales; f__Bryobacteraceae; g__Bryobacter	0.9029039117029853
675b042d50d5fda2fbf70deae551ad43	d__Bacteria; p__Bacteroidota; c__Bacteroidia; o__Flavobacteriales; f__Flavobacteriaceae; g__Flavobacterium	0.9995880038929521
675d5b884ef352eb2345af41cbd9a603	d__Bacteria; p__MBNT15; c__MBNT15; o__MBNT15; f__MBNT15; g__MBNT15; s__uncultured_bacterium	0.7936397699052641
67641d4663816d1327250a3a645c1618	d__Bacteria; p__Cyanobacteria; c__Vampirivibrionia; o__Obscuribacterales; f__Obscuribacteraceae; g__Obscuribacteraceae; s__uncultured_bacterium	0.9907269897217174
676e249a305e6c77c10db52dfffbfe40	d__Bacteria; p__Proteobacteria; c__Alphaproteobacteria; o__Elsterales; f__uncultured; g__uncultured	0.9994175104470703
6782e25f98f2f4c413d49d2eee56e3bc	d__Bacteria; p__Bacteroidota; c__Bacteroidia; o__Cytophagales; f__Microscillaceae; g__uncultured	0.925858831256411
679c905f814b20c7a123ec2667851b73	d__Bacteria; p__Chloroflexi; c__Anaerolineae; o__Caldilineales; f__Caldilineaceae; g__uncultured; s__uncultured_Caldilinea	0.8369382760455887
67a5ea76f319e38da2e75d43cdcc9de5	d__Bacteria; p__Bacteroidota; c__Bacteroidia; o__Chitinophagales; f__Chitinophagaceae; g__Parafilimonas	0.8915831842632177
67ac0ee375652ff79a6ade293a5ec35a	d__Bacteria; p__Firmicutes; c__Bacilli; o__Brevibacillales; f__Brevibacillaceae; g__Brevibacillus	0.9999135837495544
67b2d836db093cead5a8286142669613	d__Bacteria; p__Myxococcota; c__Myxococcia; o__Myxococcales; f__Myxococcaceae; g__KD3-10; s__uncultured_bacterium	0.9105020203803691
67d43c0aa55be9d31682e23eec1a1cf2	d__Bacteria; p__Myxococcota; c__Polyangia; o__Nannocystales; f__Nannocystaceae; g__Nannocystis; s__metagenome	0.9333651326395126
67edd9eddf685964b07cd233160c4a70	d__Bacteria; p__Chloroflexi; c__Anaerolineae; o__SBR1031; f__A4b; g__A4b	0.9999901861978819
67f36abcba38f3ae43295b8d9b7fb3ee	d__Bacteria; p__Cyanobacteria; c__Sericytochromatia; o__Sericytochromatia; f__Sericytochromatia; g__Sericytochromatia; s__uncultured_bacterium	0.9995864020850518
67f40fa7a528c04c4ee408f093b1c784	d__Bacteria; p__Firmicutes; c__Bacilli; o__Entomoplasmatales	0.7952414825070824
67f808329799e1bb75c7c80a01aca992	d__Bacteria; p__Firmicutes; c__Clostridia; o__Peptostreptococcales-Tissierellales; f__Anaerovoracaceae; g__Anaerovorax	0.9291920864087578
68055c5036eb7bc4efe84e90c2f77641	d__Bacteria; p__Acidobacteriota; c__Vicinamibacteria; o__Vicinamibacterales; f__Vicinamibacteraceae; g__Luteitalea	0.9999300694943072
6806d7bfeaff4e4003e7535baf6b3a6c	d__Bacteria; p__FCPU426; c__FCPU426; o__FCPU426; f__FCPU426; g__FCPU426; s__metagenome	0.9903497744580029
680a66c9f535ee274dff4c7c5b787052	d__Bacteria; p__Proteobacteria; c__Alphaproteobacteria; o__Rhizobiales; f__Methyloligellaceae; g__uncultured	0.9927666918121616
680def666dcf62e89a19168d45004bfc	d__Bacteria; p__Actinobacteriota; c__Thermoleophilia; o__Solirubrobacterales; f__67-14; g__67-14	0.817092931599583
6821bf62d27b061b9eecd88b1ffc067b	d__Bacteria; p__Verrucomicrobiota; c__Verrucomicrobiae; o__Chthoniobacterales; f__Chthoniobacteraceae; g__Candidatus_Udaeobacter; s__Verrucomicrobia_bacterium	0.9845501346385505
6826b87afc7a0b867b14285159b523d0	d__Bacteria; p__Proteobacteria; c__Gammaproteobacteria; o__Burkholderiales; f__Burkholderiaceae; g__Limnobacter	0.9998955472259854
68291fb3b2558d438da4810961c8d53a	d__Bacteria; p__Acidobacteriota; c__Thermoanaerobaculia; o__Thermoanaerobaculales; f__Thermoanaerobaculaceae; g__Thermoanaerobaculum	0.7058934435446379
685d84c95f351a815c939f64c16bcc76	d__Bacteria; p__Planctomycetota; c__Planctomycetes; o__Planctomycetales; f__Rubinisphaeraceae; g__Planctomicrobium; s__uncultured_soil	0.9932080230013465
686c648104f6227f31e6bd5e1bf0fc7e	d__Bacteria; p__Myxococcota; c__Polyangia; o__Polyangiales; f__Sandaracinaceae; g__uncultured; s__metagenome	0.979449614676
687131d299731a3716917cf1d5f080d4	d__Bacteria; p__Desulfobacterota; c__uncultured; o__uncultured; f__uncultured; g__uncultured	0.9557016442669143
68828f1823ecef48d6ae5be6c777c140	d__Bacteria; p__Acidobacteriota; c__Vicinamibacteria; o__Vicinamibacterales; f__uncultured; g__uncultured; s__uncultured_bacterium	0.9452649680143422
688da689dad3240c96985ec51669c56f	d__Bacteria; p__Gemmatimonadota; c__Gemmatimonadetes; o__Gemmatimonadales; f__Gemmatimonadaceae	0.9999912374501233
6892bf5e83c52a36655c115e95ff7e38	d__Bacteria; p__Actinobacteriota; c__Actinobacteria; o__Corynebacteriales; f__Nocardiaceae; g__Nocardia	0.9999851329445961
689ba6c6e09e629a04a6da2137b026d7	d__Bacteria; p__Acidobacteriota; c__Holophagae; o__Subgroup_7; f__Subgroup_7; g__Subgroup_7	0.9999999195860736
689e7517e9ef63214a0ebbecab5a1302	d__Bacteria; p__Acidobacteriota; c__Vicinamibacteria; o__Vicinamibacterales; f__uncultured; g__uncultured; s__uncultured_Acidobacteriaceae	0.8652077811733931
68ad94fda4a2346b3f909ffacbfe94ba	d__Bacteria; p__Chloroflexi; c__KD4-96; o__KD4-96; f__KD4-96; g__KD4-96; s__uncultured_bacterium	0.9847137355257302
68b37d89e1c3654de984c25c7f7d5f97	d__Bacteria; p__Actinobacteriota; c__Thermoleophilia; o__Solirubrobacterales; f__67-14; g__67-14	0.9992288535619674
68bd55cf0ba41c288c6fc3109a171f2c	d__Bacteria; p__Proteobacteria; c__Alphaproteobacteria; o__Tistrellales; f__Geminicoccaceae; g__uncultured	0.9292380534910638
68ce2ded33894c2467364e02c97bf4d8	d__Bacteria; p__Proteobacteria; c__Gammaproteobacteria; o__Burkholderiales; f__B1-7BS; g__B1-7BS; s__uncultured_beta	0.7836395974803702
68f4459cb6f4f35b55ef6a09f22d5587	d__Bacteria; p__Acidobacteriota; c__Vicinamibacteria; o__Vicinamibacterales; f__uncultured; g__uncultured; s__uncultured_Acidobacteriales	0.8580174066138107
68f7f1e1983b9980e98a8a772da95b90	d__Bacteria; p__Acidobacteriota; c__Vicinamibacteria; o__Vicinamibacterales; f__Vicinamibacteraceae; g__Vicinamibacteraceae; s__uncultured_Acidobacteriaceae	0.8862712796754697
68fb887286eec9a70621601d99502146	d__Bacteria; p__Acidobacteriota; c__Vicinamibacteria; o__Vicinamibacterales; f__uncultured; g__uncultured; s__uncultured_Acidobacteriaceae	0.8742726712960759
6901d4e2a391676ee5eb03b58331bf03	d__Bacteria; p__Gemmatimonadota; c__Gemmatimonadetes; o__Gemmatimonadales; f__Gemmatimonadaceae; g__Gemmatimonas	0.8368327847372227
6907ab809ac81e6ee7edbefad315129d	d__Bacteria; p__Proteobacteria; c__Gammaproteobacteria; o__Xanthomonadales; f__Rhodanobacteraceae; g__uncultured; s__uncultured_soil	0.9107323462450583
69084a2464b82ae18a9445407fe24f94	d__Bacteria; p__Cyanobacteria; c__Sericytochromatia; o__Sericytochromatia; f__Sericytochromatia; g__Sericytochromatia; s__uncultured_bacterium	0.986570075485968
6915fe497dbdc5ffbc4074cbf5eeebda	d__Bacteria; p__Acidobacteriota; c__Thermoanaerobaculia; o__Thermoanaerobaculales; f__Thermoanaerobaculaceae; g__Subgroup_10	0.9999993972168528
69464a35241a9178389a20aeb5e2b3f8	d__Bacteria; p__Myxococcota; c__Polyangia; o__Polyangiales; f__BIrii41; g__BIrii41	0.8840501843102484
69492c3deca5c2f44f41bafcab533d6e	d__Bacteria; p__Patescibacteria; c__Gracilibacteria; o__Gracilibacteria; f__Gracilibacteria; g__Gracilibacteria; s__uncultured_bacterium	0.7006100336489033
694b926113eb8291fea166446890c8fe	d__Bacteria; p__Bacteroidota; c__Bacteroidia; o__Cytophagales; f__Microscillaceae	0.9999999738793629
694ed6a76da9922512d58508b3797e97	d__Bacteria; p__Chloroflexi; c__KD4-96; o__KD4-96; f__KD4-96; g__KD4-96; s__uncultured_bacterium	0.891308096129797
6950b388058273ea20863a5619e1a986	d__Bacteria; p__Gemmatimonadota; c__S0134_terrestrial_group; o__S0134_terrestrial_group; f__S0134_terrestrial_group; g__S0134_terrestrial_group	0.9999984348808968
696d0e408af82b1d806ec7217e779d7f	d__Bacteria; p__Firmicutes; c__Clostridia; o__Clostridia; f__Gracilibacteraceae; g__Lutispora; s__uncultured_bacterium	0.9438311218348169
696fad5a7861d0fca4bb0fc01c536d6b	d__Bacteria; p__Actinobacteriota; c__Acidimicrobiia	0.9988960492133819
697a57b19f67c873bed058c6a18c1e01	d__Bacteria; p__Proteobacteria; c__Gammaproteobacteria; o__Enterobacterales	0.9999618717902774
6983a5edd9aee9384f4ce17ddfa53ca5	d__Bacteria; p__Patescibacteria; c__Parcubacteria; o__Parcubacteria; f__Parcubacteria; g__Parcubacteria; s__uncultured_bacterium	0.9989029514737554
698898af5c00b0303e1196ab73fcd855	d__Bacteria; p__Actinobacteriota; c__Actinobacteria	0.9999992120659333
6988bcc3218d247537f5bc91d9b5a32b	d__Bacteria; p__Myxococcota; c__Polyangia; o__Haliangiales; f__Haliangiaceae; g__Haliangium	0.999988846454344
699e6dfe481c00cdff7ec7f3e634967a	d__Bacteria; p__Planctomycetota; c__Phycisphaerae; o__CCM11a; f__CCM11a; g__CCM11a; s__uncultured_bacterium	0.9014390027578948
699f18f3b155bff97de941f2cfbbbadc	d__Bacteria; p__Actinobacteriota; c__Thermoleophilia; o__Gaiellales; f__Gaiellaceae; g__Gaiella	0.9313219205040056
69a0c6b95f844ebebcf1f23c28fdf850	d__Archaea; p__Thermoplasmatota; c__Thermoplasmata; o__Marine_Group_II; f__Marine_Group_II; g__Marine_Group_II	0.9613063512048874
69a0ff5538a5490e291c75ce70325066	d__Bacteria; p__Proteobacteria; c__Gammaproteobacteria; o__Burkholderiales; f__Comamonadaceae	0.9998560346574551
69b207bdbcb120eb977ebe777248a014	d__Bacteria; p__Myxococcota; c__Polyangia; o__Haliangiales; f__Haliangiaceae; g__Haliangium	0.9988791516344514
69b247c565afdeacee0240482b1ce536	d__Bacteria; p__Chloroflexi; c__Anaerolineae; o__Anaerolineales; f__Anaerolineaceae	0.9998998336390001
69c45b7ea03dc9b4f9ae78d65e757e25	d__Bacteria; p__Gemmatimonadota; c__Gemmatimonadetes; o__Gemmatimonadales; f__Gemmatimonadaceae; g__uncultured	0.7146597898478392
69ca76c6f4f95a8c381637ac29ca08c9	d__Bacteria; p__Planctomycetota; c__Phycisphaerae; o__Phycisphaerales; f__Phycisphaeraceae; g__SM1A02	0.9999983372379552
69d48c9b4b2eaa28703e1ec1e92c1f7f	d__Bacteria; p__Firmicutes; c__Bacilli; o__Bacillales; f__Bacillaceae; g__Bacillus	0.8968556053098188
69ef3a03a4d733dbffd99fdaa1d2e62a	d__Bacteria; p__Verrucomicrobiota; c__Verrucomicrobiae; o__Verrucomicrobiales; f__DEV007; g__DEV007	0.9777748033702486
69f4a221aa7d7bd946bfcc3b79241320	d__Bacteria; p__SAR324_clade(Marine_group_B); c__SAR324_clade(Marine_group_B); o__SAR324_clade(Marine_group_B); f__SAR324_clade(Marine_group_B); g__SAR324_clade(Marine_group_B)	0.972832218770839
69f584d3b9b5aa5d7775fb34a6e14b21	d__Bacteria; p__Planctomycetota; c__Planctomycetes; o__Pirellulales; f__Pirellulaceae; g__uncultured; s__uncultured_bacterium	0.9455902957236118
69fe46cab1cc9407470a2397bfc84103	d__Bacteria; p__Proteobacteria; c__Gammaproteobacteria; o__Burkholderiales; f__Rhodocyclaceae	0.7578665161792792
6a061ed81f13ecbc72988f40ef1927d4	d__Bacteria; p__Verrucomicrobiota; c__Verrucomicrobiae; o__Verrucomicrobiales; f__Rubritaleaceae; g__Luteolibacter	0.8033012395664814
6a0850a730706e316e2b94130d931e78	d__Bacteria; p__Proteobacteria; c__Gammaproteobacteria; o__Cardiobacteriales; f__Cardiobacteriaceae; g__Cardiobacterium	0.999989770704736
6a0a8abb36aa3bfdee14edbe97e9d781	d__Bacteria; p__Bacteroidota; c__Bacteroidia; o__Flavobacteriales; f__Crocinitomicaceae; g__Fluviicola; s__Fluviicola_sp.	0.9100415500594059
6a1bba9fa38b345ecfdc9d44d6dd8727	d__Bacteria; p__Actinobacteriota; c__Actinobacteria; o__Propionibacteriales; f__Nocardioidaceae; g__Nocardioides	0.9512780566831782
6a21af044979c46f6334dec692993d56	d__Bacteria; p__Proteobacteria; c__Gammaproteobacteria; o__Burkholderiales; f__Burkholderiaceae; g__Cupriavidus	0.9789513057737294
6a33d807f2102d8e432040270e2d1db2	d__Bacteria; p__Planctomycetota; c__Planctomycetes; o__Pirellulales; f__Pirellulaceae; g__uncultured; s__uncultured_bacterium	0.8800698513476031
6a3cba4a21404093aea02295feb6d07d	d__Bacteria; p__Planctomycetota; c__OM190; o__OM190; f__OM190; g__OM190; s__planctomycete_A-2	0.9406490945326555
6a412f10fe9b2458d17bfa4ea056225b	d__Bacteria; p__Acidobacteriota; c__Holophagae; o__Subgroup_7; f__Subgroup_7; g__Subgroup_7	0.999999981819256
6a4f633a484f1599735d75217768453f	d__Bacteria; p__Proteobacteria; c__Alphaproteobacteria; o__Rickettsiales; f__Mitochondria; g__Mitochondria	0.9998772465192052
6a5e71c8b86a52ab1dd5e61164103940	d__Bacteria; p__Acidobacteriota; c__Acidobacteriae; o__Bryobacterales; f__Bryobacteraceae; g__Bryobacter	0.8325163560002671
6a6b95c387b3220002b45c07a12db9ae	d__Bacteria; p__Myxococcota; c__Myxococcia; o__Myxococcales; f__Myxococcaceae; g__Archangium	0.7141795357886215
6a6f95eb403d5fc0409aca643a3f8ea0	d__Bacteria; p__Cyanobacteria; c__Vampirivibrionia; o__Vampirovibrionales; f__Vampirovibrionaceae; g__Vampirovibrio; s__uncultured_bacterium	0.7795024237760432
6a829354424dcca1ed003e695677a8dc	d__Bacteria; p__Chloroflexi; c__Chloroflexia; o__Thermomicrobiales; f__JG30-KF-CM45; g__JG30-KF-CM45	0.9996309673433419
6a82a420caa7d529b1d724374b61a8ab	d__Bacteria; p__Cyanobacteria; c__Cyanobacteriia; o__Chloroplast; f__Chloroplast; g__Chloroplast	0.9999858532634919
6a87e1f1db96b4b7eff0f623f4d0a6df	d__Bacteria; p__Myxococcota; c__Polyangia; o__Polyangiales; f__Sandaracinaceae; g__uncultured; s__metagenome	0.9824741128014569
6a88a95a1b4b1a67ba00f92e490bfcf9	d__Bacteria; p__Acidobacteriota; c__Vicinamibacteria; o__Vicinamibacterales; f__uncultured; g__uncultured	0.9999565059628523
6a89602d5c67fbc86d451a0a2f1de657	d__Bacteria; p__Planctomycetota; c__Planctomycetes; o__Pirellulales; f__Pirellulaceae; g__Pirellula	0.9999945506833454
6a8fce3efbde5fac9ec6614435490758	d__Bacteria; p__Myxococcota; c__Polyangia; o__Haliangiales; f__Haliangiaceae; g__Haliangium	0.9999918166803592
6aa04af075cad8e0865e6223992ee3c1	d__Bacteria; p__Acidobacteriota; c__Holophagae; o__Subgroup_7; f__Subgroup_7; g__Subgroup_7; s__metagenome	0.9539453489908143
6aafca2fed509f334894fa66e329c378	d__Archaea; p__Thermoplasmatota; c__Thermoplasmata; o__Marine_Group_II; f__Marine_Group_II; g__Marine_Group_II; s__uncultured_haloarchaeon	0.9010123307686524
6aee9c6722dba7b61f4d3144cc2d0564	d__Bacteria; p__Actinobacteriota; c__Acidimicrobiia; o__Microtrichales; f__Iamiaceae; g__Iamia	0.7052806139999231
6af52fb7867580b89cca39d8160e5060	d__Bacteria; p__Verrucomicrobiota; c__Verrucomicrobiae; o__Chthoniobacterales; f__Chthoniobacteraceae; g__Chthoniobacter; s__uncultured_Verrucomicrobiales	0.703963255561155
6afe805b36f5aa29e7f2096aac42ace1	d__Bacteria; p__Proteobacteria; c__Alphaproteobacteria; o__Rhizobiales; f__Rhizobiales_Incertae_Sedis	0.9973423733781649
6b00380d2909f0c400735fd5ec2b242b	d__Bacteria; p__Firmicutes; c__Bacilli; o__Bacillales; f__Bacillaceae; g__Bacillus	0.9989411382805645
6b0fb59147791c520a20914049732391	d__Bacteria; p__Gemmatimonadota; c__Gemmatimonadetes; o__Gemmatimonadales; f__Gemmatimonadaceae; g__Gemmatimonas	0.7226388462338575
6b1a5c25f4b0589366cc3aedc1ab288d	d__Bacteria; p__Proteobacteria; c__Gammaproteobacteria; o__Cellvibrionales; f__Cellvibrionaceae; g__Cellvibrio	0.9999283503975094
6b28df61cb5dee74b76b1a13aaa0027d	d__Bacteria; p__Verrucomicrobiota; c__Verrucomicrobiae; o__Pedosphaerales; f__Pedosphaeraceae; g__Oikopleura; s__uncultured_bacterium	0.9876036158466096
6b29f330475b669f451dc735bf189f0a	d__Bacteria; p__Proteobacteria; c__Gammaproteobacteria; o__Vibrionales; f__Vibrionaceae; g__Vibrio; s__Vibrio_metschnikovii	0.8111143156118112
6b47ec9d1c70f07d16834e9a4e54aa70	d__Bacteria; p__Firmicutes; c__Clostridia; o__Peptostreptococcales-Tissierellales; f__Peptostreptococcaceae; g__Sporacetigenium	0.99478138275114
6b4834d0ab450a94263a4480157313f6	d__Bacteria; p__Chloroflexi; c__Anaerolineae; o__Ardenticatenales; f__Ardenticatenaceae; g__Ardenticatenaceae; s__uncultured_bacterium	0.962520186731162
6b620c8ca6a4559df6ebadf491dcb932	d__Bacteria; p__Planctomycetota; c__Planctomycetes; o__Pirellulales; f__Pirellulaceae; g__Pirellula	0.9999967739196498
6b660b65a01baa1b86c6fd9a85c034a8	d__Bacteria; p__Verrucomicrobiota; c__Verrucomicrobiae; o__Verrucomicrobiales; f__Rubritaleaceae; g__Luteolibacter	0.9998084199239028
6b6f3fcad476463b13aece12e615052a	d__Bacteria; p__Firmicutes; c__Bacilli; o__Bacillales; f__Bacillaceae; g__Bacillus; s__Bacillus_horti	0.9006623430516472
6b72ef91d8ad9847e80ff73550c069d4	d__Bacteria; p__Acidobacteriota; c__Acidobacteriae; o__Bryobacterales; f__Bryobacteraceae; g__Bryobacter	0.8321185345759712
6b7b4f9d255dd7adac66265ea5f1e79b	d__Bacteria; p__Acidobacteriota; c__Thermoanaerobaculia; o__Thermoanaerobaculales; f__Thermoanaerobaculaceae; g__Subgroup_10; s__metagenome	0.9966909966986542
6b814e9fd451f83aeadae6423789f907	d__Bacteria; p__Planctomycetota; c__OM190; o__OM190; f__OM190; g__OM190; s__uncultured_bacterium	0.9826962085885124
6b81708db23d350633452bf4d1fa93c0	d__Bacteria; p__Proteobacteria; c__Alphaproteobacteria; o__Rhizobiales; f__Rhizobiales_Incertae_Sedis; g__Bauldia	0.7254978522703276
6b85eeeb94f4407887e6caef04f386d5	d__Bacteria; p__Patescibacteria; c__Saccharimonadia; o__Saccharimonadales; f__Saccharimonadales; g__Saccharimonadales; s__candidate_division	0.8269459162781981
6b93aae5c040fcebfab19a21bd7959e9	d__Bacteria; p__Actinobacteriota; c__Acidimicrobiia; o__Microtrichales; f__uncultured; g__uncultured	0.8344804166564694
6b98f7cc8c931dcea517251b6db087f2	d__Bacteria; p__Firmicutes	0.7712009428733678
6b9befafcc5c7b7b97f28d79563725f5	d__Bacteria; p__Myxococcota; c__Polyangia; o__Nannocystales; f__Nannocystaceae; g__uncultured	0.7802941741773347
6ba6ea102bb5cbfc2bc0b5983cb88b6e	d__Bacteria; p__Acidobacteriota; c__Vicinamibacteria; o__Vicinamibacterales; f__Vicinamibacteraceae; g__Vicinamibacteraceae	0.9984603282601997
6bad9d981d3cf0f90262547180dc6371	d__Bacteria; p__Proteobacteria; c__Gammaproteobacteria; o__Enterobacterales	0.9996363185449411
6baf1115f9f630df5107a8a61fceaf73	d__Bacteria; p__Actinobacteriota; c__Thermoleophilia; o__Solirubrobacterales; f__Solirubrobacteraceae; g__Solirubrobacter	0.9358868291512522
6bbd12b392461134369d835715cd2765	d__Bacteria; p__Acidobacteriota; c__Blastocatellia; o__Blastocatellales; f__Blastocatellaceae	0.9999999593556197
6bce807cb68f75eaa28ceb367ade77e3	d__Bacteria; p__Proteobacteria; c__Gammaproteobacteria; o__Salinisphaerales; f__Solimonadaceae; g__Polycyclovorans; s__uncultured_bacterium	0.9321026049796588
6bd522d954586ec9ab62573b224f6c28	d__Bacteria; p__Verrucomicrobiota; c__Verrucomicrobiae; o__Opitutales; f__Opitutaceae; g__Opitutus	0.7453842165181882
6bf47cf0a1c20877a7bae99bf4922a41	d__Bacteria; p__Bacteroidota; c__Bacteroidia; o__Chitinophagales; f__Chitinophagaceae	0.999997833025939
6bfbd9494ec3d0d571305afec2e429be	d__Bacteria; p__Planctomycetota; c__OM190; o__OM190; f__OM190; g__OM190; s__uncultured_bacterium	0.990775640615699
6bfe3b545e84253baa307134157068bd	d__Bacteria; p__Planctomycetota; c__Planctomycetes; o__Pirellulales; f__Pirellulaceae; g__Pirellula; s__uncultured_Pasteuria	0.8415380427957427
6c01cff5f15f3d1a0d08b381b020cebd	d__Bacteria; p__Planctomycetota; c__Planctomycetes; o__Gemmatales; f__Gemmataceae; g__uncultured	0.9936807417244692
6c0217ba7f445c0594531675ec6718da	d__Bacteria; p__Gemmatimonadota; c__Gemmatimonadetes; o__Gemmatimonadales; f__Gemmatimonadaceae; g__uncultured; s__uncultured_Gemmatimonadetes	0.7571614742606055
6c0349e3153a70ef578352800d466f7d	d__Bacteria; p__Acidobacteriota; c__Blastocatellia; o__Pyrinomonadales; f__Pyrinomonadaceae; g__RB41	0.9977777426142291
6c0f28194f01d88ac94a6bcd3935c1cd	d__Bacteria; p__Myxococcota; c__Polyangia; o__Blfdi19; f__Blfdi19; g__Blfdi19; s__uncultured_soil	0.9808899332364376
6c12cd3d8eb07e13ac425acec814cd63	d__Bacteria; p__Proteobacteria; c__Gammaproteobacteria; o__Xanthomonadales; f__Xanthomonadaceae	0.9997647028140856
6c13e6a769e3c6f4570d262502507059	d__Bacteria; p__Chloroflexi; c__Anaerolineae; o__SBR1031; f__SBR1031; g__SBR1031; s__uncultured_bacterium	0.7586725818076983
6c2d7b8b4a75a47580208dce4bf187f4	d__Bacteria; p__SAR324_clade(Marine_group_B); c__SAR324_clade(Marine_group_B); o__SAR324_clade(Marine_group_B); f__SAR324_clade(Marine_group_B); g__SAR324_clade(Marine_group_B)	0.8957413338802528
6c33e63b60227c24202d47b21503ac90	d__Bacteria; p__NB1-j; c__NB1-j; o__NB1-j; f__NB1-j; g__NB1-j; s__uncultured_Desulfuromonadaceae	0.9011753625190013
6c39a96fc74b0944d3f1c21eb9109722	d__Bacteria; p__Gemmatimonadota; c__Gemmatimonadetes; o__Gemmatimonadales; f__Gemmatimonadaceae; g__uncultured	0.9982459588230553
6c3a0ea164d3eb098dd2baac5519b38f	d__Bacteria; p__Myxococcota; c__Myxococcia; o__Myxococcales; f__Myxococcaceae; g__Myxococcus	0.961727043235627
6c4437379ecd2a7aa3c2aa4ed918827f	d__Bacteria; p__Chloroflexi; c__Chloroflexia; o__Kallotenuales; f__AKIW781; g__AKIW781; s__uncultured_bacterium	0.95938999698764
6c476bd424823f738b0d3273ab1bf999	d__Bacteria; p__Actinobacteriota; c__Acidimicrobiia; o__Actinomarinales; f__uncultured; g__uncultured	0.8165575679118016
6c4e7d005cc2e41c11f94e193de9b267	d__Bacteria; p__Acidobacteriota; c__Vicinamibacteria; o__Vicinamibacterales; f__Vicinamibacteraceae; g__Vicinamibacteraceae	0.9999961639901188
6c54ceb94bc5e8fbd65224cffc60990a	d__Bacteria; p__Myxococcota; c__Polyangia; o__Haliangiales; f__Haliangiaceae; g__Haliangium	0.9967205198711286
6c568538823b140b38e2a5769487f084	d__Bacteria; p__Acidobacteriota; c__Vicinamibacteria; o__Vicinamibacterales; f__uncultured; g__uncultured	0.9999568588859005
6c6047d0b9af7415fcbc78c328c2d0c2	d__Bacteria; p__Methylomirabilota; c__Methylomirabilia; o__Rokubacteriales; f__WX65; g__WX65; s__uncultured_bacterium	0.9999143627075139
6c637887eda47831642ec73c54f80bfb	d__Bacteria; p__Myxococcota; c__bacteriap25; o__bacteriap25; f__bacteriap25; g__bacteriap25; s__metagenome	0.9585955962560465
6c667c68e9bb3a8cd982f55ad54a8084	d__Bacteria; p__Acidobacteriota; c__Holophagae; o__Subgroup_7; f__Subgroup_7; g__Subgroup_7; s__uncultured_soil	0.7056236921446397
6c67f4d582b615fb02fb86f1cc231343	d__Bacteria; p__Verrucomicrobiota; c__Verrucomicrobiae; o__Chthoniobacterales; f__Chthoniobacteraceae; g__Candidatus_Udaeobacter	0.9357922059354513
6c685b83d63d6d56a9dcaba34215ae6b	d__Bacteria; p__Proteobacteria; c__Gammaproteobacteria; o__Burkholderiales	0.9968879934656919
6c7167e5efc19f92c70970574023a182	d__Bacteria; p__Planctomycetota; c__Phycisphaerae; o__Tepidisphaerales; f__WD2101_soil_group; g__WD2101_soil_group; s__uncultured_Planctomycetales	0.9016702984982367
6c740ce69c9f45bea684dc9e36054006	d__Bacteria; p__Proteobacteria; c__Gammaproteobacteria; o__Burkholderiales; f__Methylophilaceae; g__Methylotenera	0.9521087101878741
6c997c990a0f99a599eaaa81bda564d3	d__Bacteria; p__Acidobacteriota; c__Vicinamibacteria; o__Vicinamibacterales; f__uncultured; g__uncultured	0.9999191751469518
6ca9280ffb7e51b3f000fb2ed92c11b2	d__Bacteria; p__Patescibacteria; c__Parcubacteria	0.9999609422686109
6cb3309599a75b76d2d54667e2c37606	d__Bacteria; p__Firmicutes; c__Bacilli; o__Lactobacillales; f__Streptococcaceae; g__Lactococcus	0.9999982769585063
6cb77d8c545dfb8425c61d4c936a8a9e	d__Bacteria; p__Proteobacteria; c__Gammaproteobacteria; o__Burkholderiales; f__Nitrosomonadaceae; g__MND1	0.9994227761276577
6cc3af653103ceb71b4db64531701439	d__Bacteria; p__Firmicutes; c__Bacilli; o__Bacillales; f__Bacillaceae; g__Bacillus; s__Bacillus_circulans	0.8088262851103148
6cc8a587797e061f0811c945ec0acc1c	d__Bacteria; p__Firmicutes; c__Negativicutes; o__Veillonellales-Selenomonadales; f__Veillonellaceae; g__Veillonella; s__Veillonella_sp.	0.8761924731774515
6ccee004ca97ba1712f83e57d6f8bbce	d__Bacteria; p__Chloroflexi; c__OLB14; o__OLB14; f__OLB14; g__OLB14	0.9999987692401746
6cd890becaa308fc966b268dda901df4	d__Bacteria; p__Proteobacteria; c__Gammaproteobacteria; o__Steroidobacterales; f__Steroidobacteraceae; g__uncultured	0.9999305158028049
6cd8adfea0263d3c5e76e27287ffb75e	d__Bacteria; p__Cyanobacteria; c__Cyanobacteriia; o__Chloroplast; f__Chloroplast; g__Chloroplast	0.999959898734688
6ceb26f60606233a7728d3457af84380	d__Bacteria; p__Chloroflexi; c__Chloroflexia; o__Chloroflexales; f__Chloroflexaceae; g__FFCH7168; s__uncultured_bacterium	0.9963355050898647
6ced5b507b7842b905bf7d749c428bde	d__Bacteria; p__Methylomirabilota; c__Methylomirabilia; o__Rokubacteriales; f__Rokubacteriales; g__Rokubacteriales; s__uncultured_bacterium	0.9954958732845118
6cf3b7f4213d56871837eb5b7c4d2871	d__Bacteria; p__Gemmatimonadota; c__Gemmatimonadetes; o__Gemmatimonadales; f__Gemmatimonadaceae; g__uncultured	0.8123271506645251
6cf45f6bf10b644db2fcee7a1dee84a3	d__Bacteria; p__Firmicutes; c__Bacilli; o__Paenibacillales; f__Paenibacillaceae; g__Paenibacillus	0.9999970306096538
6cfb979186a8a3617d29542fb358dee4	d__Bacteria; p__Actinobacteriota; c__Acidimicrobiia; o__Actinomarinales; f__Actinomarinales; g__Actinomarinales; s__uncultured_bacterium	0.9370581117591243
6d01f384a1cce140edea17dccd0f116d	d__Bacteria; p__Desulfobacterota; c__Desulfobulbia; o__Desulfobulbales; f__Desulfocapsaceae; g__[Desulfobacterium]_catecholicum_group	0.8091804467562573
6d1226e68c2df15d59e3ee611f363e79	d__Bacteria; p__Chloroflexi; c__Anaerolineae; o__SBR1031; f__A4b; g__A4b	0.9999976592386401
6d1aa1c1f93c423a856a5dd3b62e5c70	d__Bacteria; p__Actinobacteriota; c__Thermoleophilia; o__Gaiellales	0.9999196575504505
6d1d132ef09c84745ca2b623f9bc236c	d__Bacteria; p__Proteobacteria; c__Gammaproteobacteria; o__Xanthomonadales; f__Xanthomonadaceae; g__Pseudoxanthomonas; s__Pseudoxanthomonas_mexicana	0.8122253325797077
6d259236bae9d09487e7882a8ca101f3	d__Bacteria; p__Proteobacteria; c__Alphaproteobacteria; o__Elsterales; f__uncultured; g__uncultured	0.7398135060955245
6d2968fa9a18456ba9678a2109890336	d__Bacteria; p__Firmicutes; c__Bacilli; o__Lactobacillales; f__Aerococcaceae; g__Abiotrophia; s__uncultured_bacterium	0.9931190213618118
6d515c439f8f95f36b00dd31021a7c84	d__Bacteria; p__Cyanobacteria; c__Cyanobacteriia; o__Chloroplast; f__Chloroplast; g__Chloroplast	0.9989962136083523
6d670aa40dafa152c2d59cf2be9bef74	d__Bacteria; p__Bacteroidota; c__Bacteroidia; o__Sphingobacteriales; f__KD3-93; g__KD3-93	0.9989197944667432
6d6b30d94927ab561a5a11664e88134a	d__Bacteria; p__Bacteroidota; c__Bacteroidia; o__Cytophagales; f__Microscillaceae	0.9999998350421999
6d75a2443138f6d0fa77333a00ee88f8	d__Bacteria; p__Planctomycetota; c__Phycisphaerae; o__Tepidisphaerales; f__WD2101_soil_group; g__WD2101_soil_group; s__uncultured_bacterium	0.7856244953682423
6d890f9ca6bd96d42894d5bc9c8d4090	d__Bacteria; p__Acidobacteriota; c__Vicinamibacteria; o__Vicinamibacterales; f__uncultured; g__uncultured	0.9999993991349442
6d928e3bcf520e561a68c86b5f0b47d5	d__Bacteria; p__Gemmatimonadota; c__Gemmatimonadetes; o__Gemmatimonadales; f__Gemmatimonadaceae; g__uncultured	0.9980947950066492
6da0721505804d305f2e62aefae277e5	d__Bacteria; p__Bacteroidota; c__Bacteroidia; o__Chitinophagales; f__Chitinophagaceae; g__Terrimonas	0.9323243782936155
6da184609ca65424342455580cdbde40	d__Bacteria; p__Planctomycetota; c__Planctomycetes; o__Pirellulales; f__Pirellulaceae; g__Pirellula	0.9999933661755016
6da8d91299c2f892b40eb77860843b22	d__Bacteria; p__Planctomycetota; c__OM190; o__OM190; f__OM190; g__OM190; s__uncultured_bacterium	0.84457221398989
6daea5d8373072cebcb17a307caa1e87	d__Bacteria; p__Proteobacteria; c__Gammaproteobacteria; o__Burkholderiales; f__Nitrosomonadaceae; g__MND1	0.9999608656645977
6db76e9824f12d7a2ccad6a65b9ffba4	d__Bacteria; p__Proteobacteria; c__Gammaproteobacteria; o__Salinisphaerales; f__Solimonadaceae; g__Polycyclovorans; s__uncultured_bacterium	0.982135276108656
6dd07fac4ec6bc8bc916589eefd60a45	d__Bacteria; p__Methylomirabilota; c__Methylomirabilia; o__Rokubacteriales; f__Rokubacteriales; g__Rokubacteriales; s__metagenome	0.9307465976608329
6dd4aca081082624d8392687c48cead8	d__Bacteria; p__Bacteroidota; c__Bacteroidia; o__Cytophagales; f__Hymenobacteraceae; g__Adhaeribacter; s__metagenome	0.8975893124770253
6de11656481ec40c53d498dab6648c9f	d__Bacteria; p__Bacteroidota; c__Bacteroidia; o__Chitinophagales; f__Chitinophagaceae; g__Aurantisolimonas; s__uncultured_bacterium	0.7075259053372012
6de2a08e4d206593d0258fb1e7e6c919	d__Bacteria; p__Myxococcota; c__Polyangia; o__Polyangiales; f__Polyangiaceae; g__Pajaroellobacter; s__metagenome	0.8083213811375597
6de95bbe6e1770e67b9ea0864bdc4f8a	d__Bacteria; p__Planctomycetota; c__Planctomycetes; o__Pirellulales; f__Pirellulaceae; g__Pirellula	0.9999563854477711
6df75da9c4bf08086a9ab00f84ce2b21	d__Bacteria; p__Gemmatimonadota; c__S0134_terrestrial_group; o__S0134_terrestrial_group; f__S0134_terrestrial_group; g__S0134_terrestrial_group; s__uncultured_Gemmatimonadetes	0.9068966839758358
6dfe4bbc76b3abfc571def534b5ed57c	d__Bacteria; p__Acidobacteriota; c__Vicinamibacteria; o__Vicinamibacterales; f__Vicinamibacteraceae; g__Vicinamibacteraceae	0.9999910132171607
6e0f4442774b0a56f4ee719182a32393	d__Bacteria; p__Firmicutes; c__Bacilli; o__Thermoactinomycetales; f__Thermoactinomycetaceae; g__Thermoactinomycetaceae; s__Thermoactinomycetaceae_bacterium	0.9992375361503085
6e12996406afe76707d6e21734ee8e41	d__Bacteria; p__Methylomirabilota; c__Methylomirabilia; o__Rokubacteriales; f__Rokubacteriales; g__Rokubacteriales; s__uncultured_bacterium	0.9918046555369829
6e23b31c8646a09dbe0f7fa092af625a	d__Bacteria; p__Gemmatimonadota; c__Gemmatimonadetes; o__Gemmatimonadales; f__Gemmatimonadaceae; g__Roseisolibacter; s__uncultured_Gemmatimonadetes	0.7267205317253412
6e4195e13761175daf33683f6716426e	d__Bacteria; p__Verrucomicrobiota; c__Verrucomicrobiae; o__Chthoniobacterales; f__Chthoniobacteraceae; g__Chthoniobacter; s__uncultured_Xiphinematobacteriaceae	0.7626783271359845
6e463ec2555836bb2b4a27ce8d8a5d3d	d__Bacteria; p__Firmicutes; c__Clostridia; o__Peptococcales; f__Peptococcaceae; g__Desulfitispora; s__uncultured_bacterium	0.9075474987136283
6e52f7e9e5dacd6984d6cbd3526c0f36	d__Bacteria; p__Bdellovibrionota; c__Bdellovibrionia; o__Bdellovibrionales; f__Bdellovibrionaceae; g__Bdellovibrio	0.9972258873834975
6e5415d7c25086136958ebcde52bec79	d__Bacteria; p__Acidobacteriota; c__Vicinamibacteria; o__Vicinamibacterales; f__Vicinamibacteraceae; g__Vicinamibacteraceae	0.9997804471364518
6e61aca3f046ad6927b7540523029c8d	d__Bacteria; p__Acidobacteriota; c__Vicinamibacteria; o__Vicinamibacterales; f__uncultured; g__uncultured	0.9999904725452582
6e6d91985714f47911d1ac021afd112f	d__Bacteria; p__Planctomycetota; c__Planctomycetes; o__Pirellulales; f__Pirellulaceae; g__Pirellula	0.9999822639128526
6e836ee858755c8264cbb3d09f135741	d__Bacteria; p__Planctomycetota; c__Planctomycetes; o__Pirellulales; f__Pirellulaceae; g__Pir4_lineage; s__uncultured_Planctomycetaceae	0.9024842349776454
6e95520302c74f7d8dd7e471160c4544	d__Bacteria; p__Actinobacteriota; c__Thermoleophilia; o__Solirubrobacterales; f__Solirubrobacteraceae; g__Conexibacter	0.7998567912021017
6e9f8f68cd07dbd4d81808a75d1005f2	d__Bacteria; p__Patescibacteria; c__Saccharimonadia; o__Saccharimonadales; f__S32; g__TM7; s__uncultured_bacterium	0.9497635415490744
6e9ff52a34f2fa4b0f9f8ba60b38d2fc	d__Bacteria; p__Proteobacteria; c__Gammaproteobacteria; o__Pseudomonadales; f__Pseudomonadaceae; g__Pseudomonas	0.9829376861531243
6ea13ea414c56b1f4e05363a5519b4a7	d__Bacteria; p__Proteobacteria; c__Gammaproteobacteria; o__Burkholderiales; f__Nitrosomonadaceae; g__MND1	0.943249324393044
6ea85a72999f77ab16d3c37d22f9f969	d__Bacteria; p__Proteobacteria; c__Alphaproteobacteria; o__Rhodobacterales; f__Rhodobacteraceae	0.9999996053839413
6ea967802535847225e89d805b230600	d__Bacteria; p__Chloroflexi; c__Anaerolineae; o__Anaerolineales; f__Anaerolineaceae	0.9999740821175507
6eabeb9efd4c60878583d68bedf452d2	d__Bacteria; p__Chloroflexi; c__Anaerolineae; o__SBR1031; f__SBR1031; g__SBR1031; s__metagenome	0.9804942696721544
6eb91d83d706f8767a0332bfb84191a3	d__Bacteria; p__Bacteroidota; c__Bacteroidia; o__Chitinophagales; f__Chitinophagaceae	0.9999927401518458
6ebd7337219db63af97041e2857cce5f	d__Bacteria; p__Proteobacteria; c__Alphaproteobacteria; o__Rhizobiales	0.9953239847879
6ecd27addd1505ec498dc1b5d4e01b5e	d__Bacteria; p__Myxococcota; c__Polyangia; o__Haliangiales; f__Haliangiaceae; g__Haliangium	0.9987124216389992
6ed759f737a560b92e0dd7893e7cd2ab	d__Bacteria; p__Proteobacteria; c__Gammaproteobacteria	0.9986594104558415
6edaafa6667e5b17225a091a5d102259	d__Bacteria; p__Desulfobacterota; c__Desulfuromonadia; o__PB19; f__PB19; g__PB19; s__uncultured_bacterium	0.985150774261966
6eeb467eca779d4d6a1a1da3c08c3a70	d__Bacteria; p__Patescibacteria; c__Parcubacteria; o__Candidatus_Kaiserbacteria; f__Candidatus_Kaiserbacteria; g__Candidatus_Kaiserbacteria; s__uncultured_bacterium	0.9305347286562029
6f02050760c030ed8cd1ed836697fa6b	d__Bacteria; p__Proteobacteria; c__Gammaproteobacteria; o__Burkholderiales; f__Sutterellaceae; g__uncultured	0.999895094211278
6f0cc02c684f1d7966b791bf0a5eb4a7	d__Bacteria; p__Acidobacteriota; c__Blastocatellia; o__Pyrinomonadales; f__Pyrinomonadaceae; g__RB41	0.999291393151785
6f15945506af67b6b3d1d0484acebb6f	d__Bacteria; p__Proteobacteria; c__Gammaproteobacteria; o__Pseudomonadales; f__Pseudomonadaceae; g__Pseudomonas; s__Pseudomonas_resinovorans	0.9043339255565523
6f196fae54ea90b5c11627c503c98940	d__Bacteria; p__Actinobacteriota; c__Actinobacteria	0.999999816340844
6f4388510be5ea70356f2257d8c57ddf	d__Bacteria; p__Proteobacteria; c__Gammaproteobacteria; o__Burkholderiales; f__Oxalobacteraceae	0.9997681132103368
6f4b2d64596cb1b4bdf28c533601a99b	d__Bacteria; p__Verrucomicrobiota; c__Verrucomicrobiae; o__Pedosphaerales; f__Pedosphaeraceae; g__Ellin516; s__uncultured_bacterium	0.7775606508316016
6f8ded31fc302225f375138ffead0581	d__Bacteria; p__Proteobacteria; c__Gammaproteobacteria; o__Xanthomonadales; f__Xanthomonadaceae	0.9999653136758407
6f97ef1369aaa5dad0a66dcdeeb13b7f	d__Bacteria; p__Acidobacteriota; c__Blastocatellia; o__11-24; f__11-24; g__11-24; s__uncultured_bacterium	0.9822021874225517
6f9cabd1cd49965175b04f47b2cfd933	d__Bacteria; p__Acidobacteriota; c__Vicinamibacteria; o__Vicinamibacterales; f__Vicinamibacteraceae; g__Vicinamibacteraceae	0.9702109387232111
6fa0c89527d3016d5523ee3ffc4e173d	d__Bacteria; p__Myxococcota; c__Polyangia; o__Polyangiales; f__Sandaracinaceae; g__uncultured; s__metagenome	0.9989569204302202
6fa524ca16b08204f410acd0e11af0d5	d__Bacteria; p__Actinobacteriota; c__Actinobacteria; o__Propionibacteriales; f__Nocardioidaceae; g__Nocardioides	0.871374343986977
6faaad2373debff6f88b4796240ef6a5	d__Bacteria; p__Proteobacteria; c__Gammaproteobacteria; o__Burkholderiales; f__Oxalobacteraceae; g__Massilia	0.7246235517414912
6faada99bfc916098bd2ced0495d1613	d__Bacteria; p__Firmicutes; c__Clostridia; o__Peptostreptococcales-Tissierellales; f__Peptostreptococcaceae; g__[Eubacterium]_yurii_group	0.9999547637089328
6fb90a0134ebfd9142703757e14657ea	d__Bacteria; p__Gemmatimonadota; c__Gemmatimonadetes; o__Gemmatimonadales; f__Gemmatimonadaceae; g__uncultured	0.999992339163549
6fc0ba1f8ff8f9259c9d492e59771755	d__Bacteria; p__Proteobacteria; c__Gammaproteobacteria; o__Xanthomonadales; f__Xanthomonadaceae	0.98114401835819
6fd33dc009c6639069882e3619066484	d__Bacteria; p__Bacteroidota; c__Bacteroidia; o__Cytophagales; f__Hymenobacteraceae; g__Adhaeribacter; s__uncultured_soil	0.7214637130289273
6fd762c167ee9c7e7ff792d2e1293f8f	d__Bacteria; p__Firmicutes; c__Bacilli; o__Bacillales; f__Planococcaceae; g__Lysinibacillus	0.9996139016501044
6fd88fa7e883bdead3c5ba89da853e8d	d__Bacteria; p__Chloroflexi; c__Chloroflexia; o__Thermomicrobiales; f__JG30-KF-CM45; g__JG30-KF-CM45	0.9999953804240145
6fda42b473f082d44dec142e5e2805c9	d__Bacteria; p__Actinobacteriota; c__Actinobacteria; o__0319-7L14; f__0319-7L14; g__0319-7L14	0.9738694248088693
6febc47ed3de7eeb2360613ba47a33e2	d__Bacteria; p__Patescibacteria; c__Saccharimonadia; o__Saccharimonadales; f__Saccharimonadales; g__Saccharimonadales	0.8678283767440034
7024443d5578a5215962d5c3e75c8953	d__Bacteria; p__Myxococcota; c__Polyangia; o__Haliangiales; f__Haliangiaceae; g__Haliangium	0.9990475818361514
70316580da83d27fc17c11b4fc76ba65	d__Bacteria; p__Bacteroidota; c__Bacteroidia; o__Flavobacteriales; f__Flavobacteriaceae; g__Flavobacterium	0.9940382463862614
703757a2996a2bae7f0ab8c6b57ff114	d__Bacteria; p__Acidobacteriota; c__Vicinamibacteria; o__Vicinamibacterales; f__uncultured; g__uncultured; s__uncultured_Acidobacteriaceae	0.837418664631196
704189aa09f64b992b3a02ee001dc706	d__Bacteria; p__Proteobacteria; c__Gammaproteobacteria; o__Burkholderiales; f__Comamonadaceae	0.9999866094623456
70438cd3cf5d00402884d6f9555c2875	d__Bacteria; p__Cyanobacteria; c__Sericytochromatia; o__Sericytochromatia; f__Sericytochromatia; g__Sericytochromatia; s__Hyaloperonospora_arabidopsidis	0.9866337623830933
704685234dab691c585cee2788a9e491	d__Bacteria; p__Chloroflexi; c__Dehalococcoidia; o__S085; f__S085; g__S085	0.9999968711171727
705527a69a22bf88df2c8331d6a0d61f	d__Bacteria; p__Proteobacteria; c__Gammaproteobacteria; o__Xanthomonadales; f__Xanthomonadaceae	0.9989601618794954
705ef3dbb0ac9ea88df299e8afc86201	d__Bacteria	0.9999999997207978
706162c8315217b409716e4658319d29	d__Bacteria; p__Proteobacteria; c__Gammaproteobacteria; o__Steroidobacterales; f__Steroidobacteraceae; g__uncultured; s__metagenome	0.9995579321429128
70691c2737cf7dc7c194de819f0e6cda	d__Bacteria; p__Firmicutes; c__Clostridia; o__Christensenellales; f__Christensenellaceae; g__Christensenellaceae_R-7_group	0.9837064031413014
7069cb7e2389c78528efb5aa9051a0bd	d__Bacteria; p__Firmicutes; c__Bacilli; o__Bacillales; f__Bacillaceae; g__Bacillus; s__Bacillus_funiculus	0.9992945368381246
706a1596fbca71f6fecd4f47628925c4	d__Bacteria; p__Chloroflexi; c__Dehalococcoidia; o__S085; f__S085; g__S085; s__metagenome	0.754220128374978
707182dc1612f2091985bd290620990a	d__Bacteria; p__Planctomycetota; c__OM190; o__OM190; f__OM190; g__OM190; s__planctomycete_A-2	0.8473985720643088
70757fc527a3d039f76b2e6230ae84be	d__Bacteria; p__Actinobacteriota; c__Thermoleophilia; o__Gaiellales; f__Gaiellaceae; g__Gaiella; s__uncultured_actinobacterium	0.9046377076608457
707e2d4ff8cbe32e9b958bef88493598	d__Bacteria; p__Planctomycetota; c__Planctomycetes; o__Pirellulales; f__Pirellulaceae	0.9999088755903396
7083eeb750655b90fd6ee7d70cd78ffa	d__Bacteria; p__Acidobacteriota; c__Subgroup_25; o__Subgroup_25; f__Subgroup_25; g__Subgroup_25; s__uncultured_Acidobacteria	0.756041915166556
7088c6bb4fae376073bbdc23011bc780	d__Bacteria; p__Nitrospirota; c__Nitrospiria; o__Nitrospirales; f__Nitrospiraceae; g__Nitrospira	0.9999999998102752
708a7b385202561dcd134e3d347713e2	d__Bacteria; p__Planctomycetota; c__Phycisphaerae; o__Tepidisphaerales; f__Tepidisphaeraceae; g__Tepidisphaera; s__uncultured_bacterium	0.9994493526245734
709d44ffc5f7e318379da1af309421de	d__Bacteria; p__Acidobacteriota; c__Vicinamibacteria; o__Vicinamibacterales; f__uncultured; g__uncultured	0.9999889575959728
709fbd192e651dee1bedc38990ee40e2	d__Bacteria; p__Firmicutes; c__Bacilli; o__Bacillales; f__Salisediminibacteriaceae; g__Salipaludibacillus; s__Bacillus_polygoni	0.8892743451444118
70a3dd01c22c6ddec7bb2cf649c3819f	d__Bacteria; p__Proteobacteria; c__Gammaproteobacteria; o__Pseudomonadales; f__Pseudomonadaceae; g__Pseudomonas	0.9997691200378942
70a6434ac29ffb2947c875c35e511d89	d__Bacteria; p__Verrucomicrobiota; c__Verrucomicrobiae; o__Pedosphaerales; f__Pedosphaeraceae; g__Pedosphaeraceae; s__uncultured_soil	0.9495526254555163
70ba2a378ebcd9a8f57b024a561cc6b1	d__Bacteria; p__Bacteroidota; c__Bacteroidia; o__Chitinophagales; f__Chitinophagaceae	0.9999999013929394
70bfc9406d9512b293ac3648b82d430b	d__Bacteria; p__Acidobacteriota; c__Blastocatellia; o__Pyrinomonadales; f__Pyrinomonadaceae; g__RB41	0.9999398773538729
70ca5fd65533a10197c5c18bf1aef705	d__Bacteria; p__Firmicutes; c__Bacilli; o__Bacillales; f__Bacillaceae; g__Bacillus	0.9976504389249169
70d85a3d396d0ab92dbdcee6e3c05ad0	d__Bacteria; p__Acidobacteriota; c__Acidobacteriae; o__Acidobacteriales	0.9998038459400274
70dfbac82e55a92c83b323b60ff7a71e	d__Bacteria; p__Proteobacteria; c__Gammaproteobacteria; o__Cellvibrionales; f__Halieaceae; g__OM60(NOR5)_clade; s__uncultured_soil	0.9932964874760585
70e592a85764801b543fc510a0d52b5e	d__Bacteria; p__Patescibacteria; c__Parcubacteria; o__Candidatus_Moranbacteria; f__Candidatus_Moranbacteria; g__Candidatus_Moranbacteria; s__uncultured_soil	0.986345998494824
70f89d2508713d74a4897f5bf30f384a	d__Bacteria; p__Planctomycetota; c__Planctomycetes; o__Gemmatales; f__Gemmataceae; g__uncultured; s__uncultured_soil	0.9353731127239515
70f98348ad133495268a6faaecc5a7ad	d__Bacteria; p__Acidobacteriota; c__Holophagae; o__Subgroup_7; f__Subgroup_7; g__Subgroup_7	0.9999992229275706
70fe1893ebeebbe9b6014465efce945c	d__Bacteria; p__Chloroflexi; c__Anaerolineae; o__Anaerolineales; f__Anaerolineaceae; g__uncultured; s__uncultured_Anaerolineaceae	0.7217381608427591
710324ccc8cafa6fc9b38baf8299d8aa	d__Bacteria; p__Proteobacteria; c__Gammaproteobacteria; o__Burkholderiales; f__Comamonadaceae	0.9999989944193355
710842f4325dd6afe92d2cfbd7c41063	d__Bacteria; p__Actinobacteriota; c__Acidimicrobiia; o__Actinomarinales; f__uncultured; g__uncultured	0.9978597892747663
710a720782ee49d0dcd61b98f066576c	d__Bacteria; p__Actinobacteriota; c__Acidimicrobiia; o__Microtrichales; f__Iamiaceae; g__Iamia	0.8037740268836633
7116357f32127f1bf8e951713893ae89	d__Bacteria; p__Bacteroidota; c__Bacteroidia; o__Chitinophagales; f__Saprospiraceae; g__uncultured	0.9999881823228828
7119464a0c00106a1eb69f989e23fd20	d__Bacteria; p__Planctomycetota; c__Planctomycetes; o__Gemmatales; f__Gemmataceae; g__Gemmata	0.9997817620363678
712008447dc8d7457043d3ca89549a64	d__Bacteria; p__Gemmatimonadota; c__S0134_terrestrial_group; o__S0134_terrestrial_group; f__S0134_terrestrial_group; g__S0134_terrestrial_group; s__uncultured_bacterium	0.9915779073353008
712bf168d492f425bc7597596e8952da	d__Bacteria; p__Proteobacteria; c__Alphaproteobacteria; o__Acetobacterales; f__Acetobacteraceae	0.999654952178563
71384b93103880f3d5197564df1b65e6	d__Bacteria; p__Acidobacteriota; c__Vicinamibacteria; o__Vicinamibacterales; f__uncultured; g__uncultured	0.999973318362997
71495deeee600827d0164b8acf2ff109	d__Bacteria; p__Patescibacteria; c__Parcubacteria; o__Candidatus_Azambacteria; f__Candidatus_Azambacteria; g__Candidatus_Azambacteria; s__uncultured_bacterium	0.9721601158058447
71533beba848475bedcc0600ecd37074	d__Bacteria; p__Firmicutes; c__Bacilli; o__Bacillales; f__Salisediminibacteriaceae; g__Salipaludibacillus; s__Bacillus_cellulosilyticus	0.9951196352965386
7155cd9f5e94d88965474933726f5ad4	d__Bacteria; p__Verrucomicrobiota; c__Verrucomicrobiae; o__Pedosphaerales; f__Pedosphaeraceae; g__uncultured	0.9952586166521806
715eef94c090c0282642e7e288f42b03	d__Bacteria; p__Myxococcota; c__bacteriap25; o__bacteriap25; f__bacteriap25; g__bacteriap25	0.7603195143365312
71622857736b7fbbdeab2a65e404a64c	d__Bacteria; p__Chloroflexi; c__Anaerolineae; o__SBR1031; f__SBR1031; g__SBR1031; s__uncultured_Caldilineaceae	0.8202216105153628
71634159e870dcdf26e120d5a918599e	d__Bacteria; p__Actinobacteriota; c__Actinobacteria; o__Propionibacteriales; f__Nocardioidaceae; g__Nocardioides	0.9976478112115754
71699d59413e98ad9367518d3a966428	d__Bacteria; p__Acidobacteriota; c__Holophagae; o__Subgroup_7; f__Subgroup_7; g__Subgroup_7	0.9999999643644166
716e8b2fb4fd72a382314ea4358a43a4	d__Bacteria; p__Myxococcota; c__Myxococcia; o__Myxococcales; f__Myxococcaceae; g__P3OB-42; s__uncultured_bacterium	0.9161456827745451
717068a378d23ea5ad475cb6dc908ae3	d__Bacteria; p__Planctomycetota; c__Planctomycetes; o__Gemmatales; f__Gemmataceae; g__uncultured; s__uncultured_bacterium	0.9925849154761692
7174a1edea2f0a0193fba082e1361576	d__Bacteria; p__Patescibacteria; c__Parcubacteria; o__Candidatus_Azambacteria; f__Candidatus_Azambacteria; g__Candidatus_Azambacteria	0.9757708693903728
719613fd61436014171596429e2be469	d__Bacteria; p__Proteobacteria; c__Gammaproteobacteria; o__Burkholderiales; f__Comamonadaceae; g__Curvibacter	0.9879059599467078
7196a6c9690462dc24d5638296e9aea4	d__Bacteria; p__Actinobacteriota; c__Thermoleophilia; o__Gaiellales; f__uncultured; g__uncultured; s__metagenome	0.9830553800721393
71a9aa76c2a6ee45c13b8cf7fe772849	d__Bacteria; p__Proteobacteria; c__Alphaproteobacteria; o__Acetobacterales; f__Acetobacteraceae	0.999973771626409
71b36f56a2f836118f43d1985e7fe43c	d__Bacteria; p__Actinobacteriota; c__Acidimicrobiia; o__Microtrichales; f__Ilumatobacteraceae; g__Ilumatobacter	0.9979525001508752
71c1cad504bdf86f85592f8c28e096c0	d__Bacteria; p__Bacteroidota; c__Bacteroidia; o__Flavobacteriales; f__Weeksellaceae; g__Chryseobacterium	0.999248838753909
71cdbb39d90bd354b828f27f3cac04cc	d__Bacteria; p__Verrucomicrobiota; c__Verrucomicrobiae; o__Chthoniobacterales; f__Chthoniobacteraceae; g__Chthoniobacter	0.8880946887321419
71ce468d68b478d1f8250898ec594734	d__Bacteria; p__Proteobacteria; c__Gammaproteobacteria; o__Burkholderiales; f__Comamonadaceae	0.9998783295811843
71d8589ce39a6744621810a2cf6d8208	d__Bacteria; p__Gemmatimonadota; c__Gemmatimonadetes; o__Gemmatimonadales; f__Gemmatimonadaceae; g__uncultured	0.9999889894852578
71ee68ef8428926f4f3fe96fd20bda08	d__Bacteria; p__Actinobacteriota; c__Acidimicrobiia; o__uncultured; f__uncultured; g__uncultured	0.9979913274421224
71f86c04a65b59e1148af233e30c1426	d__Bacteria; p__Proteobacteria; c__Alphaproteobacteria; o__Micavibrionales; f__uncultured; g__uncultured; s__uncultured_bacterium	0.8762953460547653
72055e654acd716fa77835f6feb994d0	d__Bacteria; p__Planctomycetota; c__Phycisphaerae; o__Pla1_lineage; f__Pla1_lineage; g__Pla1_lineage; s__uncultured_bacterium	0.9970160227235738
7207a00b70c10fe5f9e3d34993cb9ecc	d__Bacteria; p__Acidobacteriota; c__Thermoanaerobaculia; o__Thermoanaerobaculales; f__Thermoanaerobaculaceae; g__Subgroup_10; s__uncultured_bacterium	0.7057122788853148
72194ca726682ee70a3a8feded51250f	d__Bacteria; p__Acidobacteriota; c__Blastocatellia; o__Pyrinomonadales; f__Pyrinomonadaceae; g__RB41	0.952983777376558
7220920fb527a5f1a8bf54958677f738	d__Bacteria; p__Firmicutes; c__Bacilli; o__Paenibacillales; f__Paenibacillaceae; g__Paenibacillus	0.9988220703834573
7221ff4d231eff166f34f77a743180e3	d__Bacteria; p__Verrucomicrobiota; c__Verrucomicrobiae; o__Pedosphaerales; f__Pedosphaeraceae; g__Pedosphaeraceae; s__uncultured_subdivision	0.7403270675350231
722dd3950a1c0c3b2947a91ca56feef4	d__Bacteria; p__Actinobacteriota; c__Acidimicrobiia; o__uncultured; f__uncultured; g__uncultured	0.8709485171468365
722f29a4b5464b085b3bf17f4b8bbea4	d__Bacteria; p__Firmicutes	0.9906737636605811
723b3b086667f3914daa62c7c4c250f2	d__Bacteria; p__Actinobacteriota; c__Actinobacteria; o__0319-7L14; f__0319-7L14; g__0319-7L14	0.8022687248959108
72581103378a0e3ddb867efd50fb5eae	d__Bacteria; p__Myxococcota; c__Myxococcia; o__Myxococcales; f__Myxococcaceae	0.9999521732778857
72595f35aea475da3fcdb020e38a22a3	d__Bacteria; p__Actinobacteriota; c__Actinobacteria; o__Micrococcales; f__Microbacteriaceae; g__Agromyces	0.9968910912063703
725c52a07b136d1679839654ea3d9d2b	d__Bacteria; p__Acidobacteriota; c__Vicinamibacteria; o__Vicinamibacterales; f__uncultured; g__uncultured; s__uncultured_soil	0.913592434436697
728d33205c096df9b21ab52057102e7e	d__Bacteria; p__Bacteroidota; c__Bacteroidia; o__Cytophagales; f__Hymenobacteraceae; g__Pontibacter	0.9989330353636288
729458d6ad69a47f14ec71440cf4d497	d__Bacteria; p__Chloroflexi; c__Chloroflexia; o__Thermomicrobiales; f__JG30-KF-CM45; g__JG30-KF-CM45; s__uncultured_Chloroflexi	0.9273866812018192
729646f143dc79c4a971fe7faedc3594	d__Bacteria; p__Actinobacteriota; c__Actinobacteria; o__Propionibacteriales; f__Nocardioidaceae; g__Nocardioides; s__Nocardioides_islandensis	0.8989046363125369
72a804e202bfe41e3c51dcfaa526a629	d__Bacteria; p__Desulfobacterota	0.988333867725594
72b2f7f7295ff1d5a1b62ea9e37f3adf	d__Bacteria; p__Planctomycetota; c__Planctomycetes; o__Pirellulales; f__Pirellulaceae; g__uncultured; s__uncultured_bacterium	0.710219198826406
72b3ffd2cd883f90fc40a2a568011077	d__Bacteria; p__Proteobacteria; c__Gammaproteobacteria; o__Enterobacterales	0.9999985083500991
72bb32a0a8509aa111e85a9d00cc2edb	d__Bacteria; p__Bdellovibrionota; c__Oligoflexia; o__Oligoflexales; f__Oligoflexales; g__Oligoflexus; s__uncultured_bacterium	0.891072711802501
72c01be7380f71b08c1530600841bdc8	d__Bacteria; p__Proteobacteria; c__Gammaproteobacteria; o__Xanthomonadales; f__Xanthomonadaceae; g__Lysobacter	0.9856804542560277
72e630f4e2d37fd0dd63290d80a93fbd	d__Bacteria; p__Chloroflexi; c__Chloroflexia; o__Chloroflexales; f__Herpetosiphonaceae; g__Herpetosiphon; s__uncultured_Chloroflexi	0.9373973391613891
72e8d6a39c9418c6792ce81c1646094a	d__Bacteria; p__Firmicutes; c__Bacilli; o__Bacillales; f__Bacillaceae; g__Bacillus	0.9137216841368427
72f92361ec0696cb8df985b93d277a25	d__Bacteria; p__Acidobacteriota; c__Blastocatellia; o__Blastocatellales; f__Blastocatellaceae	0.9999999944246476
7307a6b57afa21be5a0bff4cfe11448d	d__Bacteria; p__Actinobacteriota; c__Acidimicrobiia; o__Microtrichales; f__Ilumatobacteraceae; g__uncultured; s__metagenome	0.7973144737598876
730de992ca06a95e7193a93146a97cf2	d__Bacteria; p__Proteobacteria; c__Gammaproteobacteria; o__Burkholderiales; f__Comamonadaceae; g__Comamonas; s__Comamonas_aquatica	0.7366997725332314
73114f9ab02205c7ab86c832268ab922	d__Bacteria; p__Acidobacteriota; c__Vicinamibacteria; o__Vicinamibacterales; f__uncultured; g__uncultured	0.9583600917734799
7314da3c7ecdfd66b9ceb94cd725db2f	d__Bacteria; p__Chloroflexi; c__TK10; o__TK10; f__TK10; g__TK10	0.9999033389561729
73225f4fc30cea3a2ecf3e25707ab7e7	d__Bacteria; p__Acidobacteriota; c__Blastocatellia; o__Pyrinomonadales; f__Pyrinomonadaceae; g__RB41	0.9938232796377504
733ef9737b3f9261ea0a4d5b24168c10	d__Bacteria; p__Chloroflexi; c__Chloroflexia; o__Thermomicrobiales; f__AKYG1722; g__AKYG1722; s__uncultured_soil	0.9984998514192356
733fc35e83603a5d121dc2eead848f8c	d__Bacteria; p__Actinobacteriota; c__Rubrobacteria; o__Rubrobacterales; f__Rubrobacteriaceae; g__Rubrobacter	0.9999999921420176
7360ea91499b0ea47d90ee28861167dd	d__Bacteria; p__Actinobacteriota; c__Thermoleophilia; o__uncultured; f__uncultured; g__uncultured; s__uncultured_bacterium	0.9987701992509568
7361f949b7a1c30bd2c90da0b354cf18	d__Bacteria; p__Bacteroidota; c__Bacteroidia; o__Cytophagales; f__Hymenobacteraceae; g__Pontibacter	0.9990757335827967
73689cad6eb4e86d9d0bb48c0da24463	d__Bacteria; p__Firmicutes; c__Clostridia; o__Clostridiales; f__Clostridiaceae; g__Clostridium_sensu_stricto_1	0.988244694549383
737534fc2b1c0008bd836966ea6f0673	d__Bacteria; p__Proteobacteria; c__Gammaproteobacteria; o__Alteromonadales; f__Alteromonadaceae; g__Rheinheimera	0.9938540795018275
73847ac2778d4cba27fe9758ca129d6c	d__Bacteria	0.9999999882929704
73855989356a5a40b93c63dc9cef4ea8	d__Bacteria; p__Proteobacteria; c__Gammaproteobacteria; o__CCD24; f__CCD24; g__CCD24	0.9999733447885916
738cb2566f14e5dc5c45cc68fce05a39	d__Bacteria; p__Bacteroidota; c__Bacteroidia; o__Flavobacteriales; f__Weeksellaceae; g__Chryseobacterium	0.9998074470161756
73a95b6ba34fcd260989d848fe15d377	d__Bacteria; p__Patescibacteria; c__Parcubacteria; o__Parcubacteria; f__Parcubacteria; g__Parcubacteria; s__uncultured_bacterium	0.9830869342325197
73c7563be075d5982b4e974e9c48066d	d__Bacteria; p__Desulfobacterota; c__uncultured; o__uncultured; f__uncultured; g__uncultured; s__uncultured_bacterium	0.7755134117723497
73d8d8f999acfa13cba2277f7526897e	d__Bacteria; p__Proteobacteria; c__Gammaproteobacteria; o__Burkholderiales; f__Burkholderiaceae	0.7440488066208784
73de99a78c7cd5529b8154ae1f6b9358	d__Bacteria; p__Acidobacteriota; c__Holophagae; o__Subgroup_7; f__Subgroup_7; g__Subgroup_7	0.9999998676083363
73f420e7a11af9afa4e4af4a7b47d107	d__Bacteria; p__Chloroflexi; c__Anaerolineae; o__Caldilineales; f__Caldilineaceae; g__Litorilinea; s__uncultured_Chloroflexi	0.7596206937419416
7402aa21ed2f6213c887083977a8d1f5	d__Bacteria; p__Gemmatimonadota; c__S0134_terrestrial_group; o__S0134_terrestrial_group; f__S0134_terrestrial_group; g__S0134_terrestrial_group; s__uncultured_Gemmatimonadetes	0.822719290372691
7412d11595d77f26792071cd28a26760	d__Bacteria; p__Verrucomicrobiota; c__Verrucomicrobiae; o__Opitutales; f__Opitutaceae	0.9999999994963912
74148bfc587212beb64be4cd57c6c9e4	d__Bacteria; p__Acidobacteriota; c__Vicinamibacteria; o__Vicinamibacterales; f__uncultured; g__uncultured; s__uncultured_Acidobacteriaceae	0.7418851423151264
7419cc69e44e6b85f306d68831c0375f	d__Bacteria; p__Patescibacteria; c__Saccharimonadia; o__Saccharimonadales; f__Saccharimonadaceae; g__TM7x	0.9811139531050805
74251912dc96fda297cdf1265dd3ec6f	d__Bacteria; p__Chloroflexi; c__Anaerolineae; o__Caldilineales; f__Caldilineaceae; g__Litorilinea; s__uncultured_bacterium	0.9838586440262787
74366218a57245749701308ff4233724	d__Bacteria; p__Acidobacteriota; c__Vicinamibacteria; o__Vicinamibacterales; f__Vicinamibacteraceae; g__Vicinamibacteraceae	0.9993619389408769
743859a7946f537daa8c3626564204a7	d__Bacteria; p__Acidobacteriota; c__Holophagae; o__Subgroup_7; f__Subgroup_7; g__Subgroup_7	0.9999999863238798
743e817ee707dea7e822449d74e04b7c	d__Bacteria; p__Chloroflexi; c__Chloroflexia; o__Thermomicrobiales; f__JG30-KF-CM45; g__JG30-KF-CM45; s__uncultured_bacterium	0.9529852847686836
745e7d73e81e80537fbbee4ff4371383	d__Bacteria; p__Myxococcota; c__bacteriap25; o__bacteriap25; f__bacteriap25; g__bacteriap25	0.9757684615040297
745e883c1f8da6ce208cc07af0536beb	d__Bacteria; p__Planctomycetota; c__Planctomycetes; o__Pirellulales; f__Pirellulaceae; g__Pirellula; s__uncultured_Pasteuria	0.8573627025235285
748143d9db6145e84910d89763cd6444	d__Bacteria; p__Acidobacteriota; c__Thermoanaerobaculia; o__Thermoanaerobaculales; f__Thermoanaerobaculaceae; g__Subgroup_10; s__uncultured_Holophaga	0.9501944856573366
74a9e7833b86019362d57fc999a200e3	d__Bacteria; p__Acidobacteriota; c__Vicinamibacteria; o__Vicinamibacterales; f__Vicinamibacteraceae; g__Luteitalea	0.7313010970367358
74b54291214725e3a847452e75d1ad22	d__Bacteria; p__Acidobacteriota; c__Vicinamibacteria; o__Vicinamibacterales; f__uncultured; g__uncultured; s__uncultured_Acidobacteriaceae	0.7100789173181069
74bf3a40d184f1b0b49b4c5682a42052	d__Bacteria; p__Latescibacterota; c__Latescibacterota; o__Latescibacterota; f__Latescibacterota; g__Latescibacterota; s__metagenome	0.8584355985202218
74bf8da693e2404777bee9999236b2e7	d__Bacteria; p__Acidobacteriota; c__Vicinamibacteria; o__Vicinamibacterales; f__Vicinamibacteraceae; g__Vicinamibacteraceae	0.9999303571488176
74dec7e1f72095cc701db5eb2bc3e707	d__Bacteria; p__Acidobacteriota; c__Vicinamibacteria; o__Vicinamibacterales; f__uncultured; g__uncultured; s__uncultured_Acidobacteriaceae	0.8253578565954113
74e88e71e9929b1ddfcafccfab3b7bba	d__Bacteria; p__Planctomycetota; c__Planctomycetes; o__Gemmatales; f__Gemmataceae; g__Telmatocola; s__metagenome	0.9442562785813698
74eb0ddf379b00c5032b18fb9fbf1f32	d__Bacteria; p__Acidobacteriota; c__Blastocatellia; o__Pyrinomonadales; f__Pyrinomonadaceae; g__RB41	0.9984091636430572
74eb7686c95ab138c2a0603fa4ef0d59	d__Bacteria; p__Myxococcota; c__Myxococcia; o__Myxococcales; f__Myxococcaceae	0.9999841400084507
74f4e93263a17c796498be1ea4b0e2e4	d__Bacteria; p__Actinobacteriota; c__Coriobacteriia; o__Coriobacteriales; f__Atopobiaceae; g__Atopobium	0.837564849764194
75125ab7a47fbc6e661cafcb28ada706	d__Bacteria; p__Actinobacteriota; c__Actinobacteria; o__Kineosporiales; f__Kineosporiaceae; g__Quadrisphaera	0.7968923646206373
752338b5f5e0fb80eb98872df53381b4	d__Bacteria; p__Proteobacteria; c__Gammaproteobacteria; o__Xanthomonadales; f__Xanthomonadaceae; g__Arenimonas	0.7378903367003466
75260b1d9c9a1c35987379a4ad80e9c6	d__Bacteria; p__Patescibacteria; c__Saccharimonadia; o__Saccharimonadales; f__LWQ8; g__LWQ8	0.7584771630465034
755afd64bc046f450f039ee951c415ae	d__Bacteria; p__Patescibacteria; c__Saccharimonadia; o__Saccharimonadales; f__Saccharimonadaceae; g__TM7a; s__uncultured_bacterium	0.8194475121040642
755c5adab597d44a4142cdc8693d8733	d__Bacteria; p__Actinobacteriota; c__Thermoleophilia; o__uncultured; f__uncultured; g__uncultured; s__uncultured_bacterium	0.995521421938122
75644d031662359280ac53d43ca9bd62	d__Bacteria; p__Actinobacteriota; c__Actinobacteria; o__Euzebyales; f__Euzebyaceae; g__uncultured; s__uncultured_bacterium	0.9116624269000533
75706e79bea5c2862574a57439cac053	d__Bacteria; p__Planctomycetota; c__Phycisphaerae; o__Phycisphaerales; f__Phycisphaeraceae; g__SM1A02	0.9999972093405178
7584dd9be0800209380e0a60ba0bce5d	d__Bacteria; p__Bacteroidota; c__Bacteroidia; o__Chitinophagales; f__Chitinophagaceae; g__Parasegetibacter; s__Parasegetibacter_luojiensis	0.9031812430358197
75891cb6fc057109e59b52f0c044bc40	d__Bacteria; p__Planctomycetota; c__Planctomycetes; o__Pirellulales; f__Pirellulaceae; g__uncultured; s__uncultured_bacterium	0.7482423883635756
758e9a7dd189edb6e1ae65bf4201ae06	d__Bacteria; p__Actinobacteriota; c__Actinobacteria; o__Streptomycetales; f__Streptomycetaceae; g__Streptomyces	0.8224604320692925
75970fc46fc2e60fdb7b4095e2d3d5f4	d__Bacteria; p__Actinobacteriota; c__Thermoleophilia; o__Gaiellales; f__Gaiellaceae; g__Gaiella	0.8719231779534882
759a1e975ec71a280323af0dccda0c3c	d__Bacteria; p__Firmicutes; c__Bacilli; o__Entomoplasmatales; f__type_III; g__type_III; s__uncultured_Mollicutes	0.9999963048173217
759c20483f0a42d30119bd627bf3fb50	d__Bacteria; p__Gemmatimonadota; c__Gemmatimonadetes; o__Gemmatimonadales; f__Gemmatimonadaceae; g__Gemmatimonas	0.8835573665603684
759c909adf5ffdca4c546a531dd6be67	d__Bacteria; p__Entotheonellaeota; c__Entotheonellia; o__Entotheonellales; f__Entotheonellaceae; g__Entotheonellaceae; s__uncultured_bacterium	0.8903716448145322
75a5cb7e38a43b96187b351580ce454e	d__Bacteria; p__Proteobacteria; c__Gammaproteobacteria; o__Alteromonadales; f__Shewanellaceae; g__Shewanella	0.999958279818127
75ab4adae51c2ed8559a9ca8bd4ae252	d__Bacteria; p__Planctomycetota; c__OM190; o__OM190; f__OM190; g__OM190; s__uncultured_bacterium	0.8470547193906105
75b0011a2cf61829f7ec2157560d49df	d__Bacteria; p__Proteobacteria; c__Gammaproteobacteria; o__Burkholderiales; f__Nitrosomonadaceae; g__MND1	0.9986127954597486
75b71dc3ccb2df769f19671a522dcb6a	d__Bacteria; p__Proteobacteria; c__Gammaproteobacteria; o__Xanthomonadales; f__Rhodanobacteraceae; g__Ahniella; s__uncultured_bacterium	0.7218681974847501
75bc5f24d159adfd12f88609d8c910fa	d__Bacteria; p__Actinobacteriota; c__MB-A2-108; o__MB-A2-108; f__MB-A2-108; g__MB-A2-108; s__uncultured_bacterium	0.9150987777029941
75cf40872201f150cb5b191676f64b78	d__Bacteria; p__Proteobacteria; c__Alphaproteobacteria; o__Rhizobiales; f__Xanthobacteraceae; g__uncultured	0.9344301886720463
75da7de491ae52f62e2669335e311822	d__Bacteria; p__Firmicutes	0.8975889900135866
75ede3088e83855eb4d8e315ae2a207b	d__Bacteria; p__Entotheonellaeota; c__Entotheonellia; o__Entotheonellales; f__Entotheonellaceae; g__Entotheonellaceae	0.9999999909994686
75fc4473415e3d4d464b3dd3848929d8	d__Bacteria; p__Acidobacteriota; c__Vicinamibacteria; o__Subgroup_17; f__Subgroup_17; g__Subgroup_17; s__uncultured_Acidobacteria	0.9144601638228187
760bf9496aa3038edf8f5cb8d18b88f2	d__Bacteria; p__Myxococcota; c__Polyangia; o__Blfdi19; f__Blfdi19; g__Blfdi19; s__Anaeromyxobacter_dehalogenans	0.9617725241845784
761a1956645785f4c4a60c07809744f3	d__Bacteria; p__Planctomycetota; c__Planctomycetes; o__Planctomycetales; f__Rubinisphaeraceae; g__SH-PL14	0.9999981578140325
764cc24b248ea41f0b00813208a81d26	d__Bacteria; p__Bacteroidota; c__Bacteroidia; o__Cytophagales; f__Cytophagaceae; g__Cytophaga; s__uncultured_Bacteroidetes	0.9834481036544681
764cf0f9705865223cab70d7aa0e022f	d__Bacteria; p__Acidobacteriota; c__Vicinamibacteria; o__Vicinamibacterales; f__Vicinamibacteraceae; g__Vicinamibacteraceae; s__uncultured_organism	0.9602208830325286
764e6ae0b415a0028c1455a270566eeb	d__Bacteria; p__Bacteroidota; c__Bacteroidia; o__Cytophagales; f__Microscillaceae; g__Ohtaekwangia; s__metagenome	0.7682518974976541
76525ae26aca45b0c71e36d97d627e8f	d__Bacteria; p__Planctomycetota; c__Planctomycetes; o__Gemmatales; f__Gemmataceae; g__uncultured	0.9842323436198689
765d6517a0880421fccad24a094e1934	d__Bacteria; p__Proteobacteria; c__Gammaproteobacteria; o__Burkholderiales; f__Comamonadaceae	0.9994009315689605
7664def78ae91ddf2866fa8e5eb74524	d__Bacteria; p__Actinobacteriota; c__Actinobacteria; o__Frankiales; f__Nakamurellaceae; g__Nakamurella	0.9480779995664108
767042b4b19d8bfaaa426dad7dbce378	d__Bacteria; p__Verrucomicrobiota; c__Verrucomicrobiae; o__Chthoniobacterales; f__Terrimicrobiaceae; g__Terrimicrobium	0.775540030048298
767c1bc93193336912e1a902b040485b	d__Bacteria; p__Actinobacteriota; c__Actinobacteria; o__Streptosporangiales; f__Thermomonosporaceae; g__Actinocorallia	0.9995689772635519
768088359e09959587f2bb85d921082c	d__Bacteria; p__Patescibacteria; c__Saccharimonadia; o__Saccharimonadales; f__Saccharimonadales; g__Saccharimonadales	0.8369902961297845
76816cef7f430ec70fa31d04d78e660e	d__Bacteria; p__Chloroflexi; c__Chloroflexia; o__Thermomicrobiales; f__JG30-KF-CM45; g__JG30-KF-CM45; s__metagenome	0.9602605175379335
7685d8e1d3302b4a73627cfb86b5598a	d__Bacteria; p__Actinobacteriota; c__Actinobacteria; o__0319-7L14; f__0319-7L14; g__0319-7L14	0.757544512227507
769a43e6874207a29bd95c4f1307a465	d__Bacteria; p__Bdellovibrionota; c__Bdellovibrionia; o__Bacteriovoracales; f__Bacteriovoracaceae; g__Peredibacter	0.9993588121972155
76b91c8ad7472ca61c282e6d1bb94ff2	d__Bacteria; p__Chloroflexi; c__Anaerolineae; o__RBG-13-54-9; f__RBG-13-54-9; g__RBG-13-54-9; s__uncultured_sludge	0.7022651728549749
76c1c17ac615ab96bb2a78f33cb1a076	d__Bacteria; p__Acidobacteriota; c__Thermoanaerobaculia; o__Thermoanaerobaculales; f__Thermoanaerobaculaceae; g__Subgroup_10	0.9994339947422928
76cb21c4507b555edfcfd04200d9d0ad	d__Bacteria; p__Chloroflexi; c__Anaerolineae; o__Caldilineales; f__Caldilineaceae; g__uncultured	0.9999984274171967
76d427c720faf9d5a671e442e413fcb4	d__Bacteria; p__Actinobacteriota; c__Actinobacteria; o__Micrococcales; f__Microbacteriaceae; g__Agromyces	0.9458349702549528
76d9550198e5edb232e7540134da082f	d__Bacteria; p__Gemmatimonadota; c__S0134_terrestrial_group; o__S0134_terrestrial_group; f__S0134_terrestrial_group; g__S0134_terrestrial_group	0.9999616048186171
76d9adc642d8b25f9bde635bcd08103b	d__Bacteria; p__Planctomycetota; c__BD7-11; o__BD7-11; f__BD7-11; g__BD7-11; s__uncultured_bacterium	0.9635649640642243
76df5876d041592ed46ae9b447c81adb	d__Bacteria; p__Planctomycetota; c__Planctomycetes; o__Pirellulales; f__Pirellulaceae; g__uncultured; s__uncultured_bacterium	0.8490354808358845
76f3f47ef19cd8b66f5938e8df07a0c3	d__Bacteria; p__Planctomycetota; c__Planctomycetes; o__Pirellulales; f__Pirellulaceae; g__uncultured; s__uncultured_bacterium	0.8126693073224008
76faaf23bda39c167274cccd5a25b5dd	d__Bacteria; p__Actinobacteriota; c__Actinobacteria; o__Propionibacteriales; f__Nocardioidaceae; g__Nocardioides	0.9906625807518816
76fb5a1c06caa7bb6f74c1f90b704799	d__Bacteria; p__Myxococcota; c__bacteriap25; o__bacteriap25; f__bacteriap25; g__bacteriap25	0.9660589847570288
7705ed9ee486726f06814a35e9ac7d80	d__Bacteria; p__Proteobacteria; c__Gammaproteobacteria; o__Burkholderiales; f__Nitrosomonadaceae; g__MND1	0.9992006243270666
7706405d5bce7715f01d8b54188def42	d__Bacteria; p__Proteobacteria; c__Alphaproteobacteria; o__Rhizobiales; f__Xanthobacteraceae; g__Pseudolabrys	0.9822386328741783
7711deb141eab1549eda16274a1b7afc	d__Bacteria; p__Acidobacteriota; c__Blastocatellia; o__Pyrinomonadales; f__Pyrinomonadaceae; g__RB41	0.9948771515491909
7720203adea37ac5bd17fdfc8d141363	d__Bacteria; p__Latescibacterota; c__Latescibacterota; o__Latescibacterota; f__Latescibacterota; g__Latescibacterota; s__metagenome	0.8797383862311536
772b1228e2f6cc1fdcb355cb47b90cd5	d__Bacteria; p__Acidobacteriota; c__Vicinamibacteria; o__Vicinamibacterales; f__Vicinamibacteraceae; g__Vicinamibacteraceae; s__uncultured_bacterium	0.7818694971382466
774861f348cec8451102730c21a790b0	d__Bacteria; p__Proteobacteria; c__Alphaproteobacteria; o__Rhodobacterales; f__Rhodobacteraceae; g__Rubellimicrobium	0.9989083051610099
77491809d07c7ce60f3a0b2c3a4fa45a	d__Bacteria; p__Cyanobacteria; c__Cyanobacteriia; o__Chloroplast; f__Chloroplast; g__Chloroplast; s__Ricinus_communis	0.9999822834669578
7750d52a7dcc2aef6f96e7e162a55a11	d__Bacteria; p__Acidobacteriota; c__Vicinamibacteria; o__Vicinamibacterales; f__Vicinamibacteraceae; g__Vicinamibacteraceae	0.9992442495544823
776d33b45af4e726a21f02624d20e5f3	d__Bacteria; p__Bdellovibrionota; c__Bdellovibrionia; o__Bdellovibrionales; f__Bdellovibrionaceae; g__Bdellovibrio	0.9999999998792551
77923ef8e9ed01c9b6a8ac85eb028163	d__Bacteria; p__Patescibacteria; c__Saccharimonadia; o__Saccharimonadales; f__Saccharimonadaceae; g__TM7a; s__uncultured_bacterium	0.8210241792600551
779d01e84e84929942ce6fb7b4ef3bf6	d__Bacteria; p__Patescibacteria; c__Saccharimonadia; o__Saccharimonadales	0.999999999934314
779dec6de9c6a8b7df28fc8ec3c75bee	d__Bacteria; p__Acidobacteriota; c__Subgroup_18; o__Subgroup_18; f__Subgroup_18; g__Subgroup_18; s__uncultured_bacterium	0.9301259303818334
77a0230b532bda026d494e216e429b1b	d__Bacteria; p__Proteobacteria; c__Gammaproteobacteria; o__Burkholderiales; f__Burkholderiaceae; g__Cupriavidus	0.9981521444354048
77a3610e539ef7679c715a8569636b3c	d__Bacteria; p__Proteobacteria; c__Alphaproteobacteria; o__Caulobacterales; f__Hyphomonadaceae; g__SWB02	0.9998731519448858
77a40bcf979c0099c52f19a3f1fe5217	d__Bacteria; p__Proteobacteria; c__Alphaproteobacteria; o__Micropepsales; f__Micropepsaceae; g__uncultured	0.9845268263072301
77a9310edfb1e4fac18b97e71d1d91e1	d__Bacteria; p__Proteobacteria; c__Alphaproteobacteria; o__Caulobacterales; f__Caulobacteraceae; g__Brevundimonas	0.9975308952874562
77b4ee94c9be1e27ada3d2b32ee9e544	d__Bacteria; p__Dependentiae; c__Babeliae; o__Babeliales; f__Vermiphilaceae; g__Vermiphilaceae	0.9989270658735814
77b524d2d40a42d0484481ac0842c0ee	d__Bacteria; p__Planctomycetota; c__Planctomycetes; o__Pirellulales; f__Pirellulaceae; g__Pirellula	0.9814213877775032
77b8f177fa8e4a83b1d16d6821c54690	d__Bacteria; p__Planctomycetota; c__Planctomycetes; o__Gemmatales; f__Gemmataceae; g__Telmatocola; s__metagenome	0.8398945289156011
77ba4e9ef929464a43213e7867f9e0fc	d__Bacteria; p__Gemmatimonadota; c__Longimicrobia; o__Longimicrobiales; f__Longimicrobiaceae	0.999991263674034
77bf01c7f6cab11c1ede7e2abdedf367	d__Bacteria; p__Proteobacteria; c__Gammaproteobacteria; o__Pseudomonadales; f__Moraxellaceae; g__Acinetobacter	0.9997791772812549
77c44038b71b19219204485fbfb73780	d__Bacteria; p__Firmicutes; c__Clostridia; o__Lachnospirales; f__Lachnospirales; g__Lachnospirales; s__uncultured_bacterium	0.9981875735428343
77c8666c7f3d8b8bb32e480565aa74a1	d__Bacteria; p__Firmicutes; c__Bacilli; o__Bacillales; f__Bacillaceae; g__Bacillus	0.9992868762620738
77cf188cecb61c0e06c5b7fb2c46f4bb	d__Bacteria; p__Acidobacteriota; c__Vicinamibacteria; o__Vicinamibacterales; f__uncultured; g__uncultured	0.9999884179918361
77e255944e20e45a95e7d740e5c0accc	d__Bacteria; p__Acidobacteriota; c__Vicinamibacteria; o__Vicinamibacterales; f__Vicinamibacteraceae; g__Vicinamibacteraceae	0.9997981060602877
77e31f7f4030af1136aaf24f650245aa	d__Bacteria; p__Acidobacteriota; c__Blastocatellia; o__Pyrinomonadales; f__Pyrinomonadaceae; g__RB41	0.9997892664193939
77f084fc2d1c048610b5ad61092d74aa	d__Bacteria; p__Myxococcota; c__Polyangia; o__Polyangiales; f__BIrii41; g__BIrii41	0.9882066739239053
77fa7d878bc7159f915fab7df9177116	d__Bacteria; p__Myxococcota; c__Myxococcia; o__Myxococcales; f__Myxococcaceae; g__uncultured; s__uncultured_bacterium	0.9390960504050961
77ff7d7933089b66bede75c37c14655e	d__Bacteria; p__Planctomycetota; c__Phycisphaerae; o__CCM11a; f__CCM11a; g__CCM11a	0.9999988000172175
780a873ee7d9c2d54a073142b7e53585	d__Bacteria; p__Gemmatimonadota; c__Gemmatimonadetes; o__Gemmatimonadales; f__Gemmatimonadaceae; g__uncultured	0.9407010078606491
780c7b6da7f47c98e1ef838a6b400c6e	d__Bacteria; p__Desulfobacterota; c__Desulfobulbia; o__Desulfobulbales; f__Desulfocapsaceae; g__[Desulfobacterium]_catecholicum_group; s__uncultured_bacterium	0.909569708538278
781244a7c6aadd997eccabff223841c9	d__Bacteria; p__Acidobacteriota; c__Vicinamibacteria; o__Vicinamibacterales; f__Vicinamibacteraceae; g__Vicinamibacteraceae; s__uncultured_Acidobacteria	0.9464377783164319
7817f6851e9df03a3d992cf915310dba	d__Bacteria; p__Verrucomicrobiota; c__Verrucomicrobiae; o__Verrucomicrobiales; f__Verrucomicrobiaceae; g__uncultured; s__uncultured_Verrucomicrobia	0.9474335534986837
782a02ef31a9433225aa70a2d7231673	d__Bacteria; p__Planctomycetota; c__Planctomycetes; o__Gemmatales; f__Gemmataceae; g__uncultured	0.9528146442929504
782a9ce3ecfb7942aa68557351f6a194	d__Bacteria; p__Actinobacteriota; c__Thermoleophilia; o__Solirubrobacterales; f__67-14; g__67-14; s__uncultured_actinobacterium	0.9603792105456096
783c866ac041b822a34f5488cc1fba24	d__Bacteria; p__Proteobacteria; c__Gammaproteobacteria; o__Steroidobacterales; f__Woeseiaceae; g__Woeseia	0.7959788081006961
784764c519a64dc9a147025a23222e93	d__Bacteria; p__Gemmatimonadota; c__S0134_terrestrial_group; o__S0134_terrestrial_group; f__S0134_terrestrial_group; g__S0134_terrestrial_group; s__uncultured_bacterium	0.8739500786888027
784d9923ab4368696b85981812a58564	d__Bacteria; p__Gemmatimonadota; c__Gemmatimonadetes; o__Gemmatimonadales; f__Gemmatimonadaceae; g__Gemmatimonas	0.9325260934814256
7854a78e3b881cee1c63ea0a50ba29ce	d__Bacteria; p__Myxococcota; c__Polyangia; o__Polyangiales; f__Sandaracinaceae; g__Sandaracinus; s__uncultured_bacterium	0.7195401099660237
785c8b5eb9b62a27eab3ea54a2ec9197	d__Bacteria; p__NB1-j; c__NB1-j; o__NB1-j; f__NB1-j; g__NB1-j	0.9999857291520662
786f757b722aa98a974af7aa5c24c534	d__Bacteria; p__Proteobacteria; c__Gammaproteobacteria; o__Burkholderiales; f__Alcaligenaceae; g__Achromobacter	0.970090376314631
788258831f95a39a460c1d786546cc6d	d__Bacteria; p__Cyanobacteria; c__Cyanobacteriia; o__Oxyphotobacteria_Incertae_Sedis; f__Unknown_Family; g__Leptolyngbya_EcFYyyy-00; s__uncultured_bacterium	0.9516780649013464
78845cfd1f8be37f71e734cb58a37a87	d__Bacteria; p__Planctomycetota; c__Planctomycetes; o__Pirellulales; f__Pirellulaceae; g__Pirellula	0.999990578832298
78a2cd733f478222c9b5eed2abc7d37a	d__Bacteria; p__NB1-j; c__NB1-j; o__NB1-j; f__NB1-j; g__NB1-j	0.999382521921914
78a81974551d7704fc746e0885cc1522	d__Bacteria; p__Actinobacteriota; c__Actinobacteria; o__Propionibacteriales; f__Nocardioidaceae; g__Nocardioides	0.977814399363891
78ab27f0794f8669f92cdcbb3289ca2d	d__Bacteria; p__Chloroflexi; c__Chloroflexia; o__Thermomicrobiales; f__JG30-KF-CM45; g__JG30-KF-CM45	0.995182742503659
78bc68752ccca5920c320ebf3bb21a2e	d__Bacteria; p__Chloroflexi; c__KD4-96; o__KD4-96; f__KD4-96; g__KD4-96	0.9999758020870347
78c0fbe65d85b24af852ef8046e60169	d__Bacteria; p__Chloroflexi; c__Ktedonobacteria; o__C0119; f__C0119; g__C0119; s__uncultured_bacterium	0.9440308328902992
78c49c745852685f7e8061234ffa4d53	d__Bacteria; p__Chloroflexi; c__Chloroflexia; o__Thermomicrobiales; f__JG30-KF-CM45; g__JG30-KF-CM45; s__uncultured_bacterium	0.9681951429081894
78d6ee385b17b3a813f17d39003ffd91	d__Bacteria; p__Planctomycetota; c__Planctomycetes; o__Pirellulales; f__Pirellulaceae; g__Pirellula; s__uncultured_bacterium	0.8616648454779658
78d9ab77d16b1cfa10677d348df4ce5c	d__Bacteria; p__Acidobacteriota; c__Blastocatellia; o__11-24; f__11-24; g__11-24	0.9999994864144298
78daff8bf3e41665cc8b21338dd7f63e	d__Bacteria; p__Planctomycetota; c__Planctomycetes; o__Isosphaerales; f__Isosphaeraceae	0.9980596250130718
78e394bed10fffbcdcb947d0117e0524	d__Bacteria; p__Bacteroidota; c__Bacteroidia; o__Flavobacteriales; f__Flavobacteriaceae; g__Flavobacterium	0.999522335829686
78e970e573cc84d29fc0ae28eddd8fae	d__Bacteria; p__Planctomycetota; c__Planctomycetes; o__Pirellulales; f__Pirellulaceae; g__Pirellula	0.9999103687559151
78f695e6da035b174b9ab9a4eb94fc68	d__Bacteria; p__Planctomycetota; c__Phycisphaerae; o__Phycisphaerales; f__Phycisphaeraceae; g__SM1A02	0.9999704694314429
79001beba89f479df48c0179bf67b357	d__Bacteria; p__Proteobacteria; c__Alphaproteobacteria; o__Rhizobiales; f__Rhizobiaceae	0.9282926114782544
790a93dbd85b60c6844eb39eb625faf4	d__Bacteria; p__Sumerlaeota; c__Sumerlaeia; o__Sumerlaeales; f__Sumerlaeaceae; g__Sumerlaea; s__uncultured_bacterium	0.7667040006361323
7918b44b50a2ebfc91a4d9d0e9113dfd	d__Bacteria; p__Cyanobacteria; c__Vampirivibrionia; o__Vampirovibrionales; f__Vampirovibrionales; g__Vampirovibrionales; s__uncultured_bacterium	0.9998224379125218
791ae535608c228f675eab154831a528	d__Bacteria; p__Planctomycetota; c__Phycisphaerae; o__Phycisphaerales; f__Phycisphaeraceae; g__SM1A02	0.9999912318600915
79250e303e3f41b164ae9a503ff60916	d__Bacteria; p__Proteobacteria; c__Gammaproteobacteria; o__Steroidobacterales; f__Steroidobacteraceae; g__Steroidobacter	0.9388543332164886
792716541989676b58a06e47a178a9c5	d__Bacteria; p__Firmicutes; c__Bacilli; o__Bacillales; f__Bacillaceae; g__Bacillus	0.8726765083032599
792ac16ac5e459eac79f73b68fce885c	d__Bacteria; p__Proteobacteria; c__Gammaproteobacteria; o__Enterobacterales; f__Erwiniaceae; g__Pantoea	0.7123202064342413
7930d067c472bfaa44a88ca117da283f	d__Bacteria; p__Planctomycetota; c__Planctomycetes; o__Pirellulales; f__Pirellulaceae; g__Blastopirellula; s__metagenome	0.9999982120559207
79540167872af791de16ac57022bb498	d__Bacteria; p__Bacteroidota; c__Bacteroidia; o__Bacteroidetes_VC2.1_Bac22; f__Bacteroidetes_VC2.1_Bac22; g__Bacteroidetes_VC2.1_Bac22; s__metagenome	0.992627408414672
797a64b024854f9762e8260e6af3ae69	d__Bacteria; p__Acidobacteriota; c__Thermoanaerobaculia; o__Thermoanaerobaculales; f__Thermoanaerobaculaceae; g__Subgroup_10; s__uncultured_Holophaga	0.9145031839106628
797f6e3252409b34bcde2668a1c62687	d__Bacteria; p__Firmicutes	0.991581056071806
7983561aa80ef4873437d09e3c725c92	d__Bacteria; p__Acidobacteriota; c__Vicinamibacteria; o__Vicinamibacterales; f__uncultured; g__uncultured	0.9995324031542733
79854fb81632c7aec6307094ec22e2cb	d__Bacteria; p__Proteobacteria; c__Gammaproteobacteria; o__Burkholderiales; f__Methylophilaceae	0.999960066678193
7986b8b93f3afce920bd19a5d2229c09	d__Bacteria; p__Proteobacteria; c__Alphaproteobacteria; o__Reyranellales; f__Reyranellaceae	0.9916456697853017
79c17292c684b515aa1c1baf014cd100	d__Bacteria; p__Planctomycetota; c__Planctomycetes; o__Pirellulales; f__Pirellulaceae	0.999862302914277
79c4ae0ab923022b8fc5c5d59bf9b83f	d__Bacteria; p__Planctomycetota; c__OM190; o__OM190; f__OM190; g__OM190; s__planctomycete_A-2	0.9817096871967762
79c5ba37fbca2757e72fc07f9cac238c	d__Bacteria; p__Bacteroidota; c__Bacteroidia; o__Sphingobacteriales; f__Sphingobacteriaceae; g__Pedobacter	0.9993222044888693
79c5d73fc11d28649fad16566adea4cf	d__Bacteria; p__Bacteroidota; c__Bacteroidia; o__Bacteroidales; f__Prolixibacteraceae; g__WCHB1-32; s__uncultured_soil	0.7984785448433547
79d59a1e9f4efc94ceaf9ab2c3eb7e0d	d__Bacteria; p__Acidobacteriota; c__Vicinamibacteria; o__Vicinamibacterales; f__Vicinamibacteraceae; g__Luteitalea; s__uncultured_Acidobacteria	0.7478796534986378
79ddad26c0dc0544124c4aae719e1258	d__Bacteria; p__Chloroflexi; c__Dehalococcoidia; o__S085; f__S085; g__S085; s__metagenome	0.8819972108069628
79f7003cc245398232eb9bbff1636876	d__Bacteria; p__Myxococcota; c__bacteriap25; o__bacteriap25; f__bacteriap25; g__bacteriap25	0.9459601597435812
79f9d434b94ec4340ad6b936b61e1b06	d__Bacteria; p__Firmicutes; c__Bacilli; o__Lactobacillales; f__Lactobacillaceae; g__Lactobacillus; s__Lactobacillus_parabuchneri	0.9511953491568099
79ffbe9dd94131b44c4ed5424cd0f83c	d__Bacteria; p__Bacteroidota; c__Bacteroidia; o__Cytophagales; f__Hymenobacteraceae; g__Adhaeribacter; s__metagenome	0.9435194730853432
7a310a8f8e4bcbfb717263bd5376994d	d__Bacteria; p__Myxococcota; c__Polyangia; o__Nannocystales; f__Nannocystaceae	0.9999999959032149
7a330cbc6e36d111ec4b7489c49e4f40	d__Bacteria; p__Bacteroidota; c__Bacteroidia; o__Chitinophagales; f__Chitinophagaceae; g__Edaphobaculum	0.9900875226965262
7a369e38db8d3506c4f33e7847033446	d__Bacteria; p__Desulfobacterota; c__uncultured; o__uncultured; f__uncultured; g__uncultured	0.9697482678555475
7a4830cb0389c4d22d8428962e7a1c59	d__Bacteria; p__Acidobacteriota; c__Vicinamibacteria; o__Vicinamibacterales; f__uncultured; g__uncultured	0.9997318104264832
7a4bc5488272ef737376f62fe4f35356	d__Bacteria; p__Methylomirabilota; c__Methylomirabilia; o__Rokubacteriales; f__Rokubacteriales; g__Rokubacteriales; s__uncultured_bacterium	0.997945913989473
7a518c650723a591df851057f6a2d570	d__Bacteria; p__Acidobacteriota; c__Holophagae; o__Subgroup_7; f__Subgroup_7; g__Subgroup_7; s__uncultured_Desulfovirga	0.7683560393436308
7a56a2273507838f0ed5e9a44c729419	d__Bacteria; p__Chloroflexi; c__KD4-96; o__KD4-96; f__KD4-96; g__KD4-96; s__metagenome	0.8707994772354188
7a641704716a588c429f0ff797a34cb7	d__Bacteria; p__Proteobacteria; c__Alphaproteobacteria; o__Rickettsiales; f__Mitochondria; g__Mitochondria	0.9999999999957815
7a7e2994a36b036a1ace1ead05b523b7	d__Bacteria; p__Proteobacteria; c__Gammaproteobacteria; o__Xanthomonadales; f__Xanthomonadaceae; g__Lysobacter; s__Thermomonas_sp.	0.7513368197754463
7a8d6915ca4b5bd42bbf898d0cc38c39	d__Bacteria; p__Planctomycetota; c__Phycisphaerae; o__Tepidisphaerales; f__WD2101_soil_group; g__WD2101_soil_group	0.9999994476915297
7a914eb535943d0eaebeeb7f90193843	d__Bacteria; p__Acidobacteriota; c__Vicinamibacteria; o__Vicinamibacterales; f__Vicinamibacteraceae; g__Luteitalea	0.9999866185899033
7a94751f73af58e178cebe842763f518	d__Bacteria; p__Gemmatimonadota; c__BD2-11_terrestrial_group; o__BD2-11_terrestrial_group; f__BD2-11_terrestrial_group; g__BD2-11_terrestrial_group; s__uncultured_bacterium	0.8642603427682098
7a9d4b57e54b9487cf8d68e8eb093a02	d__Bacteria; p__Patescibacteria; c__Saccharimonadia; o__Saccharimonadales; f__LWQ8; g__LWQ8	0.9500863537532862
7aa5ec2531833c176f1431a0959505a7	d__Bacteria; p__Proteobacteria; c__Gammaproteobacteria; o__Xanthomonadales; f__Xanthomonadaceae; g__Arenimonas	0.912643749617478
7aa835da814549193b0cec22554a86f2	d__Bacteria; p__Planctomycetota; c__Planctomycetes; o__Planctomycetales; f__uncultured; g__uncultured; s__uncultured_bacterium	0.8358958820075769
7abbbb0f0fbd0fbdc6f3664abb3d76f7	d__Bacteria; p__Acidobacteriota; c__Thermoanaerobaculia; o__Thermoanaerobaculales; f__Thermoanaerobaculaceae; g__Subgroup_10; s__uncultured_Holophaga	0.8713147953755871
7abbf5880da9c149a01ff18b479e994d	d__Bacteria; p__Acidobacteriota; c__Thermoanaerobaculia; o__Thermoanaerobaculales; f__Thermoanaerobaculaceae; g__Subgroup_10	0.9999960858338568
7ac3ece085436b0790d7e72c75f62008	d__Bacteria; p__Proteobacteria; c__Gammaproteobacteria; o__Burkholderiales; f__SC-I-84; g__SC-I-84; s__uncultured_bacterium	0.8247637828700396
7ac65a8fd21111b68e7c2d6205112a83	d__Bacteria; p__Firmicutes; c__Clostridia; o__Clostridia; f__Hungateiclostridiaceae	0.9988313611898637
7aea2979d2b6698b612f33dd28cd871d	d__Bacteria; p__Cyanobacteria; c__Cyanobacteriia; o__Cyanobacteriales; f__Coleofasciculaceae	0.9176522447636477
7aee73c0c03987fe06f77206fe953c78	d__Bacteria; p__Firmicutes; c__Symbiobacteriia; o__Symbiobacteriales; f__Symbiobacteraceae; g__uncultured	0.978123909554917
7aef63a0fbfc79ce845c4ac6907111e2	d__Bacteria; p__Myxococcota; c__Myxococcia; o__Myxococcales; f__Myxococcaceae; g__P3OB-42	0.9999300115198485
7af5f3419e661dfa8f85b518d4e662e4	d__Bacteria; p__Acidobacteriota; c__Thermoanaerobaculia; o__Thermoanaerobaculales; f__Thermoanaerobaculaceae; g__Subgroup_10; s__uncultured_Bacteroidetes	0.9944241218540503
7b0f1d13713f008ec74ccca7fe4b8d2a	d__Bacteria; p__Gemmatimonadota; c__Gemmatimonadetes; o__Gemmatimonadales; f__Gemmatimonadaceae; g__uncultured	0.8662141402457829
7b109b8ea35ed33898b5eec9af8ea033	d__Bacteria; p__Actinobacteriota; c__Acidimicrobiia; o__uncultured; f__uncultured; g__uncultured; s__uncultured_Acidimicrobiia	0.8246908897752512
7b280ac15629edcdb2b2c37a36954eb8	d__Bacteria; p__Acidobacteriota; c__Vicinamibacteria; o__Vicinamibacterales; f__Vicinamibacteraceae; g__Vicinamibacteraceae; s__uncultured_Acidobacteriaceae	0.8437954525981547
7b33273e63cca61e2ca0bc524902c697	d__Bacteria; p__Chloroflexi; c__TK10; o__TK10; f__TK10; g__TK10	0.99999969087144
7b36c13fd9de07f81495c95859555c3e	d__Bacteria; p__Bacteroidota; c__Bacteroidia; o__Flavobacteriales; f__Flavobacteriaceae; g__Capnocytophaga; s__Capnocytophaga_leadbetteri	0.8382179911859725
7b3f42d6462d02d7c70a8ad92802021c	d__Bacteria; p__Gemmatimonadota; c__Gemmatimonadetes; o__Gemmatimonadales; f__Gemmatimonadaceae; g__uncultured; s__metagenome	0.9587985567565602
7b457bf31a827019b9adf75db227d547	d__Bacteria; p__Proteobacteria; c__Gammaproteobacteria; o__Salinisphaerales; f__Solimonadaceae; g__Panacagrimonas	0.9942276471048762
7b6548cfce8d6267feeee058d66fec0f	d__Bacteria; p__Planctomycetota; c__Planctomycetes; o__Gemmatales; f__Gemmataceae; g__Gemmata	0.9999358576561465
7b6896833a99d18af9f78760d38a50d1	d__Bacteria; p__Proteobacteria; c__Gammaproteobacteria; o__Steroidobacterales; f__Steroidobacteraceae; g__Steroidobacter	0.8292762427005531
7b6a8e3f8bfa1bcd1b5fc55db048d005	d__Bacteria; p__Proteobacteria; c__Gammaproteobacteria; o__Burkholderiales; f__B1-7BS; g__B1-7BS	0.9948821775834112
7b814642bd8e61c68a666a2b9386d28e	d__Bacteria; p__Acidobacteriota; c__Subgroup_5; o__Subgroup_5; f__Subgroup_5; g__Subgroup_5; s__uncultured_bacterium	0.9740399612713652
7b8a363827d81e2e9ee9111efee2a885	d__Bacteria; p__Planctomycetota; c__Planctomycetes; o__Gemmatales; f__Gemmataceae; g__uncultured; s__uncultured_bacterium	0.9852525821110454
7b8c1dba059eac7ec7f3cefa203f6b2d	d__Bacteria; p__Actinobacteriota; c__Actinobacteria; o__Frankiales; f__Geodermatophilaceae	0.8022204404285961
7b923bf258aac8b3ec9fef88412425b1	d__Bacteria; p__Planctomycetota; c__Phycisphaerae; o__Tepidisphaerales; f__Tepidisphaerales; g__Tepidisphaerales; s__uncultured_Planctomycetales	0.9967285524628237
7b93f4b83fbf3d6c8e424a38afc69a43	d__Bacteria; p__Planctomycetota; c__Phycisphaerae; o__S-70; f__S-70; g__S-70; s__uncultured_bacterium	0.9961933437140666
7baf638fdd3f71166aafd22ecf410348	d__Bacteria; p__Planctomycetota; c__Planctomycetes; o__uncultured; f__uncultured; g__uncultured; s__uncultured_bacterium	0.9970743826845161
7bb097cb6fa4f63b712abb01b230a8a3	d__Bacteria; p__Planctomycetota; c__Planctomycetes; o__Planctomycetales; f__Rubinisphaeraceae; g__SH-PL14; s__uncultured_Planctomycetaceae	0.7918214743010895
7bb69387120ae1bd8e82d3b70ca6c9b4	d__Bacteria; p__Actinobacteriota; c__Acidimicrobiia; o__Microtrichales; f__uncultured; g__uncultured; s__uncultured_Acidimicrobiales	0.8726407378378597
7bb7a64210067eda24eddfced8f7f511	d__Bacteria; p__Planctomycetota; c__Phycisphaerae; o__Tepidisphaerales; f__WD2101_soil_group; g__WD2101_soil_group; s__planctomycete_WWH14	0.7541057863099415
7bb999348c0075a3538e10aba2ac6b0a	d__Bacteria; p__Chloroflexi; c__Chloroflexia; o__Chloroflexales; f__Roseiflexaceae; g__uncultured; s__uncultured_bacterium	0.8501156122349092
7bc154033810bd70327ca38f8dbf5998	d__Bacteria; p__Proteobacteria; c__Gammaproteobacteria; o__Burkholderiales; f__Nitrosomonadaceae; g__Ellin6067	0.999790228657955
7bc671d593a07189f8d62ddf00f087b7	d__Bacteria; p__Bdellovibrionota; c__Oligoflexia; o__Oligoflexales; f__Oligoflexales; g__Oligoflexus; s__uncultured_delta	0.7721950623341806
7bcd992640257a414fa1e4a3c96e70b8	d__Bacteria; p__Chloroflexi; c__Chloroflexia; o__Chloroflexales; f__Chloroflexaceae; g__Oscillochloris; s__uncultured_Chloroflexi	0.9998788262102628
7bdc36d4518d004d4dfed3e998dda3fb	d__Bacteria; p__Proteobacteria; c__Gammaproteobacteria; o__Pseudomonadales; f__Moraxellaceae; g__Acinetobacter	0.9982385901262162
7bdd0607b95fee74e963a1aa6b2529b6	d__Bacteria; p__Verrucomicrobiota; c__Verrucomicrobiae; o__Chthoniobacterales; f__Chthoniobacteraceae; g__Chthoniobacter; s__uncultured_bacterium	0.8394813678384989
7bdd39e4e3ccc7000862b487510e67d6	d__Bacteria; p__Proteobacteria; c__Gammaproteobacteria; o__Burkholderiales; f__Comamonadaceae	0.9999946563520592
7be02469ba2507cb2f0aff1ddb3d9e8f	d__Bacteria	0.9999999404686737
7bee07f6f669fca76ba0c04f0ea8787b	d__Bacteria; p__Proteobacteria; c__Gammaproteobacteria; o__Burkholderiales; f__Oxalobacteraceae	0.9996273295538916
7bef30aef5603c6b408fe826ff203abb	d__Bacteria; p__Planctomycetota; c__Planctomycetes; o__Pirellulales; f__Pirellulaceae; g__uncultured; s__uncultured_Planctomycetales	0.9973514146126985
7bf904d554f125dda31d6b5ac823ac72	d__Bacteria; p__Myxococcota; c__Polyangia; o__VHS-B3-70; f__VHS-B3-70; g__VHS-B3-70; s__uncultured_bacterium	0.9667828329359885
7bff03cb7e71da08a83bce6eb2813b14	d__Bacteria; p__Actinobacteriota; c__Rubrobacteria; o__Rubrobacterales; f__Rubrobacteriaceae; g__Rubrobacter	0.9999999842836014
7c09438dacb2f78f667f47f722d712a3	d__Bacteria; p__Proteobacteria; c__Gammaproteobacteria; o__Burkholderiales; f__Comamonadaceae	0.9951390310709377
7c0ceb95ca05d1b8e6946fae882a3b27	d__Bacteria; p__Planctomycetota; c__Phycisphaerae; o__Phycisphaerales; f__Phycisphaeraceae; g__SM1A02	0.9990074586277301
7c1718522afb0cea42e862d427143266	d__Bacteria; p__Bacteroidota; c__Bacteroidia; o__Cytophagales; f__Microscillaceae; g__Chryseolinea	0.8035908493433681
7c3cce7b689ef5861c005bcded7e4d74	d__Bacteria; p__Planctomycetota; c__Planctomycetes; o__Pirellulales; f__Pirellulaceae; g__uncultured	0.7314071947656059
7c523a5f0a7c736efd82afef84137901	d__Bacteria; p__Actinobacteriota; c__Acidimicrobiia; o__Microtrichales	0.9183672228848502
7c620d523f2f9f4ec8b759de304d62b9	d__Bacteria; p__Chloroflexi; c__Anaerolineae; o__Anaerolineales; f__Anaerolineaceae; g__uncultured	0.9741404342994765
7c7b9ecd79aeda35c9e0f736d037a23e	d__Bacteria; p__Chloroflexi; c__Anaerolineae; o__SJA-15; f__SJA-15; g__SJA-15	0.9981674272389454
7c7c29d301843aed3de5966234273942	d__Bacteria; p__Verrucomicrobiota; c__Verrucomicrobiae; o__Chthoniobacterales	0.9998855643684879
7ca4fb1b1740406241acb862445cf311	d__Bacteria; p__Actinobacteriota; c__Thermoleophilia; o__Solirubrobacterales; f__67-14; g__67-14	0.9955433416285397
7cb511a500ff1bc8e46221f080eb9ee3	d__Bacteria; p__Chloroflexi; c__Anaerolineae; o__SBR1031; f__A4b; g__A4b; s__uncultured_bacterium	0.8464039119644098
7cb70b93cc8133407380cd7177d8e91c	d__Bacteria; p__Actinobacteriota; c__Actinobacteria; o__Euzebyales; f__Euzebyaceae	0.8953819342277229
7cbee2d1cc012e1096d9a9af992b3628	d__Bacteria; p__Planctomycetota; c__Planctomycetes; o__Pirellulales; f__Pirellulaceae; g__uncultured; s__uncultured_soil	0.732034181747518
7cd4de09b3c518fb4d724ad06d5bf610	d__Bacteria; p__Chloroflexi; c__Gitt-GS-136; o__Gitt-GS-136; f__Gitt-GS-136; g__Gitt-GS-136	0.9999999922653519
7cd6fd4d9a192a362159836d6d6fdb66	d__Bacteria; p__Proteobacteria; c__Gammaproteobacteria; o__Burkholderiales; f__Burkholderiaceae; g__Cupriavidus	0.9804936516942536
7cd8ac14f8e962d90cbbdc5862e62b2a	d__Bacteria; p__Bacteroidota; c__Bacteroidia; o__Chitinophagales; f__Chitinophagaceae; g__Flavisolibacter; s__Flavisolibacter_sp.	0.8035859064263873
7ce203e3eea83f2716b75f3df62a0bb4	d__Bacteria; p__Acidobacteriota; c__Vicinamibacteria; o__Vicinamibacterales; f__uncultured; g__uncultured; s__uncultured_bacterium	0.7295792042726759
7ceaf1b8b69b11c16b56b1e35fbe27f9	d__Bacteria; p__Verrucomicrobiota; c__Verrucomicrobiae; o__Chthoniobacterales; f__01D2Z36; g__01D2Z36; s__uncultured_bacterium	0.9143638008997179
7cef8ef5c66a2b4d0e40ada3f7331db7	d__Bacteria; p__Acidobacteriota; c__Thermoanaerobaculia; o__Thermoanaerobaculales; f__Thermoanaerobaculaceae; g__Subgroup_10; s__uncultured_soil	0.8310023490168585
7cefefd75857fc7e14fda30434d8a46a	d__Bacteria; p__Firmicutes; c__Bacilli; o__Paenibacillales; f__Paenibacillaceae; g__Paenibacillus; s__Paenibacillus_cellulosilyticus	0.8545923991852337
7d082586c03455656b7b5f77aa37727d	d__Bacteria; p__Gemmatimonadota; c__Gemmatimonadetes; o__Gemmatimonadales; f__Gemmatimonadaceae; g__uncultured	0.9987485116885273
7d19eabe99462b743950446f81d89dbf	d__Bacteria; p__Actinobacteriota; c__Actinobacteria; o__Propionibacteriales; f__Nocardioidaceae; g__Nocardioides	0.9851083537969315
7d219466ebc26c41dff972d5cef28b90	d__Bacteria; p__Patescibacteria; c__Saccharimonadia; o__Saccharimonadales	0.9999999464230449
7d2dc42b6ac3c92138f724219495399f	d__Bacteria; p__Verrucomicrobiota; c__Verrucomicrobiae; o__Chthoniobacterales; f__Chthoniobacteraceae; g__Chthoniobacter	0.9799439367898249
7d2f7f9cd713664740d87f9113c8308a	d__Bacteria; p__Proteobacteria; c__Alphaproteobacteria; o__Rhizobiales; f__Beijerinckiaceae	0.9813738531167393
7d3b39e8c0f0fdcb81b0c898a98c38f9	d__Bacteria	0.9999999998709679
7d429b07c58d44a322b674753bec2400	d__Bacteria	0.999999617922849
7d441e4f328a41ab8b4b211c0898b2e6	d__Bacteria; p__Acidobacteriota; c__Subgroup_5; o__Subgroup_5; f__Subgroup_5; g__Subgroup_5; s__uncultured_bacterium	0.9988330292762926
7d4563cfd444da4f9c3dcdb780dd4f67	d__Bacteria; p__Planctomycetota; c__Planctomycetes; o__Gemmatales; f__Gemmataceae; g__Gemmata	0.8894251054464165
7d49d594c2c4602786b0592dcf517da9	d__Bacteria; p__Gemmatimonadota; c__Gemmatimonadetes; o__Gemmatimonadales; f__Gemmatimonadaceae	0.9999997848189254
7d4ff8ce7c3b89cbdb69d2abfff7fecf	d__Bacteria; p__Firmicutes; c__Negativicutes; o__Veillonellales-Selenomonadales; f__Selenomonadaceae	0.9999997655742192
7d55679bc32f5b2b4e42c72fdd9dbeb1	d__Archaea; p__Crenarchaeota; c__Nitrososphaeria; o__Nitrososphaerales; f__Nitrososphaeraceae; g__Nitrososphaeraceae	0.999858747458841
7d59a723fafd509b33e879cb4347ce9e	d__Bacteria; p__Proteobacteria; c__Gammaproteobacteria; o__Burkholderiales; f__Nitrosomonadaceae; g__MND1	0.999896530715014
7d5a4f387d2b511b2304bc183351d394	d__Bacteria; p__Planctomycetota; c__Planctomycetes; o__Pirellulales; f__Pirellulaceae; g__uncultured; s__uncultured_bacterium	0.9187432623900635
7d6127dc0b3d1738177fedc67adadf11	d__Bacteria; p__Gemmatimonadota; c__BD2-11_terrestrial_group; o__BD2-11_terrestrial_group; f__BD2-11_terrestrial_group; g__BD2-11_terrestrial_group	0.9999280668108008
7d720c535832a92653f218c2ea5bfab9	d__Bacteria; p__Actinobacteriota; c__Thermoleophilia; o__Gaiellales; f__Gaiellaceae; g__Gaiella	0.956861728224246
7d72df1a480174b48b0e584b84f8c76b	d__Bacteria; p__Planctomycetota; c__Planctomycetes; o__Pirellulales; f__Pirellulaceae; g__Rhodopirellula; s__uncultured_Planctomycetaceae	0.8591401290178111
7d74b1239d5d729436b3fbaeb44a80d4	d__Bacteria; p__Planctomycetota; c__Planctomycetes; o__Pirellulales; f__Pirellulaceae; g__uncultured; s__uncultured_bacterium	0.8482811885998511
7d7989b3da92b390343bafb1f6c8e90a	d__Bacteria; p__Bacteroidota; c__Bacteroidia; o__Flavobacteriales; f__Flavobacteriaceae; g__Salegentibacter	0.9935915045077118
7d7d015a9e03d8cc9ede975e7e5951a2	d__Bacteria; p__Planctomycetota; c__Planctomycetes; o__Pirellulales; f__Pirellulaceae; g__uncultured	0.9754310456749457
7d89fa5c272709fdbff841ae855a76d0	d__Bacteria; p__Firmicutes; c__Clostridia; o__Christensenellales; f__Christensenellaceae; g__Christensenellaceae_R-7_group	0.9038403814967431
7d938ec9754c2c0998aa3df5cf00cfff	d__Bacteria; p__Proteobacteria; c__Gammaproteobacteria; o__Alteromonadales; f__Alteromonadaceae; g__Alishewanella	0.8176848145961784
7d9515a9866571952b8a74017e518bec	d__Bacteria; p__Chloroflexi; c__TK10; o__TK10; f__TK10; g__TK10	0.9999962608383176
7da193f857d007dfb7b2099a2ab16653	d__Bacteria; p__Chloroflexi; c__KD4-96; o__KD4-96; f__KD4-96; g__KD4-96	0.9999613817984643
7da8588ab60d1fdf44e21d1c8a956c8e	d__Bacteria; p__Actinobacteriota; c__Acidimicrobiia; o__Microtrichales; f__Iamiaceae; g__Iamia	0.943697615721359
7dbda99a7cc90dd31fc520580a30226b	d__Bacteria; p__Chloroflexi; c__KD4-96; o__KD4-96; f__KD4-96; g__KD4-96	0.9993307967339816
7dc00d40971bb454b39fdd9b2dd9aa25	d__Bacteria; p__Myxococcota; c__Myxococcia; o__Myxococcales; f__Vulgatibacteraceae; g__Vulgatibacter; s__uncultured_bacterium	0.9981427170157701
7dd3e49a3c72858eab46b8c1952a6c9d	d__Bacteria; p__Bacteroidota; c__Bacteroidia; o__Chitinophagales; f__Chitinophagaceae; g__Parafilimonas; s__uncultured_bacterium	0.8758264283622347
7dd5502fe3518b2c289ff543f4fc6c39	d__Bacteria; p__Acidobacteriota; c__Vicinamibacteria; o__Subgroup_9; f__Subgroup_9; g__Subgroup_9; s__uncultured_bacterium	0.9971250518289331
7dd877a7e322c22fded65ede7a8dba4e	d__Bacteria; p__Bacteroidota; c__Bacteroidia; o__Sphingobacteriales; f__Sphingobacteriaceae; g__Pedobacter	0.9999972448055922
7def1c807ca0767ccdfe5a6001dc51f1	d__Bacteria; p__Bacteroidota; c__Bacteroidia; o__Sphingobacteriales; f__NS11-12_marine_group; g__NS11-12_marine_group	0.9851039441864534
7dfc25b76ae24869e0b11d1d1abbab4b	d__Bacteria; p__Acidobacteriota; c__Vicinamibacteria; o__Vicinamibacterales; f__Vicinamibacteraceae; g__Vicinamibacteraceae	0.999957853599587
7dfe5afda443542e39f6979f809db7c5	d__Bacteria; p__Acidobacteriota; c__Vicinamibacteria; o__Vicinamibacterales; f__Vicinamibacteraceae; g__Vicinamibacteraceae	0.9993325640077838
7e0f2b982ca2d35b6ac2cf251d78d3c4	d__Bacteria; p__Bacteroidota; c__Bacteroidia; o__Cytophagales; f__Cytophagaceae; g__Sporocytophaga; s__metagenome	0.9993489204676204
7e1044179362b28dc9bbdb4a2560f35d	d__Bacteria; p__Proteobacteria; c__Gammaproteobacteria; o__Xanthomonadales; f__Xanthomonadaceae; g__Pseudoxanthomonas	0.9689838907388187
7e1d6e76ea1e4fc0a0cf07b524b70afa	d__Bacteria; p__Proteobacteria; c__Gammaproteobacteria; o__Burkholderiales; f__Methylophilaceae; g__MM2	0.8041699031894929
7e2c72204a8c45b1b0ac39e0e6047098	d__Bacteria; p__Proteobacteria; c__Alphaproteobacteria; o__Sphingomonadales; f__Sphingomonadaceae; g__Sphingobium	0.7306853954618048
7e3c4395c5bda3a059fa0c595392c5c5	d__Bacteria; p__Myxococcota; c__Polyangia; o__Blfdi19; f__Blfdi19; g__Blfdi19; s__uncultured_Myxococcales	0.8566674275852411
7e3ed71a8c13cc943fb6a2a92f811bc1	d__Bacteria; p__Verrucomicrobiota; c__Verrucomicrobiae; o__Verrucomicrobiales; f__Rubritaleaceae; g__Luteolibacter	0.9986751606682047
7e3f52d9ebdb470210734436106bdf9e	d__Bacteria; p__Latescibacterota; c__Latescibacteria; o__Latescibacterales; f__Latescibacteraceae; g__Latescibacteraceae	0.9999990371740833
7e5439874d18a44131f279a42187a9cc	d__Bacteria; p__Acidobacteriota; c__Vicinamibacteria; o__Vicinamibacterales; f__uncultured; g__uncultured	0.9998305561980709
7e6930311a3e8f66c1dad059eea70e96	d__Bacteria; p__Acidobacteriota; c__Vicinamibacteria; o__Vicinamibacterales; f__Vicinamibacteraceae; g__Luteitalea	0.9999504678770499
7e6e340e0404a9d3411f70fb86b6ac44	d__Bacteria; p__Gemmatimonadota; c__Gemmatimonadetes; o__Gemmatimonadales; f__Gemmatimonadaceae	0.9999706363785458
7e6e68ef344383db2c8f4d0dcc88da99	d__Bacteria; p__Chloroflexi; c__Anaerolineae; o__SBR1031; f__SBR1031; g__SBR1031; s__uncultured_Caldilineaceae	0.9879488700360799
7e7bc8e12c47ce41381b065f5909308f	d__Bacteria; p__Actinobacteriota; c__Actinobacteria; o__Micrococcales; f__Micrococcaceae; g__Nesterenkonia	0.8966620993608776
7e7fd79758e9b61130391ff300729ded	d__Bacteria; p__Verrucomicrobiota; c__Verrucomicrobiae; o__Chthoniobacterales; f__Chthoniobacteraceae; g__Chthoniobacter; s__metagenome	0.9772923821758087
7e92c560a7e0288b0330da778d4a2772	d__Bacteria; p__Firmicutes; c__Bacilli; o__Paenibacillales; f__Paenibacillaceae; g__Thermobacillus; s__uncultured_compost	0.9056469688852951
7eac34bcbafadef935c598f7241958ab	d__Bacteria; p__Proteobacteria; c__Gammaproteobacteria; o__Burkholderiales; f__SC-I-84; g__SC-I-84; s__uncultured_bacterium	0.8299016378305937
7ead81c52b088d862a430c8d25b7bafa	d__Bacteria; p__Bacteroidota; c__Bacteroidia; o__Bacteroidales; f__Prevotellaceae; g__Alloprevotella	0.9999998661564
7ecabb10f29a0c44eb53e9f9852fe22a	d__Bacteria; p__Planctomycetota; c__Planctomycetes; o__Planctomycetales; f__Rubinisphaeraceae; g__Planctomicrobium; s__uncultured_soil	0.9076725984097476
7ecc08ae0d1c4d8d4e77a25999b4e58b	d__Bacteria; p__Planctomycetota; c__Phycisphaerae; o__Phycisphaerales; f__Phycisphaeraceae; g__AKYG587; s__uncultured_bacterium	0.9842469791543049
7ecf2b9472f76752b481b00b80dbde3a	d__Bacteria; p__Planctomycetota; c__Planctomycetes; o__Pirellulales; f__Pirellulaceae; g__Pirellula; s__metagenome	0.9189688104827959
7ed427691014d3c64949e50935106c4d	d__Bacteria; p__Proteobacteria; c__Gammaproteobacteria; o__Burkholderiales; f__Oxalobacteraceae	0.9997978815079758
7ee26424c3964501d924c178cb82b118	d__Bacteria; p__Myxococcota; c__Polyangia; o__Polyangiales; f__Sandaracinaceae; g__uncultured	0.9994749236353766
7ef62cc35166f77c1dd7657f7790caa3	d__Bacteria; p__Firmicutes; c__Bacilli; o__Alicyclobacillales; f__Alicyclobacillaceae; g__Tumebacillus; s__uncultured_bacterium	0.7019051456127533
7ef6c4b4510bffb07a1ed94df0eba265	d__Bacteria; p__Acidobacteriota; c__Holophagae; o__Subgroup_7; f__Subgroup_7; g__Subgroup_7	0.9999999368687246
7f06c21a125d184a54b9820534d53ec4	d__Bacteria; p__Actinobacteriota; c__Actinobacteria; o__Corynebacteriales; f__Nocardiaceae	0.7575256389183262
7f0d8d58e83c1329c00e773d215e99ba	d__Bacteria; p__Acidobacteriota; c__Thermoanaerobaculia; o__Thermoanaerobaculales; f__Thermoanaerobaculaceae; g__Subgroup_10; s__uncultured_Holophaga	0.9415128901757716
7f16112c7b8d1d3e0a1c9752fc323fe9	d__Bacteria; p__Proteobacteria; c__Gammaproteobacteria; o__Steroidobacterales; f__Steroidobacteraceae; g__Steroidobacter	0.9180642666559856
7f163761424ad448570209761bd261d5	d__Bacteria; p__Planctomycetota; c__Planctomycetes; o__Pirellulales; f__Pirellulaceae; g__Pirellula	0.9220340423278192
7f1bfa421aa560ad09517ad65a122097	d__Bacteria; p__Firmicutes; c__Clostridia; o__Peptostreptococcales-Tissierellales	0.9999784849223522
7f26b31247dbad20cde47f9b7e3fbd82	d__Bacteria; p__Proteobacteria; c__Gammaproteobacteria; o__Burkholderiales; f__Nitrosomonadaceae; g__mle1-7	0.9463712013114359
7f2b384ff2ad1791ed97011e9849e318	d__Bacteria; p__Bacteroidota; c__Bacteroidia; o__Flavobacteriales; f__NS9_marine_group; g__NS9_marine_group	0.9956162884262749
7f5f8ed3fefcc5b1f4b8d3ba1a0e13e0	d__Bacteria; p__Myxococcota; c__Myxococcia; o__Myxococcales; f__Myxococcaceae	0.9977755850234198
7f5ffe696c42b49256201eedb95d44c5	d__Bacteria; p__Proteobacteria; c__Alphaproteobacteria; o__Sphingomonadales; f__Sphingomonadaceae	0.9997867349783869
7f6288d38b88533676a96521bbeabb64	d__Bacteria; p__Gemmatimonadota; c__Gemmatimonadetes; o__Gemmatimonadales; f__Gemmatimonadaceae; g__Roseisolibacter; s__uncultured_soil	0.7532426322186565
7f66d53b5ddd74778a71e91edc5205b8	d__Bacteria; p__Proteobacteria; c__Gammaproteobacteria; o__Burkholderiales; f__Oxalobacteraceae; g__Massilia	0.893535515546855
7f728ed35c2d8a5692e239fc1e177d42	d__Bacteria; p__Bdellovibrionota; c__Bdellovibrionia; o__Bdellovibrionales; f__Bdellovibrionaceae; g__Bdellovibrio; s__uncultured_bacterium	0.8616681275449608
7f7c7492f163230f7715b5c160c2b467	d__Bacteria; p__Chloroflexi; c__JG30-KF-CM66; o__JG30-KF-CM66; f__JG30-KF-CM66; g__JG30-KF-CM66; s__uncultured_bacterium	0.7434049511812844
7f8daa1013821bdc3fff11fbb4908402	d__Bacteria; p__Firmicutes; c__Bacilli; o__Bacillales; f__Bacillaceae; g__Bacillus	0.9996064549441082
7f9283a861fa71e91f2ce9b896daef38	d__Bacteria; p__Bdellovibrionota; c__Oligoflexia; o__0319-6G20; f__0319-6G20; g__0319-6G20; s__uncultured_bacterium	0.8064813439029304
7f983b4971a9253379f4f78d7904646d	d__Bacteria; p__Proteobacteria; c__Alphaproteobacteria; o__Sphingomonadales; f__Sphingomonadaceae; g__Sphingobium; s__Sphingobium_lactosutens	0.8434714074605908
7fa93a07aeef039360f38d56593eaea7	d__Bacteria; p__Bacteroidota; c__Bacteroidia; o__Sphingobacteriales; f__env.OPS_17; g__env.OPS_17	0.999999962995279
7fadd1085aa02fd5313474e5a5cfa620	d__Bacteria; p__Verrucomicrobiota; c__Verrucomicrobiae; o__Pedosphaerales; f__Pedosphaeraceae	0.9999999954292216
7fb141b68e0e4aa116b91904323ea000	d__Bacteria; p__Acidobacteriota; c__Thermoanaerobaculia; o__Thermoanaerobaculales; f__Thermoanaerobaculaceae; g__Subgroup_10	0.9999987780854291
7fbae797e45e868156b44e50beab16f4	d__Bacteria; p__Planctomycetota; c__Phycisphaerae; o__Tepidisphaerales; f__WD2101_soil_group; g__WD2101_soil_group	0.9999997247449466
7fc06f107a6ddf6486ef2d43fcf23626	d__Bacteria; p__Firmicutes; c__Symbiobacteriia; o__Symbiobacteriales; f__Symbiobacteraceae; g__Symbiobacterium; s__Symbiobacterium_thermophilum	0.9763098659502295
7fc318a896e64b49968112ab3635801f	d__Bacteria; p__Proteobacteria; c__Gammaproteobacteria; o__Burkholderiales; f__Burkholderiaceae; g__Burkholderia-Caballeronia-Paraburkholderia	0.9986162445371458
7fd7b7bece92bbbfcceb2dcf1e835a8e	d__Bacteria; p__Actinobacteriota; c__Acidimicrobiia; o__Microtrichales; f__Microtrichaceae; g__IMCC26207; s__uncultured_bacterium	0.9002426566476224
7fdfee5f236fe04b8615a88625da122b	d__Bacteria; p__Acidobacteriota; c__Vicinamibacteria; o__Vicinamibacterales; f__Vicinamibacteraceae; g__uncultured; s__uncultured_bacterium	0.7024285911146613
7fe4f150cb6444bab1a05295adbbfc5b	d__Bacteria; p__Proteobacteria; c__Gammaproteobacteria; o__Burkholderiales; f__Comamonadaceae; g__Variovorax	0.8432987564152638
7fea446c8f96d1cfbdba5726351037e2	d__Bacteria; p__Acidobacteriota; c__Thermoanaerobaculia; o__Thermoanaerobaculales; f__Thermoanaerobaculaceae; g__Subgroup_10	0.9999901942373217
800b123c75e71365b860adaf825b7442	d__Bacteria; p__Gemmatimonadota; c__Gemmatimonadetes; o__Gemmatimonadales; f__Gemmatimonadaceae; g__Gemmatimonas	0.9853291978496829
800ca04f88dbf68a45038a63dc13c8a4	d__Bacteria; p__Verrucomicrobiota; c__Verrucomicrobiae; o__Chthoniobacterales; f__01D2Z36; g__01D2Z36; s__uncultured_bacterium	0.9066634750606118
80127bf174ea87f302e43a41e55e4ba3	d__Bacteria; p__Acidobacteriota; c__Acidobacteriae; o__Solibacterales; f__Solibacteraceae; g__Candidatus_Solibacter	0.9684707577393247
801af1ca4077ccbb41ec29d1baeef69a	d__Bacteria; p__Acidobacteriota; c__Holophagae; o__Subgroup_7; f__Subgroup_7; g__Subgroup_7	0.9999999483645361
802480eec86c9b23fe9ef5a2646f9bb9	d__Bacteria; p__Gemmatimonadota; c__Gemmatimonadetes; o__Gemmatimonadales; f__Gemmatimonadaceae; g__uncultured	0.9955314868057781
8026e3e042cab311d2746f11e471b4ef	d__Bacteria; p__Planctomycetota; c__Planctomycetes; o__Pirellulales; f__Pirellulaceae; g__uncultured; s__uncultured_Planctomycetaceae	0.9877513071091054
802786594c6cf8b9657bdece871467f1	d__Bacteria; p__Acidobacteriota	0.9999871034374267
802c1ac6678e5c231f43588211d84c03	d__Bacteria; p__Acidobacteriota; c__Vicinamibacteria; o__Vicinamibacterales; f__uncultured; g__uncultured	0.99954895971798
803a818be624f22294de0660a57078cc	d__Bacteria; p__Acidobacteriota; c__Vicinamibacteria; o__Vicinamibacterales; f__Vicinamibacteraceae; g__Vicinamibacteraceae	0.9999983072160812
80419e77259f26430b78acb8f18e62a8	d__Bacteria; p__Planctomycetota; c__Planctomycetes; o__Gemmatales; f__Gemmataceae; g__uncultured; s__metagenome	0.8487252448655892
80679e414980a0bc00e0122fcd332828	d__Bacteria; p__Bacteroidota; c__Bacteroidia; o__Cytophagales; f__Microscillaceae; g__uncultured	0.82820519170906
806c4ba195db410bda470212ced88278	d__Bacteria; p__Acidobacteriota; c__Subgroup_22; o__Subgroup_22; f__Subgroup_22; g__Subgroup_22; s__uncultured_bacterium	0.8736441297957439
8074cce8eaae73895fe109f94de68e4c	d__Bacteria; p__Actinobacteriota; c__Actinobacteria; o__Euzebyales; f__Euzebyaceae; g__uncultured; s__uncultured_bacterium	0.7380689626229748
8080a14cfecd597e62b9cef86f043d8f	d__Bacteria; p__Chloroflexi; c__Anaerolineae; o__SBR1031; f__A4b; g__A4b	0.9999949137052297
80817ccc13a513721105daa3c7bc74e1	d__Bacteria; p__Gemmatimonadota; c__S0134_terrestrial_group; o__S0134_terrestrial_group; f__S0134_terrestrial_group; g__S0134_terrestrial_group; s__uncultured_Gemmatimonadetes	0.9027025659705846
808c083bd2d1bca8f448a2d96fde89bf	d__Bacteria; p__Proteobacteria; c__Gammaproteobacteria; o__Xanthomonadales; f__Xanthomonadaceae; g__Thermomonas	0.9527336000362899
808da1874028c626b2e54931b14d3833	d__Bacteria; p__Planctomycetota; c__Planctomycetes; o__Pirellulales; f__Pirellulaceae; g__uncultured	0.9816569373579034
808f4338889a3207df86ea1e644c28c6	d__Bacteria; p__Latescibacterota; c__Latescibacterota; o__Latescibacterota; f__Latescibacterota; g__Latescibacterota; s__uncultured_Desulfuromonadales	0.8820793086955725
80951c6a4d3fd2b5b842923ddbd2c100	d__Bacteria; p__Planctomycetota; c__Pla3_lineage; o__Pla3_lineage; f__Pla3_lineage; g__Pla3_lineage	0.9999929237521302
80aa4990a5e624de7fadbe7818923f7d	d__Bacteria; p__Actinobacteriota; c__Acidimicrobiia; o__Microtrichales	0.9419759576486502
80af2c4c6ddeae81a15797fd5e2849b1	d__Bacteria; p__Planctomycetota; c__Planctomycetes; o__Pirellulales; f__Pirellulaceae	0.9999272378582242
80b0b06856ca49f95e3f096156cdc1bb	d__Bacteria; p__Bacteroidota; c__Bacteroidia; o__Chitinophagales; f__Chitinophagaceae; g__Niastella	0.9781797569362405
80b30499e23bea41084a480e08c97c36	d__Bacteria; p__Chloroflexi; c__Dehalococcoidia; o__S085; f__S085; g__S085; s__uncultured_bacterium	0.9806237916811996
80bd5b24c196347b318708cf1410284a	d__Bacteria; p__Acidobacteriota; c__Vicinamibacteria; o__Vicinamibacterales; f__Vicinamibacteraceae; g__Vicinamibacteraceae	0.9396616128683168
80c4c4c36cb4fc185eaa36a641583edd	d__Bacteria; p__Proteobacteria; c__Gammaproteobacteria; o__Burkholderiales; f__Oxalobacteraceae; g__Massilia	0.96375356676814
80d170743a9c5127669ad4d510d43fd6	d__Bacteria; p__Chloroflexi; c__Anaerolineae; o__Anaerolineales; f__Anaerolineaceae; g__uncultured; s__uncultured_soil	0.8717446668184248
80d962b98e70d4f822693ce94b3f381f	d__Bacteria; p__Acidobacteriota; c__Blastocatellia; o__Pyrinomonadales; f__Pyrinomonadaceae; g__RB41; s__uncultured_Acidobacteriales	0.8756921323866813
80dc0a3b4866630745b22aa70a8c0785	d__Bacteria; p__Dependentiae; c__Babeliae; o__Babeliales; f__Babeliales; g__Babeliales; s__uncultured_bacterium	0.9505328813884343
80e3cacfbae9550ac17cb5016c1893cc	d__Bacteria; p__Elusimicrobiota; c__Lineage_IIb; o__Lineage_IIb; f__Lineage_IIb; g__Lineage_IIb; s__uncultured_bacterium	0.9742161407709817
80f70c4add3642c7a5edecb5785cefdc	d__Bacteria; p__Acidobacteriota; c__Subgroup_5; o__Subgroup_5; f__Subgroup_5; g__Subgroup_5; s__uncultured_bacterium	0.9167266438058671
80ff2ac743ea7175401038df25c6330b	d__Bacteria; p__Actinobacteriota; c__Thermoleophilia; o__Gaiellales; f__uncultured; g__uncultured; s__uncultured_organism	0.7064807894929686
8100d9f05b159b58c4be1172cf18fbab	d__Bacteria; p__Acidobacteriota; c__Vicinamibacteria; o__Vicinamibacterales; f__Vicinamibacteraceae; g__Vicinamibacteraceae	0.9997599608800704
81034ded5585b7abbdc92d373cf42336	d__Bacteria; p__Verrucomicrobiota; c__Verrucomicrobiae; o__Verrucomicrobiales; f__DEV007; g__DEV007	0.8876922290517376
8103d578bdf7fbc959cb099c7b8e8fe4	d__Bacteria; p__Myxococcota; c__Polyangia; o__Haliangiales; f__Haliangiaceae; g__Haliangium	0.9410081384787953
812c27d1024a7be7408f63d3360d0af1	d__Bacteria; p__Actinobacteriota; c__Thermoleophilia; o__Solirubrobacterales; f__67-14; g__67-14	0.7011999540307526
812c5c402fccc0b4d2abd76ed8bb29b9	d__Bacteria; p__Proteobacteria; c__Gammaproteobacteria; o__Burkholderiales; f__Comamonadaceae	0.9901710621646603
812caa7f93763fe93cd0cca6ca5aab69	d__Bacteria; p__Actinobacteriota; c__MB-A2-108; o__MB-A2-108; f__MB-A2-108; g__MB-A2-108; s__uncultured_Firmicutes	0.7517841663837536
814aea5778638ab5634082f686f771a9	d__Bacteria; p__Proteobacteria; c__Gammaproteobacteria; o__Pseudomonadales; f__Moraxellaceae; g__Acinetobacter	0.9967204006007868
816c05f81d38da33ef4f727450942b68	d__Bacteria; p__Actinobacteriota; c__Acidimicrobiia; o__uncultured; f__uncultured; g__uncultured	0.9895246684066399
8186288d6a50e245baddff2ccd2f5ff4	d__Bacteria; p__Cyanobacteria; c__Cyanobacteriia; o__Phormidesmiales; f__Nodosilineaceae; g__Nodosilinea_PCC-7104	0.9911616904901508
8187fb33782137e6aeecfb91b334874b	d__Bacteria; p__Proteobacteria; c__Gammaproteobacteria; o__Burkholderiales; f__Oxalobacteraceae; g__Massilia	0.7949723494603338
8189bde38ae33b0b32847d52f489c63c	d__Bacteria; p__Patescibacteria; c__Saccharimonadia; o__Saccharimonadales; f__Saccharimonadales; g__Saccharimonadales; s__uncultured_bacterium	0.8087727566575359
8192870437e68c0f8a2a186b6b82d1aa	d__Bacteria; p__Proteobacteria; c__Gammaproteobacteria; o__Burkholderiales; f__Burkholderiaceae; g__Lautropia	0.9927081936880033
8197f1594e8a17f3fc989fea64f54b8f	d__Bacteria; p__Halanaerobiaeota; c__Halanaerobiia; o__Halanaerobiales; f__Halobacteroidaceae; g__uncultured	0.9997026172832044
819b968d6bbeefe4101e472ca6665485	d__Bacteria; p__Planctomycetota; c__Pla4_lineage; o__Pla4_lineage; f__Pla4_lineage; g__Pla4_lineage; s__uncultured_prokaryote	0.8362728025236613
81a36e28481f925fbb972ec5811dda6a	d__Bacteria; p__Chloroflexi; c__Chloroflexia; o__Chloroflexales; f__Roseiflexaceae; g__uncultured; s__uncultured_Chloroflexi	0.9488590006856134
81aad30b78946056718ee16c96ab85e1	d__Bacteria; p__Elusimicrobiota; c__Elusimicrobia; o__Lineage_IV; f__Lineage_IV; g__Lineage_IV	0.9991591502234208
81afb070553e6f4bc7f8246b0adfcda2	d__Bacteria; p__Patescibacteria; c__Saccharimonadia; o__Saccharimonadales; f__LWQ8; g__LWQ8; s__uncultured_Candidatus	0.7004972581160713
81bd09a0cebc21166f4827744c6f3a2e	d__Bacteria; p__Verrucomicrobiota; c__Verrucomicrobiae; o__Pedosphaerales; f__Pedosphaeraceae; g__uncultured; s__uncultured_bacterium	0.7100125657636119
81c7909f119f21415affe48f2f3e0bfc	d__Bacteria; p__Planctomycetota; c__Planctomycetes; o__Pirellulales; f__Pirellulaceae; g__uncultured	0.9642562704976427
81d17ef97b8202512f0a4e142f79432e	d__Bacteria; p__Acidobacteriota; c__Vicinamibacteria; o__Vicinamibacterales; f__uncultured; g__uncultured	0.9999995724304688
81d1bc862cf099e41c522fdbf82c6367	d__Bacteria; p__Planctomycetota; c__Planctomycetes; o__Pirellulales; f__Pirellulaceae; g__uncultured; s__metagenome	0.9669013487443378
81ded6fe54bb335e4650216da795096a	d__Bacteria; p__Firmicutes; c__Bacilli; o__Bacillales; f__Bacillaceae; g__Anaerobacillus	0.7916009305289868
81e3f9e2a01f8cc9bbec0b07ad52dc47	d__Bacteria; p__Acidobacteriota; c__Vicinamibacteria; o__Vicinamibacterales; f__Vicinamibacteraceae; g__Vicinamibacteraceae	0.9409380712828227
81ef38a0f85b8a53077a222949c92462	d__Bacteria; p__Proteobacteria; c__Alphaproteobacteria; o__Caulobacterales; f__Hyphomonadaceae; g__SWB02	0.9997054834124708
81f7735d4918a6c7063addbe957a7752	d__Bacteria; p__Proteobacteria; c__Gammaproteobacteria; o__Oceanospirillales; f__Halomonadaceae; g__Halomonas	0.7719957738711406
82053b014e21a41ffa2ff04bc29cd745	d__Bacteria; p__Verrucomicrobiota; c__Verrucomicrobiae; o__Verrucomicrobiales; f__Rubritaleaceae; g__Luteolibacter; s__Luteolibacter_sp.	0.8551125346221666
820dbb4a9268f7102000975ecb18869d	d__Bacteria; p__Acidobacteriota; c__Vicinamibacteria; o__Vicinamibacterales; f__Vicinamibacteraceae; g__Vicinamibacteraceae; s__uncultured_Acidobacteriaceae	0.7656354001230038
82104585f0b2617c13eb69f0bbdf7d5a	d__Bacteria; p__Firmicutes; c__Bacilli; o__Lactobacillales; f__Streptococcaceae; g__Streptococcus	0.9999178311021121
821af37520eb9bb605e60b7ebab0e5d8	d__Bacteria; p__Acidobacteriota; c__Blastocatellia; o__11-24; f__11-24; g__11-24	0.7436792847145404
8229d983f8d5a54d3e5b2bf16ab489bf	d__Bacteria; p__Acidobacteriota; c__Thermoanaerobaculia; o__Thermoanaerobaculales; f__Thermoanaerobaculaceae; g__Subgroup_10; s__uncultured_bacterium	0.7819824263955985
822c9ad6aeec67c3ccb421e0c7103e32	d__Bacteria; p__NB1-j; c__NB1-j; o__NB1-j; f__NB1-j; g__NB1-j; s__uncultured_Green	0.9524710576426613
8231fa532c5e2c283f9b68586eff6c11	d__Bacteria; p__Planctomycetota; c__Planctomycetes; o__Planctomycetales	0.8913108930923686
8234e4d8fd9004e8af0ac15c2f279619	d__Bacteria; p__Chloroflexi; c__KD4-96; o__KD4-96; f__KD4-96; g__KD4-96; s__uncultured_Chloroflexi	0.8460709179269363
8235df0beab8324eb6ac765d27102a46	d__Bacteria; p__Bacteroidota; c__Bacteroidia; o__Cytophagales; f__Hymenobacteraceae; g__Pontibacter	0.9947432887426634
8237bee9b872cbc2ec0087370ba11755	d__Bacteria; p__Actinobacteriota; c__Acidimicrobiia; o__Microtrichales; f__uncultured; g__uncultured	0.8448356127527392
82428a9e5c1608231baf5fff9f401dd4	d__Bacteria; p__Proteobacteria; c__Gammaproteobacteria; o__Steroidobacterales; f__Steroidobacteraceae; g__uncultured; s__metagenome	0.9988595546339293
8243cd669ae7327f4326be78429ab05a	d__Bacteria; p__Myxococcota; c__bacteriap25; o__bacteriap25; f__bacteriap25; g__bacteriap25	0.9682141105309261
8254e0f9f07709b62dd8483f3b25fad0	d__Bacteria; p__Proteobacteria; c__Alphaproteobacteria; o__Sphingomonadales; f__Sphingomonadaceae; g__Sphingomonas	0.8143893042306526
826bd0bef7349425ea5be582f64e558f	d__Bacteria; p__Methylomirabilota; c__Methylomirabilia; o__Rokubacteriales; f__WX65; g__WX65; s__uncultured_bacterium	0.9971134365332887
826e188c911c0846fd927300127c80c0	d__Bacteria	0.999999999999987
827aebe97148a57a0e3ad3d0073f1c2f	d__Bacteria; p__Gemmatimonadota; c__S0134_terrestrial_group; o__S0134_terrestrial_group; f__S0134_terrestrial_group; g__S0134_terrestrial_group; s__uncultured_bacterium	0.812894774051678
827ccbb54ea2594a9cca69c2cb83fd6a	d__Bacteria; p__Firmicutes; c__Limnochordia; o__M55-D21; f__M55-D21; g__M55-D21; s__uncultured_bacterium	0.9872024138253787
82929d50f7a8a5b7b26a88e8aa24a7c3	d__Bacteria; p__Myxococcota; c__Polyangia; o__Haliangiales; f__Haliangiaceae; g__Haliangium; s__uncultured_bacterium	0.7582710040654266
8294a40fbde66816075f3b51e1a08347	d__Bacteria; p__NB1-j; c__NB1-j; o__NB1-j; f__NB1-j; g__NB1-j	0.9903444245036255
829a015a9bb0f840e1c08027d682d9db	d__Bacteria; p__Dependentiae; c__Babeliae; o__Babeliales	0.999833958953554
82a4b379bbc09e75b2e0485252c77db8	d__Bacteria; p__Gemmatimonadota; c__S0134_terrestrial_group; o__S0134_terrestrial_group; f__S0134_terrestrial_group; g__S0134_terrestrial_group	0.9999769498380129
82ab4057c27b459fbeea30cf61550f6a	d__Bacteria; p__Chloroflexi; c__Gitt-GS-136; o__Gitt-GS-136; f__Gitt-GS-136; g__Gitt-GS-136; s__uncultured_bacterium	0.7111156531261075
82c01349f5c2bcf8b5f7a4c62c10b6c1	d__Bacteria; p__Myxococcota; c__Polyangia; o__Polyangiales; f__Sandaracinaceae; g__uncultured; s__metagenome	0.9410380422530917
82ce460d73a6ee61bbcc3e6efe073915	d__Bacteria; p__Firmicutes; c__Clostridia; o__Lachnospirales; f__Lachnospiraceae	0.9952188808549592
82dbe0efd07279ac3fc81242f95a85f1	d__Bacteria; p__Chloroflexi; c__Anaerolineae; o__Caldilineales; f__Caldilineaceae; g__uncultured	0.999939505635487
82e2920db1bc7643f555729e6838a935	d__Bacteria; p__Acidobacteriota; c__Vicinamibacteria; o__Vicinamibacterales; f__Vicinamibacteraceae; g__Vicinamibacteraceae; s__uncultured_Acidobacteriaceae	0.8962696466200202
8300f4c926428a0aacff3b7ff4eb54e3	d__Bacteria; p__Chloroflexi; c__Anaerolineae; o__Ardenticatenales; f__Ardenticatenaceae; g__uncultured	0.9998536366682398
8301ff7ad88f57842a6704ba52cbce84	d__Bacteria; p__Acidobacteriota; c__Vicinamibacteria; o__Vicinamibacterales; f__Vicinamibacteraceae; g__Vicinamibacteraceae	0.9999979073920198
8306a9473dabfd5918ea869dbfcd1291	d__Bacteria; p__Proteobacteria; c__Alphaproteobacteria; o__Rhizobiales; f__Methyloligellaceae; g__uncultured; s__metagenome	0.8343210725134327
831026d357c397a62a58ca2c1281a976	d__Bacteria; p__Planctomycetota; c__Phycisphaerae; o__Tepidisphaerales; f__WD2101_soil_group; g__WD2101_soil_group	0.9992980414134672
83120ee5511f9dd06b3305c8d8a3aafb	d__Bacteria; p__Planctomycetota; c__Planctomycetes; o__Isosphaerales; f__Isosphaeraceae; g__uncultured	0.8908016568228603
831506515ea30e4f861c4decd3fcdf6a	d__Bacteria; p__Acidobacteriota; c__Holophagae; o__Subgroup_7; f__Subgroup_7; g__Subgroup_7	0.9999999914633789
831ca4193aa99e91ccbac3dfb519c0f9	d__Bacteria; p__Chloroflexi; c__KD4-96; o__KD4-96; f__KD4-96; g__KD4-96	0.9999994492399022
832d72679efa4010be6761ec39bcb715	d__Bacteria; p__Proteobacteria; c__Gammaproteobacteria; o__Burkholderiales; f__Rhodocyclaceae; g__uncultured	0.9136052365855687
833b8e30816c591d0fa1c7e134bd01e0	d__Bacteria; p__Firmicutes; c__Bacilli; o__Thermicanales; f__Thermicanaceae; g__Thermicanus	0.9999720628697696
8353975cec806266342c174c2065aa9f	d__Bacteria; p__Verrucomicrobiota; c__Verrucomicrobiae; o__Pedosphaerales; f__Pedosphaeraceae; g__Ellin517	0.8992868944696595
835ae0808fb280887f1517bc3c48b353	d__Bacteria; p__Halanaerobiaeota; c__Halanaerobiia; o__Halanaerobiales; f__Halobacteroidaceae; g__uncultured; s__Anoxybacter_fermentans	0.99103071510632
835ed9ab40def1f43e933cd704c7848c	d__Bacteria; p__Gemmatimonadota; c__S0134_terrestrial_group; o__S0134_terrestrial_group; f__S0134_terrestrial_group; g__S0134_terrestrial_group; s__uncultured_bacterium	0.9097893151913248
8361a5baae51642851152726eeaa5b07	d__Bacteria; p__NB1-j; c__NB1-j; o__NB1-j; f__NB1-j; g__NB1-j; s__uncultured_bacterium	0.8542254936064584
8368ea289a6cd951784ac6e1d947573c	d__Bacteria; p__Acidobacteriota; c__Vicinamibacteria; o__Vicinamibacterales; f__Vicinamibacteraceae; g__Luteitalea	0.9999949778382213
836989013a51544aefe5d2fc23588639	d__Bacteria; p__Proteobacteria; c__Gammaproteobacteria; o__Burkholderiales; f__Comamonadaceae	0.9999648829576537
8369ed591b159b5cbb13d3e9fd896b1d	d__Bacteria; p__Verrucomicrobiota; c__Verrucomicrobiae; o__Pedosphaerales; f__Pedosphaeraceae	0.9999976552314638
8372cccf035addf04760a48b3e858a93	d__Bacteria; p__Proteobacteria; c__Gammaproteobacteria; o__Burkholderiales; f__Methylophilaceae	0.9998481052925592
83911d750482b05c5e9b3c771318656a	d__Bacteria; p__Abditibacteriota; c__Abditibacteria; o__Abditibacteriales; f__Abditibacteriaceae; g__Abditibacterium; s__uncultured_soil	0.9999581571143277
8392f14642460885a2728caf8db1dfb9	d__Bacteria; p__Firmicutes; c__Bacilli; o__Bacillales; f__Bacillaceae; g__Anaerobacillus; s__uncultured_bacterium	0.9182527403427603
839d62cb1174c66d23e7240f95fca2bb	d__Bacteria; p__Planctomycetota; c__Planctomycetes; o__Planctomycetales; f__uncultured; g__uncultured; s__metagenome	0.8124050670264894
83b262dc4ab7dbb4286c5fb121434636	d__Bacteria; p__Proteobacteria; c__Alphaproteobacteria; o__uncultured; f__uncultured; g__uncultured	0.7328636668112909
83b90237cba22f22e288273ef917e19b	d__Bacteria; p__Firmicutes; c__Bacilli; o__Entomoplasmatales; f__type_III; g__type_III; s__uncultured_Mollicutes	0.9968854250425604
83c88a72c2dab171c38aadd98aa2d389	d__Bacteria; p__Actinobacteriota; c__Acidimicrobiia; o__Microtrichales	0.9379715475903393
83ce25e17d1a1bfb9e07a05c71708a8c	d__Bacteria; p__Planctomycetota; c__OM190; o__OM190; f__OM190; g__OM190; s__uncultured_Crater	0.8452374267234243
83ce5e24cc2cc1c74533196a1c733a57	d__Bacteria; p__Myxococcota; c__Polyangia; o__Polyangiales; f__BIrii41; g__BIrii41	0.9998691321315905
83d8976c4526ed9bf574c374c12a9d8b	d__Bacteria; p__Chloroflexi; c__JG30-KF-CM66; o__JG30-KF-CM66; f__JG30-KF-CM66; g__JG30-KF-CM66	0.9923423306082736
83e1d2b159894801e0da9e474c2fb988	d__Bacteria; p__Bacteroidota; c__Bacteroidia; o__Sphingobacteriales; f__Sphingobacteriaceae; g__Pedobacter; s__Antarctic_bacterium	0.785425995884536
83f1b4d776f6e08a6ba6f86634a1e5a9	d__Bacteria; p__Actinobacteriota; c__Thermoleophilia; o__Solirubrobacterales; f__Solirubrobacteraceae	0.9741043588880407
83f54fd803971829d0852110159f3c48	d__Bacteria; p__Latescibacterota; c__Latescibacterota; o__Latescibacterota; f__Latescibacterota; g__Latescibacterota; s__uncultured_bacterium	0.9992832156833059
83f82d05b1020ebb2baa4c97a15cdf03	d__Bacteria; p__Planctomycetota; c__Planctomycetes; o__Planctomycetales	0.9533426055182735
84053d44df5fc541864e6b8573993efb	d__Bacteria; p__Bacteroidota; c__Bacteroidia; o__Flavobacteriales; f__Flavobacteriaceae; g__Flavobacterium	0.9965918073918665
841095eb253839403f803edbbc14adaa	d__Bacteria; p__Chloroflexi; c__Chloroflexia; o__Chloroflexales; f__Chloroflexaceae	0.9999969973919064
841db84e70846d06a90ff4fff602c426	d__Bacteria; p__Myxococcota; c__Polyangia; o__Polyangiales; f__Sandaracinaceae; g__uncultured; s__uncultured_Polyangiaceae	0.9976690775066097
844a67032c52dc49019bf5dff248bf9c	d__Bacteria; p__Planctomycetota; c__Pla4_lineage; o__Pla4_lineage; f__Pla4_lineage; g__Pla4_lineage; s__uncultured_planctomycete	0.8211519868652606
844e66018b045f0a7619ce448e5439e2	d__Bacteria; p__Proteobacteria; c__Gammaproteobacteria; o__Burkholderiales; f__Comamonadaceae; g__Hydrogenophaga	0.9445770018751537
84534b4b128e02a316b00ab9654fd89c	d__Bacteria; p__Proteobacteria; c__Gammaproteobacteria; o__Cellvibrionales; f__Cellvibrionaceae; g__Cellvibrio; s__Cellvibrio_diazotrophicus	0.7691068049320489
8460a6a4b607693c4452f5abf0312536	d__Bacteria; p__Myxococcota; c__bacteriap25; o__bacteriap25; f__bacteriap25; g__bacteriap25	0.9462955212570603
8462091cf1b6bfda57a72fad8ae5a3b3	d__Bacteria; p__Chloroflexi; c__Anaerolineae; o__Caldilineales; f__Caldilineaceae; g__uncultured	0.9999032571310653
84650f1b12b44fab01f069c8928c3bfb	d__Bacteria; p__Planctomycetota; c__Planctomycetes; o__Isosphaerales; f__Isosphaeraceae; g__uncultured; s__uncultured_Planctomycetales	0.9682423816275074
846e4806b9ee5f6b06ba44348a9c1bc7	d__Bacteria; p__Proteobacteria; c__Gammaproteobacteria; o__Burkholderiales; f__Nitrosomonadaceae; g__Ellin6067	0.9997892543786819
8470758d784832696ec02d9cc3602a00	d__Bacteria; p__Acidobacteriota; c__Thermoanaerobaculia; o__Thermoanaerobaculales; f__Thermoanaerobaculaceae; g__Subgroup_10	0.9998947395889779
8480ff990e00d1d1d09a6782d0eebb2e	d__Bacteria; p__Firmicutes; c__Symbiobacteriia; o__Symbiobacteriales; f__Symbiobacteraceae; g__uncultured; s__uncultured_bacterium	0.8861222169929411
84856ab3d491a03e86a9b4cdc6a77221	d__Bacteria; p__Patescibacteria; c__Parcubacteria; o__Candidatus_Kaiserbacteria; f__Candidatus_Kaiserbacteria; g__Candidatus_Kaiserbacteria; s__metagenome	0.9341875610186644
8489353a6eac91e3697604b6f0fa31e9	d__Bacteria; p__Acidobacteriota; c__Vicinamibacteria; o__Vicinamibacterales; f__Vicinamibacteraceae; g__Vicinamibacteraceae	0.999999308864068
84a1b89045ab6285328f366224f3ec87	d__Bacteria; p__Myxococcota; c__Myxococcia; o__Myxococcales; f__Myxococcaceae	0.9988007857500761
84a2ad6bff85bc9ef8d1043c4c09b327	d__Bacteria; p__Acidobacteriota; c__Vicinamibacteria; o__Vicinamibacterales; f__Vicinamibacteraceae; g__Vicinamibacteraceae; s__uncultured_Acidobacteriaceae	0.7187195546041523
84b7081652e75fad1710afdc5aea1abc	d__Bacteria; p__Acidobacteriota; c__Thermoanaerobaculia; o__Thermoanaerobaculales; f__Thermoanaerobaculaceae; g__Subgroup_10; s__uncultured_prokaryote	0.7888468990225468
84c11e6ffb29ebc2192f4b049b7dbddb	d__Bacteria; p__Firmicutes; c__Bacilli; o__Lactobacillales; f__Leuconostocaceae; g__Leuconostoc	0.9996459415964493
84da37dedeca2b545dacfeb5d9783700	d__Bacteria; p__Planctomycetota; c__Planctomycetes; o__Pirellulales; f__Pirellulaceae; g__uncultured; s__uncultured_soil	0.9990805137753894
84e89d605483a479c19c0bcfd0d0dd42	d__Bacteria; p__Planctomycetota; c__OM190; o__OM190; f__OM190; g__OM190; s__uncultured_bacterium	0.9848049456988505
84f2777cfcb0fbed6281917fcc765022	d__Bacteria; p__Bacteroidota; c__Bacteroidia; o__Chitinophagales; f__Chitinophagaceae; g__Flavisolibacter	0.9438039963053669
84f8f13ec008d5d2bce3041d459320e2	d__Bacteria; p__Acidobacteriota; c__Vicinamibacteria; o__Vicinamibacterales; f__Vicinamibacteraceae; g__Vicinamibacteraceae	0.9906091903736086
84faf5385d10b4c18c105fe029a28757	d__Bacteria; p__Proteobacteria; c__Alphaproteobacteria; o__Sphingomonadales; f__Sphingomonadaceae; g__Sphingobium	0.984124961352471
8510e7921ce0279a6bf2b09997a38406	d__Bacteria; p__Planctomycetota; c__Planctomycetes; o__Gemmatales; f__Gemmataceae; g__uncultured	0.9977694559880514
8514fe5cf416016a3235eddf5dc39f65	d__Bacteria; p__Acidobacteriota; c__Holophagae; o__Subgroup_7; f__Subgroup_7; g__Subgroup_7	0.999997749512531
8517ac09c8354fdde51afa263744a6db	d__Bacteria; p__Acidobacteriota; c__Vicinamibacteria; o__Vicinamibacterales; f__uncultured; g__uncultured; s__uncultured_bacterium	0.732961701524897
851d11366b629a07929df48399f0a678	d__Bacteria; p__Planctomycetota; c__Planctomycetes; o__Gemmatales; f__Gemmataceae; g__uncultured	0.9885685088040439
8534eebd7cc94f7d452b78c226387945	d__Bacteria; p__Planctomycetota; c__Planctomycetes; o__Pirellulales; f__Pirellulaceae; g__Blastopirellula; s__uncultured_Planctomycetaceae	0.9984710506435795
8541eaf783ea84fe14ffbe6c841fb5a4	d__Bacteria; p__Bacteroidota; c__Bacteroidia; o__Cytophagales; f__Hymenobacteraceae; g__Pontibacter	0.9997314338857951
854a20d5019388e81b1e78419eb017fd	d__Bacteria; p__Actinobacteriota; c__Acidimicrobiia; o__IMCC26256; f__IMCC26256; g__IMCC26256; s__uncultured_Ferrimicrobium	0.7671022224160207
85749e3e311165d580c2f4038de4e707	d__Bacteria; p__Acidobacteriota; c__Vicinamibacteria; o__Vicinamibacterales; f__Vicinamibacteraceae; g__Vicinamibacteraceae	0.9999924288280945
858c759f70a52804938870096ccbf34b	d__Bacteria; p__Acidobacteriota; c__Vicinamibacteria; o__Vicinamibacterales; f__Vicinamibacteraceae; g__Vicinamibacteraceae	0.9999846600294738
858e01cf525a0527df3379442d188a91	d__Bacteria; p__Acidobacteriota; c__Vicinamibacteria; o__Vicinamibacterales; f__uncultured; g__uncultured	0.9997818909538517
858f94f8d0f113e7c5900ec5b9965449	d__Bacteria; p__Proteobacteria; c__Gammaproteobacteria; o__Steroidobacterales; f__Steroidobacteraceae; g__uncultured	0.9999894212096243
859873fcd088c294a92a13340744eb6f	d__Bacteria; p__Proteobacteria; c__Gammaproteobacteria; o__Burkholderiales; f__Methylophilaceae	0.9805071722795239
85a9d5c626bbc351ae9b73eb35876092	d__Bacteria; p__Actinobacteriota; c__Thermoleophilia; o__Gaiellales; f__Gaiellaceae; g__Gaiella	0.9489148166365209
85ba31e826495a3b000238006576d22d	d__Bacteria; p__Bdellovibrionota; c__Bdellovibrionia; o__Bdellovibrionales; f__Bdellovibrionaceae; g__OM27_clade; s__uncultured_bacterium	0.937240538018882
85c3855f1175d0b91237da0e181b026f	d__Bacteria; p__Acidobacteriota; c__Vicinamibacteria; o__Vicinamibacterales; f__Vicinamibacteraceae; g__Vicinamibacteraceae	0.9983993385420836
85d48d431ea455c3e235bcfc212dc933	d__Bacteria; p__Planctomycetota; c__Phycisphaerae; o__mle1-8; f__mle1-8; g__mle1-8; s__uncultured_bacterium	0.9999859036978677
85d8979b04e667eb15081e5dd3258282	d__Bacteria; p__Myxococcota; c__Polyangia; o__Polyangiales; f__BIrii41; g__BIrii41	0.9703223587299138
85e8b1b426cc3435eef83546ae6ea4a6	d__Bacteria; p__Proteobacteria; c__Gammaproteobacteria; o__Burkholderiales; f__Comamonadaceae; g__Ramlibacter	0.8030587874946078
85eea588f6bcc947a691cbe6a03b0211	d__Bacteria; p__Chloroflexi; c__Chloroflexia; o__Thermomicrobiales; f__AKYG1722; g__AKYG1722	0.9999999871113399
86029b8e807a4b3dd0bb0c60517afc42	d__Bacteria; p__Bacteroidota; c__Bacteroidia; o__Flavobacteriales; f__Flavobacteriaceae; g__Flavobacterium	0.9990465256284312
860e3297cada027b6369f3eb527471e5	d__Bacteria; p__Proteobacteria; c__Gammaproteobacteria; o__Steroidobacterales; f__Steroidobacteraceae; g__Steroidobacter	0.9683425130260972
8616277fbea1b3adc64960a6fb03e823	d__Bacteria; p__Patescibacteria; c__Saccharimonadia; o__Saccharimonadales; f__LWQ8; g__LWQ8	0.9585034498670313
8621ff956c0b5ef66abdaa0e7bbe7301	d__Bacteria; p__Proteobacteria; c__Gammaproteobacteria; o__Pseudomonadales; f__Pseudomonadaceae; g__Azotobacter; s__Azotobacter_chroococcum	0.7609609746531177
8630332c1750103f306f838782680b69	d__Bacteria; p__Actinobacteriota; c__Acidimicrobiia; o__IMCC26256; f__IMCC26256; g__IMCC26256; s__uncultured_Ferrimicrobium	0.8043237851911587
86373a7848837b0674a30f46a53c0043	d__Bacteria; p__Acidobacteriota; c__Subgroup_22; o__Subgroup_22; f__Subgroup_22; g__Subgroup_22; s__uncultured_bacterium	0.8605548977866555
8644bc0ac6bb8990abe0ffbc21ef667e	d__Bacteria; p__Acidobacteriota; c__Vicinamibacteria; o__Vicinamibacterales; f__Vicinamibacteraceae; g__Vicinamibacteraceae	0.9875686231684251
8656174b7e4ae8205c094b6026f1d51f	d__Bacteria; p__Myxococcota; c__Polyangia; o__Polyangiales; f__BIrii41; g__BIrii41	0.9963553038688187
8658c0aec43b4c78b9f4c09ea7571b93	d__Bacteria; p__Acidobacteriota; c__Vicinamibacteria; o__Vicinamibacterales; f__Vicinamibacteraceae; g__Luteitalea; s__bacterium_enrichment	0.7868770472950745
865eace07ca9c9cf84610a89c4fdb1ca	d__Bacteria; p__Proteobacteria; c__Gammaproteobacteria; o__Burkholderiales; f__Comamonadaceae	0.9999594236082789
866eeb83c638ec4623c21270bc1978a8	d__Bacteria; p__Acidobacteriota; c__Vicinamibacteria; o__Vicinamibacterales; f__uncultured; g__uncultured	0.9999515529304748
86736d7860c43389b4b53b665b7d6bf6	d__Bacteria; p__Firmicutes; c__Clostridia; o__Lachnospirales; f__Lachnospiraceae; g__Lachnoclostridium; s__Lachnoclostridium_phytofermentans	0.7795510031565352
867fbeccc35cc95d0c46d1598e62aa9c	d__Bacteria; p__Planctomycetota; c__Planctomycetes; o__Pirellulales; f__Pirellulaceae	0.9999914405609253
869594dcd361762957c4cf5d71b805fd	d__Bacteria; p__Chloroflexi; c__JG30-KF-CM66; o__JG30-KF-CM66; f__JG30-KF-CM66; g__JG30-KF-CM66; s__uncultured_bacterium	0.7877448358575776
86a642f68b1641c417130178e943d04d	d__Bacteria; p__Firmicutes; c__Bacilli; o__Bacillales; f__Bacillaceae; g__Bacillus	0.9995655221381454
86ae9605bd7e348ba6f90e8d85924d72	d__Bacteria; p__Actinobacteriota; c__Actinobacteria; o__Micromonosporales; f__Micromonosporaceae; g__Dactylosporangium	0.7892992047418116
86b426e265557bf83ebba1636e03cab3	d__Bacteria; p__Actinobacteriota; c__Actinobacteria; o__Frankiales; f__uncultured; g__uncultured	0.9358833784509895
86b8a04c4a9c8f6f58f63236a07e7469	d__Bacteria; p__Cyanobacteria; c__Cyanobacteriia; o__Phormidesmiales; f__Nodosilineaceae; g__Nodosilinea_PCC-7104	0.9857827446243024
86ba5a4c2b5e1a28c44cc0ad46f5401a	d__Bacteria; p__Acidobacteriota; c__Vicinamibacteria; o__Vicinamibacterales; f__Vicinamibacteraceae; g__Vicinamibacteraceae	0.9999824297782353
86bb48d0fdfdc45a2a25b66b5d3242cc	d__Bacteria; p__Proteobacteria; c__Alphaproteobacteria	0.9999965099404076
86be6d2c286a1b504fe0cb9652a42cdb	d__Bacteria; p__Bacteroidota; c__Rhodothermia; o__Rhodothermales; f__Rhodothermaceae; g__Rhodothermaceae; s__uncultured_bacterium	0.7165206988836096
86deaff47d33946ede1b7c25c6bbe9f9	d__Bacteria; p__Firmicutes; c__Bacilli; o__Bacillales; f__Salisediminibacteriaceae; g__Salipaludibacillus	0.9988237478225752
86f3f073baa9e9bcd63373a1b9fa6453	d__Bacteria; p__Acidobacteriota; c__Vicinamibacteria; o__Vicinamibacterales; f__uncultured; g__uncultured; s__uncultured_Acidobacteriaceae	0.9208110709048418
86f4f7aba4482f861796ee1c7c3b5a84	d__Bacteria; p__Proteobacteria; c__Gammaproteobacteria; o__Burkholderiales; f__Comamonadaceae	0.9998120874931145
86fa1cf3ebb32165a71947f5e7f2fa94	d__Bacteria; p__Myxococcota; c__Polyangia; o__Polyangiales; f__BIrii41; g__BIrii41	0.9730539800900547
86fa662da6869634e7f90f85e9ee4933	d__Bacteria; p__Proteobacteria; c__Gammaproteobacteria; o__Burkholderiales; f__Comamonadaceae; g__Piscinibacter	0.9982360348133233
870d22e4c7c6a2ca4b28a3a8fa98c6ff	d__Bacteria; p__Acidobacteriota; c__Vicinamibacteria; o__Vicinamibacterales; f__Vicinamibacteraceae; g__Vicinamibacteraceae	0.9999707783159805
87173c3b5054b06610ee3fdfc10b977d	d__Bacteria; p__Bacteroidota; c__Bacteroidia; o__Bacteroidales; f__Porphyromonadaceae; g__Porphyromonas; s__Porphyromonas_endodontalis	0.9144379470135363
872a095d5db57a48ea014592f348687d	d__Bacteria; p__Cyanobacteria; c__Cyanobacteriia; o__Cyanobacteriales; f__Nostocaceae	0.8207070014725824
875b9d9f40a904167bbecd153ecd4cd8	d__Bacteria; p__Planctomycetota; c__Pla4_lineage; o__Pla4_lineage; f__Pla4_lineage; g__Pla4_lineage	0.9970671636252986
875e8d3918984ea7df1d096121ea8458	d__Bacteria; p__Verrucomicrobiota; c__Verrucomicrobiae; o__Chthoniobacterales; f__Chthoniobacteraceae; g__Chthoniobacter; s__uncultured_bacterium	0.9665377064044031
876de5dc848b72b222d4e8b67baecb51	d__Bacteria; p__Bacteroidota; c__Bacteroidia; o__Chitinophagales; f__Chitinophagaceae; g__Edaphobaculum	0.8828535689289895
876e5d4c20bbba29cc0326c49d395cfe	d__Bacteria; p__Proteobacteria; c__Gammaproteobacteria; o__Steroidobacterales; f__Steroidobacteraceae; g__uncultured	0.9997720936691232
8776a01eb1fe5c1a5aa316f9e2877dd5	d__Bacteria; p__Acidobacteriota; c__Blastocatellia; o__DS-100; f__DS-100; g__DS-100; s__uncultured_Acidobacteriales	0.8430321046099147
877eda3649d8c1d565a501cc8efec303	d__Bacteria; p__Acidobacteriota; c__Vicinamibacteria; o__Vicinamibacterales; f__uncultured; g__uncultured	0.9999999402392896
87840077303124fd16b6875cc5d10e5c	d__Bacteria; p__Cyanobacteria; c__Cyanobacteriia; o__Chloroplast; f__Chloroplast; g__Chloroplast	0.9999996505601684
8793be07f0905ae0273e618ff681aef9	d__Bacteria; p__Myxococcota; c__Myxococcia; o__Myxococcales; f__Myxococcaceae; g__uncultured; s__uncultured_Archangiaceae	0.9187275854294041
87957319ea5df6874e3fc8956cab832c	d__Bacteria; p__Actinobacteriota; c__Actinobacteria; o__Propionibacteriales; f__Propionibacteriaceae	0.8352320895882984
87a02a90adfb8e1855f3d3716cdaa8d7	d__Bacteria; p__Proteobacteria; c__Alphaproteobacteria	0.9999952992017583
87be3450216b45c53851fd173582a2d0	d__Bacteria; p__Firmicutes; c__Bacilli; o__Paenibacillales; f__Paenibacillaceae; g__Thermobacillus; s__Thermobacillus_composti	0.8868781927307006
87ca0d1120e1142d252e2d32e59ef22f	d__Bacteria; p__Myxococcota; c__Polyangia; o__Polyangiales	0.9989785415729451
87e83e8f217638390c4615adde7c2655	d__Bacteria; p__Actinobacteriota; c__Actinobacteria; o__Micromonosporales; f__Micromonosporaceae	0.9999715893335006
87f2c20abe4257e1674bd57b31ce8c21	d__Bacteria; p__Proteobacteria; c__Alphaproteobacteria; o__Rhizobiales; f__Amb-16S-1323; g__Amb-16S-1323; s__uncultured_bacterium	0.9697038965499557
87fe03f32f398a8b29c37647b30c9124	d__Bacteria; p__Gemmatimonadota; c__Gemmatimonadetes; o__Gemmatimonadales; f__Gemmatimonadaceae; g__uncultured	0.8877432669467835
880326db4efb0c065988fe17e325adda	d__Bacteria; p__Acidobacteriota; c__Blastocatellia; o__11-24; f__11-24; g__11-24; s__uncultured_Acidobacteria	0.8704407525916581
88045378b5b6b66fb229f914453a6595	d__Bacteria; p__Planctomycetota; c__OM190; o__OM190; f__OM190; g__OM190; s__uncultured_Crater	0.8524352936080877
880ef46b7fc21945745dbe938146761c	d__Bacteria; p__Planctomycetota; c__Planctomycetes; o__Pirellulales; f__Pirellulaceae; g__uncultured; s__uncultured_bacterium	0.7712979838510791
8811a6a50b0c748d8630981ba7225f8c	d__Bacteria; p__Bacteroidota; c__Bacteroidia; o__Sphingobacteriales; f__Sphingobacteriaceae	0.989894533289737
881d79b0c7d8065b1967c3f571e33afc	d__Bacteria; p__Planctomycetota; c__Phycisphaerae; o__Phycisphaerales; f__Phycisphaeraceae; g__SM1A02	0.9999941359348686
881dd889ba9baf0edefcb26535612a0b	d__Bacteria; p__Firmicutes; c__Bacilli; o__Caldalkalibacillales; f__Caldalkalibacillaceae; g__Caldalkalibacillus; s__uncultured_bacterium	0.9997246785964793
881e7c6d0d54c742588a212239e6f23e	d__Bacteria; p__Planctomycetota; c__OM190; o__OM190; f__OM190; g__OM190; s__uncultured_bacterium	0.9931701466164583
88347faffdbdb41e369b253eee315e75	d__Bacteria; p__Planctomycetota; c__Planctomycetes; o__Pirellulales; f__Pirellulaceae; g__Pir4_lineage; s__uncultured_Planctomycetaceae	0.8373214576351213
883cbe8e4d1d98f468355e8ea974d222	d__Bacteria; p__Bacteroidota; c__Bacteroidia; o__Chitinophagales; f__Chitinophagaceae	0.9999952380889897
8844d70dd1fdb96f2a7faa65bccf78c6	d__Bacteria; p__Acidobacteriota; c__Acidobacteriae; o__Solibacterales; f__Solibacteraceae; g__Candidatus_Solibacter	0.9925144157534266
8846d0faa06b8b14400ff84b9f25c882	d__Bacteria; p__Firmicutes; c__Bacilli; o__Bacillales; f__Salisediminibacteriaceae; g__Salipaludibacillus; s__Salipaludibacillus_agaradhaerens	0.959009918285793
884798fdf7f4ad727f88675f2e6e0c30	d__Bacteria; p__Planctomycetota; c__Planctomycetes; o__Pirellulales; f__Pirellulaceae; g__Pir4_lineage; s__uncultured_Planctomycetaceae	0.959241000141325
884a7aec41f13467c6bf975d5bd9cc6a	d__Bacteria; p__Proteobacteria; c__Gammaproteobacteria; o__Xanthomonadales; f__Xanthomonadaceae; g__Stenotrophomonas	0.9918227158761841
884f05b1512c031acde7f3c7fffa2937	d__Bacteria; p__Planctomycetota; c__Phycisphaerae; o__Phycisphaerales; f__Phycisphaeraceae; g__SM1A02; s__uncultured_bacterium	0.746529714147651
885f411fa54c5576148678f665bb053f	d__Bacteria; p__Acidobacteriota; c__Vicinamibacteria; o__Vicinamibacterales; f__Vicinamibacteraceae; g__Vicinamibacter; s__uncultured_bacterium	0.8848689053533697
887246cd085093c18bccd276d77454f7	d__Bacteria; p__Planctomycetota; c__Planctomycetes; o__Planctomycetales; f__Rubinisphaeraceae; g__SH-PL14; s__metagenome	0.8556409789938823
887b1640476e7c6cd79fc9dbb3ed581e	d__Bacteria; p__Actinobacteriota; c__Thermoleophilia; o__Solirubrobacterales; f__Solirubrobacteraceae; g__JCM_18997; s__uncultured_bacterium	0.9648010231298634
889281aa01c7208e5947cac7c7298aa9	d__Bacteria; p__Chloroflexi; c__Anaerolineae; o__SBR1031; f__SBR1031; g__SBR1031; s__metagenome	0.8276423183906849
88930173ba5033e23eb884dec54cb1ef	d__Bacteria; p__Planctomycetota; c__Phycisphaerae; o__Tepidisphaerales; f__WD2101_soil_group; g__WD2101_soil_group	0.9999998466847233
88af14f02ae7a0c58d20ce42db37d920	d__Bacteria; p__Planctomycetota; c__Planctomycetes; o__Gemmatales; f__Gemmataceae; g__Gemmata	0.8097230864960445
88c76ddb1b24acffe65d8128e2f48244	d__Bacteria; p__Firmicutes; c__Clostridia; o__Clostridiales; f__Clostridiaceae; g__Clostridium_sensu_stricto_8	0.9924827805408201
88cf8376d62c772030105d3e7857f515	d__Bacteria; p__Chloroflexi; c__Chloroflexia; o__Thermomicrobiales; f__JG30-KF-CM45; g__JG30-KF-CM45; s__uncultured_bacterium	0.7179318319803684
88d42e65dfa8534240432036e9321a39	d__Bacteria; p__Proteobacteria; c__Gammaproteobacteria; o__Pseudomonadales; f__Moraxellaceae; g__Acinetobacter	0.9979545250180422
88db2f64f840cd89d65859dc7c7234fe	d__Bacteria; p__Planctomycetota; c__Planctomycetes; o__Pirellulales; f__Pirellulaceae; g__Pir4_lineage	0.8450442549523476
88dcddc247d4bcc7171664a19266a8af	d__Bacteria; p__Proteobacteria; c__Gammaproteobacteria; o__Burkholderiales; f__Rhodocyclaceae	0.950600135711373
88e4b86015b1cd89af1a724cc99a7c1c	d__Bacteria; p__Patescibacteria; c__Saccharimonadia; o__Saccharimonadales; f__Saccharimonadales; g__Saccharimonadales; s__uncultured_Candidatus	0.7779198603931533
88e564103335445364201eb580c18dae	d__Bacteria; p__Patescibacteria; c__Saccharimonadia; o__Saccharimonadales; f__Saccharimonadales; g__Saccharimonadales; s__uncultured_soil	0.8207362716328972
88e806801433b6364e1a7629a838f768	d__Bacteria; p__Proteobacteria; c__Gammaproteobacteria; o__Xanthomonadales; f__Xanthomonadaceae; g__Lysobacter; s__Lysobacter_terricola	0.842071234940024
88ec94753a2fd92fbd7e5b33ca7f9887	d__Bacteria; p__Gemmatimonadota; c__Gemmatimonadetes; o__Gemmatimonadales; f__Gemmatimonadaceae; g__uncultured	0.9998484717204691
89192d9f779341d313f52aad0dc6a06f	d__Bacteria; p__Proteobacteria; c__Alphaproteobacteria; o__Rhizobiales; f__Beijerinckiaceae	0.8883511664316738
892f9ee0d82c79d6e4ede0c0b0a6d6b6	d__Bacteria; p__Acidobacteriota; c__Thermoanaerobaculia; o__Thermoanaerobaculales; f__Thermoanaerobaculaceae; g__Subgroup_10; s__Acidobacteria_bacterium	0.9488968153593558
8930d2a214cfdd110964beda57058820	d__Bacteria; p__Proteobacteria; c__Gammaproteobacteria; o__Xanthomonadales; f__Xanthomonadaceae; g__Pseudoxanthomonas	0.9322882278823735
893967d69d6aa0e46ee9e8d018d40b6d	d__Bacteria; p__Proteobacteria; c__Gammaproteobacteria; o__Xanthomonadales	0.9801851181486628
893d12123eb7f623489a4f025a15ae7f	d__Bacteria; p__Proteobacteria; c__Gammaproteobacteria; o__Enterobacterales; f__Erwiniaceae; g__Pantoea	0.85147221457265
893ef562358365307932677220815672	d__Bacteria; p__Chloroflexi; c__KD4-96; o__KD4-96; f__KD4-96; g__KD4-96	0.999895582638906
895f7aa68056bb8cd38adfe1c5066858	d__Bacteria; p__Proteobacteria; c__Gammaproteobacteria; o__Burkholderiales	0.9973524733672088
89700dabc45f35b894d15a2f13af890f	d__Bacteria; p__Acidobacteriota; c__Vicinamibacteria; o__Vicinamibacterales; f__uncultured; g__uncultured; s__uncultured_bacterium	0.7096223256623955
8971980484eeabeef00145b93b699e30	d__Bacteria; p__Myxococcota; c__Polyangia; o__Polyangiales	0.9980524322881643
897386525be2b2b612d8194edbdab5c4	d__Bacteria; p__Chloroflexi; c__Anaerolineae; o__Ardenticatenales; f__Ardenticatenaceae; g__uncultured; s__uncultured_bacterium	0.9245674650660892
897f0855ef8e99ced62800b598ae0c06	d__Bacteria; p__Chloroflexi; c__Anaerolineae; o__Caldilineales; f__Caldilineaceae; g__uncultured; s__uncultured_bacterium	0.9154655518186784
89947efa03fb5ba64b4a9b6ab805cd4e	d__Bacteria; p__Acidobacteriota; c__Blastocatellia; o__Blastocatellales; f__Blastocatellaceae	0.9999999746078866
89a46392dd9ea4bc3984e35e93baf883	d__Bacteria; p__MBNT15; c__MBNT15; o__MBNT15; f__MBNT15; g__MBNT15	0.9250449977208586
89b1a44f286b946bf88070406161b70b	d__Bacteria; p__Proteobacteria; c__Gammaproteobacteria; o__Burkholderiales; f__SC-I-84; g__SC-I-84	0.9866714715302403
89bc04ea0a4c1149b255f9259c464f89	d__Bacteria; p__Planctomycetota; c__OM190; o__OM190; f__OM190; g__OM190; s__uncultured_bacterium	0.8221852800627157
89be52058f7dda91a0ba3544ab9a1d0e	d__Bacteria; p__Firmicutes; c__Bacilli; o__Staphylococcales; f__Staphylococcaceae; g__Staphylococcus	0.9990408124272069
89d99572b7f4e679bcb32336c2d6f574	d__Bacteria; p__Actinobacteriota; c__MB-A2-108; o__MB-A2-108; f__MB-A2-108; g__MB-A2-108	0.9996831230397673
89e68f36296b291113554bd263e229b9	d__Bacteria; p__Planctomycetota; c__OM190; o__OM190; f__OM190; g__OM190; s__uncultured_bacterium	0.8811579443987257
89f3ba99552605501b8acb816d288afe	d__Bacteria; p__Actinobacteriota; c__Thermoleophilia; o__Solirubrobacterales; f__Solirubrobacteraceae; g__Solirubrobacter	0.9152820181203266
89f7e4aa5b64e3ee0542c96e8de1dd87	d__Bacteria; p__Planctomycetota; c__Phycisphaerae; o__Tepidisphaerales; f__WD2101_soil_group; g__WD2101_soil_group	0.9999997994736889
8a01af5a531e851e2c50fc01131cda33	d__Bacteria; p__Nitrospirota; c__Nitrospiria; o__Nitrospirales; f__Nitrospiraceae; g__Nitrospira	0.9999999800974911
8a066d2247cf571ca9e5c3528b2123b3	d__Bacteria; p__Actinobacteriota; c__Actinobacteria; o__Propionibacteriales; f__Nocardioidaceae	0.9993261626514445
8a0806089afd494ae3b13982b9a6a7af	d__Bacteria; p__Desulfobacterota; c__uncultured; o__uncultured; f__uncultured; g__uncultured	0.9959752033556672
8a1f8a2f52ca05ed84e252e3932b648f	d__Bacteria; p__Chloroflexi; c__Ktedonobacteria; o__C0119; f__C0119; g__C0119; s__uncultured_bacterium	0.8561328379883828
8a29a30c34bbf5cbf5f239877d9418f4	d__Bacteria; p__Actinobacteriota; c__Thermoleophilia; o__Gaiellales; f__uncultured; g__uncultured	0.8118789224276082
8a30f921f6770f73162e63456ee6b12d	d__Bacteria; p__Actinobacteriota; c__Thermoleophilia; o__Solirubrobacterales	0.9995457214599514
8a3367e36ed4e416d5a77a7946cf6fc5	d__Bacteria; p__Chloroflexi; c__TK10; o__TK10; f__TK10; g__TK10	0.9999976735837249
8a33a7f39f3cd5ec189311cf3b500051	d__Bacteria; p__Actinobacteriota; c__Actinobacteria; o__Streptomycetales; f__Streptomycetaceae; g__Streptomyces	0.9632356665260706
8a3476976be149c7421c7416539f0f7f	d__Bacteria; p__Planctomycetota; c__Planctomycetes; o__Pirellulales; f__Pirellulaceae; g__Pirellula	0.9999998427270291
8a3d24d974580dcefe1f4fdaba744574	d__Bacteria; p__Actinobacteriota; c__Actinobacteria; o__Pseudonocardiales; f__Pseudonocardiaceae; g__Pseudonocardia	0.995773221556395
8a42c570961b9e316c48b5efa0e429f8	d__Bacteria; p__Acidobacteriota; c__Vicinamibacteria; o__Vicinamibacterales; f__uncultured; g__uncultured; s__uncultured_bacterium	0.7926322221097593
8a4ff1f21689ab4d5fd758d2909160c5	d__Bacteria; p__Planctomycetota; c__Phycisphaerae; o__Tepidisphaerales; f__WD2101_soil_group; g__WD2101_soil_group	0.9995615361815375
8a53120f1f69dfd9cb8b14088ebe8338	d__Bacteria; p__Planctomycetota; c__Planctomycetes; o__Pirellulales; f__Pirellulaceae; g__uncultured; s__uncultured_bacterium	0.7697138680966058
8a553d6f84c0d987749d143b070d6767	d__Bacteria; p__Chloroflexi; c__Chloroflexia; o__Thermomicrobiales; f__JG30-KF-CM45; g__JG30-KF-CM45; s__uncultured_bacterium	0.9821556876267594
8a5864be263e9c33dc32e410fef585f3	d__Bacteria; p__Acidobacteriota; c__Vicinamibacteria; o__Vicinamibacterales; f__uncultured; g__uncultured	0.9995326843585708
8a5f7d84a09d7cc17298c52fa00ad458	d__Bacteria; p__Actinobacteriota; c__MB-A2-108; o__MB-A2-108; f__MB-A2-108; g__MB-A2-108	0.9999874545369786
8a660043c42e9473a4bd43a3bd7baf47	d__Bacteria; p__Proteobacteria; c__Gammaproteobacteria; o__Xanthomonadales; f__Rhodanobacteraceae	0.9998555417788904
8a6b88f9515bf2dfac09e6a69045a4fe	d__Bacteria; p__Firmicutes; c__Limnochordia; o__Limnochordia; f__Limnochordia; g__Hydrogenispora	0.998598448473852
8a7b23da2a0d6e4867130414e9e48f97	d__Bacteria; p__Myxococcota; c__Polyangia; o__Polyangiales; f__Sandaracinaceae; g__uncultured; s__metagenome	0.9899031690913462
8aaa4d9bb0a320e43f767289d2a53076	d__Bacteria; p__Myxococcota; c__Polyangia; o__Polyangiales; f__BIrii41; g__BIrii41	0.9996727739050071
8aaa6fc8b38cb0c87f51825dc1be0609	d__Bacteria; p__Acidobacteriota; c__Holophagae; o__Subgroup_7; f__Subgroup_7; g__Subgroup_7	0.9999972541795759
8ab1cf23b55e5deb29e69dafd8d3696d	d__Bacteria; p__Fusobacteriota; c__Fusobacteriia; o__Fusobacteriales; f__Leptotrichiaceae; g__Leptotrichia	0.9999980959566982
8ac3c6af15e6f3b6fbcac4fe5949977b	d__Bacteria; p__Actinobacteriota; c__Thermoleophilia; o__Solirubrobacterales; f__67-14; g__67-14	0.9754119109722302
8ac5f30ba42f7b8a5013c2c7ac7a8374	d__Bacteria; p__Myxococcota; c__Myxococcia; o__Myxococcales; f__Myxococcaceae	0.9993859330593752
8aca6435c039b71906dbda1304ad79dd	d__Bacteria; p__Planctomycetota; c__Planctomycetes; o__Pirellulales; f__Pirellulaceae; g__Pir4_lineage	0.9808689319333835
8ad13366aedd7f140c67489df2076902	d__Bacteria; p__Firmicutes; c__Limnochordia; o__Limnochordales; f__Limnochordaceae; g__Limnochordaceae; s__uncultured_bacterium	0.9935652995320223
8aed8b416b7ae10cb4fb11eaa13041d6	d__Bacteria; p__Chloroflexi; c__Chloroflexia; o__Chloroflexales; f__Roseiflexaceae; g__uncultured; s__uncultured_Chloroflexaceae	0.9254865141389874
8aefaddd126afbd5dc0c39b27d01bc58	d__Bacteria; p__Acidobacteriota; c__Holophagae; o__Subgroup_7; f__Subgroup_7; g__Subgroup_7	0.9999999039955094
8afccb8f7f50c5603b471fb0c808c9e6	d__Bacteria; p__Elusimicrobiota; c__Lineage_IIb; o__Lineage_IIb; f__Lineage_IIb; g__Lineage_IIb; s__uncultured_soil	0.9908986017453331
8afd274849ac07c0ca66f8f5f143df3c	d__Bacteria; p__Proteobacteria; c__Alphaproteobacteria; o__Rhizobiales; f__Beijerinckiaceae; g__Bosea	0.9036286276658856
8b09f87cc10608f90f05c05f9e9167a4	d__Bacteria	0.9999999999999567
8b0cebdb30b7c22a442defce781adf39	d__Bacteria; p__Proteobacteria; c__Gammaproteobacteria; o__Burkholderiales; f__Alcaligenaceae	0.9977205976308717
8b3717669b74898c8ad32e5319c6aee2	d__Bacteria; p__Planctomycetota; c__OM190; o__OM190; f__OM190; g__OM190; s__uncultured_bacterium	0.7739698080314065
8b49be577f53d55cc0aeecc792e63253	d__Bacteria; p__Bacteroidota; c__Bacteroidia	0.9999632802000066
8b50810d40d2d0f07357815cafafe4e9	d__Bacteria; p__Planctomycetota; c__Planctomycetes; o__Pirellulales; f__Pirellulaceae; g__Pirellula; s__uncultured_soil	0.985746929308548
8b638e88911b8fe2e75a495950d29a64	d__Bacteria; p__Planctomycetota; c__Planctomycetes; o__Gemmatales; f__Gemmataceae; g__uncultured; s__uncultured_bacterium	0.828177886740503
8b688a55b05f4cf36c23830f08b26b3c	d__Bacteria; p__Proteobacteria; c__Gammaproteobacteria; o__Xanthomonadales; f__Xanthomonadaceae; g__Stenotrophomonas	0.9155984763225362
8b7f803ac9a9bac3411234e3afc7ed40	d__Bacteria; p__Proteobacteria; c__Gammaproteobacteria; o__Xanthomonadales; f__Xanthomonadaceae; g__Lysobacter	0.8468990492407205
8bab0f17c59b40c4d507350b159c1b17	d__Bacteria; p__Chloroflexi; c__Anaerolineae; o__SBR1031; f__A4b; g__A4b	0.9998960947271855
8bad1e0f4ee3cf08555879f5b40a3f23	d__Bacteria; p__Bacteroidota; c__Bacteroidia; o__Sphingobacteriales; f__env.OPS_17; g__env.OPS_17; s__uncultured_soil	0.8315535994359257
8bc649f6f71d94d5af92e5e1cacb3b6d	d__Bacteria; p__Planctomycetota; c__Planctomycetes; o__Isosphaerales; f__Isosphaeraceae; g__Tundrisphaera; s__uncultured_bacterium	0.8933216113468448
8bdc788a03b070a225b53b64d5f1fe8e	d__Bacteria; p__Bdellovibrionota; c__Bdellovibrionia; o__Bdellovibrionales; f__Bdellovibrionaceae; g__OM27_clade	0.9995665398669968
8be7d60fd11e084c46e5d7ab350e73d8	d__Bacteria; p__Patescibacteria; c__Saccharimonadia; o__Saccharimonadales; f__Saccharimonadaceae; g__TM7a; s__uncultured_bacterium	0.9631067672246507
8beebfa2c10e0b40ce3cf20fa1d1c268	d__Bacteria; p__Acidobacteriota; c__Holophagae; o__Subgroup_7; f__Subgroup_7; g__Subgroup_7	0.9999999565429255
8bf175f329d16e4aa732cf2b32279df3	d__Bacteria; p__Proteobacteria; c__Gammaproteobacteria; o__Enterobacterales	0.9998000975545547
8bfbc07c615bf714e7358d177145fc5a	d__Bacteria; p__Latescibacterota; c__Latescibacteria; o__Latescibacterales; f__Latescibacteraceae; g__Latescibacteraceae; s__uncultured_bacterium	0.8133647994061666
8c0f63b49d4f53a83e313a452acf1f7d	d__Bacteria; p__Firmicutes; c__Bacilli; o__Bacillales; f__Planococcaceae	0.999968403549144
8c11a1750227c6a340d1f6eab9a3c815	d__Bacteria; p__Gemmatimonadota	0.9999750586282965
8c1478cb9dbf08e3b530b25886e008a3	d__Bacteria; p__Proteobacteria; c__Gammaproteobacteria	0.9999625601325782
8c1cb3380435e002c4402d114846e68d	d__Bacteria; p__Acidobacteriota; c__Vicinamibacteria; o__Vicinamibacterales; f__uncultured; g__uncultured	0.9992625859225498
8c3f265c32a0ceb877bb50235a008c7a	d__Bacteria; p__Acidobacteriota; c__Blastocatellia; o__Pyrinomonadales; f__Pyrinomonadaceae; g__RB41	0.9943332612319459
8c444e5f62ff079b1199963159e90dbf	d__Bacteria; p__Actinobacteriota; c__Actinobacteria; o__Streptosporangiales; f__Thermomonosporaceae; g__Actinomadura	0.9956410072942541
8c525d0f63137bd068b75c57f5d04c09	d__Bacteria; p__Bacteroidota; c__Bacteroidia; o__Flavobacteriales; f__Weeksellaceae; g__Empedobacter	0.9070596330295814
8c5e0b3e46de12581c33c0b435d270d2	d__Bacteria; p__Bdellovibrionota; c__Bdellovibrionia; o__Bdellovibrionales; f__Bdellovibrionaceae; g__Bdellovibrio; s__uncultured_bacterium	0.7717544297730873
8c5eea8a7173c094bb3460a10ec9edba	d__Bacteria; p__Myxococcota; c__Polyangia; o__Blfdi19; f__Blfdi19; g__Blfdi19; s__metagenome	0.9925859601472877
8c7cbdbcca18c1755ad5397b0122d51f	d__Bacteria; p__Acidobacteriota; c__Thermoanaerobaculia; o__Thermoanaerobaculales; f__Thermoanaerobaculaceae; g__Subgroup_10	0.9999370761833826
8c80f08a69fabb524bf55b117a995e02	d__Bacteria; p__Acidobacteriota; c__Vicinamibacteria; o__Vicinamibacterales; f__Vicinamibacteraceae; g__Vicinamibacteraceae	0.9999997199522633
8ca6622c136f48c4711906ae5cf25973	d__Bacteria; p__Verrucomicrobiota; c__Verrucomicrobiae; o__Verrucomicrobiales; f__Rubritaleaceae; g__Luteolibacter	0.9963907642778851
8ca66b8bb5ea77aa5eb3cc4b7c691146	d__Bacteria; p__Proteobacteria; c__Alphaproteobacteria	0.9999518175486096
8ca7b5885481cab2f2a8eaab44e9cfc1	d__Bacteria; p__Acidobacteriota; c__Vicinamibacteria; o__Vicinamibacterales; f__Vicinamibacteraceae; g__Vicinamibacteraceae	0.9735316075153339
8cb3a8d3ec50679f508777cf98d47c1d	d__Bacteria; p__Cyanobacteria; c__Cyanobacteriia; o__Chloroplast; f__Chloroplast; g__Chloroplast	0.9998172326075896
8cc83046094fb4a83608c3859e5297cc	d__Bacteria; p__Acidobacteriota; c__Vicinamibacteria; o__Vicinamibacterales; f__uncultured; g__uncultured; s__uncultured_Acidobacteriaceae	0.9550186971916338
8cd6905b078bf4c13c48aceb88556f24	d__Bacteria; p__Bacteroidota; c__Bacteroidia; o__Chitinophagales; f__Saprospiraceae; g__uncultured; s__uncultured_soil	0.9755674582498057
8cdcdfeb0017f2a8b46b68dde7c1c750	d__Bacteria; p__Bacteroidota; c__Bacteroidia; o__Flavobacteriales; f__Flavobacteriaceae; g__Flavobacterium	0.9993285044167768
8ce2df96d5dfd70242040b2d11c81c26	d__Bacteria; p__Chloroflexi; c__Chloroflexia; o__Chloroflexales; f__Roseiflexaceae; g__uncultured; s__uncultured_bacterium	0.7459610844985239
8cf17cf798be491b718d94500c6b6c01	d__Bacteria; p__Proteobacteria; c__Gammaproteobacteria; o__Steroidobacterales; f__Steroidobacteraceae; g__uncultured	0.9999540999120387
8d0b02018336f8565cbd6d9bdea668da	d__Bacteria; p__Chloroflexi; c__Chloroflexia; o__Kallotenuales; f__AKIW781; g__AKIW781; s__uncultured_bacterium	0.819162441446505
8d0befda76bf5299f557ce82330afb0a	d__Bacteria; p__Planctomycetota; c__Planctomycetes; o__Pirellulales; f__Pirellulaceae; g__Rhodopirellula; s__uncultured_bacterium	0.9047194134227984
8d0d732f2338d8e56a2b5c246adc8bb3	d__Bacteria; p__Gemmatimonadota; c__Gemmatimonadetes; o__Gemmatimonadales; f__Gemmatimonadaceae	0.9999901355655
8d106653aaa79132b05253ca051ab04f	d__Bacteria; p__Actinobacteriota; c__Thermoleophilia; o__Solirubrobacterales; f__Solirubrobacteraceae; g__Parviterribacter; s__uncultured_bacterium	0.71291188360134
8d153e4f5cc31a9a5af3d82e87f9b753	d__Bacteria; p__Actinobacteriota; c__MB-A2-108; o__MB-A2-108; f__MB-A2-108; g__MB-A2-108; s__uncultured_actinobacterium	0.9973791392465405
8d1645e0252ccea50a3dcb0c581a78cd	d__Bacteria; p__Acidobacteriota; c__Thermoanaerobaculia; o__Thermoanaerobaculales; f__Thermoanaerobaculaceae; g__Subgroup_10	0.9994145499900747
8d1dffcd377b338d2a0388637507b592	d__Bacteria; p__Firmicutes; c__Symbiobacteriia; o__Symbiobacteriales; f__Symbiobacteraceae; g__uncultured; s__uncultured_bacterium	0.999743063715448
8d2c0d25bb68f55b2ee56e97d75196f2	d__Bacteria; p__Gemmatimonadota; c__Gemmatimonadetes; o__Gemmatimonadales; f__Gemmatimonadaceae; g__Roseisolibacter	0.8710122255509547
8d3be579e1858440caecd8de4e3e9448	d__Bacteria; p__Proteobacteria; c__Gammaproteobacteria; o__Xanthomonadales; f__Rhodanobacteraceae; g__Tahibacter	0.9898763039930168
8d3ee46aaaf7728594014be61c649347	d__Bacteria; p__Proteobacteria; c__Gammaproteobacteria; o__Burkholderiales; f__Methylophilaceae	0.9999365110151089
8d40e97f595aa43f160c88ac659928f8	d__Bacteria; p__Acidobacteriota; c__Holophagae; o__Subgroup_7; f__Subgroup_7; g__Subgroup_7	0.9999995923102282
8d55cda6be85d9488b3aad9d4b646bdf	d__Bacteria; p__Proteobacteria; c__Gammaproteobacteria; o__Burkholderiales; f__Nitrosomonadaceae; g__MND1	0.9996640904765497
8d56d514f80d300935690502a004e532	d__Bacteria; p__Firmicutes; c__Clostridia; o__Clostridiales; f__Clostridiaceae	0.999234443662159
8d5a5ab7c784b0325a4a86a16fbba80e	d__Bacteria; p__Proteobacteria; c__Gammaproteobacteria; o__Burkholderiales; f__Oxalobacteraceae	0.9988775414768328
8d7320860ac95d1931048554bb6cf35d	d__Bacteria; p__Proteobacteria; c__Gammaproteobacteria; o__Burkholderiales; f__Comamonadaceae; g__Curvibacter; s__Curvibacter_lanceolatus	0.9337594125938279
8d7e3d257a878653d5591a52cd937929	d__Bacteria; p__Entotheonellaeota; c__Entotheonellia; o__Entotheonellales; f__Entotheonellaceae; g__Candidatus_Entotheonella; s__uncultured_bacterium	0.9899249121230925
8d7ee2dd025d22698f0bad860ce00c15	d__Bacteria; p__Proteobacteria; c__Gammaproteobacteria; o__Burkholderiales; f__Comamonadaceae	0.999977860062208
8d8cc639c921929c59ae21e09f36a7bd	d__Bacteria; p__Patescibacteria; c__Saccharimonadia; o__Saccharimonadales; f__LWQ8; g__LWQ8	0.899281111251716
8d8ed325f0570674d39bd1cfae58a9e6	d__Bacteria; p__Actinobacteriota; c__Thermoleophilia; o__Solirubrobacterales; f__67-14; g__67-14; s__uncultured_actinobacterium	0.9756474311564032
8db4cc0a5d2f03fce8efd2b8374ff359	d__Bacteria; p__Proteobacteria; c__Gammaproteobacteria; o__Burkholderiales; f__Rhodocyclaceae; g__Azoarcus	0.955557803543091
8db8a4009b5090b7e6ac8c1c2340886d	d__Bacteria; p__Acidobacteriota; c__Thermoanaerobaculia; o__Thermoanaerobaculales; f__Thermoanaerobaculaceae; g__Subgroup_10; s__uncultured_bacterium	0.8887586659456984
8dbd14883f89555e13e26cfb7692331d	d__Bacteria; p__Proteobacteria; c__Gammaproteobacteria; o__Xanthomonadales; f__Xanthomonadaceae; g__Stenotrophomonas	0.8517887085670943
8de5059e6b5bdbbea0b4a42520cc58e4	d__Bacteria; p__Verrucomicrobiota; c__Verrucomicrobiae; o__Chthoniobacterales; f__Chthoniobacteraceae; g__Chthoniobacter; s__metagenome	0.8878340903873058
8de98333bf2101538a01b0ef4e26a414	d__Bacteria; p__Acidobacteriota; c__Vicinamibacteria; o__Vicinamibacterales; f__uncultured; g__uncultured	0.9955868537392912
8df9c478155697821278b1df7626b09f	d__Bacteria; p__Acidobacteriota; c__Blastocatellia; o__Pyrinomonadales; f__Pyrinomonadaceae; g__RB41; s__uncultured_bacterium	0.7730177228839202
8dff1cb12c0beb5bc7b2546480a6a6c7	d__Bacteria; p__Bacteroidota; c__Bacteroidia; o__Chitinophagales; f__Chitinophagaceae; g__Flavihumibacter	0.9011989102381568
8e06aa60b6965fd138d235361df4a758	d__Bacteria; p__Firmicutes; c__Bacilli; o__Bacillales; f__Bacillaceae; g__Anaerobacillus	0.8238083708507221
8e08a6c27ea802994514f702f4330ea7	d__Bacteria; p__Bdellovibrionota; c__Oligoflexia; o__0319-6G20; f__0319-6G20; g__0319-6G20; s__uncultured_Syntrophobacteraceae	0.8652577174309619
8e0ce76aba391108d479b6438fc3105a	d__Bacteria; p__Firmicutes; c__Clostridia; o__Peptostreptococcales-Tissierellales; f__Thermotaleaceae	0.7069168317118841
8e2c5de4b70aabcde97e53ce3f640cfd	d__Bacteria; p__Nitrospirota; c__Nitrospiria; o__Nitrospirales; f__Nitrospiraceae; g__Nitrospira	0.9999999997538509
8e2c79765908bfd1328cddf5d90f7d58	d__Bacteria; p__Chloroflexi; c__Chloroflexia; o__Thermomicrobiales; f__AKYG1722; g__AKYG1722; s__uncultured_soil	0.997619421456717
8e2c90de0057f773183cd3707a0e61d7	d__Bacteria; p__Acidobacteriota; c__Acidobacteriae; o__Bryobacterales; f__Bryobacteraceae; g__Bryobacter	0.8213579893933618
8e48039fa5f1eaa2d9dfb6e7f730b462	d__Bacteria; p__Proteobacteria; c__Gammaproteobacteria; o__Burkholderiales; f__Nitrosomonadaceae; g__Ellin6067	0.9997976365072347
8e55b602f4d6a8e020011fa3d63f19f8	d__Bacteria; p__Chloroflexi; c__Chloroflexia; o__Chloroflexales; f__Roseiflexaceae; g__uncultured; s__uncultured_bacterium	0.7779167298210486
8e5a43d5fc3e9ae879e7da8f75d82dc6	d__Bacteria; p__Gemmatimonadota; c__Gemmatimonadetes; o__Gemmatimonadales; f__Gemmatimonadaceae; g__Gemmatimonas	0.9932382063813741
8e61da7bc1a3d75261a4ceafc46e9c01	d__Bacteria; p__Chloroflexi; c__Gitt-GS-136; o__Gitt-GS-136; f__Gitt-GS-136; g__Gitt-GS-136	0.9999999976167964
8e85a902bbc159095767ce849fc969f6	d__Bacteria; p__Actinobacteriota; c__MB-A2-108; o__MB-A2-108; f__MB-A2-108; g__MB-A2-108	0.9999901743828769
8e876e13d051992c4c8616cf2db7d73a	d__Bacteria; p__Proteobacteria; c__Gammaproteobacteria; o__Xanthomonadales; f__Rhodanobacteraceae	0.999542856337989
8e9c9d76d9c86401942041f66f73505b	d__Bacteria; p__Acidobacteriota; c__Subgroup_18; o__Subgroup_18; f__Subgroup_18; g__Subgroup_18; s__uncultured_bacterium	0.8781954236813855
8eab94bcaf42aacd992f105eaa5dbd8c	d__Bacteria; p__Proteobacteria; c__Alphaproteobacteria; o__Rhizobiales; f__Rhodomicrobiaceae; g__Rhodomicrobium	0.7503374389910045
8eaf3713e29b1ef195ada789cb7902fe	d__Bacteria; p__Planctomycetota; c__Planctomycetes; o__Pirellulales; f__Pirellulaceae; g__uncultured	0.9596219570084866
8eb56afa6ed1fd1e39a3fe6f234f5673	d__Bacteria; p__Proteobacteria; c__Gammaproteobacteria; o__Burkholderiales	0.9968265773421137
8eb676bbd5ef8f777c372e9b0cd4ae39	d__Bacteria; p__Planctomycetota; c__Phycisphaerae; o__Phycisphaerales; f__Phycisphaeraceae; g__uncultured; s__uncultured_bacterium	0.997598668936636
8eb6927e07df1e37c0428bca9f427b97	d__Bacteria; p__Proteobacteria; c__Gammaproteobacteria; o__Pseudomonadales; f__Moraxellaceae; g__Acinetobacter; s__Acinetobacter_haemolyticus	0.7917028131674813
8ec5f13763a5b9d1fcbe3df05f9b94cb	d__Bacteria; p__Proteobacteria; c__Alphaproteobacteria; o__Rhizobiales; f__uncultured; g__uncultured; s__uncultured_Alphaproteobacteria	0.8257637582202991
8ec7b54a9c5e42b97c3a54e82d7a5e18	d__Bacteria; p__Patescibacteria; c__Parcubacteria; o__Parcubacteria; f__Parcubacteria; g__Parcubacteria; s__uncultured_bacterium	0.9976472207351144
8ec91f4dea33afbc7660d9edb945b556	d__Bacteria; p__Acidobacteriota; c__Blastocatellia; o__Pyrinomonadales; f__Pyrinomonadaceae; g__RB41	0.9999375875528163
8ecf17a5c866645de776bf0eee777657	d__Bacteria; p__Sumerlaeota; c__Sumerlaeia; o__Sumerlaeales; f__Sumerlaeaceae; g__Sumerlaea; s__uncultured_Desulfocaldus	0.99571303973659
8eee6ef184c2f861c760dfe286822f4c	d__Bacteria; p__Proteobacteria; c__Gammaproteobacteria; o__Steroidobacterales; f__Steroidobacteraceae; g__uncultured; s__Steroidobacter_sp.	0.7819109145594534
8efa1f4315ab4c5444accabb69fe2448	d__Bacteria; p__Acidobacteriota; c__Blastocatellia; o__Blastocatellales; f__Blastocatellaceae	0.9999999992686539
8f029eebe1418cf7cad99bae43fab944	d__Bacteria; p__Firmicutes; c__Bacilli; o__Paenibacillales; f__Paenibacillaceae; g__Paenibacillus	0.9997879329167713
8f0e4c514a45ffd024a74f898766352e	d__Bacteria; p__Planctomycetota; c__OM190; o__OM190; f__OM190; g__OM190	0.9999936781511578
8f1d0fcadb4e58b8715284c843c99daf	d__Bacteria; p__Firmicutes; c__Bacilli; o__Lactobacillales; f__Streptococcaceae; g__Streptococcus	0.999944197882849
8f262f0fff38b459b035d93bcdf75b04	d__Bacteria; p__Actinobacteriota; c__Actinobacteria; o__0319-7L14; f__0319-7L14; g__0319-7L14; s__uncultured_bacterium	0.7406945745677798
8f3a195429eb71c1f5115cc6074d25a2	d__Bacteria; p__Proteobacteria; c__Gammaproteobacteria; o__Burkholderiales; f__Rhodocyclaceae; g__Methyloversatilis	0.9637040554290786
8f3a1d1543a97cca65a2471255739fa8	d__Bacteria; p__Proteobacteria; c__Alphaproteobacteria; o__Rhizobiales; f__Hyphomicrobiaceae; g__Pedomicrobium; s__uncultured_Hyphomicrobium	0.8123234232114551
8f5013f4c074f75bc81c2c7e6e8e1439	d__Bacteria; p__Planctomycetota; c__OM190; o__OM190; f__OM190; g__OM190; s__metagenome	0.9914367993068935
8f51f1a0c0b43cac79a80310ad6dc1f6	d__Bacteria; p__Firmicutes; c__Clostridia; o__Peptostreptococcales-Tissierellales; f__Peptostreptococcales-Tissierellales; g__Natronincola; s__Natronincola_histidinovorans	0.9950151117753098
8f55678092405a7c74fc897da55a81b0	d__Bacteria; p__Myxococcota; c__Myxococcia; o__Myxococcales; f__Myxococcaceae; g__P3OB-42; s__uncultured_Sorangiineae	0.8282829147685254
8f57da1ccf09da79fe9811dc970f1394	d__Bacteria; p__Proteobacteria; c__Gammaproteobacteria; o__Burkholderiales; f__Oxalobacteraceae; g__Massilia	0.7932632098498433
8f606804c55a13a3f54d3cbcbd0819d5	d__Bacteria; p__Proteobacteria; c__Gammaproteobacteria; o__Pseudomonadales; f__Pseudomonadaceae; g__Pseudomonas	0.9969286179254712
8f610ca40f52a4ef1445c81799150a4b	d__Bacteria; p__Proteobacteria; c__Gammaproteobacteria	0.9999949055565561
8f6b3783b31a2dd8640de3df92dbb9c4	d__Bacteria	0.9999999991907575
8f70a1cccce29ca8149206e52f4ad7d1	d__Bacteria; p__Gemmatimonadota; c__Gemmatimonadetes; o__Gemmatimonadales; f__Gemmatimonadaceae	0.9999608494062772
8f71598e9bf530399fa8b28e88ef6b4c	d__Archaea; p__Thermoplasmatota; c__Thermoplasmata; o__Marine_Group_II; f__Marine_Group_II; g__Marine_Group_II; s__uncultured_archaeon	0.9914354756602644
8f77c50125e90144d1058bccbeda0e0f	d__Bacteria; p__Planctomycetota; c__Planctomycetes; o__Gemmatales; f__Gemmataceae; g__uncultured	0.9878547364769764
8f8be422d6be6d3b75de2c2cc886828b	d__Bacteria; p__Planctomycetota; c__Phycisphaerae; o__Phycisphaerales; f__Phycisphaeraceae; g__SM1A02	0.9999998575059632
8f95ecf7f27bdeb58f5810877f0a9693	d__Bacteria; p__Planctomycetota; c__Planctomycetes; o__Gemmatales; f__Gemmataceae; g__uncultured	0.883901194831093
8fa8b4ac69784c26901e036d13ab2332	d__Bacteria; p__Proteobacteria; c__Gammaproteobacteria; o__Burkholderiales; f__Comamonadaceae; g__Delftia	0.99806425928324
8faf7f21ddf141561f84fe5f4d4a7a4a	d__Bacteria; p__Chloroflexi; c__Anaerolineae; o__SBR1031; f__A4b; g__A4b; s__uncultured_bacterium	0.7015590937391896
8fb6741a6685fad0374f85ad3e16156c	d__Bacteria; p__Proteobacteria; c__Gammaproteobacteria; o__Xanthomonadales; f__Xanthomonadaceae	0.9957453137049299
8fc0f0507ef8329dd3343f76e58cc785	d__Bacteria; p__Planctomycetota; c__OM190; o__OM190; f__OM190; g__OM190; s__planctomycete_A-2	0.7006938439118946
8fc1865cfcae32f72c1b1570299e2ef3	d__Bacteria; p__Proteobacteria; c__Gammaproteobacteria; o__Burkholderiales; f__TRA3-20; g__TRA3-20	0.9916099216829299
8fc679acb8944d18633550b91063b158	d__Bacteria; p__Cyanobacteria; c__Cyanobacteriia; o__Chloroplast; f__Chloroplast; g__Chloroplast; s__Bacillaria_paxillifer	0.9073251422823768
8fc90bb6815e057091582d1fcd632b01	d__Bacteria; p__Proteobacteria; c__Alphaproteobacteria; o__Sphingomonadales; f__Sphingomonadaceae; g__Sphingobium	0.9755930328901165
8fd0aacb02bba9f85d620c01a0eef218	d__Bacteria; p__Chloroflexi; c__Anaerolineae; o__Ardenticatenales; f__uncultured; g__uncultured; s__uncultured_Litorilinea	0.997008882840479
8fd8705cb3d32ce6b341366f86abe589	d__Bacteria; p__Actinobacteriota; c__MB-A2-108; o__MB-A2-108; f__MB-A2-108; g__MB-A2-108; s__uncultured_Firmicutes	0.8087545622281824
8fe2c532bfdbecef39f54fede36e3458	d__Bacteria; p__Chloroflexi; c__KD4-96; o__KD4-96; f__KD4-96; g__KD4-96; s__uncultured_bacterium	0.794042431200188
8fe490b4ebcb78fdb4417cdd47c116a6	d__Bacteria; p__Myxococcota; c__bacteriap25; o__bacteriap25; f__bacteriap25; g__bacteriap25	0.7666953762682762
8fe8472ba225b792b15e854de0eb494e	d__Bacteria; p__Proteobacteria; c__Gammaproteobacteria; o__Burkholderiales; f__Methylophilaceae; g__Methylobacillus	0.9480083200188619
8ffd010542e5248c7973ece95e59ba86	d__Bacteria; p__Proteobacteria; c__Gammaproteobacteria; o__Burkholderiales; f__Oxalobacteraceae	0.9927883125518208
90009df763e86e6eca7baa54f01551e6	d__Bacteria; p__Proteobacteria; c__Gammaproteobacteria; o__Xanthomonadales; f__Xanthomonadaceae	0.92460022416115
90128102d34cb16dc9cc7763e238525d	d__Bacteria; p__Proteobacteria; c__Gammaproteobacteria; o__Oceanospirillales; f__Halomonadaceae	0.7446516668626915
902639fb9ef2121f480c47132c6027c8	d__Bacteria; p__Proteobacteria; c__Alphaproteobacteria; o__Caulobacterales; f__Caulobacteraceae; g__uncultured	0.9313160904313394
9026d1364c90d3874f33f75d9b5f5b82	d__Bacteria; p__Acidobacteriota; c__Blastocatellia; o__DS-100; f__DS-100; g__DS-100; s__uncultured_Acidobacteriales	0.8349269563817633
902a4435fc3af101e8a9b5f51550fa4d	d__Bacteria; p__Actinobacteriota; c__Actinobacteria; o__Propionibacteriales; f__Nocardioidaceae	0.999884798858277
9030f4c2dd62833544e5ab7af754e9f3	d__Bacteria; p__Verrucomicrobiota; c__Verrucomicrobiae; o__Pedosphaerales; f__Pedosphaeraceae	0.9998023602746342
9035d669aad325ea019a94a2799ab96d	d__Bacteria; p__Proteobacteria; c__Gammaproteobacteria; o__Xanthomonadales; f__Rhodanobacteraceae; g__Pseudofulvimonas	0.9490915186649127
905ae70310223fd69d4a8c7c31f26f80	d__Bacteria; p__Proteobacteria; c__Gammaproteobacteria; o__Burkholderiales; f__TRA3-20; g__TRA3-20	0.9999124601069953
905b4c5afaeb06d28a82ceb7c84afa51	d__Bacteria; p__Acidobacteriota; c__Vicinamibacteria; o__Vicinamibacterales; f__uncultured; g__uncultured	0.9880923155764708
905b6c874e84729fa5d102c0e3b67680	d__Bacteria; p__Proteobacteria; c__Alphaproteobacteria; o__Rhizobiales; f__Beijerinckiaceae	0.8628456397146678
9060071a77a8da87b44b7652673a9430	d__Bacteria; p__Firmicutes; c__Bacilli; o__Paenibacillales; f__Paenibacillaceae; g__Paenibacillus	0.9332211352804548
9061ceac33b5e01b78d851aa7e788c63	d__Bacteria; p__Planctomycetota; c__Planctomycetes; o__Pirellulales; f__Pirellulaceae; g__Pirellula; s__uncultured_bacterium	0.8407383698978488
906493922c478ac00ee4f3c4ef766dc5	d__Bacteria; p__Bacteroidota; c__Bacteroidia; o__Cytophagales; f__Spirosomaceae; g__Dyadobacter	0.9999942649933137
9064afe569448558eb08e5bf5e458bce	d__Bacteria; p__Bacteroidota; c__SJA-28; o__SJA-28; f__SJA-28; g__SJA-28; s__uncultured_bacterium	0.7370093054168261
9085328c81527fed085f377dd356a6e4	d__Bacteria; p__Actinobacteriota; c__Coriobacteriia; o__OPB41; f__OPB41; g__OPB41	0.998448600988962
9087ecee0806a80861788a17dd7e6809	d__Bacteria; p__Actinobacteriota; c__Actinobacteria; o__Propionibacteriales; f__Propionibacteriaceae; g__uncultured; s__uncultured_actinobacterium	0.8082987389306541
9089f3ae225e639ac3a5e41b43ce4139	d__Bacteria; p__Latescibacterota; c__Latescibacterota; o__Latescibacterota; f__Latescibacterota; g__Latescibacterota	0.9999995800502123
908d91feba7c1f1d8cc8a7145173d942	d__Bacteria; p__Bacteroidota; c__Bacteroidia; o__Sphingobacteriales; f__Sphingobacteriaceae	0.9999348792964843
90b02941bd79426d1f98e7056dffb5d3	d__Bacteria; p__Proteobacteria; c__Alphaproteobacteria; o__Rhodospirillales; f__Magnetospirillaceae; g__Magnetospirillum	0.8463429021747063
90b912ccd19962b25d9f37fdca493854	d__Bacteria; p__Planctomycetota; c__Phycisphaerae; o__Tepidisphaerales; f__WD2101_soil_group; g__WD2101_soil_group	0.9999998195294628
90be2fb2c82a98002d33ed7531e877e3	d__Bacteria	0.9999999624925021
90c343e5ae4cadf5a2052fb76725b4ca	d__Bacteria; p__Acidobacteriota; c__Vicinamibacteria; o__Vicinamibacterales; f__uncultured; g__uncultured	0.9999462819294127
90c37b56e459fe8dec2e5eb4398abfde	d__Bacteria; p__Proteobacteria; c__Gammaproteobacteria; o__CCD24; f__CCD24; g__CCD24	0.9999485170250846
90edb2cb3f2d0d20aa87bf6b83e33463	d__Bacteria; p__Planctomycetota; c__Planctomycetes; o__Pirellulales; f__Pirellulaceae; g__Pirellula; s__metagenome	0.714254714337223
90f13b8f1c06f1bb6e61f34b0596a353	d__Bacteria; p__Acidobacteriota; c__Vicinamibacteria; o__Vicinamibacterales; f__uncultured; g__uncultured; s__uncultured_Acidobacteriaceae	0.875218982145999
90fd6d2d18a9054a21a50d49f0546ce7	d__Bacteria; p__Bacteroidota; c__Kapabacteria; o__Kapabacteriales; f__Kapabacteriales; g__Kapabacteriales; s__uncultured_bacterium	0.9977669338957064
90fdbea3904a23498b07bfe062426b46	d__Bacteria; p__Sumerlaeota; c__Sumerlaeia; o__Sumerlaeales; f__Sumerlaeaceae; g__Sumerlaea; s__uncultured_bacterium	0.8387623066128499
90ff51bc2a521ce28a1f0b547f2e057f	d__Bacteria; p__Planctomycetota; c__Planctomycetes; o__Gemmatales; f__Gemmataceae; g__uncultured	0.9999835928550919
9120ae05f5fc493d112ab803925feb64	d__Bacteria; p__Chloroflexi; c__Anaerolineae; o__RBG-13-54-9; f__RBG-13-54-9; g__RBG-13-54-9	0.9739935759786287
91354a813cffe01133c4072bb5e41ec9	d__Bacteria; p__Acidobacteriota; c__Vicinamibacteria; o__Vicinamibacterales; f__Vicinamibacteraceae; g__Vicinamibacteraceae	0.9999937175989769
9143a155d877eb208b52e846b2922dcc	d__Bacteria; p__Gemmatimonadota; c__Gemmatimonadetes; o__Gemmatimonadales; f__Gemmatimonadaceae; g__Gemmatimonas; s__uncultured_Gemmatimonadaceae	0.7653969771104114
9148733eb0476e9c417eaf47259e511e	d__Bacteria; p__Firmicutes; c__Bacilli; o__Paenibacillales; f__Paenibacillaceae; g__Paenibacillus	0.971226486632975
9153cdecf3a1bd34d6206c3740cd6dcf	d__Bacteria; p__Patescibacteria; c__Saccharimonadia; o__Saccharimonadales; f__S32; g__TM7; s__uncultured_bacterium	0.773865860344371
915fbd51d1ab09bf854eebbf83a44506	d__Bacteria; p__Gemmatimonadota; c__Longimicrobia; o__Longimicrobiales; f__Longimicrobiaceae; g__YC-ZSS-LKJ147; s__uncultured_bacterium	0.8377813415963823
9164b3cdba57d1dff2b2acc130303f0b	d__Bacteria; p__Firmicutes; c__Bacilli; o__Lactobacillales; f__Streptococcaceae; g__Streptococcus	0.9999770269618545
9167dd0b5ba5efc5eb34b92443ca3831	d__Bacteria; p__SAR324_clade(Marine_group_B); c__SAR324_clade(Marine_group_B); o__SAR324_clade(Marine_group_B); f__SAR324_clade(Marine_group_B); g__SAR324_clade(Marine_group_B)	0.9991999582841944
9181f7763933008d43fce5433943f9a7	d__Bacteria; p__Actinobacteriota; c__Thermoleophilia; o__Solirubrobacterales; f__67-14; g__67-14	0.9630839695118282
918abc18e555f16f728a2d3552f6298a	d__Bacteria; p__Gemmatimonadota; c__Longimicrobia; o__Longimicrobiales; f__Longimicrobiaceae; g__Longimicrobiaceae; s__uncultured_bacterium	0.8559925880287573
918d85a34ae5be946a173fdd1f44b897	d__Bacteria; p__Actinobacteriota; c__Thermoleophilia; o__Solirubrobacterales; f__67-14; g__67-14	0.9339791044687457
91a18ed064d7e0d5fd875eaa86f4d77b	d__Bacteria; p__Acidobacteriota; c__Holophagae; o__Subgroup_7; f__Subgroup_7; g__Subgroup_7; s__uncultured_soil	0.823251075547933
91b45486b7cb495e920ff06f08041a1c	d__Bacteria; p__Proteobacteria; c__Gammaproteobacteria; o__Burkholderiales; f__TRA3-20; g__TRA3-20	0.9999897785551444
91bb2d2805bd6383e43f13ea72cc52e1	d__Bacteria	0.9999999967403316
91c24c9b6ffbedcc257d164176060fe0	d__Bacteria; p__Bacteroidota; c__Bacteroidia; o__Sphingobacteriales; f__env.OPS_17; g__env.OPS_17	0.9999998790777198
91c4050923e9dcbe04a1d214d659cfc3	d__Bacteria; p__Myxococcota; c__Myxococcia; o__Myxococcales; f__Myxococcaceae; g__P3OB-42	0.9996824404964518
91cc4c8918081ecd0777e1fa1402214b	d__Bacteria; p__Planctomycetota; c__Planctomycetes; o__Pirellulales; f__Pirellulaceae; g__uncultured; s__uncultured_bacterium	0.9412558239775006
91cdc6111fc2ba5842fb854d356f2ade	d__Bacteria; p__Proteobacteria; c__Alphaproteobacteria; o__Reyranellales; f__Reyranellaceae; g__Reyranella	0.9811174743945258
91d4765427ef5579b37bc605922c7f81	d__Bacteria; p__Proteobacteria; c__Gammaproteobacteria; o__Burkholderiales; f__Nitrosomonadaceae; g__Ellin6067	0.9976810577666966
91dd589d8bc4d690e6fafccb501d57fb	d__Bacteria; p__Planctomycetota; c__Planctomycetes; o__Pirellulales; f__Pirellulaceae; g__Pirellula; s__uncultured_soil	0.9409291280679367
91dee7b3b90bbf2e53b2472b9bbde0e9	d__Bacteria; p__Verrucomicrobiota; c__Verrucomicrobiae; o__Pedosphaerales; f__Pedosphaeraceae; g__Ellin517	0.8776553883693997
91e17bda30a472d72ae9ad466e797432	d__Bacteria; p__Proteobacteria; c__Gammaproteobacteria; o__PLTA13; f__PLTA13; g__PLTA13	0.9999912086686669
91ef2c2cdbccac0d3de00ed2805f6d03	d__Bacteria; p__Acidobacteriota; c__Acidobacteriae; o__Bryobacterales; f__Bryobacteraceae; g__Bryobacter; s__uncultured_soil	0.747898850911381
91f29080aeab3375c2e41dd6bcbce693	d__Bacteria; p__Chloroflexi; c__Anaerolineae; o__SBR1031; f__A4b; g__A4b	0.9980044481889383
92006c0f5160202f4f248ac034b6a293	d__Bacteria; p__Actinobacteriota; c__Actinobacteria; o__Propionibacteriales; f__Nocardioidaceae; g__Nocardioides	0.959328570380281
92045c4ff865cef5bd6effa7111732a1	d__Bacteria; p__Fusobacteriota; c__Fusobacteriia; o__Fusobacteriales; f__Leptotrichiaceae; g__Leptotrichia	0.9998751105066989
9204e07212ae07f7d829bbce018f5298	d__Bacteria; p__Acidobacteriota; c__Vicinamibacteria; o__Vicinamibacterales; f__Vicinamibacteraceae; g__Vicinamibacteraceae; s__uncultured_bacterium	0.7686805685971972
92174aa82f905c4417aa0f9a41f143fb	d__Bacteria; p__Bacteroidota; c__Bacteroidia; o__Sphingobacteriales; f__LiUU-11-161; g__LiUU-11-161; s__uncultured_bacterium	0.8494888298234686
9218b70c06c52d825f1fc1fde7073aa4	d__Bacteria; p__Proteobacteria; c__Gammaproteobacteria; o__CCD24; f__CCD24; g__CCD24	0.9999737703661343
92219f5ede8596bad56f1dc48dd20582	d__Bacteria; p__Proteobacteria; c__Gammaproteobacteria; o__PLTA13; f__PLTA13; g__PLTA13; s__uncultured_gamma	0.7290387029430406
92223b7b6e7d13375b8c324c7c8d4bc8	d__Bacteria; p__Actinobacteriota; c__Actinobacteria; o__Kineosporiales; f__Kineosporiaceae; g__Kineosporia	0.9286132556829555
922571bf3452e3a9cf94e27a0d7f37e3	d__Bacteria; p__Chloroflexi; c__Anaerolineae; o__Caldilineales; f__Caldilineaceae; g__Litorilinea	0.9998814212305205
922e0c8f699b24277cdc24fe31bc8071	d__Bacteria; p__Proteobacteria; c__Alphaproteobacteria; o__Rhodobacterales; f__Rhodobacteraceae; g__Paracoccus	0.8545467472839489
923249cfd2a64989c784b6ab644619e4	d__Bacteria; p__Methylomirabilota; c__Methylomirabilia; o__Rokubacteriales; f__WX65; g__WX65; s__bacterium_WX65	0.8283024834001788
9238989999cce04af5e090ea2443b974	d__Bacteria; p__Acidobacteriota; c__Vicinamibacteria; o__Vicinamibacterales; f__uncultured; g__uncultured	0.9999981287372549
923c7974ea89b14becab6889777a2d1a	d__Bacteria; p__Planctomycetota; c__Phycisphaerae; o__mle1-8; f__mle1-8; g__mle1-8; s__uncultured_bacterium	0.9988392355611243
9250eefde65db798531a21b9969fdcd8	d__Bacteria; p__Latescibacterota; c__Latescibacterota; o__Latescibacterota; f__Latescibacterota; g__Latescibacterota; s__uncultured_bacterium	0.9649500532569593
92615d773aa075ff1183673cce7e7bde	d__Bacteria; p__Chloroflexi; c__Chloroflexia; o__Thermomicrobiales; f__JG30-KF-CM45; g__JG30-KF-CM45; s__uncultured_bacterium	0.7528639069671184
927104e6c69bc9f1f5e76daf7902375f	d__Bacteria; p__Gemmatimonadota; c__Gemmatimonadetes; o__Gemmatimonadales; f__Gemmatimonadaceae	0.9999802826537441
92796a5ac21ad75d10f2a33af8b85bb7	d__Bacteria; p__Cyanobacteria; c__Cyanobacteriia; o__Chloroplast; f__Chloroplast; g__Chloroplast; s__Chloroplast_expression	0.8561334700514667
927f14887dda2dac4ba5ed91df65062a	d__Bacteria; p__Chloroflexi; c__TK10; o__TK10; f__TK10; g__TK10; s__uncultured_bacterium	0.7643800208583803
927ff1cb47f21b4efe92381e0f208787	d__Bacteria; p__Gemmatimonadota; c__Gemmatimonadetes; o__Gemmatimonadales; f__Gemmatimonadaceae; g__uncultured; s__uncultured_Gemmatimonas	0.8025896315890775
92856a6f0617815550268cb35ba08984	d__Bacteria; p__Actinobacteriota; c__Thermoleophilia; o__Solirubrobacterales; f__67-14; g__67-14; s__metagenome	0.9219333678998936
9289c32b3d815a6b1ecb82136ec39f1c	d__Bacteria; p__Proteobacteria; c__Gammaproteobacteria; o__Xanthomonadales; f__Xanthomonadaceae; g__Lysobacter; s__Lysobacter_xinjiangensis	0.7899860575788183
928b9a0029cafc07c25b980e61595f8e	d__Bacteria; p__Acidobacteriota; c__Vicinamibacteria; o__Vicinamibacterales; f__Vicinamibacteraceae; g__Vicinamibacteraceae	0.9999950389985494
92a1d361a6651b0c80493565909c26d7	d__Bacteria; p__Proteobacteria; c__Gammaproteobacteria; o__Burkholderiales	0.9999140560950844
92b6d730f17362beac7b44a6add1457a	d__Bacteria; p__Verrucomicrobiota; c__Verrucomicrobiae; o__Verrucomicrobiales; f__Rubritaleaceae; g__Luteolibacter	0.9837747121239044
92c559353bc9bcaa73bfafe5e579aa79	d__Bacteria; p__Methylomirabilota; c__Methylomirabilia; o__Rokubacteriales; f__Rokubacteriales; g__Rokubacteriales; s__uncultured_bacterium	0.9165398635289891
92c8968f1ad18278ddcb67025aaf246d	d__Bacteria; p__Proteobacteria; c__Gammaproteobacteria; o__CCD24; f__CCD24; g__CCD24	0.9998479823360341
92ca0996b10ccf46fd3347e0caf338c4	d__Bacteria; p__Planctomycetota; c__Planctomycetes; o__Pirellulales; f__Pirellulaceae; g__Pirellula; s__metagenome	0.7871191124393605
92cbb8b455237ba450116f1904770f50	d__Bacteria; p__Proteobacteria; c__Gammaproteobacteria	0.9995338365045429
92d3d2c8db4223750c2d3c7f54c4a522	d__Bacteria; p__Proteobacteria; c__Gammaproteobacteria; o__Xanthomonadales; f__Xanthomonadaceae; g__Stenotrophomonas	0.8419242777262183
92d3f6c00cbf4f27ebc84ac343851494	d__Bacteria; p__Gemmatimonadota; c__Gemmatimonadetes; o__Gemmatimonadales; f__Gemmatimonadaceae; g__Gemmatimonas	0.8951813705203637
92dbb7f74cf8e62faea9198e6e73c970	d__Bacteria; p__Elusimicrobiota; c__Elusimicrobia; o__Lineage_IV; f__Lineage_IV; g__Lineage_IV; s__uncultured_bacterium	0.7393937429049375
92f1399ffc662b4a1a7768aaccc1393b	d__Bacteria; p__Myxococcota; c__Myxococcia; o__Myxococcales; f__27F-1492R; g__27F-1492R; s__uncultured_bacterium	0.9457941721595354
92fe3cf63e9d4b53824cb5b8b95cb6cd	d__Bacteria; p__Acidobacteriota; c__Vicinamibacteria; o__Subgroup_9; f__Subgroup_9; g__Subgroup_9; s__uncultured_bacterium	0.9896965666657033
9301a1e4fe900186d43214c780208332	d__Bacteria; p__Methylomirabilota; c__Methylomirabilia; o__Rokubacteriales; f__Rokubacteriales; g__Rokubacteriales; s__uncultured_bacterium	0.8259821265512919
9302ef8f1c9a290fd7127da54d0c87c8	d__Bacteria; p__Abditibacteriota; c__Abditibacteria; o__Abditibacteriales; f__Abditibacteriaceae; g__Abditibacterium; s__metagenome	0.8453134504820807
930b2c908b96e8e63a40bcf54940b9da	d__Bacteria; p__Acidobacteriota; c__Vicinamibacteria; o__Vicinamibacterales; f__uncultured; g__uncultured; s__uncultured_Acidobacteriales	0.8142232408813669
9313ea8d4f3bce4466000f32edd0b895	d__Bacteria; p__Proteobacteria; c__Alphaproteobacteria; o__Rhizobiales; f__Devosiaceae; g__Devosia	0.8292278044638166
9324c15830cb28b7e64995f27c6bdba3	d__Bacteria; p__Proteobacteria; c__Gammaproteobacteria; o__Alteromonadales; f__Alteromonadaceae; g__Rheinheimera	0.9906693677232133
93276e2ee0274a3c9e1bcab9ff31fab9	d__Bacteria; p__Firmicutes; c__Bacilli; o__Bacillales; f__Bacillaceae; g__Bacillus; s__Bacillus_okhensis	0.7717225396237414
934d15d92a67a4f7a359ddbf1567ea8a	d__Bacteria; p__Firmicutes; c__Bacilli; o__Paenibacillales; f__Paenibacillaceae; g__Paenibacillus	0.9995040028672586
934e48d812ce10bc1989d6a19768f5a7	d__Bacteria; p__Actinobacteriota; c__Actinobacteria; o__Corynebacteriales; f__Mycobacteriaceae; g__Mycobacterium	0.9999034429458011
936e09dd6de2ed242dfa81e84bfc1508	d__Bacteria; p__Actinobacteriota; c__Acidimicrobiia; o__Microtrichales; f__Ilumatobacteraceae; g__Ilumatobacter	0.8122965355024288
936e578b0b0b9633e347d9c8b9bbde59	d__Bacteria; p__Myxococcota; c__bacteriap25; o__bacteriap25; f__bacteriap25; g__bacteriap25	0.9089113170173634
937d56f4a298eddb25c453c3c97f9906	d__Bacteria; p__Chloroflexi; c__Gitt-GS-136; o__Gitt-GS-136; f__Gitt-GS-136; g__Gitt-GS-136; s__uncultured_bacterium	0.7576573651386787
938b25aa5dbf3196d335483f6b35af51	d__Bacteria; p__Acidobacteriota; c__Subgroup_5; o__Subgroup_5; f__Subgroup_5; g__Subgroup_5; s__uncultured_bacterium	0.9999707428738089
9390ca65e39d98bbedcca52ceae3a9ce	d__Bacteria; p__Cyanobacteria; c__Sericytochromatia; o__Sericytochromatia; f__Sericytochromatia; g__Sericytochromatia	0.9999771063616342
9393cae8d862503cb0be6e336b5878f4	d__Bacteria; p__Actinobacteriota; c__Acidimicrobiia; o__Microtrichales; f__Ilumatobacteraceae; g__CL500-29_marine_group	0.9841079274949018
939eb7f8f3d302d7e26348ff25f0093a	d__Bacteria; p__Planctomycetota; c__Pla4_lineage; o__Pla4_lineage; f__Pla4_lineage; g__Pla4_lineage; s__uncultured_bacterium	0.9865237728549979
93a51bb503fadf90121f518db980e158	d__Bacteria; p__Firmicutes; c__Bacilli; o__Thermoactinomycetales; f__Thermoactinomycetaceae; g__Laceyella	0.9999828781101116
93a84c1c1e1ba44c1488b0387017b2e0	d__Bacteria; p__Elusimicrobiota; c__Elusimicrobia; o__MVP-88; f__MVP-88; g__MVP-88; s__uncultured_bacterium	0.873921260851766
93a8a716ddc475ccc818c5178e18dfc3	d__Bacteria; p__Firmicutes; c__Clostridia; o__Clostridiales; f__Clostridiaceae	0.9994374609857272
93af61fad2c5947f879e64b37e89a21b	d__Bacteria; p__Firmicutes; c__Bacilli; o__Paenibacillales; f__Paenibacillaceae; g__Paenibacillus; s__Paenibacillus_residui	0.9940689883567135
93d159d702fcd3f64f70e62db5b384f3	d__Bacteria; p__Proteobacteria; c__Gammaproteobacteria; o__Burkholderiales; f__Oxalobacteraceae; g__Massilia	0.8410932817181603
93d7b86614dc5008822ba5b1ce946444	d__Bacteria; p__Gemmatimonadota; c__S0134_terrestrial_group; o__S0134_terrestrial_group; f__S0134_terrestrial_group; g__S0134_terrestrial_group; s__uncultured_bacterium	0.9603135727837302
93dc994c4c44218f80f3059d93c030ed	d__Bacteria; p__Proteobacteria; c__Gammaproteobacteria; o__Burkholderiales; f__SC-I-84; g__SC-I-84	0.9984272857016573
93e3c10d843a8bef9eb8bb8735262621	d__Bacteria; p__Proteobacteria; c__Gammaproteobacteria; o__Burkholderiales; f__Comamonadaceae	0.9974271687519354
93e5bca7220a53e27ff474e6ee93a6e4	d__Bacteria; p__Bdellovibrionota; c__Bdellovibrionia; o__Bdellovibrionales; f__Bdellovibrionaceae; g__Bdellovibrio; s__uncultured_bacterium	0.9038635870218665
93f9939b261cddc9a57071b42771c1d4	d__Bacteria; p__Proteobacteria; c__Gammaproteobacteria; o__Burkholderiales; f__Comamonadaceae; g__Aquabacterium	0.9914485832165831
93f9c66fc8876db63420d0d158854701	d__Bacteria; p__Actinobacteriota; c__Thermoleophilia; o__Solirubrobacterales; f__Solirubrobacteraceae	0.9845911727753494
941a116d5d8b27b9c6abc85b330e4b49	d__Bacteria; p__Proteobacteria; c__Alphaproteobacteria; o__Rhizobiales	0.7956652655812385
941a45da5677af5d637f03c951fc558a	d__Bacteria; p__Planctomycetota; c__Planctomycetes; o__Planctomycetales; f__uncultured; g__uncultured; s__uncultured_Planctomycetales	0.9361484082006237
9423dd4a9fd6c59caeb750a5aac2ad3e	d__Bacteria; p__Bacteroidota; c__Bacteroidia; o__Sphingobacteriales; f__Sphingobacteriaceae; g__Pedobacter	0.9557652650630053
942dcc33d0f2f044d751f50d1be58a0d	d__Bacteria; p__Proteobacteria; c__Gammaproteobacteria; o__Pseudomonadales; f__Pseudomonadaceae; g__Pseudomonas	0.9998801178709916
9436cda211f60f722865cd23ef75d4ed	d__Bacteria; p__Proteobacteria; c__Alphaproteobacteria; o__Acetobacterales; f__Acetobacteraceae; g__Roseomonas	0.9203617801578675
943b95b7d125716b1cbdde20a64ff728	d__Bacteria; p__Chloroflexi; c__Ktedonobacteria; o__C0119; f__C0119; g__C0119; s__uncultured_bacterium	0.9621246279197543
94473c70303693ced555e224174dda0f	d__Bacteria; p__Planctomycetota; c__OM190; o__OM190; f__OM190; g__OM190; s__uncultured_bacterium	0.8465363687407989
944dcd273e4bf0047560496b3f3c85ef	d__Bacteria; p__Planctomycetota; c__Planctomycetes; o__Pirellulales; f__Pirellulaceae; g__uncultured; s__metagenome	0.9214243924919607
945769bc89c35836ee3feb51861a8056	d__Bacteria; p__Planctomycetota; c__Planctomycetes; o__Gemmatales; f__Gemmataceae; g__Gemmata; s__uncultured_bacterium	0.8565321949063814
94770e8a3bf27dbedd5c0e9dfc8d3836	d__Bacteria; p__Methylomirabilota; c__Methylomirabilia; o__Rokubacteriales; f__Rokubacteriales; g__Rokubacteriales	0.9999999874225932
947f2a253261b162fa264ad0c1d28bcd	d__Bacteria; p__Proteobacteria; c__Gammaproteobacteria; o__Burkholderiales; f__Methylophilaceae; g__Methylobacillus	0.7714796798607019
947f38e08422eb2f65693b9648f964a2	d__Bacteria; p__Myxococcota; c__Polyangia; o__Polyangiales; f__Sandaracinaceae; g__uncultured	0.9977675917030697
9486d6cad1a0c83be16b286653e40806	d__Bacteria; p__Actinobacteriota; c__Actinobacteria; o__Pseudonocardiales; f__Pseudonocardiaceae; g__Pseudonocardia	0.9988663932533353
948a332b54f421d963518a15d17d47c0	d__Bacteria; p__Actinobacteriota; c__Actinobacteria; o__Pseudonocardiales; f__Pseudonocardiaceae; g__Saccharopolyspora	0.9999582261070769
94922d3feecad513634372b8481ffdd1	d__Bacteria; p__Proteobacteria; c__Gammaproteobacteria; o__R7C24; f__R7C24; g__R7C24; s__metagenome	0.7051416224131102
94997a8063c530df0399b741f5afa75f	d__Bacteria; p__Myxococcota; c__Polyangia; o__Nannocystales; f__Nannocystaceae; g__Nannocystis	0.8083294130314073
94ac65531cfe929e3366b2a11e60e91e	d__Bacteria; p__Patescibacteria; c__Saccharimonadia; o__Saccharimonadales; f__LWQ8; g__LWQ8	0.8760290927224732
94c9d1b07471d2b394ddf9324960d10b	d__Bacteria; p__Acidobacteriota; c__Thermoanaerobaculia; o__Thermoanaerobaculales; f__Thermoanaerobaculaceae; g__Subgroup_10	0.9999996925176288
94ca1654ef23e0aa14162826d0805716	d__Bacteria; p__Bacteroidota; c__Bacteroidia; o__Chitinophagales; f__Chitinophagaceae; g__Dinghuibacter; s__uncultured_Bacteroidetes	0.8408539420091901
94cf751c4fb1f5599c9eecb1f44e91d6	d__Bacteria; p__Proteobacteria; c__Gammaproteobacteria; o__Burkholderiales; f__Comamonadaceae; g__Hydrogenophaga	0.7919830355922477
94e693425b59d5fe9a80ca11adc1f89b	d__Bacteria; p__Chloroflexi; c__KD4-96; o__KD4-96; f__KD4-96; g__KD4-96	0.9999990909033318
94e7c8a4105bd8e787163f86234795e3	d__Bacteria; p__Bacteroidota; c__Bacteroidia; o__Chitinophagales; f__Chitinophagaceae; g__UTBCD1; s__uncultured_bacterium	0.7340532693008811
94f1583a283a9b10c61a5df87bbc56b6	d__Bacteria; p__Chloroflexi; c__Chloroflexia; o__Thermomicrobiales; f__JG30-KF-CM45; g__JG30-KF-CM45	0.9868526787472703
94f1b7b614ec36b9d941b972a034c92e	d__Bacteria; p__Bacteroidota; c__Bacteroidia; o__Cytophagales; f__Spirosomaceae; g__Emticicia; s__Emticicia_sp.	0.8100699503587898
9501aa02b68caf8f699e513270c523a7	d__Bacteria; p__Acidobacteriota; c__Vicinamibacteria; o__Subgroup_17; f__Subgroup_17; g__Subgroup_17	0.9190000784042298
950fafcc16a03ef8c43b6b07f2f8263e	d__Bacteria; p__Proteobacteria; c__Gammaproteobacteria; o__Burkholderiales; f__Comamonadaceae	0.9998629182464371
950ff0fa80298c3058aa14a6530250fe	d__Bacteria; p__Chloroflexi; c__KD4-96; o__KD4-96; f__KD4-96; g__KD4-96; s__uncultured_Chloroflexi	0.798495091795269
950ff9ceb264498fb928e46ae28cc6df	d__Bacteria; p__Firmicutes; c__Bacilli; o__Paenibacillales; f__Paenibacillaceae; g__Paenibacillus	0.9999797275489951
952418bf028f4e9c15e4a1614871c661	d__Bacteria; p__Cyanobacteria; c__Cyanobacteriia; o__Cyanobacteriales; f__Xenococcaceae; g__Pleurocapsa_PCC-7319	0.9997077980064136
95316b79374acfb135ac2f0b25366009	d__Bacteria; p__Planctomycetota; c__OM190; o__OM190; f__OM190; g__OM190; s__planctomycete_A-2	0.9994390915827548
9531ce8890cbc766549a4b0d432e77ae	d__Bacteria; p__Bdellovibrionota; c__Oligoflexia; o__Oligoflexales; f__uncultured; g__uncultured; s__uncultured_bacterium	0.8458519413042095
95327c01202c0b8579d548cb3835d6fc	d__Bacteria; p__Planctomycetota; c__Planctomycetes; o__Gemmatales; f__Gemmataceae; g__Gemmata	0.9999802401007472
95523cef3e2eee69f4a8268e5d3c69a1	d__Bacteria; p__Bacteroidota; c__Bacteroidia; o__Flavobacteriales; f__Flavobacteriaceae; g__Capnocytophaga; s__Capnocytophaga_leadbetteri	0.9893313372498357
9572f3356b89f2e1f49c24890b35084c	d__Bacteria; p__Planctomycetota; c__Planctomycetes; o__Pirellulales; f__Pirellulaceae; g__Pirellula	0.9762048314101442
957615aefb421e6ad4728e610b2bdfa6	d__Bacteria; p__Chloroflexi; c__Anaerolineae; o__Anaerolineales; f__Anaerolineaceae; g__UTCFX1; s__uncultured_bacterium	0.8775118027354727
9577fa97294ae1dc6ffaa6298b6bf4cd	d__Bacteria; p__Bacteroidota; c__Bacteroidia; o__Flavobacteriales; f__Flavobacteriaceae; g__Flavobacterium	0.9792143498404753
957ea0a22622d28940be87ba0b01c678	d__Archaea; p__Thermoplasmatota; c__Thermoplasmata; o__Marine_Group_II; f__Marine_Group_II; g__Marine_Group_II; s__uncultured_archaeon	0.9981134622148784
95829ce15b1c394491e29f3a9e82c855	d__Bacteria; p__Firmicutes; c__Bacilli; o__Paenibacillales; f__Paenibacillaceae; g__Paenibacillus	0.9998509783291534
959590a3e4ab73cf1b2fada7c7896bcd	d__Bacteria; p__Proteobacteria; c__Gammaproteobacteria; o__CCD24; f__CCD24; g__CCD24	0.999937057838989
95af5ce58f8a8d793e095106537b3988	d__Bacteria; p__Proteobacteria; c__Alphaproteobacteria; o__Sphingomonadales; f__Sphingomonadaceae	0.9999651406325462
95c1540c794fec3990511a27924158dc	d__Bacteria; p__Proteobacteria; c__Gammaproteobacteria; o__Burkholderiales; f__SC-I-84; g__SC-I-84	0.9931759509067779
95c6ce2788783bf2f83343deba23b8bd	d__Bacteria; p__Bacteroidota; c__Bacteroidia; o__Bacteroidales; f__Paludibacteraceae; g__uncultured; s__uncultured_soil	0.9990268471924804
95c9914e2d9788f9968b78e1fd8c7ba9	d__Bacteria; p__Planctomycetota; c__Planctomycetes; o__Pirellulales; f__Pirellulaceae; g__Pirellula	0.9999040195965625
95cd7886242111ccf48b96c353a96f5d	d__Bacteria; p__Planctomycetota; c__Planctomycetes; o__Planctomycetales; f__Rubinisphaeraceae; g__SH-PL14; s__uncultured_bacterium	0.9575652294243989
95da1fb3f555daf0a9a272c4b7c30dc1	d__Bacteria; p__Firmicutes; c__Bacilli; o__Bacillales; f__Planococcaceae; g__Lysinibacillus	0.9902704972391527
95dcdf1eb06b252e67dcdbdaffc505e8	d__Bacteria; p__Actinobacteriota; c__Acidimicrobiia; o__Microtrichales; f__Microtrichaceae; g__uncultured	0.8978135319131254
95e9971ca3ab205c97bc34af10d6c30a	d__Bacteria; p__Planctomycetota; c__Phycisphaerae; o__Tepidisphaerales; f__WD2101_soil_group; g__WD2101_soil_group	0.9999997891319268
95f045492d47f66503d0040daad44e8e	d__Bacteria; p__Actinobacteriota; c__Acidimicrobiia; o__Microtrichales; f__Ilumatobacteraceae; g__uncultured; s__uncultured_organism	0.7793616210977351
95ff1b9528acca018e9c4697a8625504	d__Bacteria; p__Proteobacteria; c__Alphaproteobacteria; o__Sphingomonadales; f__Sphingomonadaceae	0.9999574276420061
960bf6f2c9b57addc03d1428ddd9725d	d__Bacteria; p__Myxococcota; c__Polyangia; o__Haliangiales; f__Haliangiaceae; g__Haliangium	0.9977050449015711
961ce1376e8b2c8207be3f1ca1447e8e	d__Bacteria; p__Actinobacteriota; c__Thermoleophilia; o__Solirubrobacterales; f__67-14; g__67-14	0.9994979959743122
962431f014af31dc7bbda0ce0266c239	d__Bacteria; p__Actinobacteriota; c__Acidimicrobiia; o__Microtrichales	0.9664995977896574
962b51307f268ccd99f90b076d27c617	d__Bacteria; p__Proteobacteria; c__Gammaproteobacteria; o__Burkholderiales; f__Burkholderiaceae; g__Cupriavidus; s__Ralstonia_pickettii	0.8347977680807701
963dc552c551872800f2fcbc5663e5fd	d__Bacteria; p__Chloroflexi; c__Chloroflexia; o__Kallotenuales; f__AKIW781; g__AKIW781	0.7525476138183156
963dee55f9c3d9dcae9766fd745f3b28	d__Bacteria; p__Proteobacteria; c__Alphaproteobacteria; o__Tistrellales; f__Geminicoccaceae; g__uncultured; s__uncultured_bacterium	0.9314570702610072
964158aec9bf5fe1d8fa8f82959f992f	d__Bacteria; p__Planctomycetota; c__Pla4_lineage; o__Pla4_lineage; f__Pla4_lineage; g__Pla4_lineage; s__uncultured_bacterium	0.9197438530682052
9657d52acca51e701e7a3b7cedcfcc12	d__Bacteria; p__Proteobacteria; c__Alphaproteobacteria; o__Azospirillales; f__Azospirillaceae	0.9299812242149474
965eb4a69c77985213ac3184037772af	d__Bacteria; p__Planctomycetota; c__Planctomycetes; o__Planctomycetales; f__uncultured; g__uncultured; s__uncultured_bacterium	0.8838931650853561
9663042dc581ad18e8fbb916bbf470ec	d__Bacteria; p__Proteobacteria; c__Gammaproteobacteria; o__Cellvibrionales; f__Spongiibacteraceae; g__BD1-7_clade; s__metagenome	0.9462133266054151
9663f17d1a6e709f9a6705ab3e219a78	d__Bacteria; p__Myxococcota; c__Myxococcia; o__Myxococcales; f__Myxococcaceae	0.9989966085610732
9667926c28f0e97b06230230922a9f91	d__Bacteria; p__Bacteroidota; c__Bacteroidia; o__Sphingobacteriales; f__Sphingobacteriaceae; g__Mucilaginibacter	0.87736400568905
966ae0169a83069b1022947b28ffa88d	d__Bacteria; p__Acidobacteriota; c__Thermoanaerobaculia; o__Thermoanaerobaculales; f__Thermoanaerobaculaceae; g__Subgroup_10; s__uncultured_Acidobacteria	0.7726395419195514
9679083ae653841d293218eed855de20	d__Bacteria; p__Proteobacteria; c__Gammaproteobacteria; o__Burkholderiales; f__SC-I-84; g__SC-I-84; s__uncultured_bacterium	0.7330319694568377
96904347321556e37d9d1a15d5248e6e	d__Bacteria; p__Chloroflexi; c__Anaerolineae; o__RBG-13-54-9; f__RBG-13-54-9; g__RBG-13-54-9	0.9999815207020171
9699ac97630fd408be8ccdd28a375769	d__Bacteria; p__Acidobacteriota; c__Vicinamibacteria; o__Vicinamibacterales; f__uncultured; g__uncultured; s__uncultured_Acidobacteria	0.7904581729148974
96a15705e01df737f04685cc0d2dce19	d__Bacteria; p__Gemmatimonadota; c__Longimicrobia; o__Longimicrobiales; f__Longimicrobiaceae; g__Longimicrobiaceae; s__uncultured_bacterium	0.9922156779995089
96a54998a6392d35b53f4c38267cd9ce	d__Bacteria; p__Myxococcota; c__Polyangia; o__Polyangiales; f__BIrii41; g__BIrii41; s__uncultured_Sorangiineae	0.8838409373764589
96b87442458dbb4437ca8fc20351add8	d__Bacteria; p__Proteobacteria; c__Alphaproteobacteria; o__Caulobacterales; f__Caulobacteraceae	0.999981697355817
96ce50454286b522aebec7714b55a1c0	d__Bacteria; p__Acidobacteriota; c__Vicinamibacteria; o__Subgroup_17; f__Subgroup_17; g__Subgroup_17	0.9999936289184361
96d042f48c43d10cf3a22dada11f7630	d__Bacteria; p__Actinobacteriota	0.9939216156382047
96ec4781ee61f4083792f252f1b6cd3a	d__Bacteria; p__Patescibacteria; c__Saccharimonadia; o__Saccharimonadales	0.9999999868172305
96fa1f8e8153cca0978482cee1aafa01	d__Bacteria; p__Acidobacteriota; c__Vicinamibacteria; o__Vicinamibacterales; f__uncultured; g__uncultured	0.9997246337290825
96fa61b1c924bc0d6e8f4d7ff2536a83	d__Bacteria; p__Gemmatimonadota; c__Gemmatimonadetes; o__Gemmatimonadales; f__Gemmatimonadaceae; g__uncultured	0.9999934850951961
970702f7782e31ba481ef1549cbc7226	d__Bacteria; p__Proteobacteria; c__Gammaproteobacteria; o__Xanthomonadales; f__Xanthomonadaceae	0.8683772873588906
9712173166cc70ea87ee61a8a91d31c5	d__Bacteria; p__Entotheonellaeota; c__Entotheonellia; o__Entotheonellales; f__Entotheonellaceae; g__Entotheonellaceae	0.9999992886446025
971a5f48b3418449ca7cf3e190a5e831	d__Bacteria; p__Proteobacteria; c__Gammaproteobacteria; o__Burkholderiales; f__Comamonadaceae; g__Azohydromonas; s__Azohydromonas_australica	0.8571328848955952
974077d25fa6b32a7af22670b142a8f1	d__Bacteria; p__Bacteroidota; c__Kryptonia; o__Kryptoniales; f__BSV26; g__BSV26; s__uncultured_bacterium	0.7129712710015262
9741ca1dcca901d3c7567860d3ae6070	d__Bacteria; p__Patescibacteria; c__Parcubacteria; o__Candidatus_Adlerbacteria; f__Candidatus_Adlerbacteria; g__Candidatus_Adlerbacteria; s__uncultured_bacterium	0.9017135715122604
9742aa026d30703fd0b78b75989976a0	d__Bacteria; p__Acidobacteriota; c__Vicinamibacteria; o__Vicinamibacterales; f__uncultured; g__uncultured; s__uncultured_bacterium	0.9615483584133466
97499428153367fc527b85249fc9cc1d	d__Bacteria; p__Chloroflexi; c__Anaerolineae; o__SBR1031; f__SBR1031; g__SBR1031; s__uncultured_bacterium	0.9270777977474973
97560239f29da584eff109d798f9f625	d__Bacteria; p__Chloroflexi; c__Anaerolineae; o__SBR1031; f__A4b; g__A4b; s__uncultured_bacterium	0.8370963065793022
9756e81e6fe7e8443f089ad8036c8d77	d__Bacteria; p__Proteobacteria; c__Gammaproteobacteria; o__Cellvibrionales; f__Cellvibrionaceae; g__Cellvibrio; s__Cellvibrio_fontiphilus	0.916650748133577
97618e7ae8ea0f8d3ff7f9decfe516f9	d__Bacteria; p__Acidobacteriota; c__Vicinamibacteria; o__Vicinamibacterales; f__Vicinamibacteraceae; g__Vicinamibacteraceae	0.9835295649444998
9779beced4ca0bd33eece5d893b2d926	d__Bacteria; p__Proteobacteria; c__Gammaproteobacteria; o__Pseudomonadales; f__Moraxellaceae; g__Acinetobacter	0.7508522366383539
977a3523051e6b23da6221dbde795b34	d__Bacteria; p__Acidobacteriota; c__Blastocatellia; o__Blastocatellales; f__Blastocatellaceae; g__uncultured	0.8035889246305046
977c4c37d1586f8db76d23be9941b76e	d__Bacteria; p__Verrucomicrobiota; c__Verrucomicrobiae; o__Chthoniobacterales; f__Chthoniobacteraceae; g__Chthoniobacter; s__uncultured_bacterium	0.9220700307303864
97a0a130055e9b1bb4ebb449097e902f	d__Bacteria; p__Actinobacteriota; c__Thermoleophilia; o__Solirubrobacterales; f__67-14; g__67-14	0.9984325223899344
97a14f7060c032bcadcf47094a9e5898	d__Bacteria; p__Chloroflexi; c__TK10; o__TK10; f__TK10; g__TK10; s__uncultured_Chloroflexi	0.7826071292717989
97ac74a4dccecda81663a07b34af3d57	d__Bacteria; p__Actinobacteriota; c__Actinobacteria; o__0319-7L14; f__0319-7L14; g__0319-7L14	0.9542870236819139
97af7310b6109b8c4f9d930218cfd929	d__Bacteria; p__Firmicutes; c__Bacilli; o__Paenibacillales; f__Paenibacillaceae; g__Paenibacillus	0.9858601348121663
97c4370051faebb00aef0c292818e489	d__Bacteria; p__Entotheonellaeota; c__Entotheonellia; o__Entotheonellales; f__Entotheonellaceae; g__Entotheonellaceae; s__uncultured_bacterium	0.7484626368998015
97caea1c151e4e64c020e2395fd6c131	d__Bacteria; p__Proteobacteria; c__Gammaproteobacteria; o__Burkholderiales; f__Comamonadaceae; g__Roseateles; s__Roseateles_depolymerans	0.8113497262627618
97dee59185c3798fc7ac17f14ed3d186	d__Bacteria; p__Patescibacteria; c__Parcubacteria; o__Parcubacteria; f__Parcubacteria; g__Parcubacteria; s__uncultured_Parcubacteria	0.9450225674551433
97e0f4b5a61559e2d56f84422e4a96a6	d__Bacteria; p__Proteobacteria; c__Alphaproteobacteria; o__uncultured; f__uncultured; g__uncultured	0.7269306008668116
97e1ceac934d9d9f3b1ac07acffc716b	d__Bacteria; p__Proteobacteria; c__Alphaproteobacteria; o__Defluviicoccales; f__Defluviicoccaceae; g__Defluviicoccus; s__uncultured_bacterium	0.725538845457812
97f638819dec5d90568ba87d284aecde	d__Bacteria; p__Planctomycetota; c__BD7-11; o__BD7-11; f__BD7-11; g__BD7-11; s__uncultured_Planctomycetaceae	0.9972297348971804
97fa600865508e5bcbbafee3f3ddd0b8	d__Bacteria; p__Planctomycetota; c__Planctomycetes; o__Pirellulales; f__Pirellulaceae; g__Blastopirellula	0.9939460255236511
98083d8b8807018d09a7420dd297bc78	d__Bacteria; p__Acidobacteriota; c__Vicinamibacteria; o__Vicinamibacterales; f__uncultured; g__uncultured	0.9998449041710952
98260cec84bf5341de9c32d2c0d67a8a	d__Bacteria; p__Bacteroidota; c__Bacteroidia; o__Cytophagales; f__Cytophagaceae; g__Sporocytophaga	0.9927503071896617
982ad58b19a449b778438d080d1d6b4e	d__Bacteria; p__Proteobacteria; c__Gammaproteobacteria	0.9998972769449115
982ed5cd0d5c7c512e665946de8d0cfe	d__Bacteria; p__Myxococcota; c__Polyangia; o__Polyangiales; f__Polyangiaceae; g__Pajaroellobacter	0.9966506717445338
983318c9b102a477c0c130df31d1f631	d__Bacteria; p__Planctomycetota; c__Planctomycetes; o__Planctomycetales	0.764134460668998
983f7080aef8a3b997ba36df685efa38	d__Bacteria; p__Chloroflexi; c__Chloroflexia; o__Thermomicrobiales; f__JG30-KF-CM45; g__JG30-KF-CM45; s__metagenome	0.8715111195675419
9843e68e29fed35da6e552a10247bb8c	d__Bacteria; p__Myxococcota; c__bacteriap25; o__bacteriap25; f__bacteriap25; g__bacteriap25; s__metagenome	0.973167987751457
98448dd47f43795f7759a9cf03ba9ae4	d__Bacteria; p__Methylomirabilota; c__Methylomirabilia; o__Rokubacteriales; f__WX65; g__WX65; s__uncultured_bacterium	0.9990993081532599
98530a9e289059aca8df98b8e0c043f8	d__Bacteria; p__Methylomirabilota; c__Methylomirabilia; o__Rokubacteriales; f__WX65; g__WX65; s__uncultured_bacterium	0.9999902749858282
985471f88ed895db111ff7d5bced5078	d__Bacteria; p__Proteobacteria; c__Gammaproteobacteria; o__Salinisphaerales; f__Solimonadaceae; g__Panacagrimonas; s__uncultured_bacterium	0.951050923883581
9854823f0d37c82e52871d81205166cd	d__Bacteria; p__Acidobacteriota; c__Holophagae; o__Subgroup_7; f__Subgroup_7; g__Subgroup_7	0.9999999808645161
98569080f9459bef34f90da06ba0f872	d__Bacteria; p__Cyanobacteria; c__Cyanobacteriia; o__Chloroplast; f__Chloroplast; g__Chloroplast	0.9999955538960666
9865230e04fccf67fa5b40974a772a4f	d__Bacteria; p__Proteobacteria; c__Gammaproteobacteria; o__Burkholderiales; f__Rhodocyclaceae; g__Azoarcus	0.8831312618049523
986a7e9f3e7ad7361b4184688328cb3d	d__Bacteria; p__Entotheonellaeota; c__Entotheonellia; o__Entotheonellales; f__Entotheonellaceae; g__Entotheonellaceae	0.9999999924938794
986d25b4649d17335c1d744f90632719	d__Bacteria; p__Planctomycetota; c__Planctomycetes; o__Gemmatales; f__Gemmataceae	0.9999998585608897
9889cda32adf5e4c56e08940754f9f39	d__Bacteria; p__Proteobacteria; c__Gammaproteobacteria; o__Burkholderiales; f__Oxalobacteraceae	0.986719486902825
98a4577ea66056b7440c1e3acdc10a0a	d__Bacteria; p__Planctomycetota; c__Planctomycetes; o__Pirellulales; f__Pirellulaceae; g__Blastopirellula; s__uncultured_planctomycete	0.7347220956418544
98a6a84550e07ea252cfd8a0f51042d4	d__Bacteria; p__Proteobacteria; c__Gammaproteobacteria; o__Burkholderiales; f__Oxalobacteraceae; g__Massilia	0.7453702272533616
98abc75cd18433b67a31f2e3001f9da1	d__Bacteria; p__Actinobacteriota; c__Actinobacteria; o__Euzebyales; f__Euzebyaceae; g__uncultured	0.9879824789795626
98b37ffe88bd23e623494774d810671b	d__Bacteria; p__Planctomycetota; c__Phycisphaerae; o__Tepidisphaerales; f__WD2101_soil_group; g__WD2101_soil_group; s__uncultured_planctomycete	0.7064712732976519
98c5e4dd14642ad22ea685de07ca4658	d__Bacteria; p__Chloroflexi; c__Chloroflexia; o__Chloroflexales; f__Roseiflexaceae; g__uncultured	0.9999070631379527
98cae312fc71e7b00145fb47927f51d5	d__Bacteria; p__Hydrogenedentes; c__Hydrogenedentia; o__Hydrogenedentiales; f__Hydrogenedensaceae	0.9999997475907236
98cc943f52732f3274e2705cf610f462	d__Bacteria; p__Planctomycetota; c__Planctomycetes; o__Pirellulales; f__Pirellulaceae; g__uncultured; s__uncultured_Planctomycetales	0.9785889197327307
98d771e8d32f16b10d5ebf3701bff8ee	d__Bacteria; p__Patescibacteria; c__uncultured; o__uncultured; f__uncultured; g__uncultured; s__uncultured_bacterium	0.9999999898799956
98e023fee45a4230caef4408a6775e3a	d__Bacteria; p__Acidobacteriota; c__Vicinamibacteria; o__Vicinamibacterales; f__Vicinamibacteraceae; g__Luteitalea; s__uncultured_bacterium	0.7403767405842548
98ef3b57df9f4c150440643857ea7129	d__Bacteria; p__Planctomycetota; c__Planctomycetes; o__Pirellulales; f__Pirellulaceae; g__Pirellula	0.9974024731024125
98f15b49f32cd532fbe21efe091b9ec4	d__Bacteria; p__Planctomycetota; c__Planctomycetes; o__Planctomycetales; f__uncultured; g__uncultured	0.9999131882196136
98f1a8c7461276c57afe717c12aad695	d__Bacteria; p__Bacteroidota; c__Bacteroidia; o__Chitinophagales; f__Chitinophagaceae; g__Parafilimonas; s__uncultured_bacterium	0.8814035634938846
98f656062ebcd2cde2386d2232842ec6	d__Bacteria; p__Methylomirabilota; c__Methylomirabilia; o__Rokubacteriales; f__Rokubacteriales; g__Rokubacteriales	0.9999999935651955
98f96fcdcf4284d81d1e84d699d6ad6e	d__Bacteria; p__Actinobacteriota; c__Acidimicrobiia; o__IMCC26256; f__IMCC26256; g__IMCC26256	0.9964527405674289
98f9c76106a9e24b3c5e55f044c8952f	d__Bacteria; p__Bdellovibrionota; c__Bdellovibrionia; o__Bdellovibrionales; f__Bdellovibrionaceae; g__Bdellovibrio	0.99999999761611
99143846f2fb12b94d1c744869a3aeb0	d__Bacteria; p__Planctomycetota; c__Phycisphaerae; o__CCM11a; f__CCM11a; g__CCM11a; s__uncultured_bacterium	0.9752949625631268
991c563278c4e8c91ffebce3560fe51b	d__Bacteria; p__Verrucomicrobiota; c__Verrucomicrobiae; o__Pedosphaerales; f__Pedosphaeraceae	0.9999999458531813
9920948718f00e4fe6d20102b2cbaf12	d__Bacteria; p__Bacteroidota; c__Bacteroidia; o__Sphingobacteriales; f__env.OPS_17; g__env.OPS_17; s__uncultured_bacterium	0.8974516653003244
992f3c173cdfde1c9d7c7b941b36af33	d__Bacteria; p__Firmicutes; c__Bacilli; o__Paenibacillales; f__Paenibacillaceae; g__Paenibacillus	0.9934718223153082
99379f2a2fd85e68227801d76887be08	d__Bacteria; p__Planctomycetota; c__Planctomycetes; o__Pirellulales; f__Pirellulaceae; g__uncultured; s__uncultured_bacterium	0.8724985190773431
993e05bc87a84629721fc4da7ea3d6dc	d__Bacteria; p__Chloroflexi; c__KD4-96; o__KD4-96; f__KD4-96; g__KD4-96; s__uncultured_bacterium	0.8032997854120416
9945e34f9d9b82b642883c220aaa8570	d__Bacteria; p__Planctomycetota; c__Planctomycetes; o__Gemmatales; f__Gemmataceae	0.9999992555307864
9949a499a2011d3ab0aec839b2835c86	d__Bacteria; p__Proteobacteria; c__Gammaproteobacteria; o__Gammaproteobacteria_Incertae_Sedis; f__Unknown_Family; g__Acidibacter	0.9245387768397078
9959b157bfc3407f4aaca10df5750c8d	d__Bacteria; p__Actinobacteriota; c__Actinobacteria; o__0319-7L14; f__0319-7L14; g__0319-7L14	0.7055512340170005
997437c902c060746170e9b66c8de95f	d__Bacteria; p__Actinobacteriota; c__Acidimicrobiia; o__Microtrichales	0.9294750074283056
9981b8fd20f400e052527f84f5db1b66	d__Bacteria; p__Patescibacteria; c__Saccharimonadia; o__Saccharimonadales; f__Saccharimonadales; g__Saccharimonadales	0.8340735205892582
9987d550d4bd196d02c008a57c49fcb2	d__Bacteria; p__Actinobacteriota; c__Actinobacteria; o__Propionibacteriales; f__Nocardioidaceae; g__Nocardioides	0.9936763649975396
998aedf12cdf054f5e504a2e21d20498	d__Bacteria; p__Proteobacteria; c__Alphaproteobacteria; o__Sphingomonadales; f__Sphingomonadaceae	0.999959983477166
998c3cfa79d2a45b1e985c94d2a4d88d	d__Bacteria; p__Gemmatimonadota; c__BD2-11_terrestrial_group; o__BD2-11_terrestrial_group; f__BD2-11_terrestrial_group; g__BD2-11_terrestrial_group; s__uncultured_soil	0.9705423948528535
998d74befcf9641cd84179c4d3fec541	d__Bacteria; p__Actinobacteriota; c__Actinobacteria; o__Bifidobacteriales; f__Bifidobacteriaceae; g__Bifidobacterium; s__Bifidobacterium_animalis	0.8716153919821544
999035c3ce8a1c06a234d6d848a2af76	d__Bacteria; p__Proteobacteria; c__Gammaproteobacteria; o__Burkholderiales; f__Sutterellaceae; g__uncultured	0.9995506506196763
999199c9872237b4a83736a80165a410	d__Bacteria; p__Acidobacteriota; c__Holophagae; o__Subgroup_7; f__Subgroup_7; g__Subgroup_7	0.9999999751688224
9995e4c8efa2c866cfc743e060a7e3ee	d__Bacteria; p__Bacteroidota; c__Bacteroidia; o__Cytophagales; f__Cytophagaceae; g__Sporocytophaga; s__uncultured_bacterium	0.9746174853326873
999c0c729af52c6d930887dae2e18d68	d__Bacteria; p__Latescibacterota; c__Latescibacterota; o__Latescibacterota; f__Latescibacterota; g__Latescibacterota; s__uncultured_bacterium	0.996519563058056
99a58e52653b73a682a17eb4db3b4919	d__Bacteria; p__Gemmatimonadota; c__Longimicrobia; o__Longimicrobiales; f__Longimicrobiaceae; g__Longimicrobiaceae; s__metagenome	0.7890629929533841
99a8f681e2dc64011c023fef5ecee0b7	d__Bacteria; p__Proteobacteria; c__Gammaproteobacteria; o__Pseudomonadales; f__Pseudomonadaceae; g__Pseudomonas	0.8320436146718533
99ab1e20c1706900dbde9408a1f9c8ab	d__Bacteria; p__Verrucomicrobiota; c__Verrucomicrobiae; o__Verrucomicrobiales; f__Rubritaleaceae; g__Luteolibacter	0.9989238689462001
99b4a3907f1a111936b79913aaf9324d	d__Bacteria; p__Proteobacteria; c__Gammaproteobacteria; o__Xanthomonadales; f__Xanthomonadaceae; g__Lysobacter	0.9534951244639087
99da901ecd90a0936893e9fdb82a63fe	d__Bacteria; p__Proteobacteria; c__Gammaproteobacteria; o__Cellvibrionales; f__Halieaceae; g__OM60(NOR5)_clade; s__uncultured_bacterium	0.9745184911678301
99e0140004d8b18cb4eaa80d64a21cde	d__Bacteria; p__Actinobacteriota; c__Acidimicrobiia; o__Microtrichales; f__uncultured; g__uncultured	0.7863955979777044
9a01d446019fef3b1106ebee8486e308	d__Bacteria; p__Myxococcota; c__Polyangia; o__Polyangiales; f__Sandaracinaceae; g__uncultured; s__metagenome	0.8723090691693703
9a02177f2c235a6eb62984d5aab151ff	d__Bacteria; p__Proteobacteria; c__Gammaproteobacteria; o__Burkholderiales; f__Comamonadaceae; g__Pseudorhodoferax	0.936284022133074
9a02f98a2b9da6ab1d052d8d3c9452f9	d__Bacteria; p__Proteobacteria; c__Gammaproteobacteria; o__Enterobacterales; f__Enterobacteriaceae	0.9936260603204062
9a1d8ca98a618df0ad4163433d7bd6a7	d__Bacteria; p__Actinobacteriota; c__Acidimicrobiia; o__Microtrichales; f__Ilumatobacteraceae; g__Ilumatobacter	0.9487016645744932
9a2325ea015a8c5944047e3349cc1565	d__Bacteria; p__Actinobacteriota; c__Acidimicrobiia; o__Microtrichales; f__Iamiaceae; g__Iamia	0.9860026957972364
9a2db5f59ada997baa393e7dfff8405c	d__Bacteria; p__Chloroflexi; c__Chloroflexia; o__Chloroflexales; f__Roseiflexaceae; g__uncultured; s__uncultured_bacterium	0.9618533899873924
9a3eca86c81fac0134f960d5346cec52	d__Bacteria; p__Planctomycetota; c__Planctomycetes; o__Pirellulales; f__Pirellulaceae; g__uncultured; s__metagenome	0.9881931417212442
9a4b85a11f187eaef5ddbf6ae3a94f2f	d__Bacteria; p__Patescibacteria; c__Parcubacteria; o__Parcubacteria; f__Parcubacteria; g__Parcubacteria; s__uncultured_bacterium	0.9881314414514096
9a4cc7e26578001c1573a412e34ea211	d__Bacteria; p__NB1-j; c__NB1-j; o__NB1-j; f__NB1-j; g__NB1-j	0.9992469282160851
9a55beae190b2fe84d8c425df2494f4b	d__Bacteria; p__Acidobacteriota; c__Vicinamibacteria; o__Vicinamibacterales; f__Vicinamibacteraceae; g__Vicinamibacteraceae	0.9995947481929551
9a57cda47997c65142e475eba57cc52f	d__Bacteria; p__Proteobacteria; c__Gammaproteobacteria; o__Cellvibrionales; f__Cellvibrionaceae; g__Cellvibrio	0.9986109824693729
9a5f7df0e38370453838bbd12c1df16d	d__Bacteria; p__Actinobacteriota; c__Acidimicrobiia; o__Microtrichales; f__Microtrichaceae; g__Sva0996_marine_group	0.911202562442335
9a6608ea6fc77fa4487061d6213b5528	d__Bacteria; p__Myxococcota; c__Polyangia; o__Haliangiales; f__Haliangiaceae; g__Haliangium	0.9885913349860725
9a821e2dc70fb67f26084f6d3ef07b5c	d__Bacteria; p__Proteobacteria; c__Gammaproteobacteria; o__Steroidobacterales; f__Steroidobacteraceae; g__Steroidobacter	0.9371057023335753
9a830fa26205ad91a02b5bcaebb0221a	d__Bacteria; p__Verrucomicrobiota; c__Verrucomicrobiae; o__Pedosphaerales; f__Pedosphaeraceae; g__Pedosphaeraceae; s__uncultured_soil	0.9095380198855544
9a8e3b585eaacedccadd72cbbc8910aa	d__Bacteria; p__Planctomycetota; c__Planctomycetes; o__Pirellulales; f__Pirellulaceae	0.9999665273919719
9a8e9c9be8b68fcaa7ce2e6c94f09aca	d__Bacteria; p__Proteobacteria; c__Gammaproteobacteria; o__Burkholderiales; f__Nitrosomonadaceae; g__MND1	0.9997291019335531
9aa0a5975705c874fb7e9a3bffc77677	d__Bacteria; p__Planctomycetota; c__Pla4_lineage; o__Pla4_lineage; f__Pla4_lineage; g__Pla4_lineage; s__uncultured_planctomycete	0.8288858324497477
9aaa413b56a75672b7d4ad9d45226367	d__Bacteria; p__Firmicutes; c__Bacilli; o__Bacillales; f__Bacillaceae; g__Bacillus; s__Bacillus_selenatarsenatis	0.7216791556291197
9ab18303e8a64ae33bcd6035674a853d	d__Bacteria; p__Actinobacteriota; c__Actinobacteria; o__Propionibacteriales; f__Nocardioidaceae; g__Nocardioides	0.9946509254253868
9aba2f3c9fcc18a302920076721b48e7	d__Bacteria; p__Proteobacteria; c__Gammaproteobacteria; o__Xanthomonadales; f__Xanthomonadaceae; g__Arenimonas; s__Arenimonas_daejeonensis	0.8435701580420172
9abb11e61b316438dce2d474ee1c0a53	d__Bacteria; p__Proteobacteria; c__Gammaproteobacteria; o__Burkholderiales; f__Nitrosomonadaceae; g__Ellin6067; s__uncultured_bacterium	0.7503065965972765
9ad39b2c18664a9eaf6358eb26d6835b	d__Bacteria; p__Myxococcota; c__Polyangia; o__Nannocystales; f__Nannocystaceae; g__Nannocystis	0.8628449240658854
9ad75735d1b1795f9f11344e3448501c	d__Bacteria; p__Bacteroidota; c__Bacteroidia; o__Chitinophagales; f__Saprospiraceae; g__uncultured; s__uncultured_Haliscomenobacter	0.9359992913823585
9add5ac73a06615a4a78f457e1799bba	d__Bacteria; p__Myxococcota; c__Polyangia; o__Polyangiales; f__BIrii41; g__BIrii41	0.996544167200316
9ae7b60c096a57293a28c5df16974403	d__Bacteria; p__Patescibacteria; c__Saccharimonadia; o__Saccharimonadales; f__Saccharimonadales; g__Saccharimonadales	0.9992517110338451
9aef508c7126d6e9d029f281c5350c11	d__Bacteria; p__Latescibacterota; c__Latescibacterota; o__Latescibacterota; f__Latescibacterota; g__Latescibacterota; s__uncultured_bacterium	0.9727299932604309
9af231f1d73aaf13360b0bd8880a4302	d__Bacteria; p__Bacteroidota; c__Bacteroidia; o__Sphingobacteriales; f__env.OPS_17; g__env.OPS_17	0.9999994549591451
9af2968bb1699c1c9f8ee692573626bb	d__Bacteria; p__Myxococcota; c__Polyangia; o__Polyangiales; f__BIrii41; g__BIrii41; s__uncultured_bacterium	0.8074762920876283
9b0a9b0d41270d594ae9d53086d09514	d__Bacteria; p__Desulfobacterota; c__Desulfuromonadia; o__Geobacterales; f__Geobacteraceae; g__Citrifermentans; s__uncultured_Geobacteraceae	0.7645023138052752
9b13ca286f81e441be6eeb965888c6a8	d__Bacteria; p__Proteobacteria; c__Gammaproteobacteria; o__Burkholderiales; f__SC-I-84; g__SC-I-84	0.9873333682870605
9b14f19ef5e2997543cf7e1281189a6f	d__Bacteria; p__Bacteroidota; c__Bacteroidia; o__Flavobacteriales; f__Flavobacteriaceae; g__Flavobacterium	0.985351562151331
9b1f1cbfe5b3fd8432fe286434df93ba	d__Bacteria; p__Chloroflexi; c__Gitt-GS-136; o__Gitt-GS-136; f__Gitt-GS-136; g__Gitt-GS-136; s__uncultured_bacterium	0.7854151796244035
9b2bce665dbbd516f77753a59d714b87	d__Bacteria; p__Actinobacteriota; c__Acidimicrobiia; o__IMCC26256; f__IMCC26256; g__IMCC26256	0.9953585595604559
9b3500dbd09580a93f276a06badba7c9	d__Bacteria; p__Bacteroidota; c__Bacteroidia; o__Chitinophagales; f__Chitinophagaceae; g__Aurantisolimonas; s__uncultured_bacterium	0.8648842228404486
9b45f210647c5fe71b005eb9e25299a5	d__Bacteria; p__Bacteroidota; c__Kapabacteria; o__Kapabacteriales; f__Kapabacteriales; g__Kapabacteriales; s__uncultured_bacterium	0.7378322505950072
9b5484eb3f600954c167daace2696dcd	d__Bacteria; p__Chloroflexi; c__Anaerolineae; o__SJA-15; f__SJA-15; g__SJA-15; s__uncultured_bacterium	0.752701383372834
9b64fa05ba8774ac35342af299ea0ffd	d__Bacteria; p__Cyanobacteria; c__Cyanobacteriia	0.99999999786079
9b70bf52d2b773fe51357a9f6dcdd575	d__Bacteria; p__Proteobacteria; c__Alphaproteobacteria; o__Tistrellales; f__Geminicoccaceae; g__uncultured	0.9393525388571802
9b7164713231f0b073e6f853dfa783d8	d__Bacteria; p__Firmicutes; c__Bacilli; o__Alicyclobacillales; f__Alicyclobacillaceae; g__Tumebacillus; s__uncultured_bacterium	0.7728622301066159
9b756a8fc52a9e86118bef148c5a2a78	d__Bacteria; p__Actinobacteriota; c__Acidimicrobiia	0.9107571134333156
9b7e4d722f34f10876226e60b74e520e	d__Bacteria; p__Proteobacteria; c__Alphaproteobacteria; o__Rhizobiales; f__Hyphomicrobiaceae; g__Hyphomicrobium	0.9642488981822845
9b820b1e7b714b5adb0b31aac0a83fcf	d__Bacteria; p__Firmicutes; c__Bacilli; o__Bacillales; f__Bacillaceae; g__Bacillus	0.9909423721117042
9b865136c87057f6f1075eb9c3e6dc59	d__Bacteria; p__Actinobacteriota; c__Actinobacteria; o__Propionibacteriales; f__Nocardioidaceae; g__Nocardioides	0.9963247534006581
9b87bdf47f8937d2788f2f8bca112469	d__Bacteria; p__Myxococcota; c__Myxococcia; o__Myxococcales; f__Myxococcaceae	0.999987940273821
9b88f28e1164a3d34979e5da7cf124f5	d__Bacteria; p__Actinobacteriota; c__Acidimicrobiia; o__Actinomarinales; f__uncultured; g__uncultured; s__uncultured_bacterium	0.7728134565482802
9b909edaebabc90b9c1a703626e6bd0c	d__Bacteria; p__Myxococcota; c__Polyangia; o__Polyangiales; f__Polyangiaceae; g__Pajaroellobacter	0.966037737062605
9b9fb8850f770624ca66c9706fbf81f0	d__Bacteria; p__Proteobacteria; c__Gammaproteobacteria; o__Burkholderiales; f__Oxalobacteraceae	0.9997339961815078
9ba215b01c2b9646c87b6828bbeaff25	d__Bacteria; p__Planctomycetota; c__Pla4_lineage; o__Pla4_lineage; f__Pla4_lineage; g__Pla4_lineage; s__uncultured_bacterium	0.9348131005378377
9ba54ba999c811e2a99ed7b17ae604f0	d__Bacteria; p__Myxococcota; c__Myxococcia; o__Myxococcales; f__Myxococcaceae; g__uncultured; s__uncultured_bacterium	0.8316872864375787
9ba7803102c25021e700a2e558996201	d__Bacteria; p__Gemmatimonadota; c__Gemmatimonadetes; o__Gemmatimonadales; f__Gemmatimonadaceae; g__uncultured	0.9913855752232756
9bab3795c69034f63f6a52de3bc9ae62	d__Bacteria; p__Methylomirabilota; c__Methylomirabilia; o__Rokubacteriales; f__Rokubacteriales; g__Rokubacteriales	0.9999999753180524
9bafeb8773c26e2076d23e7e89b24dba	d__Bacteria; p__Firmicutes; c__Bacilli; o__Entomoplasmatales; f__type_III; g__type_III; s__uncultured_Mollicutes	0.9108719371983054
9bb00882c0050aadfcb812677458952c	d__Bacteria; p__Myxococcota; c__Polyangia; o__Nannocystales; f__Nannocystaceae; g__Nannocystis	0.99377349029086
9bbc6c1e2abdb26f97871db52a0c8b41	d__Bacteria; p__Acidobacteriota; c__Vicinamibacteria; o__Vicinamibacterales; f__Vicinamibacteraceae; g__Vicinamibacteraceae; s__uncultured_Acidobacteriaceae	0.9214074087260562
9bc2eaa4580de3d2643c926d862a1a69	d__Bacteria; p__Acidobacteriota; c__Holophagae; o__Subgroup_7; f__Subgroup_7; g__Subgroup_7	0.9999925830461989
9bec7446dc064111fdebc8f20ec50c68	d__Bacteria; p__Proteobacteria; c__Alphaproteobacteria; o__Dongiales; f__Dongiaceae; g__Dongia	0.9961711629487735
9bed217ca59ec1987a4b33ebfb53b7d1	d__Bacteria; p__Acidobacteriota; c__Vicinamibacteria; o__Vicinamibacterales; f__uncultured; g__uncultured; s__uncultured_Acidobacteriaceae	0.7204727676119771
9bf51a53f6c4d50233f7fc38be1ccd92	d__Bacteria; p__Acidobacteriota; c__Vicinamibacteria; o__Vicinamibacterales; f__uncultured; g__uncultured	0.999982820332294
9c0569fb95451d009fd3754303eaed12	d__Bacteria; p__Actinobacteriota; c__Thermoleophilia; o__Solirubrobacterales; f__Solirubrobacteraceae; g__Conexibacter; s__uncultured_bacterium	0.7709207578602548
9c2fa461d6ce1210c097a77d84713902	d__Bacteria; p__Chloroflexi; c__Gitt-GS-136; o__Gitt-GS-136; f__Gitt-GS-136; g__Gitt-GS-136	0.9999997566096183
9c3d4f4c22e5e0d2e5f339200b7b2c71	d__Bacteria; p__Planctomycetota; c__Planctomycetes; o__Pirellulales; f__Pirellulaceae; g__Pirellula	0.9204218820879547
9c47fb90ec9217c3718a13dfc2bbd6d8	d__Bacteria; p__Proteobacteria; c__Gammaproteobacteria; o__Burkholderiales; f__Comamonadaceae; g__Caenimonas; s__uncultured_bacterium	0.7344221299038517
9c5d92bfefc7a190b93d5b9a6a77697b	d__Bacteria; p__Acidobacteriota; c__Vicinamibacteria; o__Subgroup_17; f__Subgroup_17; g__Subgroup_17; s__uncultured_Acidobacteria	0.7812366354067919
9c656f3668fde0a4a758990577b117e8	d__Bacteria; p__Entotheonellaeota; c__Entotheonellia; o__Entotheonellales; f__Entotheonellaceae; g__Entotheonellaceae	0.9999973570499542
9c6cf1329df3a3a5901f63c19782385c	d__Bacteria; p__Myxococcota; c__Polyangia; o__Polyangiales; f__BIrii41; g__BIrii41; s__uncultured_bacterium	0.9717697375012406
9c6fddf7531d5a0dcb94f82f9bf399fe	d__Bacteria; p__Planctomycetota; c__Planctomycetes; o__Gemmatales; f__Gemmataceae; g__Telmatocola; s__metagenome	0.741204912753989
9c77e490352893560401160da8f96650	d__Bacteria; p__Acidobacteriota; c__Blastocatellia; o__DS-100; f__DS-100; g__DS-100	0.9999981562376437
9c8385bef8c9edddbd302a6b49f8925f	d__Bacteria; p__Planctomycetota; c__Phycisphaerae; o__Pla1_lineage; f__Pla1_lineage; g__Pla1_lineage; s__uncultured_bacterium	0.9998641728486717
9c8f11ee54ce6a058dbfa2b49ecf9767	d__Bacteria; p__Acidobacteriota; c__Subgroup_25; o__Subgroup_25; f__Subgroup_25; g__Subgroup_25; s__uncultured_Acidobacteria	0.9984054560137497
9c931ab5bf18ef9b10996d59d292e6f5	d__Bacteria; p__Bacteroidota; c__Bacteroidia; o__Chitinophagales; f__Chitinophagaceae; g__uncultured	0.731810548420258
9c9c3df76706615f4ae87c492f42be10	d__Bacteria; p__Proteobacteria; c__Gammaproteobacteria; o__Burkholderiales; f__Nitrosomonadaceae; g__mle1-7; s__uncultured_bacterium	0.8252972322309013
9cc08b8254d83fbe4d048e8f3e0054fc	d__Bacteria; p__Actinobacteriota; c__Acidimicrobiia; o__Microtrichales; f__Ilumatobacteraceae; g__uncultured; s__uncultured_Acidimicrobiales	0.9942041386092836
9ccabcb058cbb55c1f6e7b485e9de248	d__Bacteria; p__Myxococcota; c__Polyangia; o__Haliangiales; f__Haliangiaceae; g__Haliangium; s__uncultured_prokaryote	0.7971137337637982
9cdf40c53516ab237cfc8c890dedbd70	d__Bacteria; p__Acidobacteriota; c__Vicinamibacteria; o__Vicinamibacterales; f__uncultured; g__uncultured; s__uncultured_Acidobacteriaceae	0.8306571965896283
9ce1c469f39acda65df0da44dc84a949	d__Bacteria; p__Proteobacteria; c__Alphaproteobacteria; o__Caulobacterales; f__Hyphomonadaceae; g__SWB02	0.9998565713434039
9ceb8e91dd6f10eb411f3e05c4e7acb7	d__Bacteria; p__Latescibacterota; c__Latescibacterota; o__Latescibacterota; f__Latescibacterota; g__Latescibacterota; s__uncultured_soil	0.9707973399658444
9cef43e13d6dff78b6a412a36be86f8b	d__Bacteria; p__Myxococcota; c__Polyangia; o__Haliangiales; f__Haliangiaceae; g__Haliangium	0.9999200414274364
9cf06f1b7b8cc59de901bea59fc8edc2	d__Bacteria; p__Planctomycetota; c__Planctomycetes; o__Pirellulales; f__Pirellulaceae	0.9999201670047826
9cf46cd6d91fc573417df5cc223c2849	d__Bacteria; p__Acidobacteriota; c__Vicinamibacteria; o__Vicinamibacterales; f__Vicinamibacteraceae; g__Vicinamibacteraceae	0.9994029289565676
9cf47f29a4e3df5c64fccbe8a452cd1e	d__Bacteria; p__Proteobacteria; c__Gammaproteobacteria; o__Pseudomonadales; f__Moraxellaceae; g__Acinetobacter; s__Acinetobacter_haemolyticus	0.7601051107297304
9cfc86b679452cf64b9f8ab2095b4e00	d__Bacteria; p__Planctomycetota; c__Planctomycetes; o__uncultured; f__uncultured; g__uncultured; s__uncultured_bacterium	0.9978814297258951
9d11f3837bc3e24eef81521b97b66187	d__Bacteria; p__Planctomycetota; c__Phycisphaerae; o__CCM11a; f__CCM11a; g__CCM11a; s__groundwater_metagenome	0.9248797831602326
9d14eb879c7034eb84579804d3d4288f	d__Bacteria; p__Planctomycetota; c__Planctomycetes; o__uncultured; f__uncultured; g__uncultured; s__uncultured_bacterium	0.9939354390448037
9d1a3898d9aecc3b61e3900ef2beaa7b	d__Bacteria; p__Bacteroidota; c__Bacteroidia; o__Flavobacteriales; f__Flavobacteriaceae; g__Flavobacterium	0.9969591285906031
9d2343872fb943a78be4c95353dcc437	d__Bacteria; p__Verrucomicrobiota; c__Verrucomicrobiae; o__Pedosphaerales; f__Pedosphaeraceae; g__Pedosphaeraceae; s__uncultured_soil	0.8005576755164981
9d2782f19e60ec0cf72e1dc46b1d1766	d__Bacteria; p__Deinococcota; c__Deinococci; o__Deinococcales; f__Deinococcaceae; g__Deinococcus	0.99999995662253
9d443d226f5f76c0e6111a26fa892a49	d__Bacteria; p__Myxococcota; c__Myxococcia; o__Myxococcales; f__Anaeromyxobacteraceae; g__Anaeromyxobacter; s__uncultured_delta	0.9406845043058172
9d54f5025d910f67ecf05f53bb92e2de	d__Bacteria; p__Planctomycetota; c__Pla4_lineage; o__Pla4_lineage; f__Pla4_lineage; g__Pla4_lineage	0.9889771760255016
9d57d3c31b4c453426f1ea2b9b9a491f	d__Bacteria; p__Chloroflexi; c__Anaerolineae; o__Ardenticatenales; f__Ardenticatenaceae; g__uncultured	0.9999999915188947
9d5f44ccb76c3ff23bb5f9ccfe61a0e9	d__Bacteria; p__Planctomycetota; c__Planctomycetes; o__Pirellulales; f__Pirellulaceae; g__Pirellula; s__uncultured_bacterium	0.9595535509827441
9d620b7ba883d0eefbfda5b5a11cd0b9	d__Bacteria; p__Acidobacteriota; c__Subgroup_5; o__Subgroup_5; f__Subgroup_5; g__Subgroup_5; s__uncultured_bacterium	0.9763915600605645
9d746a50ab4f5825b907f52ad6bc3544	d__Bacteria; p__Bacteroidota; c__Bacteroidia; o__Flavobacteriales; f__Flavobacteriaceae; g__Flavobacterium	0.9777415896912401
9d8008f437b2f9f05b0cf79cd6bdfd18	d__Bacteria; p__Verrucomicrobiota; c__Verrucomicrobiae; o__Pedosphaerales; f__Pedosphaeraceae; g__Ellin517; s__uncultured_bacterium	0.9911281449044664
9d8132f7dfd480fbb6fafc7cb58bc33c	d__Bacteria; p__Planctomycetota; c__Phycisphaerae; o__Pla1_lineage; f__Pla1_lineage; g__Pla1_lineage; s__uncultured_bacterium	0.9999322659199076
9d823ef6bc164fce8e2f984b6a73e2c6	d__Bacteria; p__Proteobacteria; c__Gammaproteobacteria; o__Xanthomonadales; f__Xanthomonadaceae; g__Lysobacter	0.934074030552549
9d92e2ff9f6abf1f9e784d878ea25daa	d__Bacteria; p__Firmicutes; c__Clostridia; o__Peptostreptococcales-Tissierellales; f__Peptostreptococcales-Tissierellales; g__Alkaliphilus	0.9704188691558611
9dafaacb160e38c2b7584fd96737e0bc	d__Bacteria; p__Patescibacteria; c__Saccharimonadia; o__Saccharimonadales; f__Saccharimonadaceae; g__Saccharimonadaceae; s__uncultured_bacterium	0.8163855881001298
9db4e9c5ecc32e7f9fe48a76717a6c3e	d__Bacteria; p__Firmicutes; c__Bacilli; o__Bacillales; f__Salisediminibacteriaceae; g__Salipaludibacillus	0.993233957791421
9de07044803d2670f98da8f6ec6580e4	d__Bacteria; p__Firmicutes; c__Bacilli; o__Alicyclobacillales; f__Alicyclobacillaceae; g__Tumebacillus	0.9997635657166234
9dfb4587151207a34ca72257c38fdcd2	d__Bacteria; p__Proteobacteria; c__Gammaproteobacteria; o__Burkholderiales; f__Oxalobacteraceae; g__Massilia	0.8875174196902316
9dfbdb741fb0dc25d2206b8680bbf579	d__Bacteria; p__Actinobacteriota; c__Thermoleophilia; o__Gaiellales	0.9999984855861146
9dffaa5a8cbf5d393b8bdcba03c7cf39	d__Bacteria; p__Patescibacteria; c__Saccharimonadia; o__Saccharimonadales; f__Saccharimonadaceae; g__TM7a; s__uncultured_bacterium	0.9439305167303766
9e00c81b96f944e90817f3e893f8501c	d__Bacteria; p__Verrucomicrobiota; c__Verrucomicrobiae; o__Pedosphaerales; f__Pedosphaeraceae; g__Ellin517	0.7035153624930254
9e0c1e85405bfb831a8540906b9391da	d__Bacteria; p__Actinobacteriota; c__Actinobacteria; o__Corynebacteriales	0.9867921057087442
9e0ea82c4d7daeac5eb44373b1f12a49	d__Bacteria; p__Planctomycetota; c__OM190; o__OM190; f__OM190; g__OM190; s__uncultured_bacterium	0.9388480720068804
9e195905a89342e444e30a22853cdfeb	d__Bacteria; p__Acidobacteriota; c__Thermoanaerobaculia; o__Thermoanaerobaculales; f__Thermoanaerobaculaceae; g__Subgroup_10; s__uncultured_Bacteroidetes	0.9775594548445626
9e26caa12934df52484d5863afbc3bf6	d__Bacteria; p__Chloroflexi; c__Anaerolineae; o__SBR1031; f__A4b; g__A4b; s__uncultured_Caldilineales	0.9651134513388785
9e2c0d58b687a8e621e99f7ed76f2adf	d__Bacteria; p__Planctomycetota; c__Planctomycetes; o__Pirellulales; f__Pirellulaceae; g__Pirellula; s__uncultured_bacterium	0.9917285969249419
9e2ed11d7f35fe736eeeb79907fa70cb	d__Bacteria; p__Proteobacteria; c__Gammaproteobacteria; o__Pseudomonadales; f__Moraxellaceae; g__Enhydrobacter	0.8073704428303651
9e338b3f86c96c420fb5c9f8da584b3f	d__Bacteria; p__Acidobacteriota; c__Thermoanaerobaculia; o__Thermoanaerobaculales; f__Thermoanaerobaculaceae; g__Subgroup_10	0.9999664315383336
9e38dae5e411bc92055032bc0193048e	d__Bacteria; p__Acidobacteriota; c__Vicinamibacteria; o__Vicinamibacterales; f__uncultured; g__uncultured; s__uncultured_Acidobacteria	0.8455500015801476
9e3b00ae2b1097bf2dda7ce7f8175bd7	d__Bacteria; p__Proteobacteria; c__Alphaproteobacteria; o__Rhizobiales	0.8853629941181037
9e3e13803714d43322ec4b0def22ed5b	d__Bacteria; p__Proteobacteria; c__Gammaproteobacteria; o__Steroidobacterales; f__Steroidobacteraceae; g__Steroidobacter	0.9953375362273965
9e4d15b4add302e426073813192cc069	d__Bacteria; p__Acidobacteriota; c__Vicinamibacteria; o__Vicinamibacterales; f__uncultured; g__uncultured; s__uncultured_Acidobacteria	0.7612719349933534
9e4f3e697b70758a7a996f3dd4533650	d__Bacteria; p__Proteobacteria; c__Gammaproteobacteria; o__Burkholderiales; f__Comamonadaceae	0.9997279046350397
9e5476c68f8df6e01cbdc518fec468da	d__Bacteria; p__Chloroflexi; c__Anaerolineae	0.9896033874075574
9e688ecf8783660654c01c24683d75e3	d__Bacteria; p__Bacteroidota; c__Bacteroidia; o__Cytophagales; f__Microscillaceae; g__uncultured	0.9944294364676703
9e91d2929338659809da9b47cd51e664	d__Bacteria; p__Planctomycetota; c__Planctomycetes; o__Pirellulales; f__Pirellulaceae; g__Pirellula; s__uncultured_Planctomycetales	0.823331175339235
9e9694cf862de3b5f7fb29ff801b25b0	d__Bacteria; p__Firmicutes; c__Negativicutes; o__Veillonellales-Selenomonadales; f__Sporomusaceae; g__Pelosinus	0.9644941474800444
9e9a05a9cba8deceaad0e64af5530c0a	d__Bacteria; p__Actinobacteriota; c__MB-A2-108; o__MB-A2-108; f__MB-A2-108; g__MB-A2-108; s__uncultured_actinobacterium	0.9479802510907671
9e9cdb3f72ccac6ee718e9c9241dd2cc	d__Bacteria; p__Patescibacteria; c__Saccharimonadia; o__Saccharimonadales; f__LWQ8; g__LWQ8; s__uncultured_bacterium	0.7613438603386666
9ea1641eeed1f51fc228c653076d1d08	d__Bacteria; p__Actinobacteriota; c__Actinobacteria; o__Micromonosporales; f__Micromonosporaceae	0.9999921957189083
9ea6d764b0ff933052323f1db5b33244	d__Bacteria; p__Proteobacteria; c__Gammaproteobacteria; o__Aeromonadales; f__Aeromonadaceae; g__Aeromonas	0.9456936190833668
9ec8966ab4214c4c6a856d01f2c3a66b	d__Bacteria; p__Bacteroidota; c__Bacteroidia; o__Chitinophagales; f__Saprospiraceae; g__uncultured; s__uncultured_soil	0.9997465783678763
9ee1a96b3376011585aa49ea098fd529	d__Bacteria; p__Chloroflexi; c__Anaerolineae; o__Ardenticatenales; f__uncultured; g__uncultured; s__uncultured_Litorilinea	0.9993697867877382
9ee2ca6246d3b7b103d9aebcd4c4f512	d__Bacteria; p__Firmicutes; c__Clostridia; o__Peptostreptococcales-Tissierellales	0.9959757681736056
9ee79cd288b0845356d00493defd8b5f	d__Bacteria; p__Actinobacteriota; c__Actinobacteria; o__Euzebyales; f__Euzebyaceae; g__uncultured	0.9993183550351429
9efd39dd99d847a7ab7ca651c4f719e4	d__Bacteria; p__Proteobacteria; c__Gammaproteobacteria; o__Xanthomonadales; f__Xanthomonadaceae; g__Lysobacter	0.857902063479518
9f05710fc28c0c8a54e691a1e2ce0024	d__Bacteria; p__Verrucomicrobiota; c__Verrucomicrobiae; o__Verrucomicrobiales; f__Verrucomicrobiaceae; g__uncultured; s__uncultured_Verrucomicrobia	0.9011836105585261
9f06b400b93f859b11874b0bd7f09295	d__Bacteria; p__Proteobacteria; c__Gammaproteobacteria; o__Burkholderiales	0.8212442938379668
9f086c7165f9f895e4624328d445ed41	d__Bacteria; p__Patescibacteria; c__Parcubacteria; o__Candidatus_Nomurabacteria; f__Candidatus_Nomurabacteria; g__Candidatus_Nomurabacteria	0.9999994216570776
9f09a170c28a323c730c81dad73bdb94	d__Bacteria; p__Bacteroidota; c__Bacteroidia; o__Sphingobacteriales; f__env.OPS_17; g__env.OPS_17	0.9999997390191591
9f0d60736f43af516f1eb4b223199031	d__Bacteria; p__Elusimicrobiota; c__Elusimicrobia; o__MVP-88; f__MVP-88; g__MVP-88; s__uncultured_bacterium	0.7616989835529829
9f0f8ac0f8740f6bd365bc748eacaf36	d__Bacteria; p__Bacteroidota; c__Bacteroidia; o__Chitinophagales; f__Chitinophagaceae; g__Chitinophaga	0.7060958627136377
9f14ae66ce2cd90d6f1111cbb1fa3cbd	d__Bacteria; p__Proteobacteria; c__Gammaproteobacteria; o__Gammaproteobacteria_Incertae_Sedis; f__Unknown_Family; g__Acidibacter; s__uncultured_proteobacterium	0.9112659257813092
9f215b285843e41f81ddefca7db4ae46	d__Bacteria; p__Firmicutes; c__Symbiobacteriia; o__Symbiobacteriales; f__Symbiobacteraceae; g__Symbiobacterium; s__Symbiobacterium_terraclitae	0.8251305204961431
9f22fdc8ac9b997ed034636aa535542b	d__Bacteria; p__Gemmatimonadota; c__Gemmatimonadetes; o__Gemmatimonadales; f__Gemmatimonadaceae; g__Roseisolibacter	0.7286930110592214
9f2cdb2f82593378c95e5fd5edadbde8	d__Bacteria; p__Dependentiae; c__Babeliae; o__Babeliales; f__Babeliales; g__Babeliales; s__uncultured_bacterium	0.9645088583709718
9f33de8570c639e727465f1ee4d750f6	d__Bacteria; p__Verrucomicrobiota; c__Chlamydiae; o__Chlamydiales; f__Parachlamydiaceae; g__uncultured; s__metagenome	0.9987914611074297
9f48a6ff76233ca8c09dcf15afe0d3c0	d__Bacteria; p__Proteobacteria; c__Gammaproteobacteria; o__Burkholderiales; f__Comamonadaceae; g__Polaromonas	0.9260287170146297
9f494fb9a15932cb64113b5f49412eaf	d__Bacteria; p__Acidobacteriota; c__Subgroup_11; o__Subgroup_11; f__Subgroup_11; g__Subgroup_11; s__uncultured_bacterium	0.9995619614270872
9f4e8f335f935b5389dbe1d7a4fba000	d__Bacteria; p__Actinobacteriota; c__Thermoleophilia; o__Solirubrobacterales	0.9995658608671059
9f5db23df23e1238eb95814bf7ba8a2b	d__Bacteria; p__Myxococcota; c__bacteriap25; o__bacteriap25; f__bacteriap25; g__bacteriap25	0.9802128324758691
9f62093ab64334accb5fabb5d46a92d5	d__Bacteria; p__NB1-j; c__NB1-j; o__NB1-j; f__NB1-j; g__NB1-j; s__uncultured_Myxococcales	0.8778600831342596
9f6b371cc7ddd8fe00a9093acc3215a6	d__Bacteria; p__Bacteroidota; c__Bacteroidia; o__Chitinophagales; f__Chitinophagaceae; g__Edaphobaculum; s__bacterium	0.8420103421568821
9f71a401bdacfa627db42802cb07f4e6	d__Bacteria; p__Acidobacteriota; c__Blastocatellia; o__Pyrinomonadales; f__Pyrinomonadaceae; g__RB41	0.9993590775978948
9f733d39e588c7310499dd444cdd7812	d__Bacteria; p__Chloroflexi; c__Anaerolineae; o__RBG-13-54-9; f__RBG-13-54-9; g__RBG-13-54-9; s__uncultured_Caldilineaceae	0.7057749414498791
9f82b6013b81ac980482362f6d345bc6	d__Bacteria; p__Proteobacteria; c__Alphaproteobacteria; o__Azospirillales; f__Azospirillaceae; g__Azospirillum	0.999790127919766
9f97291696ddc37945dc0eae51e2d702	d__Bacteria; p__Planctomycetota; c__Planctomycetes; o__Isosphaerales; f__Isosphaeraceae; g__uncultured; s__uncultured_bacterium	0.9915727505509416
9f98082c47865e235ca8b5332255a768	d__Bacteria; p__Myxococcota; c__Myxococcia; o__Myxococcales; f__Myxococcaceae; g__P3OB-42; s__metagenome	0.7647604182335719
9fa706b08f5ae7afcd8a4c70b0b2f301	d__Bacteria; p__Campilobacterota; c__Campylobacteria; o__Campylobacterales; f__Campylobacteraceae; g__Campylobacter	0.9999992394679398
9fb56effd8cf3ef7a67ae76fcd215293	d__Bacteria; p__Desulfobacterota; c__uncultured; o__uncultured; f__uncultured; g__uncultured	0.9910699914361994
9fb684242f18876f0898259b583a7430	d__Bacteria; p__Planctomycetota; c__Phycisphaerae; o__Phycisphaerales; f__Phycisphaeraceae; g__SM1A02; s__uncultured_bacterium	0.8234325035844433
9fbf07056ccddbeef8567047b46e5926	d__Bacteria; p__Proteobacteria; c__Gammaproteobacteria; o__Burkholderiales; f__Rhodocyclaceae; g__uncultured	0.9785361901596525
9fcb39332003009ac557e449b332d311	d__Bacteria; p__Planctomycetota; c__Planctomycetes; o__Pirellulales; f__Pirellulaceae; g__Pir4_lineage; s__uncultured_Planctomycetaceae	0.8520082726556014
9fd67e36705f28da527fd97ad149f169	d__Bacteria; p__Acidobacteriota; c__Vicinamibacteria; o__Vicinamibacterales; f__uncultured; g__uncultured	0.8582872130584408
9fdb2c059c0cde8fd29403ef3a7babad	d__Bacteria; p__Chloroflexi; c__Chloroflexia; o__Thermomicrobiales; f__JG30-KF-CM45; g__JG30-KF-CM45; s__uncultured_Chloroflexi	0.935573554522743
9fdf4417b89da215ff08562768b5922b	d__Bacteria; p__Acidobacteriota; c__Vicinamibacteria; o__Vicinamibacterales; f__uncultured; g__uncultured	0.9393633422689489
9fe82c9b26111b832ad5334452898201	d__Bacteria; p__Actinobacteriota; c__Acidimicrobiia; o__IMCC26256; f__IMCC26256; g__IMCC26256	0.9994787932016066
9ff34eb8f61f78390fe59e7257d16b23	d__Bacteria; p__Proteobacteria; c__Gammaproteobacteria; o__Enterobacterales; f__Enterobacteriaceae	0.8432057012258926
9ff58e7692c9e0703a57bab2927ea08e	d__Bacteria; p__Bacteroidota; c__Bacteroidia; o__Flavobacteriales; f__Flavobacteriaceae; g__Flavobacterium	0.998979950074909
9ffb851bca426d09dfcd3127bd411cd9	d__Bacteria; p__Myxococcota; c__bacteriap25; o__bacteriap25; f__bacteriap25; g__bacteriap25; s__uncultured_soil	0.8787990015919485
a0042a840c0439e496da252f7ff7d04d	d__Bacteria; p__Cyanobacteria; c__Cyanobacteriia; o__Chloroplast; f__Chloroplast; g__Chloroplast	0.9999845202044606
a00c88c94e87360a51b85009a9e3f0f2	d__Bacteria; p__Patescibacteria; c__Saccharimonadia; o__Saccharimonadales	0.9999999686344143
a00f02eaab1dc57d40c18b8dd59e0af8	d__Bacteria; p__Firmicutes; c__Bacilli; o__Alicyclobacillales; f__Alicyclobacillaceae; g__Tumebacillus	0.999923190584919
a017ce431ccadea609b501d46e64e55b	d__Bacteria; p__Proteobacteria; c__Gammaproteobacteria; o__Burkholderiales; f__Comamonadaceae	0.9999728618718647
a0274bd4125a61fb2757be77f4451b5c	d__Bacteria; p__Myxococcota; c__Polyangia; o__Polyangiales; f__BIrii41; g__BIrii41	0.9296178237556583
a02bb32b3d2c64b9c1789e1e9cb3649f	d__Bacteria; p__Chloroflexi; c__Anaerolineae; o__SBR1031; f__A4b; g__A4b	0.9997566994294621
a056630d4550cf7bd9ad90ecb2136a14	d__Bacteria; p__Acidobacteriota; c__Vicinamibacteria; o__Vicinamibacterales; f__Vicinamibacteraceae; g__uncultured	0.9996189775843082
a0583d1afa0934c6e40e0f6d0ee5c6cb	d__Bacteria; p__Desulfobacterota; c__Desulfuromonadia	0.9998876195943068
a061645163d2a66c324f346fa6385909	d__Bacteria; p__Proteobacteria; c__Gammaproteobacteria; o__Burkholderiales; f__Comamonadaceae; g__Ramlibacter	0.8725414150368677
a069b896e97e5bda465f595300f0e84c	d__Bacteria; p__Gemmatimonadota; c__S0134_terrestrial_group; o__S0134_terrestrial_group; f__S0134_terrestrial_group; g__S0134_terrestrial_group; s__uncultured_Gemmatimonadetes	0.929570685995654
a06aa93cb50b9a39941a11c7242dde96	d__Bacteria; p__Bacteroidota; c__Bacteroidia; o__Cytophagales; f__Spirosomaceae; g__Dyadobacter	0.9998147040645273
a072a588b3940fab3b227e4901c40f7f	d__Bacteria; p__Acidobacteriota; c__Blastocatellia; o__Blastocatellales; f__Blastocatellaceae; g__Blastocatella	0.7736481564902318
a07ac8df3585af6ac10e35619e6ed757	d__Bacteria; p__Proteobacteria; c__Alphaproteobacteria; o__Caulobacterales; f__Caulobacteraceae	0.9999993437602396
a07d0aa6082c8660a0d4baa063c195de	d__Bacteria; p__Gemmatimonadota; c__Gemmatimonadetes; o__Gemmatimonadales; f__Gemmatimonadaceae	0.9999590567546079
a0917328860dc5862f6fc4582274cde2	d__Bacteria; p__Actinobacteriota; c__MB-A2-108; o__MB-A2-108; f__MB-A2-108; g__MB-A2-108; s__uncultured_bacterium	0.93764285868613
a092bba26ea1640773490e6a9ccf1e31	d__Bacteria; p__Acidobacteriota; c__Blastocatellia; o__Pyrinomonadales; f__Pyrinomonadaceae; g__RB41	0.9999573887140922
a095fb6f24abee7b7d2d95280045d2b9	d__Bacteria; p__Chloroflexi; c__Anaerolineae; o__Caldilineales; f__Caldilineaceae; g__uncultured; s__uncultured_Caldilineales	0.9491181729373175
a0a796e9334f1a16dc5990df14803a13	d__Bacteria; p__Myxococcota; c__Polyangia; o__Haliangiales; f__Haliangiaceae; g__Haliangium; s__uncultured_bacterium	0.708253627479862
a0ac4d85c3b10f1900fd42537ae53afa	d__Bacteria; p__Actinobacteriota; c__Actinobacteria; o__Glycomycetales; f__Glycomycetaceae; g__Glycomyces	0.9999999069081439
a0b8898b3d648ec8a13bc93517773512	d__Bacteria; p__Acidobacteriota; c__Subgroup_5; o__Subgroup_5; f__Subgroup_5; g__Subgroup_5	0.9999999964099692
a0b9195661dcfe28e604cafa83eae765	d__Bacteria; p__Proteobacteria; c__Gammaproteobacteria; o__Alteromonadales; f__Shewanellaceae; g__Shewanella; s__Shewanella_putrefaciens	0.7739797620996598
a0c196fbd6962d4f9d889c72233e0bed	d__Bacteria; p__Gemmatimonadota; c__Gemmatimonadetes; o__Gemmatimonadales; f__Gemmatimonadaceae; g__uncultured	0.9786672091465527
a0c8fcb011b79b31979d34b082d2b676	d__Bacteria; p__Chloroflexi; c__TK10; o__TK10; f__TK10; g__TK10	0.999999514140967
a0de9002a41e7499e98c629f0ae5b234	d__Bacteria; p__Cyanobacteria; c__Vampirivibrionia; o__Vampirovibrionales; f__Vampirovibrionaceae; g__Vampirovibrio; s__uncultured_bacterium	0.74811059922033
a0f5096dfe91ece12f18a087ac3f4316	d__Bacteria; p__Verrucomicrobiota; c__Verrucomicrobiae; o__Verrucomicrobiales; f__Rubritaleaceae; g__Luteolibacter	0.9998365259512432
a107d18e216574aa63dcab85a4a0d6ec	d__Bacteria; p__Acidobacteriota; c__Vicinamibacteria; o__Vicinamibacterales; f__uncultured; g__uncultured; s__uncultured_bacterium	0.7633226459068996
a10d9b06272b14206a5814d9f65571ea	d__Bacteria; p__Gemmatimonadota; c__Gemmatimonadetes; o__Gemmatimonadales; f__Gemmatimonadaceae; g__uncultured	0.9908088386685555
a1187afc948ccce7027e73085bf87e40	d__Bacteria; p__Acidobacteriota; c__Vicinamibacteria; o__Vicinamibacterales; f__uncultured; g__uncultured	0.9992708085198782
a12303207bb0f033b1926103d9b54758	d__Bacteria; p__Proteobacteria; c__Gammaproteobacteria; o__Pasteurellales; f__Pasteurellaceae; g__Haemophilus	0.9847975728577345
a12f996f11c61138a232412c7925ef57	d__Bacteria; p__Chloroflexi; c__Anaerolineae; o__Anaerolineales; f__Anaerolineaceae; g__uncultured	0.9664696610625138
a143ffa951354306b91ee041014f6e17	d__Bacteria; p__Planctomycetota; c__Phycisphaerae; o__Phycisphaerales; f__Phycisphaeraceae; g__SM1A02; s__uncultured_prokaryote	0.9968206595608606
a1499264833dfe8ac82d386b3eba6040	d__Bacteria; p__Verrucomicrobiota; c__Verrucomicrobiae; o__Pedosphaerales; f__Pedosphaeraceae; g__Pedosphaeraceae	0.9944073647584143
a14b14a54717ced50d9a3fdfac500dfa	d__Bacteria; p__Firmicutes; c__Bacilli; o__Paenibacillales; f__Paenibacillaceae; g__Paenibacillus	0.9965381705145406
a153a75b6ccba20f9800da51a1eb1559	d__Bacteria; p__Acidobacteriota; c__Vicinamibacteria; o__Vicinamibacterales; f__Vicinamibacteraceae; g__Vicinamibacteraceae	0.9968105529433995
a155adf084a8888abd868ea6bce056fc	d__Bacteria; p__Proteobacteria; c__Gammaproteobacteria; o__Burkholderiales; f__Oxalobacteraceae	0.9977379775845384
a15df0aacecf576cdd95e50a876fefbd	d__Bacteria; p__Chloroflexi; c__Anaerolineae; o__Caldilineales; f__Caldilineaceae; g__Litorilinea; s__uncultured_soil	0.9984694099957274
a17e4111e6f6dabfe70b757047a7bdce	d__Bacteria; p__Proteobacteria; c__Gammaproteobacteria; o__Burkholderiales; f__Comamonadaceae	0.999933393260194
a189c92a09625e47907b74c7281a5465	d__Bacteria; p__Myxococcota; c__Myxococcia; o__Myxococcales; f__Myxococcaceae	0.9768103404651686
a19b8a5898ace0464de1bdf19d638afb	d__Bacteria; p__Actinobacteriota; c__Acidimicrobiia; o__Microtrichales	0.9977268245014856
a1bae3024d928d97bd50ef5b27f4d5c7	d__Bacteria; p__Cyanobacteria; c__Sericytochromatia; o__Sericytochromatia; f__Sericytochromatia; g__Sericytochromatia	0.999998586224337
a1c227e960ecda5375d5e103f5c7e2cc	d__Bacteria; p__Abditibacteriota; c__Abditibacteria; o__Abditibacteriales; f__Abditibacteriaceae; g__Abditibacterium; s__uncultured_bacterium	0.7435091577115267
a1cda965a8827f1d738a16a0104aaad6	d__Bacteria; p__Proteobacteria; c__Gammaproteobacteria; o__Burkholderiales; f__Comamonadaceae; g__Ramlibacter	0.8536117081580618
a1d3f1f8c151eaeb5cf12179861e0c87	d__Bacteria; p__Firmicutes; c__Bacilli; o__Brevibacillales; f__Brevibacillaceae; g__Brevibacillus; s__Brevibacillus_thermoruber	0.7789847026780926
a1e65520e69c79f9726f2ce1f8fa5801	d__Bacteria; p__Bacteroidota; c__Bacteroidia; o__Bacteroidales; f__Prevotellaceae; g__Prevotella	0.9834045148037889
a1ed56ad4e86e0b4adc11baf2c4ab94b	d__Bacteria; p__Elusimicrobiota; c__Elusimicrobia; o__FCPU453; f__FCPU453; g__FCPU453; s__uncultured_bacterium	0.996717225796912
a20039742fc13abded04dff65981b094	d__Bacteria; p__Firmicutes; c__Bacilli; o__Paenibacillales; f__Paenibacillaceae; g__Paenibacillus	0.9522652568034179
a213ea052df3786f0b75f2a0f0eb8a36	d__Bacteria; p__Proteobacteria; c__Alphaproteobacteria; o__Rhizobiales; f__Hyphomicrobiaceae	0.9707985090489353
a22232f829f31f26552fb4ec0b723770	d__Bacteria; p__Proteobacteria; c__Gammaproteobacteria; o__Burkholderiales; f__Comamonadaceae; g__Variovorax	0.8602192099204197
a226a1e17738743452ea2c8272dfb35e	d__Bacteria; p__Verrucomicrobiota; c__Verrucomicrobiae; o__Chthoniobacterales; f__Chthoniobacteraceae; g__Chthoniobacter	0.9134409925652274
a22ad5cf99de15bcf74c5096928303d8	d__Bacteria; p__Proteobacteria; c__Gammaproteobacteria; o__Pseudomonadales; f__Moraxellaceae; g__Cavicella; s__uncultured_bacterium	0.7364533659007132
a234ac03223c275785dedf6df3b2aeff	d__Bacteria; p__Proteobacteria; c__Gammaproteobacteria	0.9999689580926107
a23a0574cd05e86d1c4073c88e690c21	d__Bacteria; p__Planctomycetota; c__Planctomycetes; o__Gemmatales; f__Gemmataceae; g__uncultured; s__uncultured_bacterium	0.8808032141231981
a23e8588a2240d7af6f65519158c902c	d__Bacteria; p__Bdellovibrionota; c__Oligoflexia; o__Oligoflexales; f__Oligoflexales; g__Oligoflexus	0.9999987574415783
a24048f8a84b9a554a603b9b8f1575f1	d__Bacteria; p__Armatimonadota; c__Fimbriimonadia; o__Fimbriimonadales; f__Fimbriimonadales; g__Fimbriimonadales; s__uncultured_bacterium	0.7199279397858601
a2425a977c5c65cf30f615b093a33258	d__Bacteria; p__Bdellovibrionota; c__Bdellovibrionia; o__Bdellovibrionales; f__Bdellovibrionaceae; g__Bdellovibrio	0.9999999980379654
a24bf8a6d9994fb0db0fdf073961d8e3	d__Bacteria; p__Planctomycetota; c__Planctomycetes; o__Planctomycetales; f__uncultured; g__uncultured; s__uncultured_bacterium	0.7768102947198829
a266ffe9d38f626d106fa615da4618ef	d__Bacteria; p__Proteobacteria; c__Alphaproteobacteria; o__Rhizobiales; f__Xanthobacteraceae; g__Bradyrhizobium	0.8309169323094857
a2674544f4073ebdb9b4cd2310c1c391	d__Bacteria; p__Actinobacteriota; c__Acidimicrobiia; o__Microtrichales; f__uncultured; g__uncultured; s__wastewater_metagenome	0.8016356059066545
a2718a24c813b6201ccd047f5c288869	d__Bacteria; p__Firmicutes; c__Bacilli; o__Paenibacillales; f__Paenibacillaceae; g__Paenibacillus	0.999130303848249
a276280cde52b64a56a81dd42ed97cde	d__Bacteria; p__Proteobacteria; c__Gammaproteobacteria; o__Pseudomonadales; f__Pseudomonadaceae; g__Pseudomonas	0.9993902096749897
a284ed81146f8f73b4c34b8f974760ff	d__Bacteria; p__Proteobacteria; c__Gammaproteobacteria; o__Pseudomonadales; f__Pseudomonadaceae; g__Azotobacter	0.7326140331862894
a29d775c689a957248d7e93d7b47dcd7	d__Bacteria; p__Verrucomicrobiota; c__Verrucomicrobiae; o__Chthoniobacterales; f__Chthoniobacteraceae; g__Candidatus_Udaeobacter	0.9993149116288566
a29db0e5f4a04c5c6937745ccccb167b	d__Bacteria; p__Bdellovibrionota; c__Bdellovibrionia; o__Bdellovibrionales; f__Bdellovibrionaceae; g__Bdellovibrio; s__Bdellovibrio_bacteriovorus	0.8275957334036903
a29ecc724fb7b6e8b4c9c7283dd7bc8e	d__Bacteria; p__Proteobacteria; c__Gammaproteobacteria; o__Burkholderiales; f__Comamonadaceae; g__Aquabacterium	0.9939779184730986
a29ef4b4327af32be749284f28992098	d__Bacteria; p__Firmicutes; c__Bacilli; o__Paenibacillales; f__Paenibacillaceae; g__Paenibacillus; s__uncultured_Bacillus	0.8408832883652286
a2a563f1010a0451fd5321b6002126b2	d__Bacteria; p__Proteobacteria; c__Gammaproteobacteria; o__CCD24; f__CCD24; g__CCD24	0.9892841936552814
a2aae80d8fb922fe1074d243b59ce237	d__Bacteria; p__Proteobacteria; c__Gammaproteobacteria; o__Gammaproteobacteria_Incertae_Sedis; f__Unknown_Family; g__Acidibacter	0.856608501873696
a2b905db2b679ee6688cfc1c476e40e1	d__Bacteria; p__Actinobacteriota; c__Acidimicrobiia; o__IMCC26256; f__IMCC26256; g__IMCC26256; s__metagenome	0.7060760247073302
a2cb9cc2329e2c6f1cef017516a501bd	d__Bacteria; p__Planctomycetota; c__OM190; o__OM190; f__OM190; g__OM190	0.9994546896974381
a2cef97be6694dd8ea16356d90e7e5bb	d__Bacteria; p__Bacteroidota; c__Bacteroidia; o__Cytophagales; f__Cyclobacteriaceae; g__Algoriphagus	0.9997869045210848
a2eb4863a14d30676f8769ea64da9559	d__Bacteria; p__Firmicutes; c__Bacilli; o__Entomoplasmatales	0.7892524598577988
a2ec71ae82364e5c94df57a397699719	d__Bacteria; p__Myxococcota; c__Polyangia; o__Polyangiales; f__Sandaracinaceae; g__uncultured	0.9998420728573284
a2f0c36d7e89ddba066347805369cf3c	d__Bacteria; p__Actinobacteriota; c__Thermoleophilia; o__Solirubrobacterales; f__67-14; g__67-14	0.8878694904623915
a30120e08114e50cdcee8365dd9cdddb	d__Bacteria; p__Patescibacteria; c__Saccharimonadia; o__Saccharimonadales	0.9999999939548566
a30631b6cda771fb29c375f876e19683	d__Bacteria; p__Proteobacteria; c__Gammaproteobacteria; o__Cellvibrionales; f__Cellvibrionaceae; g__Cellvibrio; s__metagenome	0.8093695645846325
a30ee27a4c47613a503cea46187d0815	d__Bacteria; p__Proteobacteria; c__Gammaproteobacteria; o__Burkholderiales; f__Comamonadaceae; g__Hydrogenophaga	0.9491669674972735
a312470ba287bcb974a1cd0ca77d4475	d__Bacteria; p__Proteobacteria; c__Gammaproteobacteria; o__Pseudomonadales; f__Pseudomonadaceae; g__Pseudomonas	0.9967337228815119
a3346f5f34b21b7b31aa2f258a245907	d__Bacteria; p__Firmicutes; c__Bacilli; o__Paenibacillales; f__Paenibacillaceae; g__Paenibacillus	0.9998734803356483
a33cb3037e7825920073b4dddaaa41e6	d__Bacteria; p__Planctomycetota; c__Planctomycetes; o__Planctomycetales; f__Rubinisphaeraceae; g__SH-PL14; s__uncultured_Planctomycetaceae	0.8199863925313756
a33d079d15e0e7665690992df704feee	d__Bacteria; p__Actinobacteriota; c__Acidimicrobiia; o__Microtrichales; f__Ilumatobacteraceae; g__uncultured	0.9133984233753222
a340aac35d2056ce1b8f48e3a35c4281	d__Bacteria; p__Proteobacteria; c__Gammaproteobacteria; o__Burkholderiales; f__Comamonadaceae; g__Azohydromonas; s__Azohydromonas_australica	0.9776598573418059
a343dc1d5a94ec3b09bd0c6a01319c64	d__Bacteria; p__Bacteroidota; c__Bacteroidia; o__Chitinophagales; f__Chitinophagaceae; g__Flavisolibacter; s__Flavisolibacter_tropicus	0.8410378654994034
a34aa349a04c34e31932247fe19e94ca	d__Bacteria; p__Actinobacteriota; c__Actinobacteria; o__Streptosporangiales	0.8127486103077044
a34b7eaf9815c24bb03df71d70b0e87c	d__Bacteria; p__Actinobacteriota; c__Thermoleophilia; o__Solirubrobacterales; f__67-14; g__67-14	0.9562662820446873
a34c3f6089a93f40d7cf8e19810f7bc7	d__Bacteria; p__Firmicutes; c__Symbiobacteriia; o__Symbiobacteriales; f__Symbiobacteraceae	0.7886862404276778
a34df6426827545e802f1a8493269710	d__Bacteria; p__Bacteroidota; c__Bacteroidia; o__Chitinophagales; f__Saprospiraceae; g__uncultured; s__uncultured_soil	0.871964753996212
a358f335015eea91feac59a5cd199656	d__Bacteria; p__Actinobacteriota; c__Actinobacteria; o__Propionibacteriales; f__Nocardioidaceae; g__Nocardioides; s__Nocardioides_islandensis	0.7349825950752703
a3617f327e1bf3a9b80bd47a36c11aa2	d__Bacteria; p__Proteobacteria; c__Gammaproteobacteria; o__Gammaproteobacteria_Incertae_Sedis; f__Unknown_Family; g__Acidibacter	0.9657647561452554
a36c527e7525c41adc7503d46823a082	d__Bacteria; p__Proteobacteria; c__Gammaproteobacteria; o__Xanthomonadales; f__Xanthomonadaceae; g__Arenimonas	0.8330305213477196
a37b5b54bb37ab9f0a460d1be78cbfca	d__Bacteria; p__Actinobacteriota; c__Actinobacteria; o__Frankiales	0.9787724406972349
a37f61f56d3f776d5b8145cb4c38333a	d__Bacteria; p__Proteobacteria; c__Gammaproteobacteria; o__Burkholderiales; f__Oxalobacteraceae; g__Massilia	0.8295198732472031
a38b6e91140969d5b016d3fc5fc81e8e	d__Bacteria; p__Acidobacteriota; c__Vicinamibacteria; o__Vicinamibacterales; f__uncultured; g__uncultured	0.9551040258443818
a3a34268fc6257f48315b2c22083801a	d__Bacteria; p__Verrucomicrobiota; c__Verrucomicrobiae; o__Chthoniobacterales; f__Chthoniobacteraceae; g__Candidatus_Udaeobacter; s__Verrucomicrobia_bacterium	0.9909573440379584
a3a436d5684c561c0b172062176e9770	d__Bacteria; p__Acidobacteriota; c__Thermoanaerobaculia; o__Thermoanaerobaculales; f__Thermoanaerobaculaceae; g__Subgroup_10	0.8710677462043088
a3b798746740e05cf3304387ec7c0def	d__Bacteria; p__Firmicutes; c__Bacilli; o__Bacillales; f__Bacillaceae; g__Bacillus	0.9919546263103521
a3ba9ac77e4791ef4600da20bbbfcd39	d__Bacteria; p__Planctomycetota; c__Phycisphaerae; o__Tepidisphaerales; f__WD2101_soil_group; g__WD2101_soil_group; s__uncultured_soil	0.8121380851210572
a3c7466c52dc321ba55289d18e91c667	d__Bacteria; p__Bdellovibrionota; c__Bdellovibrionia; o__Bacteriovoracales; f__Bacteriovoracaceae; g__Peredibacter	0.9998395784650362
a3e11b9593d8448e0fdbf5d62ace013b	d__Bacteria; p__Actinobacteriota; c__Thermoleophilia; o__Solirubrobacterales; f__Solirubrobacteraceae; g__Solirubrobacter; s__uncultured_bacterium	0.8660906740613009
a3e3ace59fca8fcc115ba007a5212d90	d__Bacteria; p__Firmicutes	0.757678837120225
a3f58582fa3b8e4f3137ce23f3e0c447	d__Bacteria; p__Acidobacteriota; c__Vicinamibacteria; o__Subgroup_17; f__Subgroup_17; g__Subgroup_17; s__uncultured_bacterium	0.7060804988525632
a3f5dafdc70e6e2896b40966022afbea	d__Bacteria; p__Proteobacteria; c__Gammaproteobacteria; o__Xanthomonadales; f__Xanthomonadaceae; g__Stenotrophomonas; s__Stenotrophomonas_chelatiphaga	0.8781025190768982
a400f83303d4f5eb1cb687c156e282dd	d__Bacteria; p__Bacteroidota; c__Bacteroidia; o__Sphingobacteriales; f__AKYH767; g__AKYH767; s__uncultured_Bacteroidetes	0.9264027687253671
a41273add4d36587319f009c2fd98d91	d__Bacteria; p__Chloroflexi; c__TK10; o__TK10; f__TK10; g__TK10; s__uncultured_Firmicutes	0.8836840222009141
a4174a43bc6c3198d3a2ccfc5d7e3aaf	d__Bacteria; p__Firmicutes; c__Bacilli; o__Haloplasmatales; f__Haloplasmataceae; g__Haloplasma; s__uncultured_low	0.9681189451573923
a4222e8d67d40c796534097633b2b073	d__Bacteria; p__Planctomycetota; c__Planctomycetes; o__Pirellulales; f__Pirellulaceae; g__Pirellula	0.9517173929792982
a42403c9e61f587a88e7d63964f2c5a9	d__Bacteria; p__Acidobacteriota; c__Thermoanaerobaculia; o__Thermoanaerobaculales; f__Thermoanaerobaculaceae; g__Subgroup_10; s__uncultured_prokaryote	0.999915196254234
a44430fb47bb472dafcc6e6d0aa085b6	d__Bacteria; p__Bacteroidota; c__Bacteroidia; o__Chitinophagales; f__Chitinophagaceae; g__Flavisolibacter	0.8787701756830532
a455bbb5295e1af923a72b0e81744bb2	d__Bacteria; p__WS2; c__WS2; o__WS2; f__WS2; g__WS2; s__uncultured_soil	0.9866514099618023
a45724e5c132a820a2ad926674e8e9eb	d__Bacteria; p__Actinobacteriota; c__Acidimicrobiia; o__Microtrichales; f__Iamiaceae; g__Iamia	0.8364557359938604
a473be760b75525ad268612a97d809ec	d__Bacteria; p__Methylomirabilota; c__Methylomirabilia; o__Rokubacteriales; f__Rokubacteriales; g__Rokubacteriales; s__uncultured_bacterium	0.9786474925989027
a47a94fa454d6de64adfeabf0803cd56	d__Bacteria; p__Acidobacteriota; c__Vicinamibacteria; o__Subgroup_17; f__Subgroup_17; g__Subgroup_17	0.9999999947927594
a4836ec08d0f5a8fe3b755d41e5173fc	d__Bacteria; p__Bacteroidota; c__Bacteroidia; o__Cytophagales; f__Cytophagaceae; g__Rhodocytophaga	0.9998207605604655
a485f925fd39cdcd1967db100ea1f29b	d__Bacteria; p__Firmicutes; c__Bacilli; o__Bacillales; f__Bacillaceae; g__Bacillus	0.9733138210024438
a49ee139242bd243a2a3e5c01c1ad5be	d__Bacteria; p__Actinobacteriota; c__Actinobacteria; o__0319-7L14; f__0319-7L14; g__0319-7L14; s__uncultured_bacterium	0.7370761848014351
a4a05b5a68c305823b0a9af4c2e5b508	d__Bacteria; p__Actinobacteriota; c__Acidimicrobiia	0.9996278050608387
a4b1ad2d8f0a7682a5f97c91d32f31fa	d__Bacteria; p__Gemmatimonadota; c__Gemmatimonadetes; o__Gemmatimonadales; f__Gemmatimonadaceae; g__uncultured; s__Gemmatimonadetes_bacterium	0.7784155353568437
a4beedbd4f4834e65b9d104c5170f937	d__Bacteria; p__Bdellovibrionota; c__Bdellovibrionia; o__Bacteriovoracales; f__Bacteriovoracaceae; g__Peredibacter	0.9997634449543477
a4c436cb86aaf791efb3417efbbbc2b7	d__Bacteria; p__Gemmatimonadota; c__Gemmatimonadetes; o__Gemmatimonadales; f__Gemmatimonadaceae; g__uncultured	0.9079591016948375
a4cce04ee98bf1f69ff0e3c880cc539b	d__Bacteria; p__Proteobacteria; c__Gammaproteobacteria; o__Pseudomonadales; f__Pseudomonadaceae; g__Pseudomonas	0.9987411720569467
a4d08886c3c6c62efd5678339a07828b	d__Bacteria; p__Firmicutes; c__Bacilli; o__Bacillales; f__Bacillaceae; g__Geobacillus	0.9987132629217708
a4d1e4fa360b4ae3f776071b17f250f7	d__Bacteria; p__Planctomycetota; c__Phycisphaerae; o__Tepidisphaerales; f__WD2101_soil_group; g__WD2101_soil_group	0.9805461704002953
a4d31bcc54b8fbfadde33548bea95cfd	d__Bacteria; p__Chloroflexi; c__Anaerolineae; o__RBG-13-54-9; f__RBG-13-54-9; g__RBG-13-54-9; s__uncultured_Caldilineaceae	0.8198593375980767
a4e07b295d98373689cd2a9360f65017	d__Bacteria; p__Verrucomicrobiota; c__Verrucomicrobiae; o__Pedosphaerales; f__Pedosphaeraceae; g__Pedosphaeraceae; s__uncultured_soil	0.9721941659950315
a4e5c7ac0b02a84768699873b1d25890	d__Bacteria; p__Firmicutes; c__Bacilli; o__Bacillales; f__Salisediminibacteriaceae	0.998543401494098
a51a4ddf754d6d9babc564c60afc620e	d__Bacteria; p__Acidobacteriota; c__Vicinamibacteria; o__Vicinamibacterales; f__uncultured; g__uncultured; s__uncultured_Acidobacteriaceae	0.765810749363505
a51bbd342ad56a37fe199fd9b0aeb41f	d__Bacteria; p__Planctomycetota; c__Planctomycetes; o__Pirellulales; f__Pirellulaceae	0.9896749676731391
a5258465c8d4931234a1872767bd5f16	d__Bacteria; p__Actinobacteriota; c__Acidimicrobiia; o__Microtrichales; f__Microtrichaceae; g__IMCC26207	0.9995325592072685
a53c16598e466cd5fd2da962a2872437	d__Bacteria; p__Myxococcota; c__Polyangia; o__Polyangiales; f__BIrii41; g__BIrii41	0.9962443632006482
a54b8142d2a09d058b81c377e8e286b8	d__Bacteria; p__Verrucomicrobiota; c__Verrucomicrobiae; o__Pedosphaerales; f__Pedosphaeraceae; g__uncultured; s__uncultured_Verrucomicrobia	0.9493413288722372
a55b63cca2ee2183fb1457b6e50fadb5	d__Bacteria; p__Bacteroidota; c__Bacteroidia; o__Sphingobacteriales; f__Sphingobacteriaceae; g__Solitalea; s__Solitalea_canadensis	0.9881879957374969
a56b0a3c2157df37a6e6d5b57885bdb4	d__Bacteria; p__Acidobacteriota; c__Subgroup_25; o__Subgroup_25; f__Subgroup_25; g__Subgroup_25	0.9999943229755301
a56b365787d21c0d0cea5f224ff540da	d__Bacteria; p__Acidobacteriota; c__Subgroup_5; o__Subgroup_5; f__Subgroup_5; g__Subgroup_5; s__uncultured_bacterium	0.9763883539610735
a57530137dbe82c1a97e81c6d70784c8	d__Bacteria; p__Actinobacteriota; c__Actinobacteria; o__0319-7L14; f__0319-7L14; g__0319-7L14; s__uncultured_actinobacterium	0.7602238246696023
a57b619126e2fd6863a221b0003ec8d0	d__Bacteria; p__Verrucomicrobiota; c__Verrucomicrobiae; o__Chthoniobacterales; f__Chthoniobacteraceae; g__Chthoniobacter; s__uncultured_bacterium	0.8154858624089891
a57defdf0e44ddd588b615dd6cb3053a	d__Bacteria; p__Proteobacteria; c__Alphaproteobacteria; o__Rhizobiales; f__Devosiaceae; g__Devosia	0.7625309403758255
a57febba417ca459283100db4ae029b4	d__Bacteria; p__Proteobacteria; c__Gammaproteobacteria; o__Burkholderiales; f__SC-I-84; g__SC-I-84	0.9859932023256842
a5827abd8585caaf3f7a6bf341a44b22	d__Bacteria; p__Patescibacteria; c__Saccharimonadia; o__Saccharimonadales; f__LWQ8; g__LWQ8	0.9372379568259961
a5831cb666506d3cd0700e3fca6db897	d__Bacteria; p__Chloroflexi; c__Chloroflexia; o__Thermomicrobiales; f__JG30-KF-CM45; g__JG30-KF-CM45	0.9970836055911776
a583335742b193f05c2da1eb9fac2c3e	d__Bacteria; p__NB1-j; c__NB1-j; o__NB1-j; f__NB1-j; g__NB1-j; s__uncultured_bacterium	0.8604564964918665
a5861df4884dcb7f42b7da6c758dd55d	d__Bacteria; p__Proteobacteria; c__Gammaproteobacteria; o__Burkholderiales; f__Comamonadaceae; g__Polaromonas	0.829206183671317
a593dae8fcdf6a027afc855b6590a1f7	d__Bacteria; p__Chloroflexi; c__Chloroflexia; o__Thermomicrobiales; f__JG30-KF-CM45; g__JG30-KF-CM45; s__uncultured_Chloroflexi	0.7920345877197902
a599fb7929cc3a3c8cd9dca8961a64d0	d__Bacteria; p__Proteobacteria; c__Gammaproteobacteria; o__Burkholderiales; f__Comamonadaceae	0.9949455244404005
a5e0986910aa9ce2e662f9cfa138d843	d__Bacteria; p__Proteobacteria; c__Gammaproteobacteria; o__Xanthomonadales; f__Xanthomonadaceae; g__Lysobacter	0.9932265605357834
a5e1b0bf00b2f4b43ec5d7365783f24c	d__Bacteria; p__Proteobacteria; c__Alphaproteobacteria; o__Rhizobiales; f__Hyphomicrobiaceae; g__Pedomicrobium	0.777074642460196
a5e4d106a2ab947984fdef187996a0b9	d__Bacteria; p__Bacteroidota; c__Bacteroidia; o__Chitinophagales; f__Chitinophagaceae; g__Lacibacter; s__Lacibacter_cauensis	0.937016047597667
a5f38018393dcaff3323d44d219fb519	d__Bacteria; p__Patescibacteria; c__Saccharimonadia; o__Saccharimonadales; f__LWQ8; g__LWQ8	0.8485234597125574
a6140444e827a104f832c7f9e8b3bab0	d__Bacteria; p__Actinobacteriota; c__Thermoleophilia; o__uncultured; f__uncultured; g__uncultured; s__uncultured_bacterium	0.8764348456240744
a621670ddd16af43a6ac6500a1f5358c	d__Bacteria; p__Verrucomicrobiota; c__Verrucomicrobiae; o__Verrucomicrobiales; f__Rubritaleaceae; g__Luteolibacter	0.9999439115562608
a630139af05176f76230e9ace06ce2c8	d__Bacteria; p__Firmicutes	0.7530017043602678
a6580129a3ace1a83e446dca31617824	d__Bacteria; p__Actinobacteriota; c__Actinobacteria; o__Micrococcales; f__Microbacteriaceae	0.9997023509946453
a6593da81035cf121dbe46346a4ea960	d__Bacteria; p__Myxococcota; c__Polyangia; o__Polyangiales; f__Polyangiaceae; g__Polyangium	0.9936552029510974
a68a6f79495823bb697ca13804b7c216	d__Bacteria; p__Actinobacteriota; c__Thermoleophilia; o__Gaiellales; f__Gaiellaceae; g__Gaiella; s__uncultured_actinobacterium	0.8951399166531737
a6943d82b468dc671e7432c593c0cf9c	d__Bacteria; p__Proteobacteria; c__Alphaproteobacteria; o__Rhodobacterales; f__Rhodobacteraceae; g__Limibaculum; s__uncultured_bacterium	0.7351516455211338
a6af3ada5175c3b78223c2262999585f	d__Bacteria; p__Firmicutes	0.9474130644264284
a6b4b817ba578c4c9cec4ae16084e2c4	d__Bacteria; p__Cyanobacteria; c__Vampirivibrionia; o__Obscuribacterales; f__Obscuribacteraceae; g__Obscuribacteraceae; s__uncultured_bacterium	0.7352157631019691
a6b8b355168a1c7fa69fc99df7c9a0fd	d__Bacteria; p__Acidobacteriota; c__Vicinamibacteria; o__Vicinamibacterales; f__uncultured; g__uncultured; s__uncultured_Acidobacteriales	0.8892990636809469
a6c2eb7d6c773e840526214977b7edb9	d__Bacteria; p__Acidobacteriota; c__Vicinamibacteria; o__Vicinamibacterales; f__Vicinamibacteraceae; g__Vicinamibacteraceae	0.99677107166572
a6cb5951f81c2d6f6f7c303b4df53140	d__Bacteria; p__Actinobacteriota; c__Actinobacteria; o__Propionibacteriales; f__Propionibacteriaceae; g__Microlunatus	0.9987843592422405
a6d10922e54747ede0f65a2e98ef200f	d__Bacteria; p__Planctomycetota; c__Planctomycetes; o__Gemmatales; f__Gemmataceae; g__Gemmata; s__uncultured_bacterium	0.9060678564071764
a6e2e5501507562f2174f65e606b2d43	d__Bacteria; p__Bacteroidota; c__Bacteroidia; o__Cytophagales; f__Microscillaceae; g__uncultured; s__uncultured_Ohtaekwangia	0.7275707222072179
a6e4d88aa4b40402b1f94760d86b729c	d__Bacteria; p__Firmicutes; c__Bacilli; o__Bacillales; f__Planococcaceae; g__Paenisporosarcina	0.9736771200392501
a7190e2cc15fed0eb22817d164a08eb9	d__Bacteria; p__Actinobacteriota; c__Thermoleophilia; o__Solirubrobacterales; f__67-14; g__67-14	0.9425119188096568
a72089920c20c9377eee24f7b78d80a6	d__Bacteria; p__Firmicutes; c__Bacilli; o__Paenibacillales; f__Paenibacillaceae; g__Ammoniphilus	0.9995916882424177
a7230fd0bc446efb3a60eac388dd3ed8	d__Bacteria; p__Chloroflexi; c__Anaerolineae; o__Anaerolineales; f__Anaerolineaceae; g__uncultured	0.9221892451297535
a735d8d2be7912f603f04b3d0cb6278c	d__Bacteria; p__Planctomycetota; c__Planctomycetes; o__Pirellulales; f__Pirellulaceae; g__Pirellula; s__uncultured_bacterium	0.7997398108403566
a749e79958f3c6f86dde6798c465cb95	d__Bacteria; p__Gemmatimonadota; c__Gemmatimonadetes; o__Gemmatimonadales; f__Gemmatimonadaceae; g__uncultured; s__Gemmatimonadetes_bacterium	0.9968453680258119
a76cbe00ae8e258d5b6bc9b9e768e082	d__Bacteria; p__Myxococcota; c__Polyangia; o__Haliangiales; f__Haliangiaceae; g__Haliangium; s__uncultured_sludge	0.8931096943445759
a774711d706bec4bd30330457d62bbcc	d__Bacteria; p__Entotheonellaeota; c__Entotheonellia; o__Entotheonellales; f__Entotheonellaceae; g__Entotheonellaceae; s__uncultured_bacterium	0.9762202359011436
a779a5589d3014015a90df41fb267693	d__Bacteria; p__Methylomirabilota; c__Methylomirabilia; o__Rokubacteriales; f__Rokubacteriales; g__Rokubacteriales; s__uncultured_bacterium	0.9882759524576681
a77b54ae125d3a0c69f04dbc8377f053	d__Bacteria	0.999999851311339
a780743d3b5fc561ddd23359b3300d0f	d__Bacteria; p__Verrucomicrobiota; c__Verrucomicrobiae; o__Opitutales; f__Opitutaceae	0.9999999971170681
a78fb36784e3ee2613a8e6fdd98a71ad	d__Bacteria; p__Bacteroidota; c__Bacteroidia; o__Chitinophagales; f__Chitinophagaceae; g__Flaviaesturariibacter; s__uncultured_bacterium	0.960715923754503
a7abfd6c501c34b40575dff3485a7ac6	d__Bacteria; p__Verrucomicrobiota; c__Verrucomicrobiae; o__Verrucomicrobiales; f__Rubritaleaceae; g__Luteolibacter; s__Luteolibacter_flavescens	0.7449194103706323
a7aeba0b62fb4d973f2f975b4caee121	d__Bacteria; p__Planctomycetota; c__Planctomycetes; o__Planctomycetales; f__uncultured; g__uncultured	0.9997152245687965
a7bcf68ceddc4d88c5eb2493f8b25cf6	d__Bacteria; p__Myxococcota; c__Polyangia; o__Polyangiales; f__Sandaracinaceae; g__uncultured; s__metagenome	0.9523068692141126
a7c06ab344a57fc801ff971b24bb68fe	d__Bacteria; p__Proteobacteria; c__Gammaproteobacteria; o__Burkholderiales; f__Nitrosomonadaceae; g__MND1	0.999617070470001
a7c4122264c108938ce57343b0930c0d	d__Bacteria; p__Planctomycetota; c__OM190; o__OM190; f__OM190; g__OM190	0.9999531151789054
a7ccbd3131e3d66b6054d8f462b55d0e	d__Bacteria; p__Myxococcota; c__Polyangia; o__Polyangiales; f__Sandaracinaceae; g__uncultured; s__delta_proteobacterium	0.7153472933604166
a7cffc1ac013618dac12d88139e394d5	d__Bacteria; p__Methylomirabilota; c__Methylomirabilia; o__Rokubacteriales; f__Rokubacteriales; g__Rokubacteriales; s__uncultured_bacterium	0.998322144387222
a7d1a99e19826230bdf220835960b132	d__Bacteria; p__Acidobacteriota; c__Blastocatellia; o__Blastocatellales; f__Blastocatellaceae; g__Aridibacter	0.7148121773621623
a7dae9fe7f3f98ba70f05830a9e19674	d__Bacteria; p__Verrucomicrobiota; c__Verrucomicrobiae; o__Pedosphaerales; f__Pedosphaeraceae; g__Pedosphaeraceae; s__uncultured_bacterium	0.8707866167282104
a7e938e517a27238ab1488839952d00c	d__Bacteria; p__Proteobacteria; c__Gammaproteobacteria; o__Burkholderiales; f__Nitrosomonadaceae; g__MND1; s__uncultured_beta	0.8751115788179065
a7f370b3f6b9e1878d932d8f27b840aa	d__Bacteria; p__Bdellovibrionota; c__Bdellovibrionia; o__Bacteriovoracales; f__Bacteriovoracaceae; g__Peredibacter	0.9999146128162911
a7f6f0a39b7fdb259ab3bbe5cc6a5268	d__Bacteria; p__Proteobacteria; c__Gammaproteobacteria; o__Diplorickettsiales; f__Diplorickettsiaceae; g__Aquicella; s__uncultured_bacterium	0.7652274390460032
a7fbc3838b341cde9af82cc50d9af651	d__Bacteria; p__Bacteroidota; c__Bacteroidia; o__Cytophagales; f__Microscillaceae; g__uncultured	0.9889013652824006
a83070c241c9f945ee359fe35828e323	d__Bacteria; p__Verrucomicrobiota; c__Verrucomicrobiae; o__Opitutales; f__Opitutaceae	0.9999998515832675
a83480f02c00f19c57282c23d99767e5	d__Bacteria; p__Myxococcota; c__Polyangia; o__Haliangiales; f__Haliangiaceae; g__Haliangium; s__uncultured_prokaryote	0.7899248724092551
a83795be12282f61b03a21b0e57f940b	d__Bacteria; p__Acidobacteriota; c__Vicinamibacteria; o__Vicinamibacterales; f__Vicinamibacteraceae; g__Vicinamibacteraceae	0.9746437121041739
a838eac67ed6d312731dcbbee0fa5f81	d__Bacteria; p__Chloroflexi; c__Anaerolineae; o__SBR1031; f__A4b; g__A4b; s__uncultured_gamma	0.9121975226969062
a83a39c77efd3725ca232b1c9301e457	d__Bacteria; p__Methylomirabilota; c__Methylomirabilia; o__Rokubacteriales; f__WX65; g__WX65; s__bacterium_WX65	0.998450385633462
a83a931607b7769a029d9861f0b6b13c	d__Bacteria; p__Planctomycetota; c__Planctomycetes; o__Isosphaerales; f__Isosphaeraceae; g__uncultured; s__uncultured_bacterium	0.7474928304289967
a852a78a439dead4c33c1e1538634d31	d__Bacteria; p__Proteobacteria; c__Gammaproteobacteria; o__Burkholderiales	0.9999730669079547
a85cc892c9f4c7b142f56730f1e4d15c	d__Bacteria; p__Bacteroidota; c__Bacteroidia; o__Cytophagales; f__Microscillaceae; g__Ohtaekwangia	0.9413760300373193
a8612c0f70006da21a4f483fefaa2a24	d__Bacteria; p__Chloroflexi; c__Dehalococcoidia; o__S085; f__S085; g__S085	0.9999712173580786
a8623b2efb90569cef937e85e347ab28	d__Bacteria; p__Gemmatimonadota; c__Gemmatimonadetes; o__Gemmatimonadales; f__Gemmatimonadaceae; g__Gemmatimonas	0.9975808544888634
a864c36d0d898cc5abd94d6d6f0bd5be	d__Bacteria; p__Proteobacteria; c__Alphaproteobacteria; o__Caulobacterales; f__Caulobacteraceae; g__uncultured	0.9605095774708579
a8692f58acd6b0636d7bfcfaef2fdc68	d__Bacteria; p__Acidobacteriota; c__Vicinamibacteria; o__Vicinamibacterales; f__Vicinamibacteraceae; g__Vicinamibacteraceae	0.9985135082144714
a88171b35aaf998da1f9d5f4092ba094	d__Bacteria; p__Patescibacteria; c__Saccharimonadia; o__Saccharimonadales; f__Saccharimonadales; g__Saccharimonadales	0.999453418658251
a88d2c57360cc882c0dd2d275f4c5f93	d__Bacteria; p__Acidobacteriota; c__Vicinamibacteria; o__Subgroup_17; f__Subgroup_17; g__Subgroup_17; s__uncultured_bacterium	0.8690421523907661
a88fd3fc6ca659001134dd96b64dda89	d__Bacteria; p__Proteobacteria; c__Alphaproteobacteria; o__Acetobacterales; f__Acetobacteraceae; g__Craurococcus-Caldovatus	0.9793813562165679
a895d6e3cc25309ce5de4cdafc0e9188	d__Bacteria; p__Acidobacteriota; c__Vicinamibacteria; o__Vicinamibacterales; f__uncultured; g__uncultured; s__uncultured_Acidobacteriaceae	0.8345473217078511
a899cbccda58a18b6db42f1624479fcc	d__Bacteria; p__NB1-j; c__NB1-j; o__NB1-j; f__NB1-j; g__NB1-j; s__uncultured_Desulfoglaeba	0.8387336846825546
a89b0d58c5b569e333f0fb89bbb8be23	d__Bacteria; p__Verrucomicrobiota; c__Verrucomicrobiae; o__Chthoniobacterales; f__Chthoniobacteraceae; g__Chthoniobacter; s__Verrucomicrobia_bacterium	0.9620069487170259
a8a60c20f7ab7d0f2dadd9f8858c19be	d__Bacteria; p__Bacteroidota; c__Bacteroidia; o__Cytophagales; f__Cyclobacteriaceae; g__uncultured; s__metagenome	0.9999313985826271
a8aab51d9a8f980cbdb28ed3841abb02	d__Bacteria; p__Cyanobacteria; c__Cyanobacteriia; o__Cyanobacteriales; f__Nostocaceae	0.973023380953705
a8b5be07f7d111aa16c2b364ade6d8fa	d__Bacteria; p__Hydrogenedentes; c__Hydrogenedentia; o__Hydrogenedentiales; f__Hydrogenedensaceae; g__Hydrogenedensaceae; s__uncultured_bacterium	0.9807085072885133
a8c8dbad61441c535b04f1ca93cbf899	d__Bacteria; p__Myxococcota; c__Polyangia; o__Polyangiales; f__Sandaracinaceae; g__uncultured; s__uncultured_soil	0.7498231392646686
a8d1664a719282e2684979166c263209	d__Bacteria; p__Chloroflexi; c__Anaerolineae; o__RBG-13-54-9; f__RBG-13-54-9; g__RBG-13-54-9; s__uncultured_sludge	0.8621569920008729
a8e2eace44b6ce8f0256b185142c7685	d__Bacteria; p__Acidobacteriota; c__Holophagae; o__Subgroup_7; f__Subgroup_7; g__Subgroup_7	0.9999998976762102
a8eaaf6af1c0e2938d5f1e276a38ad80	d__Bacteria; p__Myxococcota; c__Polyangia; o__Polyangiales; f__BIrii41; g__BIrii41	0.9952518624394847
a8f75a30ebbc10bc00dd2463b2067294	d__Bacteria; p__Bacteroidota; c__Bacteroidia; o__Cytophagales; f__MWH-CFBk5; g__MWH-CFBk5; s__uncultured_bacterium	0.9746736728694153
a8fd3757a0d79b13ba5cb57bbfb59883	d__Archaea; p__Thermoplasmatota; c__Thermoplasmata; o__Marine_Group_II; f__Marine_Group_II; g__Marine_Group_II; s__uncultured_archaeon	0.9969982627007284
a909465b4d8683369a289d97654aca0c	d__Bacteria; p__Proteobacteria; c__Gammaproteobacteria; o__Xanthomonadales; f__Xanthomonadaceae; g__Stenotrophomonas	0.9404833557382468
a91c1571f4cf6b7ada898f99f660f742	d__Bacteria; p__Proteobacteria; c__Alphaproteobacteria; o__Azospirillales; f__Azospirillaceae	0.9581811955324526
a925bb0757c73b9aca489dd574df360e	d__Bacteria; p__Verrucomicrobiota; c__Verrucomicrobiae; o__Chthoniobacterales; f__Chthoniobacteraceae; g__Chthoniobacter; s__metagenome	0.9815977186588597
a9286e807c934e328ab7ef9aaf431fca	d__Bacteria; p__Planctomycetota; c__Planctomycetes; o__Planctomycetales; f__uncultured; g__uncultured	0.8150485911240666
a932125b6751a76a527909ab768154e4	d__Bacteria; p__Planctomycetota; c__Planctomycetes; o__Pirellulales; f__Pirellulaceae; g__Pirellula; s__uncultured_Planctomycetaceae	0.7054123206351811
a933df6d089253b5683ec8478ba25356	d__Bacteria; p__Actinobacteriota; c__Actinobacteria; o__Propionibacteriales; f__Nocardioidaceae; g__Nocardioides	0.9658191540254086
a9407559ef1999dcac4dd29ec495a9db	d__Bacteria; p__Planctomycetota; c__Phycisphaerae; o__Phycisphaerales; f__Phycisphaeraceae; g__SM1A02; s__uncultured_planctomycete	0.996750818813989
a9452be15e3a1e35996b41bacd805b54	d__Bacteria; p__Myxococcota; c__Myxococcia; o__Myxococcales; f__Myxococcaceae	0.9706314521811781
a947569979fb3d56965f2cfb706bf839	d__Bacteria; p__Sumerlaeota; c__Sumerlaeia; o__Sumerlaeales; f__Sumerlaeaceae; g__Sumerlaea	0.9999992865887122
a95b7decb14a83d3cbe7fe87f8a6da14	d__Bacteria; p__Actinobacteriota; c__Thermoleophilia; o__Solirubrobacterales; f__67-14; g__67-14	0.9131835752951956
a95bf49301ffeb80c0d527e8fe7563e9	d__Bacteria; p__Firmicutes; c__Bacilli; o__Bacillales; f__Bacillaceae; g__Bacillus; s__Bacillus_horti	0.8569773309687309
a961015937df84c1f85ad1e57833a00e	d__Bacteria; p__Proteobacteria; c__Gammaproteobacteria; o__Xanthomonadales; f__Rhodanobacteraceae; g__Dyella	0.7928962529914484
a964660799e62660139fcc5470cffb08	d__Bacteria; p__Chloroflexi; c__Anaerolineae; o__Anaerolineales; f__Anaerolineaceae	0.9999987644559735
a965147f3f0484a7bbef29d1e0a7dafe	d__Bacteria; p__Acidobacteriota; c__Thermoanaerobaculia; o__Thermoanaerobaculales; f__Thermoanaerobaculaceae; g__Subgroup_10	0.9999621951842874
a97a0bf8a44e4db98c87e4028282053d	d__Bacteria; p__Actinobacteriota; c__Acidimicrobiia; o__IMCC26256; f__IMCC26256; g__IMCC26256	0.7702139706930159
a981b10fbcac85abe1303d9122ea410b	d__Bacteria; p__Acidobacteriota; c__Blastocatellia; o__11-24; f__11-24; g__11-24; s__uncultured_bacterium	0.8449783354144971
a9886fb8b3fb87aab6b071c77642c8d9	d__Bacteria; p__Firmicutes; c__Bacilli; o__Bacillales; f__Bacillaceae; g__Bacillus	0.9549523569839179
a98935d460c7d28959d7f1f7d5520b6a	d__Bacteria; p__Bacteroidota; c__Bacteroidia; o__Chitinophagales; f__Chitinophagaceae; g__Ferruginibacter	0.9787009728341628
a98db98d7a3a442c73e8b95dcafe6fee	d__Bacteria; p__Gemmatimonadota; c__BD2-11_terrestrial_group; o__BD2-11_terrestrial_group; f__BD2-11_terrestrial_group; g__BD2-11_terrestrial_group; s__uncultured_Gemmatimonadetes	0.8301432880349918
a9a7632bcd6d4d92cdde7bf7905e1f29	d__Bacteria; p__Verrucomicrobiota; c__Verrucomicrobiae; o__Pedosphaerales; f__Pedosphaeraceae	0.9999999708110728
a9c5addeea542953d1bae4d30d599b02	d__Bacteria; p__Acidobacteriota; c__Thermoanaerobaculia; o__Thermoanaerobaculales; f__Thermoanaerobaculaceae; g__Subgroup_10; s__uncultured_soil	0.9939009755513474
a9db2b435caeb53510023dc0f10e2e4a	d__Bacteria; p__Proteobacteria; c__Gammaproteobacteria; o__Enterobacterales; f__Enterobacteriaceae	0.9750338331470172
a9dd27b48e443415a743bf9902f515c4	d__Bacteria; p__Proteobacteria; c__Alphaproteobacteria; o__Micavibrionales; f__uncultured; g__uncultured	0.9990087221777193
a9e0391bd79f43aa0a6f0851b4e31986	d__Bacteria; p__Myxococcota; c__bacteriap25; o__bacteriap25; f__bacteriap25; g__bacteriap25	0.8574239595181796
a9ea7e34b1ead02b8ecf944b66a63a08	d__Bacteria; p__Chloroflexi; c__Gitt-GS-136; o__Gitt-GS-136; f__Gitt-GS-136; g__Gitt-GS-136; s__uncultured_bacterium	0.9496840197915072
aa05cc3f472d55d58b225d1e4b684cc5	d__Bacteria; p__Gemmatimonadota; c__S0134_terrestrial_group; o__S0134_terrestrial_group; f__S0134_terrestrial_group; g__S0134_terrestrial_group	0.9999690918662567
aa2f1a23723948654e08c3e962dce182	d__Bacteria; p__Planctomycetota; c__Planctomycetes; o__Isosphaerales; f__Isosphaeraceae; g__uncultured	0.9276735210385783
aa42fbcb045ce53fb325bb191c00946c	d__Bacteria; p__Planctomycetota; c__Planctomycetes; o__Gemmatales; f__Gemmataceae; g__uncultured	0.9628228976880135
aa52ce7b094070a20cd2637d6daa4bad	d__Bacteria; p__Proteobacteria; c__Gammaproteobacteria; o__Burkholderiales; f__Comamonadaceae; g__Ramlibacter; s__uncultured_beta	0.883811223039853
aa5a9f05b0d4ecc197ee914cf716b197	d__Bacteria; p__Bacteroidota; c__Bacteroidia; o__Cytophagales; f__Microscillaceae; g__uncultured	0.7957494892329926
aa65087e0cabb8071bfae0b706a011a9	d__Bacteria; p__Bdellovibrionota; c__Bdellovibrionia; o__Bdellovibrionales; f__Bdellovibrionaceae; g__Bdellovibrio	0.9999998840657413
aa712cc91d09f57bce676ff0c8bc33ae	d__Bacteria; p__Planctomycetota; c__Planctomycetes; o__Gemmatales; f__Gemmataceae; g__uncultured	0.9109789572665494
aa73db0b07dcbb6d4ce0c3641073a96a	d__Bacteria; p__Proteobacteria; c__Gammaproteobacteria; o__Burkholderiales; f__Alcaligenaceae; g__Achromobacter	0.8867823723685131
aa7b7225e0e88ee74598f9764efdbed8	d__Bacteria; p__Bdellovibrionota; c__Bdellovibrionia; o__Bdellovibrionales; f__Bdellovibrionaceae; g__OM27_clade	0.9239259864033902
aa804147b7e41ac865cb7fd2d6e37909	d__Bacteria; p__Firmicutes; c__Bacilli; o__Exiguobacterales; f__Exiguobacteraceae; g__Exiguobacterium	0.9999986941994086
aa91183adc17eec6a048e73381536481	d__Bacteria; p__Proteobacteria; c__Gammaproteobacteria; o__Burkholderiales; f__Comamonadaceae; g__Variovorax	0.7893047738060728
aa94b014c726cf40983045bd606241c1	d__Bacteria; p__Chloroflexi; c__Anaerolineae; o__SBR1031; f__SBR1031; g__SBR1031; s__uncultured_bacterium	0.7535388953932853
aa95f9f6b07192db8bb82e188d7bb040	d__Bacteria; p__Gemmatimonadota; c__S0134_terrestrial_group; o__S0134_terrestrial_group; f__S0134_terrestrial_group; g__S0134_terrestrial_group; s__uncultured_Gemmatimonadetes	0.8614476966124959
aa97d8f18589c04b66ec2e38cee2fa65	d__Bacteria; p__Planctomycetota; c__Planctomycetes; o__Gemmatales; f__Gemmataceae; g__Gemmata; s__uncultured_bacterium	0.7385072262690111
aa9ff671f5b5b264adfedd02a6d7c25f	d__Bacteria; p__Proteobacteria; c__Gammaproteobacteria; o__Burkholderiales; f__Methylophilaceae	0.996957798884538
aab4dba7c327c423a0e0e8259cc55ed1	d__Bacteria; p__Bacteroidota; c__Bacteroidia; o__Flavobacteriales; f__Flavobacteriaceae; g__Capnocytophaga; s__Capnocytophaga_leadbetteri	0.9007740316202063
aab6d68f6cf1d5289f00c1073d0c52eb	d__Bacteria; p__Planctomycetota; c__Planctomycetes; o__Pirellulales; f__Pirellulaceae; g__Pirellula	0.9999496709457267
aabb02ea8264661a601a50a19db0b51f	d__Bacteria; p__Proteobacteria; c__Gammaproteobacteria; o__Burkholderiales; f__TRA3-20; g__TRA3-20; s__uncultured_Nitrosomonadales	0.8825136230902179
aade82fdd96931ca8d6f9d786cbd6194	d__Bacteria; p__Verrucomicrobiota; c__Verrucomicrobiae; o__Verrucomicrobiales; f__Rubritaleaceae; g__Luteolibacter	0.999875172395414
aae5da01b77820f519ef9b03b96f1fcf	d__Bacteria; p__Proteobacteria; c__Alphaproteobacteria; o__uncultured; f__uncultured; g__uncultured	0.8531913735610444
ab0563eaad0da6c83513c4da8f8555ec	d__Bacteria; p__Desulfobacterota; c__uncultured; o__uncultured; f__uncultured; g__uncultured	0.9972825792031403
ab116efbade11d52ce4871ff07619469	d__Bacteria; p__Gemmatimonadota; c__Longimicrobia; o__Longimicrobiales; f__Longimicrobiaceae	0.99999700423879
ab2dfd816a9f5bcf984220ddf4c836df	d__Bacteria; p__Bacteroidota; c__Bacteroidia; o__Sphingobacteriales; f__Sphingobacteriaceae; g__Pedobacter; s__Pedobacter_ginsengisoli	0.9060653300332364
ab2f05f1d8aa454fbcc31cc3c95e4696	d__Bacteria; p__Proteobacteria; c__Gammaproteobacteria; o__Enterobacterales	0.9998744884642816
ab36a6315d2bb7cf5e623aeee6277a04	d__Bacteria; p__Methylomirabilota; c__Methylomirabilia; o__Rokubacteriales; f__Rokubacteriales; g__Rokubacteriales; s__uncultured_bacterium	0.7518638798625691
ab3de55c589a29dfb239addce640aa8a	d__Bacteria; p__Verrucomicrobiota; c__Verrucomicrobiae; o__Verrucomicrobiales; f__Verrucomicrobiaceae; g__Verrucomicrobium	0.99104700128335
ab424fcd89696b83c638d9f4e91de1d5	d__Bacteria; p__NB1-j; c__NB1-j; o__NB1-j; f__NB1-j; g__NB1-j; s__uncultured_bacterium	0.7761260276914628
ab4256f1406a9374e851f19d0e572ea1	d__Bacteria; p__Proteobacteria; c__Gammaproteobacteria; o__Burkholderiales; f__SC-I-84; g__SC-I-84; s__uncultured_Burkholderiales	0.7405741228950695
ab4a483f49e3ae751a7925794ee3a5cf	d__Bacteria; p__Myxococcota; c__Polyangia; o__Polyangiales	0.9996230728413709
ab7bd2390612297887ad2c8085b3af6d	d__Bacteria; p__Verrucomicrobiota; c__Verrucomicrobiae; o__Pedosphaerales; f__Pedosphaeraceae; g__Ellin517; s__uncultured_bacterium	0.9900309435006079
ab8a8b511ae96c3b5a7272213ad41d43	d__Bacteria; p__Actinobacteriota; c__Actinobacteria; o__0319-7L14; f__0319-7L14; g__0319-7L14; s__uncultured_bacterium	0.703667768908195
ab9d89f471ccb8efa142bf172bdcc9a3	d__Bacteria; p__Gemmatimonadota; c__Gemmatimonadetes; o__Gemmatimonadales; f__Gemmatimonadaceae; g__uncultured	0.9999994826736056
ab9fa3ec412c381ce71d6ac0277675bc	d__Bacteria; p__Gemmatimonadota; c__Gemmatimonadetes; o__Gemmatimonadales; f__Gemmatimonadaceae	0.9999414910488398
aba2444f534dd385d2d0ec6b1076c768	d__Bacteria; p__Actinobacteriota; c__Acidimicrobiia; o__Microtrichales; f__uncultured; g__uncultured	0.8160548534064229
aba5aa00a1b262f27517eca64ee3333f	d__Bacteria; p__Myxococcota; c__Myxococcia; o__Myxococcales; f__Myxococcaceae	0.9996842972531169
abc4b242a206efc9cbc8b07054b57eaa	d__Bacteria; p__Proteobacteria; c__Gammaproteobacteria; o__Burkholderiales; f__Comamonadaceae; g__Ramlibacter	0.843555709427527
abc650857040bb1362a27297e7f50fb0	d__Bacteria; p__Chloroflexi; c__Anaerolineae; o__Caldilineales; f__Caldilineaceae; g__uncultured	0.9989844350107588
abd417a944fcf1ea4648d3a9868c3c85	d__Bacteria; p__Firmicutes; c__Bacilli; o__Alicyclobacillales; f__Alicyclobacillaceae; g__Tumebacillus; s__uncultured_bacterium	0.7199869282947166
abdda3571972958a9b6bc4f8156390cc	d__Bacteria; p__Actinobacteriota; c__Actinobacteria; o__Propionibacteriales; f__Nocardioidaceae; g__Nocardioides	0.9999771898783671
abe0cdde13d51d2c8da1281224fb8525	d__Bacteria; p__Planctomycetota; c__Planctomycetes; o__Gemmatales; f__Gemmataceae; g__Gemmata; s__uncultured_planctomycete	0.8366271254324842
abe729861350e5179c200699deddeded	d__Bacteria; p__Acidobacteriota; c__Thermoanaerobaculia; o__Thermoanaerobaculales; f__Thermoanaerobaculaceae; g__Thermoanaerobaculum; s__Thermoanaerobaculum_aquaticum	0.7050132671285011
abe9f71854ac037fb518a121496542ab	d__Bacteria; p__Proteobacteria; c__Gammaproteobacteria; o__CCD24; f__CCD24; g__CCD24	0.9999745037242497
abec938a8d53e7471f3f476d50694be9	d__Bacteria; p__Proteobacteria; c__Alphaproteobacteria; o__Tistrellales; f__Geminicoccaceae; g__Candidatus_Alysiosphaera	0.9974108729146642
abf2eb69fcb7b68e149a791f0dde0086	d__Bacteria; p__Myxococcota; c__Myxococcia; o__Myxococcales; f__Myxococcaceae	0.9998525033419763
abf4d6418a8569b0b69d29b7522791b8	d__Bacteria; p__Acidobacteriota; c__Subgroup_5; o__Subgroup_5; f__Subgroup_5; g__Subgroup_5; s__uncultured_bacterium	0.9923296701207185
ac131362cdac9358c2f1569d9814cd06	d__Bacteria; p__Acidobacteriota; c__Vicinamibacteria; o__Vicinamibacterales; f__uncultured; g__uncultured	0.9987897592689826
ac15dd1f3d62a56106561b6eb94b5f8f	d__Bacteria; p__Fibrobacterota; c__Fibrobacteria; o__Fibrobacterales; f__Fibrobacteraceae; g__possible_genus_04; s__uncultured_bacterium	0.9844957474900798
ac294f5242de3c9b26e75502c48f6383	d__Bacteria; p__Proteobacteria; c__Gammaproteobacteria; o__Burkholderiales; f__Alcaligenaceae; g__Advenella	0.9998145963768839
ac2ed8663a46469076b539b54d164829	d__Bacteria; p__Fusobacteriota; c__Fusobacteriia; o__Fusobacteriales; f__Fusobacteriaceae; g__Fusobacterium; s__Fusobacterium_periodonticum	0.868147912117852
ac3f54ec4404209bd993826d220b426c	d__Bacteria; p__Acidobacteriota; c__Vicinamibacteria; o__Vicinamibacterales; f__Vicinamibacteraceae; g__Vicinamibacteraceae	0.9999918757992434
ac53e889beba2ab7754cb53565004a8f	d__Bacteria; p__Acidobacteriota; c__Vicinamibacteria; o__Vicinamibacterales; f__uncultured; g__uncultured	0.9999936112768765
ac54f5cb3a13f4babf69c03b3e6b4ac2	d__Bacteria	0.9999999999997357
ac5d4bf7ccb8d723d14ff0450276adc1	d__Bacteria; p__Verrucomicrobiota; c__Verrucomicrobiae; o__UA11; f__UA11; g__UA11; s__uncultured_bacterium	0.9943468672448764
ac72635684b60fd3a87c187a863d5006	d__Bacteria; p__Proteobacteria; c__Gammaproteobacteria; o__Xanthomonadales; f__Xanthomonadaceae; g__Thermomonas	0.9660088013452426
ac741c602d55653aa3b98fd200ffc8cc	d__Bacteria; p__Acidobacteriota; c__Acidobacteriae	0.9996155079897702
ac8852275abacb42210f3c22d05792a9	d__Bacteria; p__Acidobacteriota; c__Vicinamibacteria; o__Vicinamibacterales; f__uncultured; g__uncultured	0.9999658030131024
ac896a91343d4d0ec943c92574bfed99	d__Bacteria; p__Chloroflexi; c__Chloroflexia; o__Chloroflexales; f__Roseiflexaceae; g__uncultured; s__uncultured_Chloroflexi	0.9978857298216653
ac8da43e85cb40815fdb56a6134aec2a	d__Bacteria; p__Proteobacteria; c__Gammaproteobacteria; o__Steroidobacterales; f__Steroidobacteraceae; g__Steroidobacter	0.9962223397426535
ac8e7c12f3d0395a903a1ef5b68be76a	d__Bacteria; p__Firmicutes; c__Clostridia; o__Peptostreptococcales-Tissierellales; f__Sedimentibacteraceae; g__Sedimentibacter	0.9999691063937894
ac96763d192d526ed66142004e3c71c7	d__Bacteria; p__Planctomycetota; c__OM190; o__OM190; f__OM190; g__OM190; s__uncultured_bacterium	0.8793414221477992
acacfefbf40cc73ed78300cb7ad2d263	d__Bacteria; p__Myxococcota; c__Polyangia; o__Blfdi19; f__Blfdi19; g__Blfdi19	0.9999416697182797
acaf28c291ef9e9accdea0d742cbcbe5	d__Bacteria; p__Chloroflexi; c__Anaerolineae; o__SBR1031; f__SBR1031; g__SBR1031; s__uncultured_soil	0.9203251439518437
accf095b664279908f7564bbac032fb2	d__Bacteria; p__Planctomycetota; c__Planctomycetes; o__Pirellulales; f__Pirellulaceae; g__Pirellula	0.9999996456882634
ad0822f68d0dade3de05f0e349e61a9b	d__Bacteria; p__Myxococcota; c__Myxococcia; o__Myxococcales; f__Myxococcaceae	0.9982471858898101
ad279cf87d62fa5397713686aa44666e	d__Bacteria; p__Planctomycetota; c__Planctomycetes; o__Pirellulales; f__Pirellulaceae; g__uncultured; s__uncultured_bacterium	0.7891769694155218
ad2badfd28b25eb70d3cda15078fd828	d__Bacteria; p__Firmicutes; c__Bacilli; o__Paenibacillales; f__Paenibacillaceae; g__Paenibacillus	0.9887500457883117
ad3147a9b4eb5ae45e8e9d2ae1989deb	d__Bacteria; p__Gemmatimonadota; c__Gemmatimonadetes; o__Gemmatimonadales; f__Gemmatimonadaceae; g__uncultured	0.9999923520584498
ad32077884c05bd7362f59ac4268c070	d__Bacteria; p__Gemmatimonadota; c__Gemmatimonadetes; o__Gemmatimonadales; f__Gemmatimonadaceae	0.9999857894319711
ad36c3ee3d2a943c49ee7a67d3340a78	d__Bacteria; p__Chloroflexi; c__Chloroflexia; o__Kallotenuales; f__AKIW781; g__AKIW781	0.9999999494027259
ad3ed29b0c5e2615678d49e2a5fab34d	d__Bacteria; p__Bacteroidota; c__Bacteroidia; o__Chitinophagales	0.9916758829671429
ad493c03ca24d7814a219bd921446da1	d__Bacteria; p__Acidobacteriota; c__Vicinamibacteria; o__Vicinamibacterales; f__Vicinamibacteraceae; g__Vicinamibacteraceae	0.9998345377996245
ad69d95af00171e1ffff80c0bc904a83	d__Bacteria; p__Myxococcota; c__Polyangia; o__Haliangiales; f__Haliangiaceae; g__Haliangium	0.9999001272327779
ad972a758729a17f19f5afee0c2b6975	d__Bacteria; p__Acidobacteriota; c__Holophagae; o__Subgroup_7; f__Subgroup_7; g__Subgroup_7	0.9999933760655997
ad97b5173cf9f72b07be58ee098a7d15	d__Bacteria; p__Bacteroidota; c__Rhodothermia; o__Rhodothermales; f__Rhodothermaceae; g__Rhodothermaceae; s__uncultured_Bacteroidetes	0.9973537911407836
ad9a159af22db8b8eda8cafde8e47ffb	d__Bacteria; p__Acidobacteriota; c__Vicinamibacteria; o__Vicinamibacterales; f__uncultured; g__uncultured	0.9999997879234689
ad9eb17bf4e17d34f43e05cb0e845164	d__Bacteria; p__Chloroflexi; c__KD4-96; o__KD4-96; f__KD4-96; g__KD4-96; s__metagenome	0.9286322441570243
adad0417ab59b49874afa2ecd5c8c250	d__Bacteria; p__Firmicutes; c__Limnochordia; o__Limnochordia; f__Limnochordia; g__Hydrogenispora; s__uncultured_bacterium	0.9468295017925827
adc5562e8b84e31c615a4a7ff011e08f	d__Bacteria; p__Proteobacteria; c__Gammaproteobacteria; o__Xanthomonadales; f__Xanthomonadaceae; g__Arenimonas; s__uncultured_gamma	0.8616806648740846
add9256731ab2d4f0e20ab59208ba13f	d__Bacteria; p__Actinobacteriota; c__Actinobacteria; o__Pseudonocardiales; f__Pseudonocardiaceae; g__Actinophytocola	0.7802077005560487
ade946368e907c3dd1c098ba9a651ae9	d__Bacteria; p__Myxococcota; c__Polyangia; o__Haliangiales; f__Haliangiaceae; g__Haliangium; s__uncultured_prokaryote	0.9458018544044415
adee3552c211d9e33aaa28e82532bdea	d__Bacteria; p__Actinobacteriota; c__Actinobacteria; o__Micromonosporales; f__Micromonosporaceae	0.9984822895942412
adefc5300c4d150a066a388515d890c2	d__Bacteria; p__Acidobacteriota; c__Vicinamibacteria; o__Vicinamibacterales; f__Vicinamibacteraceae; g__Vicinamibacteraceae; s__uncultured_Acidobacteriaceae	0.868588791039662
ae096f9f0a1d5fa0383f977399012a4e	d__Bacteria; p__Acidobacteriota; c__Vicinamibacteria; o__Vicinamibacterales; f__Vicinamibacteraceae; g__Luteitalea; s__uncultured_Acidobacteriaceae	0.9418277514826602
ae123481b73fa956a2baea1bbe51dd4c	d__Bacteria; p__Proteobacteria; c__Alphaproteobacteria; o__Dongiales; f__Dongiaceae; g__Dongia	0.9118551691804697
ae1738f210a177014e31aeed5bc6e803	d__Bacteria; p__Proteobacteria; c__Gammaproteobacteria; o__Burkholderiales; f__Oxalobacteraceae; g__Noviherbaspirillum	0.8083527755294572
ae32c60ad661be990deafa4d37fc3efc	d__Bacteria; p__Bacteroidota; c__Bacteroidia; o__Cytophagales; f__Microscillaceae; g__Chryseolinea; s__metagenome	0.7224771700732415
ae57785e3f15ec807dbb9b7092cc1cfe	d__Bacteria; p__Planctomycetota; c__Phycisphaerae; o__Phycisphaerales; f__Phycisphaeraceae; g__SM1A02; s__uncultured_bacterium	0.7676854684706375
ae593a513e70e2a66b41a199e962e946	d__Bacteria; p__Proteobacteria; c__Gammaproteobacteria; o__Burkholderiales	0.9999539824791801
ae619fece1d1a8b4b45b9d7e856dd6a3	d__Bacteria; p__Acidobacteriota; c__Vicinamibacteria; o__Vicinamibacterales; f__Vicinamibacteraceae; g__Vicinamibacteraceae	0.954727068684611
ae69adb234126c096f7a839aa09c50fb	d__Bacteria; p__Planctomycetota; c__Planctomycetes; o__Planctomycetales; f__uncultured; g__uncultured; s__uncultured_bacterium	0.7643130648750126
ae6d89e4347b337beb649c8c180f0b5f	d__Bacteria; p__Firmicutes; c__Bacilli; o__Lactobacillales; f__Lactobacillaceae; g__Lactobacillus; s__Lactobacillus_harbinensis	0.9168557717799344
ae7e37dde8ad7e11811f135426b43f4a	d__Bacteria; p__Planctomycetota; c__Planctomycetes; o__Pirellulales; f__Pirellulaceae; g__Pir4_lineage; s__uncultured_bacterium	0.9231954043472484
ae89c55bdd53aa36dcbfbccf55b5629f	d__Bacteria; p__Verrucomicrobiota; c__Verrucomicrobiae; o__Opitutales; f__Opitutaceae; g__Opitutus	0.7913651785704339
ae8a3f816c546940c3022ddc586b6348	d__Bacteria; p__Actinobacteriota; c__Acidimicrobiia; o__Microtrichales	0.9269401549717681
ae8facc45d372f7108bd9499f74d1bfc	d__Bacteria; p__Actinobacteriota; c__Actinobacteria; o__0319-7L14; f__0319-7L14; g__0319-7L14; s__uncultured_bacterium	0.7077298478514782
aea6b8e32123c015f20fa6b4bca2758b	d__Bacteria; p__Acidobacteriota; c__Vicinamibacteria; o__Vicinamibacterales; f__Vicinamibacteraceae; g__Vicinamibacteraceae; s__uncultured_Acidobacteriaceae	0.7699406819707169
aeabe34d57a7ad6f99285cea64fd8e58	d__Bacteria; p__Bdellovibrionota; c__Oligoflexia; o__Oligoflexales; f__Oligoflexales; g__Oligoflexus; s__uncultured_bacterium	0.9983323687228847
aec5ad7f8dcf295028f33b4dd6624804	d__Bacteria; p__Gemmatimonadota; c__S0134_terrestrial_group; o__S0134_terrestrial_group; f__S0134_terrestrial_group; g__S0134_terrestrial_group; s__metagenome	0.9930856341090922
aecc4beb8bbe9ef7385af7ad3388edf9	d__Bacteria; p__Patescibacteria; c__Saccharimonadia; o__Saccharimonadales; f__LWQ8; g__LWQ8	0.7645802155720617
aee58b00271f9c34b86e641a7573e6cd	d__Bacteria; p__Proteobacteria; c__Alphaproteobacteria; o__Dongiales; f__Dongiaceae; g__Dongia	0.7899286740103172
aeee6eb2a15d32f8b5ef4412b7abe008	d__Bacteria; p__Nitrospirota; c__Nitrospiria; o__Nitrospirales; f__Nitrospiraceae; g__Nitrospira	0.9999987595320353
aeeeac5e00911a6bf20bff834164f2a6	d__Bacteria; p__Firmicutes; c__Bacilli; o__Bacillales; f__Bacillaceae; g__Bacillus; s__Bacillus_krulwichiae	0.9642518601060851
aef8fc5a66468a93108dac441c8cdf9f	d__Bacteria; p__Acidobacteriota; c__Subgroup_20; o__Subgroup_20; f__Subgroup_20; g__Subgroup_20; s__uncultured_bacterium	0.9999999991120916
af0519eedc7e07ef602cd3bf15ee5405	d__Bacteria; p__Acidobacteriota; c__Vicinamibacteria; o__Vicinamibacterales; f__uncultured; g__uncultured; s__uncultured_bacterium	0.8818006401657172
af0701f0078e38226005b4b90ab3a23e	d__Bacteria; p__Chloroflexi; c__KD4-96; o__KD4-96; f__KD4-96; g__KD4-96	0.9999843518345867
af0fe8f45608d652fd61d384f7fc6bd7	d__Bacteria; p__Actinobacteriota; c__Actinobacteria; o__Frankiales; f__Nakamurellaceae; g__Nakamurella	0.9531425874462879
af15c7a32bb96fbe33a4f23414fc11d5	d__Bacteria; p__Patescibacteria; c__WWE3; o__WWE3; f__WWE3; g__WWE3; s__bacterium_enrichment	0.890261560547896
af2c1b22758cd6653e8e841497d096e7	d__Bacteria; p__Proteobacteria; c__Gammaproteobacteria; o__Burkholderiales; f__Comamonadaceae; g__Sphaerotilus; s__uncultured_Aquabacterium	0.7093682203970463
af331bc4e4fb03cd97d0eb5e3ebf52ea	d__Bacteria; p__Actinobacteriota; c__Acidimicrobiia; o__Actinomarinales; f__uncultured; g__uncultured	0.9858556198542983
af6b05c89a582ace51a1a3e3612e89dc	d__Bacteria; p__Acidobacteriota; c__Vicinamibacteria; o__Subgroup_9; f__Subgroup_9; g__Subgroup_9; s__uncultured_bacterium	0.9960770641238036
af74b20614a6b81cb7e8ea2cb175c9fd	d__Bacteria	0.9999999665201987
af758e19ba78717d88dad3b51d0c9b7d	d__Bacteria; p__Planctomycetota; c__Planctomycetes; o__Gemmatales; f__Gemmataceae; g__uncultured	0.9490774783523166
af828ca58151b89c8dd9a8c5bad778cb	d__Bacteria; p__Proteobacteria; c__Gammaproteobacteria; o__Pseudomonadales; f__Moraxellaceae; g__Acinetobacter	0.9995637274237303
af82babec979b4fcbbcc33f626779cd8	d__Bacteria; p__Actinobacteriota; c__Actinobacteria; o__Frankiales; f__Geodermatophilaceae	0.8433718594828348
af9283249f3e82833eb111eb75182030	d__Bacteria; p__Proteobacteria; c__Alphaproteobacteria; o__Micavibrionales; f__uncultured; g__uncultured	0.9999252469090235
af95e780cd02ae4f14db6cae92036736	d__Bacteria; p__Chloroflexi; c__Chloroflexia; o__Chloroflexales; f__Chloroflexaceae; g__FFCH7168; s__uncultured_bacterium	0.8373054777805955
af99dcd5d8eefd5426cbab022051df04	d__Bacteria; p__Firmicutes	0.8546378886613188
af9e522cbb99627c81f045c22b3c61f1	d__Bacteria; p__Planctomycetota; c__Planctomycetes; o__Pirellulales; f__Pirellulaceae; g__Pirellula	0.8779062347881711
afa130cddd072715086ccaacc487d2ec	d__Bacteria; p__Actinobacteriota; c__Thermoleophilia; o__Gaiellales; f__uncultured; g__uncultured	0.9999601600543337
afaebecf56113fad12cb68a793796707	d__Bacteria; p__Proteobacteria; c__Gammaproteobacteria; o__Steroidobacterales; f__Steroidobacteraceae; g__Steroidobacter	0.968374210569581
afb765eda115de3076d5df8f44fc2b66	d__Bacteria; p__Planctomycetota; c__Planctomycetes; o__Pirellulales; f__Pirellulaceae; g__uncultured; s__uncultured_Pasteuria	0.9678457212855869
afb93e6557b8307753b0902f71691c43	d__Bacteria; p__Planctomycetota; c__Planctomycetes; o__Gemmatales; f__Gemmataceae; g__uncultured	0.9980304686895871
afc4bff2edfeaad8344ce06061e117ff	d__Bacteria; p__Chloroflexi; c__KD4-96; o__KD4-96; f__KD4-96; g__KD4-96	0.9999692045132837
afc620c5cacea9625f241198ae9a66db	d__Bacteria; p__Planctomycetota; c__Planctomycetes; o__Pirellulales; f__Pirellulaceae; g__uncultured	0.9915219803460102
afc77916972cb0e347d3f563e775f2a6	d__Bacteria; p__Planctomycetota; c__Phycisphaerae; o__Tepidisphaerales; f__WD2101_soil_group; g__WD2101_soil_group	0.9999093750951715
afcda57d8e56de9b440397841fc5e4fb	d__Bacteria; p__Gemmatimonadota; c__Gemmatimonadetes; o__Gemmatimonadales; f__Gemmatimonadaceae; g__uncultured	0.9994864949910617
afe654af44fa74a24e172ea4dc2fab55	d__Bacteria; p__Firmicutes; c__Bacilli; o__Brevibacillales; f__Brevibacillaceae; g__Brevibacillus	0.9999021069280807
aff00055d3876f624d67fb80bdb59934	d__Bacteria; p__Firmicutes; c__Clostridia	0.9876099724944399
aff29b203dcf5fff70894f9f63bfe57c	d__Bacteria; p__Acidobacteriota; c__Vicinamibacteria; o__Vicinamibacterales; f__Vicinamibacteraceae; g__Vicinamibacteraceae	0.8772088605278402
b00d54910979637fa3c4b594bb2164d5	d__Bacteria; p__Desulfobacterota; c__uncultured; o__uncultured; f__uncultured; g__uncultured; s__metagenome	0.995395432411743
b01473b4f06b8d2f482e9113c495e90b	d__Bacteria; p__Actinobacteriota; c__Acidimicrobiia; o__Actinomarinales; f__uncultured; g__uncultured	0.9980851658614229
b02cfb9bf52ed8740ab405ca62c86f9b	d__Bacteria; p__Acidobacteriota; c__Vicinamibacteria; o__Vicinamibacterales; f__Vicinamibacteraceae; g__Vicinamibacteraceae	0.905844374360153
b031a05f65b3ef2c8c5bd5a7717c7288	d__Bacteria; p__Cyanobacteria; c__Cyanobacteriia; o__Chloroplast; f__Chloroplast; g__Chloroplast	0.9999406756909435
b039433fb884e676f78524c94b034a96	d__Bacteria; p__Gemmatimonadota; c__Gemmatimonadetes; o__Gemmatimonadales; f__Gemmatimonadaceae; g__uncultured	0.8186821416247859
b03d0b32e405c288a9aef6415b9a113c	d__Bacteria; p__Latescibacterota; c__Latescibacteria; o__Latescibacterales; f__Latescibacteraceae; g__Latescibacteraceae; s__metagenome	0.8411906592050747
b0706a571f169c0bac7b4864052fcaa7	d__Bacteria; p__Proteobacteria; c__Alphaproteobacteria; o__Rhodobacterales; f__Rhodobacteraceae; g__Actibacterium	0.9330066419225421
b0738b3c306b92984fd57ac74b399914	d__Bacteria; p__Planctomycetota; c__Phycisphaerae; o__Tepidisphaerales; f__WD2101_soil_group; g__WD2101_soil_group; s__uncultured_planctomycete	0.7684403456034692
b081d5f75261156268342edb5feea37c	d__Bacteria; p__Bacteroidota; c__Bacteroidia; o__Chitinophagales; f__Chitinophagaceae; g__Dinghuibacter	0.9934584561941244
b0b20944dc4f57fc18996c2c284f47e9	d__Bacteria; p__Acidobacteriota; c__Holophagae; o__Subgroup_7; f__Subgroup_7; g__Subgroup_7	0.9999998024757202
b0bf854cadf194d6e3c8971068b95eb5	d__Bacteria; p__Proteobacteria; c__Gammaproteobacteria; o__Pasteurellales; f__Pasteurellaceae; g__Haemophilus	0.9838372392942626
b0c162c2a0617cb99359cef8fa360b01	d__Bacteria; p__Actinobacteriota; c__Thermoleophilia; o__Gaiellales; f__uncultured; g__uncultured	0.7495537292599035
b0c6653876a7b401d91a91da202dde82	d__Bacteria; p__Planctomycetota; c__Planctomycetes; o__Pirellulales; f__Pirellulaceae; g__Pirellula; s__uncultured_soil	0.9838505106463017
b0d49b3382f72aaba79dc2fac826c809	d__Bacteria; p__Proteobacteria; c__Gammaproteobacteria; o__Xanthomonadales; f__Rhodanobacteraceae; g__Ahniella; s__uncultured_bacterium	0.8869779207266373
b0d8ef05b070403c10b0f04e9d29ab21	d__Bacteria; p__Proteobacteria; c__Alphaproteobacteria; o__Caulobacterales; f__Hyphomonadaceae; g__SWB02	0.999229736324595
b0e263cdd1c189fc1757d8189db14be2	d__Bacteria; p__Proteobacteria; c__Alphaproteobacteria; o__Sphingomonadales; f__Sphingomonadaceae	0.9999673167256544
b0ec802f394512f8717c53d8eae57915	d__Bacteria; p__Gemmatimonadota; c__S0134_terrestrial_group; o__S0134_terrestrial_group; f__S0134_terrestrial_group; g__S0134_terrestrial_group; s__uncultured_bacterium	0.86348637965553
b0eec021656a15f83fdfadcb9eb75013	d__Bacteria; p__Gemmatimonadota; c__S0134_terrestrial_group; o__S0134_terrestrial_group; f__S0134_terrestrial_group; g__S0134_terrestrial_group	0.9999399703780166
b0fda79ab5fb674aef538b7e6fd7376b	d__Bacteria; p__Acidobacteriota; c__Vicinamibacteria; o__Subgroup_9; f__Subgroup_9; g__Subgroup_9; s__uncultured_bacterium	0.9981506686802705
b103542c423320b5aadee6d514ae9d05	d__Bacteria; p__Chloroflexi; c__Anaerolineae; o__Ardenticatenales; f__uncultured; g__uncultured; s__uncultured_bacterium	0.7085933266340848
b10aa4ee0e419813e43424312ebde308	d__Bacteria; p__Proteobacteria; c__Alphaproteobacteria; o__Defluviicoccales; f__Defluviicoccaceae; g__Defluviicoccus; s__uncultured_Defluviicoccus	0.7143700279489669
b114ce6702ad18e939acf348112bf6ce	d__Bacteria; p__Chloroflexi; c__OLB14; o__OLB14; f__OLB14; g__OLB14	0.8486402204588658
b117c40203874c4331e8e0ce50b8cb23	d__Bacteria; p__Firmicutes; c__Symbiobacteriia; o__Symbiobacteriales; f__Symbiobacteraceae; g__uncultured	0.9810655014810957
b121442fd1eefe78ce4f4602aac1842e	d__Bacteria; p__Actinobacteriota; c__Actinobacteria; o__Micrococcales; f__Micrococcaceae	0.8455698750061249
b1219b9e81d48205bee2335ae49abb42	d__Bacteria; p__Actinobacteriota; c__Acidimicrobiia; o__IMCC26256; f__IMCC26256; g__IMCC26256; s__metagenome	0.8648679896804581
b12ee9ca5a2320957213a114788cf2b7	d__Bacteria; p__Myxococcota; c__Polyangia; o__MSB-4B10; f__MSB-4B10; g__MSB-4B10; s__uncultured_proteobacterium	0.9157611609677148
b135227736d37b7f3c01519d99ffa69e	d__Bacteria; p__Acidobacteriota; c__Vicinamibacteria; o__Subgroup_17; f__Subgroup_17; g__Subgroup_17; s__uncultured_bacterium	0.8395598710545392
b13a4d2f61cb81f3fc27059260147f43	d__Bacteria; p__Planctomycetota; c__Phycisphaerae; o__Tepidisphaerales; f__WD2101_soil_group; g__WD2101_soil_group	0.999999841264363
b13d4e8df6c88eff36ddae792a7b9125	d__Bacteria	0.9999999999971806
b146ee8a8901265d11e34ed282db4fbe	d__Bacteria; p__Actinobacteriota; c__Thermoleophilia; o__Solirubrobacterales; f__Solirubrobacteraceae	0.9993373956113581
b14a1dea93554257791f16c2e94906b0	d__Bacteria	0.9999990564062573
b14b9c9b38e2853440cc676d5165f111	d__Bacteria; p__Actinobacteriota; c__Actinobacteria; o__Streptomycetales; f__Streptomycetaceae; g__Streptomyces; s__Streptomyces_thermovulgaris	0.7588114162983909
b14d7ef89458aec460ef79fa92c3d1b2	d__Bacteria; p__Acidobacteriota; c__Vicinamibacteria; o__Vicinamibacterales; f__Vicinamibacteraceae; g__Vicinamibacteraceae	0.9237860281249918
b154ab788c4d1c21332252da24e97f97	d__Bacteria; p__Desulfobacterota; c__uncultured; o__uncultured; f__uncultured; g__uncultured	0.9756237590268257
b16c2ed9e3106c950adff3ca14342be0	d__Bacteria; p__Planctomycetota; c__Planctomycetes	0.9954228040987767
b17832bebc586188ed6348184e664194	d__Bacteria; p__Firmicutes; c__Bacilli; o__Thermoactinomycetales; f__Thermoactinomycetaceae; g__Novibacillus; s__Novibacillus_thermophilus	0.9003347988447595
b18b41e0973d21dd70108c0ebaee47c4	d__Bacteria; p__Bacteroidota; c__Bacteroidia; o__Cytophagales; f__Microscillaceae; g__Ohtaekwangia; s__uncultured_Bacteroidetes	0.8197401978474079
b18b9a2985c473ad03866b9adef53bb9	d__Bacteria; p__Planctomycetota; c__Planctomycetes; o__Isosphaerales; f__Isosphaeraceae; g__uncultured	0.9101591452414355
b19e6f9c6944bb522027c894fe356bbb	d__Bacteria; p__Actinobacteriota; c__Thermoleophilia; o__Solirubrobacterales; f__Solirubrobacteraceae; g__Parviterribacter; s__uncultured_bacterium	0.9743227996942471
b1a136f87ad2c326096ffba76c35a710	d__Bacteria; p__Acidobacteriota; c__Vicinamibacteria; o__Vicinamibacterales; f__Vicinamibacteraceae; g__Vicinamibacteraceae	0.9035152370349454
b1cf9d5364aac9f631db7098f20b0ddf	d__Bacteria; p__Gemmatimonadota; c__BD2-11_terrestrial_group; o__BD2-11_terrestrial_group; f__BD2-11_terrestrial_group; g__BD2-11_terrestrial_group; s__uncultured_soil	0.9994101403517373
b1dbd695f4f349bb8b58ae5360d5f0a8	d__Bacteria; p__Acidobacteriota; c__Vicinamibacteria; o__Vicinamibacterales; f__Vicinamibacteraceae; g__Vicinamibacteraceae	0.9998840793976664
b1e3e9f4d88d1af0e740024cfc48e9a0	d__Bacteria; p__Proteobacteria; c__Gammaproteobacteria; o__Xanthomonadales; f__Rhodanobacteraceae; g__Ahniella; s__uncultured_bacterium	0.7302264284782427
b1f71fe06b3891827ca059b2f14b5ace	d__Bacteria; p__Proteobacteria; c__Gammaproteobacteria; o__Steroidobacterales; f__Steroidobacteraceae; g__Steroidobacter	0.9948783132451804
b1fcda6d8df4c25c8e6d7124c076b1fe	d__Bacteria; p__Verrucomicrobiota; c__Verrucomicrobiae; o__Pedosphaerales; f__Pedosphaeraceae	0.9999999992411911
b202da197990652d45321826acfe996e	d__Bacteria; p__Gemmatimonadota; c__Gemmatimonadetes; o__Gemmatimonadales; f__Gemmatimonadaceae; g__uncultured	0.9051177224178161
b214e2a2b18c21ca019a9bdc6dfc201a	d__Bacteria; p__Proteobacteria; c__Gammaproteobacteria; o__Alteromonadales; f__Alteromonadaceae; g__Rheinheimera	0.962185989592619
b219ca7793ab9f5e441f2a68bc76152c	d__Bacteria; p__Proteobacteria; c__Gammaproteobacteria; o__Oceanospirillales; f__Alcanivoracaceae; g__Ketobacter	0.9999757902364776
b22119df3b1de76745abaac585b646f8	d__Bacteria; p__Proteobacteria; c__Gammaproteobacteria; o__Pseudomonadales; f__Moraxellaceae	0.9892080607717613
b22b853e80e45e0e6ea3b2169842b017	d__Bacteria; p__Verrucomicrobiota; c__Verrucomicrobiae; o__Verrucomicrobiales; f__Rubritaleaceae; g__Luteolibacter	0.9996815266317064
b22ffa4768eda90a6bedbaa3c03e600d	d__Bacteria; p__Acidobacteriota; c__Blastocatellia; o__Pyrinomonadales; f__Pyrinomonadaceae; g__RB41	0.9925699641384198
b23880df154358ff1f29b8e99f37e250	d__Bacteria; p__Patescibacteria; c__Parcubacteria; o__Candidatus_Nomurabacteria; f__Candidatus_Nomurabacteria; g__Candidatus_Nomurabacteria; s__uncultured_soil	0.8198964375794838
b2392775bd3a8cae22577dcb91905a25	d__Bacteria; p__Proteobacteria; c__Alphaproteobacteria; o__Tistrellales; f__Geminicoccaceae; g__Geminicoccus	0.9999590728565891
b24549d85b1cf51ca24a573fe011f852	d__Bacteria; p__Proteobacteria; c__Alphaproteobacteria; o__Caulobacterales; f__Hyphomonadaceae; g__Hirschia	0.9984864467791769
b24744eb7fdfd2a8e08c0fe67d3f11b0	d__Bacteria; p__Planctomycetota; c__OM190; o__OM190; f__OM190; g__OM190; s__uncultured_soil	0.9999991004273379
b247da6f90ccaeb1308224d435bcc78f	d__Bacteria; p__Proteobacteria; c__Gammaproteobacteria; o__Pseudomonadales; f__Pseudomonadaceae; g__Pseudomonas	0.9354830193154082
b24c15bc1df3d07793bc87384a35151a	d__Bacteria; p__Actinobacteriota; c__Acidimicrobiia; o__Microtrichales; f__Iamiaceae; g__Iamia	0.8124604243818543
b2516e670066309bdbf2527829b6d851	d__Bacteria; p__Fusobacteriota; c__Fusobacteriia; o__Fusobacteriales; f__Leptotrichiaceae; g__Leptotrichia	0.9999870067445922
b2568d8e0fa9194f50996780011ede12	d__Bacteria; p__Acidobacteriota; c__Vicinamibacteria; o__Vicinamibacterales; f__Vicinamibacteraceae; g__Luteitalea; s__uncultured_Acidobacteria	0.7789033498929642
b25c8752b201d3e0d098c13150284926	d__Bacteria; p__Proteobacteria; c__Alphaproteobacteria; o__Rhizobiales; f__Rhodomicrobiaceae; g__Rhodomicrobium	0.9827761510901025
b261bfd6a17f6840f91014d73651422f	d__Bacteria; p__Bacteroidota; c__Bacteroidia; o__Cytophagales	0.99985414461617
b271ebd2dc826b4d3f7065661ec877c9	d__Bacteria; p__Proteobacteria; c__Alphaproteobacteria; o__Rhodobacterales; f__Rhodobacteraceae; g__Palleronia-Pseudomaribius; s__alpha_proteobacterium	0.9616982246679084
b27257f246dd6b93754f899f25088c1d	d__Bacteria; p__Firmicutes; c__Bacilli; o__Paenibacillales; f__Paenibacillaceae; g__Paenibacillus	0.9966473040280235
b272ae62b335a9bb8e10a4a67d488689	d__Bacteria; p__Bacteroidota; c__Kapabacteria; o__Kapabacteriales; f__Kapabacteriales; g__Kapabacteriales; s__uncultured_Chlorobiales	0.9933167064204569
b2820c633d4ae9b940615df6bd104d4a	d__Bacteria; p__NB1-j; c__NB1-j; o__NB1-j; f__NB1-j; g__NB1-j; s__metagenome	0.9999215438097379
b28816a5da788570ec2fae522fa0fcc2	d__Bacteria; p__Firmicutes	0.8856406645988388
b294beda913759cce1e877c4d92fe005	d__Bacteria; p__Actinobacteriota; c__Actinobacteria; o__Propionibacteriales; f__Nocardioidaceae; g__Marmoricola	0.9333919212873183
b29f1e0c9aa74dfedf21d3e795947645	d__Bacteria; p__Chloroflexi; c__Anaerolineae; o__SBR1031; f__SBR1031; g__SBR1031; s__uncultured_bacterium	0.9113967634307397
b2af163540d17007833dc819704afb28	d__Bacteria; p__Actinobacteriota; c__Actinobacteria; o__Frankiales	0.9978820157536337
b2b5382f44f2c9b39db493d1683fd313	d__Bacteria; p__Bdellovibrionota; c__Oligoflexia; o__Oligoflexales; f__Oligoflexales; g__Oligoflexus	0.9999872372275348
b2d746760e14bad523bc69af7200c125	d__Bacteria; p__Planctomycetota; c__Planctomycetes; o__Pirellulales; f__Pirellulaceae; g__Pirellula; s__uncultured_Planctomycetales	0.9827842582865451
b2dc796612a2d99621283f496d636898	d__Bacteria; p__Acidobacteriota; c__Thermoanaerobaculia; o__Thermoanaerobaculales; f__Thermoanaerobaculaceae; g__Subgroup_10	0.9999996070696902
b2e2c963266e61de283245688afc9e93	d__Bacteria; p__Chloroflexi; c__Ktedonobacteria; o__C0119; f__C0119; g__C0119; s__uncultured_bacterium	0.9669822873850558
b2e67bc3e95583ef9edec97d503a3e8c	d__Bacteria; p__Proteobacteria; c__Alphaproteobacteria; o__Rhizobiales; f__Rhizobiales_Incertae_Sedis; g__uncultured	0.7505757907833954
b2eb26ae612a3f06622c5b8c9d84ac45	d__Bacteria; p__Acidobacteriota; c__Blastocatellia; o__Blastocatellales; f__Blastocatellaceae	0.9999999987451385
b2f047dc8d7191dc604ceb49f20ad29a	d__Bacteria; p__Proteobacteria; c__Gammaproteobacteria; o__Salinisphaerales; f__Solimonadaceae; g__Solimonas	0.907236962588843
b2f4842b6cd951fab1bb093fa651f89d	d__Bacteria; p__Planctomycetota; c__Planctomycetes; o__Pirellulales; f__Pirellulaceae; g__uncultured; s__uncultured_bacterium	0.7649033374709145
b321760f261371baf43115a403a1282d	d__Bacteria; p__Acidobacteriota; c__Thermoanaerobaculia; o__Thermoanaerobaculales; f__Thermoanaerobaculaceae; g__Subgroup_10; s__Acidobacteria_bacterium	0.8719841777013811
b32977e981cd8968afcfbd0f71035742	d__Bacteria; p__Bdellovibrionota; c__Bdellovibrionia; o__Bdellovibrionales; f__Bdellovibrionaceae; g__Bdellovibrio; s__uncultured_organism	0.9757387848431016
b3313f54e49684a70d1ef6b5730824c2	d__Bacteria; p__Firmicutes; c__Bacilli; o__Haloplasmatales; f__Haloplasmataceae; g__Haloplasma; s__uncultured_bacterium	0.7601348423654434
b33327fcd8539b9f52d328dafeb9ac10	d__Bacteria; p__Acidobacteriota; c__Subgroup_22; o__Subgroup_22; f__Subgroup_22; g__Subgroup_22	0.9999329578773696
b33390d034148edf07d8a742778ddcbd	d__Bacteria; p__Planctomycetota; c__Planctomycetes; o__Gemmatales; f__Gemmataceae	0.9997101915847044
b33b27c1e8d48178d8341e494de1e1ae	d__Bacteria; p__Gemmatimonadota; c__Gemmatimonadetes; o__Gemmatimonadales; f__Gemmatimonadaceae; g__Gemmatimonas	0.8668596566070307
b347a463a041b7aaf99340781f78df0c	d__Bacteria; p__Acidobacteriota; c__Thermoanaerobaculia; o__Thermoanaerobaculales; f__Thermoanaerobaculaceae; g__Subgroup_10	0.9999918646579247
b34d3ac1df5036de777bda086c246391	d__Bacteria; p__Firmicutes; c__Bacilli; o__Bacillales; f__Planococcaceae; g__Planococcus	0.9394251994868373
b34d7368b728a6bce525d826c082b9d0	d__Bacteria; p__Acidobacteriota; c__Vicinamibacteria; o__Vicinamibacterales; f__Vicinamibacteraceae; g__Luteitalea	0.9999986083108627
b3641f7e4b491fcd1518b75af120a6de	d__Bacteria; p__Chloroflexi; c__KD4-96; o__KD4-96; f__KD4-96; g__KD4-96; s__uncultured_bacterium	0.8105680873188813
b36904c221f8e92dbea46c78fee36b23	d__Bacteria; p__Planctomycetota; c__OM190; o__OM190; f__OM190; g__OM190; s__uncultured_bacterium	0.924138307497158
b3693de29b27872b89574ba9857f878e	d__Bacteria; p__Planctomycetota; c__vadinHA49; o__vadinHA49; f__vadinHA49; g__vadinHA49	0.9999865330886812
b36c66d10e4130afee47531f0acf2a49	d__Bacteria; p__Firmicutes; c__Bacilli; o__Bacillales; f__Bacillaceae; g__Bacillus; s__Bacillus_mannanilyticus	0.977402680686696
b36e460212883d5033d8c0c093fede83	d__Bacteria; p__Firmicutes; c__Clostridia; o__Clostridiales; f__Clostridiaceae; g__Clostridium_sensu_stricto_1	0.9706924395388042
b385d2ce420bd81c77adc8ccb4ea27a3	d__Bacteria; p__Bacteroidota; c__Bacteroidia; o__Cytophagales; f__Microscillaceae; g__Ohtaekwangia	0.9427899514084509
b397395d4d4b4e86a5b93faba60cf146	d__Bacteria; p__Bacteroidota; c__Bacteroidia; o__Cytophagales; f__Cyclobacteriaceae; g__Algoriphagus	0.9991971422175709
b39b381d0f533c9923c3b898ffab5614	d__Bacteria	0.9999999931225085
b3a48398d024b7895daab0f0a8a4c7d1	d__Bacteria; p__Bacteroidota; c__Bacteroidia; o__Chitinophagales; f__37-13; g__37-13; s__uncultured_bacterium	0.99925017691495
b3a5b83660fe5b89c81b36cb3db2a4c8	d__Bacteria; p__Firmicutes; c__Bacilli; o__Bacillales; f__Bacillaceae; g__Bacillus	0.9889354368492106
b3a9e2c8d12d042fc32c4758fc0010c8	d__Bacteria; p__Actinobacteriota; c__Actinobacteria; o__Micromonosporales; f__Micromonosporaceae	0.9967646501530855
b3ac2ddb85052e78cab0206554237bdd	d__Bacteria; p__Bacteroidota; c__Bacteroidia; o__Flavobacteriales; f__Flavobacteriaceae; g__Antarcticibacterium	0.9506575982688587
b3b00faa9dee9fa6b3b33744f51da00e	d__Bacteria; p__Firmicutes; c__Negativicutes; o__Veillonellales-Selenomonadales; f__uncultured; g__uncultured; s__iron-reducing_bacterium	0.9958881346626
b3b1d8c5c89cc360b40fba04973a6266	d__Bacteria; p__Bacteroidota; c__Bacteroidia; o__Cytophagales; f__Hymenobacteraceae; g__Adhaeribacter	0.9885508428159913
b3c913403b0a8f4934c695e90fda6c87	d__Bacteria; p__Myxococcota; c__Polyangia; o__Haliangiales; f__Haliangiaceae; g__Haliangium; s__uncultured_Myxococcales	0.9388267504196274
b3ce0033b1aaf790a8402ed1c223cf71	d__Bacteria; p__Hydrogenedentes; c__Hydrogenedentia; o__Hydrogenedentiales; f__Hydrogenedensaceae	0.9999998894019752
b3fc21c9e1c5f8ca103790cd38d77323	d__Bacteria; p__Proteobacteria; c__Gammaproteobacteria; o__Burkholderiales; f__Methylophilaceae; g__MM2; s__uncultured_bacterium	0.9042802467849361
b4007ac525a9b409d70426e24421cff0	d__Bacteria; p__Proteobacteria; c__Alphaproteobacteria; o__Reyranellales; f__Reyranellaceae; g__Reyranella	0.9898156389644708
b4051b5227746f04c1feb9d8979299ff	d__Bacteria; p__Actinobacteriota; c__Thermoleophilia; o__Solirubrobacterales; f__Solirubrobacteraceae; g__uncultured; s__Colobanthus_quitensis	0.9848621336821589
b407f2de868c064f65eb5ad8f82a8d0d	d__Bacteria; p__Patescibacteria; c__Parcubacteria; o__Candidatus_Moranbacteria; f__Candidatus_Moranbacteria; g__Candidatus_Moranbacteria; s__uncultured_bacterium	0.8046815030368744
b41b426d25b3a6fc4b4f95a1a48a472e	d__Bacteria; p__Actinobacteriota	0.710663700270586
b42ea2530a3bd09cc8bdd9fa0fcae8c8	d__Bacteria; p__Bacteroidota; c__Bacteroidia; o__Flavobacteriales; f__Flavobacteriaceae; g__Flavobacterium	0.9996698289830683
b431e0b132666497aff030b69a760b0b	d__Bacteria; p__Actinobacteriota; c__Acidimicrobiia; o__Microtrichales	0.9132991192278332
b4475580d4d8edd4ac39207e39ec99e4	d__Bacteria; p__Chloroflexi; c__Dehalococcoidia; o__SAR202_clade; f__SAR202_clade; g__SAR202_clade; s__uncultured_soil	0.9974237677420715
b451f7de2920a8a9b6a3ebed62f9ea3f	d__Bacteria; p__Planctomycetota; c__Planctomycetes; o__Planctomycetales; f__uncultured; g__uncultured; s__uncultured_bacterium	0.839642360091429
b454ea9dde0b786e597c29c07fda5a46	d__Bacteria; p__Bacteroidota; c__Bacteroidia; o__Flavobacteriales; f__Flavobacteriaceae; g__Flavobacterium	0.9985059880679162
b46a7f4799030c55fbd24ab34ac49864	d__Bacteria; p__Myxococcota; c__Myxococcia; o__Myxococcales; f__Myxococcaceae	0.9992220866013034
b48033db62c4953dea87a7cd1312efb6	d__Bacteria; p__Acidobacteriota; c__Vicinamibacteria; o__Vicinamibacterales; f__Vicinamibacteraceae; g__Vicinamibacteraceae	0.9852969659284037
b49328c0e3cdd572ad4be78933d7ae89	d__Bacteria; p__Chloroflexi; c__KD4-96; o__KD4-96; f__KD4-96; g__KD4-96	0.9999909136516447
b4a2760bf47cbdc44b085d6bd5b0cdad	d__Bacteria; p__Patescibacteria; c__Saccharimonadia; o__Saccharimonadales; f__Saccharimonadales; g__Saccharimonadales; s__uncultured_soil	0.701394005160615
b4ae1808187b363dac2dfb42adb1faa4	d__Bacteria; p__Actinobacteriota; c__Actinobacteria; o__Actinomycetales; f__Actinomycetaceae; g__Actinomyces	0.9999999288318303
b4cc42325501e0aed9ebd76b7ad14157	d__Bacteria; p__Proteobacteria; c__Gammaproteobacteria; o__Xanthomonadales; f__Rhodanobacteraceae; g__Ahniella; s__uncultured_bacterium	0.9895799691449989
b4d0cec8543e940be1b5096370fdfb80	d__Bacteria; p__Myxococcota; c__Polyangia; o__Blfdi19; f__Blfdi19; g__Blfdi19; s__uncultured_bacterium	0.9773613866825234
b4dab49904a1fdcc3d54a5d851f1f6af	d__Bacteria; p__Proteobacteria; c__Gammaproteobacteria; o__Burkholderiales; f__Sutterellaceae; g__uncultured	0.9984035479854306
b4ddb00d042e262c0ef585d2b4cb67ef	d__Bacteria; p__Sumerlaeota; c__Sumerlaeia; o__Sumerlaeales; f__Sumerlaeaceae; g__Sumerlaea; s__uncultured_bacterium	0.7448670494326798
b4e2bcf44f51a06d625ae496c3134822	d__Bacteria; p__Myxococcota; c__Polyangia; o__Haliangiales; f__Haliangiaceae; g__Haliangium	0.9979639014676434
b52c4ec8a59daafa4df7cbecab6b542b	d__Bacteria; p__Firmicutes; c__Bacilli; o__Bacillales; f__Salisediminibacteriaceae; g__Salipaludibacillus	0.9872461598903344
b5342b76267f084dc5a1dc1bc652ffc8	d__Bacteria; p__Verrucomicrobiota; c__Verrucomicrobiae; o__Pedosphaerales; f__Pedosphaeraceae; g__Pedosphaeraceae	0.999995615426763
b53a828f42a2d09d062c7b4ca1412efe	d__Bacteria; p__Acidobacteriota; c__Blastocatellia; o__Pyrinomonadales; f__Pyrinomonadaceae; g__RB41	0.9846101987111058
b543133d935ba21c90452aefeed3131e	d__Bacteria; p__Proteobacteria; c__Gammaproteobacteria; o__Burkholderiales; f__TRA3-20; g__TRA3-20	0.9997960160302457
b5444258319cf513c345f51f6b61b457	d__Bacteria; p__Planctomycetota; c__Phycisphaerae; o__Phycisphaerales; f__Phycisphaeraceae; g__SM1A02	0.9999990848842208
b54d0499261e9b4a38428e2e3183b4c7	d__Bacteria; p__Chloroflexi; c__Chloroflexia; o__Kallotenuales	0.9981085084950329
b55437c07a160d024dc6815402f42cc2	d__Bacteria; p__Proteobacteria; c__Gammaproteobacteria; o__Burkholderiales; f__Sutterellaceae; g__uncultured	0.9999068130017604
b561d68397dd5ca2ca61012e41b7aeb3	d__Bacteria; p__Acidobacteriota; c__Vicinamibacteria; o__Vicinamibacterales; f__Vicinamibacteraceae; g__Vicinamibacteraceae	0.999993565348748
b5694d23de3806f1978cf9d4a0c69cc0	d__Bacteria; p__Verrucomicrobiota; c__Verrucomicrobiae; o__Opitutales; f__Opitutaceae; g__Lacunisphaera	0.9615602435526254
b5709a57df9cbc8a741bb78a36f29c06	d__Bacteria; p__Acidobacteriota; c__Vicinamibacteria; o__Vicinamibacterales; f__Vicinamibacteraceae; g__Vicinamibacteraceae	0.9570200822209269
b585436677ac88dd4ac6239655f2a268	d__Bacteria; p__Proteobacteria; c__Gammaproteobacteria; o__Vibrionales; f__Vibrionaceae; g__Vibrio; s__Vibrio_metschnikovii	0.8441929401733279
b587fad37a55b98c0b2b72f339b9ce45	d__Bacteria; p__Gemmatimonadota; c__Gemmatimonadetes; o__Gemmatimonadales; f__Gemmatimonadaceae; g__Gemmatimonas	0.953438247991004
b597741918740ebeb2b30c6d9d9e61e1	d__Bacteria; p__Myxococcota; c__Polyangia; o__Haliangiales; f__Haliangiaceae; g__Haliangium	0.9984104731318247
b5a7aa588c9cae6ae8ca2f7d87ac53e8	d__Bacteria; p__Planctomycetota; c__Planctomycetes; o__Isosphaerales; f__Isosphaeraceae; g__uncultured	0.9537901608418204
b5b0a1b1c390e46e5ef94081d6251a3d	d__Bacteria; p__Acidobacteriota; c__Subgroup_5; o__Subgroup_5; f__Subgroup_5; g__Subgroup_5; s__uncultured_bacterium	0.9246933890703553
b5d33a11410ef8639bf4862f48367a4f	d__Bacteria; p__Patescibacteria; c__Saccharimonadia; o__Saccharimonadales; f__Saccharimonadaceae; g__TM7a; s__uncultured_bacterium	0.7471463028464884
b5d3b40e1b8badf5b420863e9cd81444	d__Bacteria; p__Firmicutes; c__Bacilli; o__Bacillales; f__Bacillaceae; g__Bacillus	0.9901726948123724
b5e191eb9b59563000fae33ba0cf7711	d__Bacteria; p__Acidobacteriota; c__Thermoanaerobaculia; o__Thermoanaerobaculales; f__Thermoanaerobaculaceae; g__Subgroup_10; s__Acidobacteria_bacterium	0.7961300262030556
b5e9bb5c76bb2002c774477e10191a46	d__Bacteria; p__Myxococcota; c__Myxococcia; o__Myxococcales; f__Myxococcaceae; g__P3OB-42; s__uncultured_delta	0.7110335219431377
b5f296452f6f55f69df8b7cac47a8363	d__Bacteria	0.9999999999999235
b5fee9a0509e198795d4b966745d9c8d	d__Bacteria; p__Proteobacteria; c__Alphaproteobacteria; o__Caulobacterales; f__Hyphomonadaceae; g__SWB02	0.9999416862958586
b6033d4b95df59d1a642133ad4e30397	d__Bacteria; p__Verrucomicrobiota; c__Verrucomicrobiae; o__Pedosphaerales; f__Pedosphaeraceae; g__Pedosphaeraceae; s__metagenome	0.9630758953802265
b6140ed4400d7f0ee80051fd65ac10e6	d__Bacteria; p__Acidobacteriota; c__Acidobacteriae; o__Acidobacteriales; f__Acidobacteriaceae_(Subgroup_1); g__Granulicella	0.998861977506419
b61f5711a8e20d81bb41ec7746f72bb4	d__Bacteria; p__Acidobacteriota; c__Vicinamibacteria; o__Vicinamibacterales; f__uncultured; g__uncultured	0.999923826680759
b62741086aa5c3d67b497de272b3b261	d__Bacteria; p__Planctomycetota; c__Planctomycetes; o__Pirellulales; f__Pirellulaceae; g__Pirellula; s__agricultural_soil	0.9986541530385353
b64674eefe3e1001b7f8a7f48f55762d	d__Archaea; p__Thermoplasmatota; c__Thermoplasmata; o__Marine_Group_II; f__Marine_Group_II; g__Marine_Group_II; s__uncultured_archaeon	0.9998917803260728
b64cbe0e6e5bd69ad9503505bb7c5528	d__Bacteria; p__Proteobacteria; c__Alphaproteobacteria; o__Acetobacterales; f__Acetobacteraceae	0.9999999562170887
b66e1e5cba93aabe3ffca1138b35ebd8	d__Bacteria; p__Proteobacteria; c__Alphaproteobacteria; o__Azospirillales; f__Azospirillaceae; g__Azospirillum	0.9018484080582405
b67b418464b2857e85be6c9374ae3d20	d__Bacteria; p__Verrucomicrobiota; c__Verrucomicrobiae; o__Opitutales; f__Opitutaceae; g__Opitutus	0.74226620262237
b67c995d842e5b4b92fa0ce052603ef1	d__Bacteria; p__Actinobacteriota; c__Thermoleophilia; o__Solirubrobacterales; f__Solirubrobacteraceae	0.9947730815764093
b6926d0b7dee3bf4715f3180ea61717c	d__Bacteria; p__Firmicutes; c__Clostridia; o__Clostridiales; f__Clostridiaceae	0.9994753389311958
b69651d430f88f9ff70821bcd2c1506d	d__Bacteria; p__Proteobacteria; c__Alphaproteobacteria; o__Rickettsiales; f__Rickettsiaceae	0.9970701474145316
b6a91f3702ffea61f9165536b9bba782	d__Bacteria; p__Proteobacteria; c__Alphaproteobacteria; o__Rhizobiales; f__Beijerinckiaceae; g__Methylobacterium-Methylorubrum	0.8378930047518715
b6aa72a8fe1654ce2c208078ed3c819f	d__Bacteria; p__Chloroflexi; c__Anaerolineae; o__SBR1031; f__A4b; g__A4b	0.9999704058793591
b6b6f25c6da42a71357aec62b46a70bd	d__Bacteria; p__Verrucomicrobiota; c__Verrucomicrobiae; o__Pedosphaerales; f__Pedosphaeraceae; g__Pedosphaeraceae	0.9999584398590028
b6c40a767e41845939d97b8aeaa031d6	d__Bacteria; p__Acidobacteriota; c__Vicinamibacteria; o__Vicinamibacterales; f__uncultured; g__uncultured; s__uncultured_bacterium	0.8592144242949417
b6cbf6077b64acbb718971a1ffc97a27	d__Bacteria; p__Bacteroidota; c__Bacteroidia; o__Chitinophagales; f__Chitinophagaceae; g__Niastella	0.8689264509122484
b6e4476b49cc2fcef3ff0b5c1000c31d	d__Bacteria; p__Planctomycetota; c__OM190; o__OM190; f__OM190; g__OM190; s__uncultured_bacterium	0.9952061519341076
b6e7e5022d94568609c601e4cd456786	d__Bacteria; p__Acidobacteriota; c__Vicinamibacteria; o__Vicinamibacterales; f__Vicinamibacteraceae; g__Luteitalea	0.9999537012118616
b6ecadd1b4b7201c263bf9cd1190eca7	d__Bacteria; p__Proteobacteria; c__Gammaproteobacteria; o__Burkholderiales; f__SC-I-84; g__SC-I-84	0.9824647900489408
b6efd91da93c6703d24864f9a4d3cc65	d__Bacteria; p__Proteobacteria; c__Gammaproteobacteria; o__Burkholderiales; f__Comamonadaceae	0.9996581194021685
b70cd843161996e075a853900e699d0f	d__Bacteria; p__Firmicutes; c__Bacilli; o__Thermoactinomycetales; f__Thermoactinomycetaceae; g__Planifilum; s__uncultured_compost	0.9896448072257135
b7116ad5a54749130d66b4001c02d5d2	d__Bacteria; p__Acidobacteriota; c__Vicinamibacteria; o__Vicinamibacterales; f__Vicinamibacteraceae; g__Luteitalea	0.9999909253749791
b72a53e50098f51c5544b49c9358629e	d__Bacteria; p__Chloroflexi; c__Chloroflexia; o__Thermomicrobiales; f__JG30-KF-CM45; g__JG30-KF-CM45	0.7448424022987445
b7339051ff55bbbd343a791426e209e3	d__Bacteria; p__Actinobacteriota; c__Thermoleophilia; o__Solirubrobacterales; f__67-14; g__67-14	0.9938413305200073
b748c15b21dc0ff208a9a0146824c39e	d__Bacteria; p__Planctomycetota; c__Planctomycetes; o__Gemmatales; f__Gemmataceae; g__uncultured	0.9426242682396754
b7491ff0a279a0dde5b70469bd4625e6	d__Bacteria; p__Gemmatimonadota; c__Gemmatimonadetes; o__Gemmatimonadales; f__Gemmatimonadaceae; g__uncultured	0.9992286334981694
b74f9f5d312b912f053eb0f4f9effb9e	d__Bacteria; p__Proteobacteria; c__Alphaproteobacteria; o__Thalassobaculales; f__uncultured; g__uncultured; s__uncultured_bacterium	0.8364745881004909
b74ff12e8e1411dd379fd57907dbdbeb	d__Bacteria; p__Planctomycetota; c__OM190; o__OM190; f__OM190; g__OM190; s__uncultured_bacterium	0.9903389399676232
b761cf144fc5b4bf9ec4dcc9d87b2170	d__Bacteria; p__Actinobacteriota; c__Thermoleophilia; o__Gaiellales	0.9997945959523893
b77ae21cca95a44bff4f0378004fc727	d__Bacteria; p__Bdellovibrionota; c__Bdellovibrionia; o__Bdellovibrionales; f__Bdellovibrionaceae; g__Bdellovibrio; s__uncultured_bacterium	0.9474112127953113
b77b515cb4621b712b98618337662832	d__Bacteria; p__Planctomycetota; c__OM190; o__OM190; f__OM190; g__OM190; s__planctomycete_A-2	0.99774554634053
b79e96347b9eecc31cff3787deda5521	d__Bacteria; p__Acidobacteriota; c__Vicinamibacteria; o__Vicinamibacterales; f__uncultured; g__uncultured	0.9998386272086345
b7b9d5824951d6cb9e2b363a15d30f27	d__Bacteria; p__Gemmatimonadota; c__Gemmatimonadetes; o__Gemmatimonadales; f__Gemmatimonadaceae; g__Gemmatimonas; s__uncultured_Gemmatimonadaceae	0.7119298400704996
b7c432f4dde77be61d4c1418c44be0d1	d__Bacteria; p__Planctomycetota; c__Phycisphaerae; o__Tepidisphaerales; f__WD2101_soil_group; g__WD2101_soil_group	0.9986192494540249
b7c8e077b0069ae19504dee8bec29dfc	d__Archaea; p__Thermoplasmatota; c__Thermoplasmata; o__Marine_Group_II; f__Marine_Group_II; g__Marine_Group_II; s__uncultured_archaeon	0.9999024594091673
b7d8434266fbce1bdbc2a7ceec0c9794	d__Bacteria; p__Acidobacteriota; c__Vicinamibacteria; o__Vicinamibacterales; f__uncultured; g__uncultured; s__uncultured_bacterium	0.8006410512154962
b7dbcca8f825be20b2be3b23c896743d	d__Bacteria; p__Myxococcota; c__Polyangia; o__Polyangiales; f__BIrii41; g__BIrii41	0.9993614560475719
b7dc5f6918c303df5c9d4686ffc51373	d__Bacteria; p__Gemmatimonadota; c__Gemmatimonadetes; o__Gemmatimonadales; f__Gemmatimonadaceae	0.9999332539301196
b7e35d731863242b417a93834ffa24e6	d__Bacteria; p__Firmicutes; c__Clostridia; o__Clostridiales; f__Clostridiaceae	0.99996163747048
b7f474b0acfab65ab46cca32ff4af115	d__Bacteria; p__Acidobacteriota; c__Vicinamibacteria; o__Vicinamibacterales; f__uncultured; g__uncultured	0.9999128412183884
b7f8206a89187b37b66eb328dd55aa2f	d__Bacteria; p__Myxococcota; c__Polyangia; o__Nannocystales; f__Nannocystaceae; g__Nannocystis	0.9951968860909167
b801ef42f93993b2e6aa221190481ce1	d__Bacteria; p__Planctomycetota; c__Planctomycetes; o__Pirellulales; f__Pirellulaceae; g__Pirellula	0.7242554963941464
b8040d84206511b18cae9a55e0724f21	d__Bacteria; p__Firmicutes; c__Bacilli; o__Bacillales; f__Bacillaceae; g__Bacillus	0.9998020853011721
b80535ba77008480c66e64703d76f705	d__Bacteria; p__Verrucomicrobiota; c__Verrucomicrobiae; o__Pedosphaerales; f__Pedosphaeraceae; g__Pedosphaeraceae; s__uncultured_bacterium	0.7993333565074117
b81724008f66680b03d4e77cf38de182	d__Bacteria; p__Bdellovibrionota; c__Bdellovibrionia; o__Bdellovibrionales; f__Bdellovibrionaceae; g__Bdellovibrio; s__Bdellovibrio_bacteriovorus	0.8326079250123829
b81b2b4a7ca9eb2c23b170648dfaf22d	d__Bacteria; p__Proteobacteria; c__Alphaproteobacteria; o__Rhizobiales; f__Xanthobacteraceae; g__Rhodoplanes	0.9858152082353882
b81c0667074ee8674fc361453891dd56	d__Bacteria; p__Dependentiae; c__Babeliae; o__Babeliales; f__Vermiphilaceae; g__Vermiphilaceae	0.9996384818000733
b82e7fb002569f9645a5d41e8582d4a2	d__Bacteria; p__Actinobacteriota; c__Actinobacteria; o__Propionibacteriales; f__Nocardioidaceae; g__Nocardioides	0.9998854416278338
b8384d641673ae0474742c7f4c12dee8	d__Bacteria; p__Bacteroidota; c__Bacteroidia; o__Cytophagales; f__Microscillaceae; g__uncultured; s__metagenome	0.8546510747974372
b85a264ac0cf563758afe938f07d21fa	d__Bacteria; p__Verrucomicrobiota; c__Verrucomicrobiae; o__Verrucomicrobiales; f__DEV007; g__DEV007	0.7311139162499171
b883b549d2f8ccc73798882e0a236fb5	d__Bacteria; p__Gemmatimonadota; c__Gemmatimonadetes; o__Gemmatimonadales; f__Gemmatimonadaceae; g__Gemmatimonas; s__Gemmatimonas_sp.	0.9873904201912814
b88efba97658a6936bb053985d026ace	d__Bacteria; p__Proteobacteria; c__Alphaproteobacteria	0.9999971775286157
b890f407fb236a9b5cddf0b6210606c8	d__Bacteria; p__Chloroflexi; c__P2-11E; o__P2-11E; f__P2-11E; g__P2-11E; s__uncultured_bacterium	0.9999979773343873
b89213f718a673bc202241ef229551f2	d__Bacteria; p__Firmicutes; c__Bacilli; o__Lactobacillales; f__Lactobacillaceae; g__Lactobacillus; s__Lactobacillus_acetotolerans	0.8075412761567649
b89300be676cbefba20d322ac4e460b3	d__Bacteria; p__Planctomycetota; c__Planctomycetes; o__Gemmatales; f__Gemmataceae; g__uncultured	0.9559887542079485
b89347f0534679f890628364d2c7b4fe	d__Bacteria; p__Bacteroidota; c__Bacteroidia; o__Chitinophagales; f__Chitinophagaceae; g__Flaviaesturariibacter; s__uncultured_bacterium	0.9744394444802109
b89c42ed49b02aed6720f461a081d68d	d__Bacteria; p__Planctomycetota; c__Planctomycetes; o__Pirellulales; f__Pirellulaceae; g__Pirellula	0.9998978490940459
b8acdd45cf33ab75fe4c0851a1787dc5	d__Bacteria; p__Proteobacteria; c__Gammaproteobacteria; o__Burkholderiales; f__Oxalobacteraceae	0.9984925068319065
b8d9f314912fb8187e13af22c03cd88f	d__Bacteria; p__Myxococcota; c__Myxococcia; o__Myxococcales; f__Myxococcaceae; g__P3OB-42; s__uncultured_bacterium	0.9819913268855625
b8de20a8bdafd698541a474170c41c4b	d__Bacteria; p__Proteobacteria; c__Alphaproteobacteria; o__Rhizobiales; f__Rhizobiaceae; g__Allorhizobium-Neorhizobium-Pararhizobium-Rhizobium	0.9888434455026442
b8f932f889a6afecdca577e47c243c2f	d__Bacteria; p__Bacteroidota; c__Bacteroidia; o__Cytophagales; f__Spirosomaceae; g__Dyadobacter	0.9999823634898872
b8fbe7fa1515b15b49a8c92b9747ae70	d__Bacteria; p__Firmicutes; c__Bacilli; o__Bacillales; f__Bacillaceae	0.9750539082337589
b929c0ddea838055044e022b6861a776	d__Bacteria; p__Proteobacteria; c__Alphaproteobacteria; o__Dongiales; f__Dongiaceae; g__Dongia	0.9990758078033116
b92d730b53169c39fbb5b4d4479d3d1e	d__Bacteria; p__Firmicutes; c__Bacilli; o__Caldalkalibacillales; f__Caldalkalibacillaceae; g__Caldalkalibacillus; s__uncultured_bacterium	0.9982754780006102
b9380d8f23fc6c929b46d19890de9822	d__Bacteria; p__Bacteroidota; c__Bacteroidia; o__Chitinophagales; f__Chitinophagaceae; g__uncultured; s__uncultured_microorganism	0.9773576709961452
b93fc4a05deb9d5b0cf0b3044cb76627	d__Bacteria; p__Proteobacteria; c__Gammaproteobacteria; o__Xanthomonadales; f__Rhodanobacteraceae	0.9997776181409935
b9485c974784511024a593e0ddf86dc0	d__Bacteria; p__Verrucomicrobiota; c__Chlamydiae; o__Chlamydiales; f__Criblamydiaceae; g__Estrella; s__Estrella_lausannensis	0.998707707577197
b9529444f05a547a26e1e1e197e100bb	d__Bacteria; p__Acidobacteriota; c__Vicinamibacteria; o__Vicinamibacterales; f__Vicinamibacteraceae; g__Vicinamibacteraceae	0.9996917639224443
b95d6d0ea5adeb584402c20d19b7d997	d__Bacteria; p__Planctomycetota; c__Planctomycetes; o__Gemmatales; f__Gemmataceae; g__uncultured; s__uncultured_Planctomycetia	0.9323989921824352
b962ce332fea338b05293d1a5a29cbca	d__Bacteria; p__Acidobacteriota; c__Blastocatellia; o__Blastocatellales; f__Blastocatellaceae	0.9999999993379282
b96e2f9928a064e307ba7a954fd1d4fe	d__Bacteria; p__Myxococcota; c__Polyangia; o__Haliangiales; f__Haliangiaceae; g__Haliangium	0.9449317847674022
b96e9c3565257ad05eb9167ffe6cdb01	d__Bacteria; p__Cyanobacteria; c__Sericytochromatia; o__Sericytochromatia; f__Sericytochromatia; g__Sericytochromatia; s__Hyaloperonospora_arabidopsidis	0.989180512072734
b976928208241bab16eea48f1da5cfcc	d__Bacteria; p__Acidobacteriota; c__Subgroup_25; o__Subgroup_25; f__Subgroup_25; g__Subgroup_25	0.9999999852167432
b97b795e3a8bacfe932d28068205e50a	d__Bacteria; p__Firmicutes; c__Clostridia; o__Clostridiales; f__Clostridiaceae; g__Clostridium_sensu_stricto_10	0.7313881722957719
b9803f4de04f59c546eaa2d5cfdde58f	d__Bacteria; p__Gemmatimonadota; c__Gemmatimonadetes; o__Gemmatimonadales; f__Gemmatimonadaceae; g__uncultured; s__metagenome	0.78732408150662
b9935c36d1627d7a4298b3c9c67b0ef6	d__Bacteria; p__Verrucomicrobiota; c__Verrucomicrobiae; o__Pedosphaerales; f__Pedosphaeraceae; g__Ellin517; s__uncultured_bacterium	0.9904315944718753
b9a6f74dc45a77868911f052daa84a27	d__Bacteria; p__Planctomycetota; c__OM190; o__OM190; f__OM190; g__OM190; s__uncultured_bacterium	0.9521077512304256
b9d2b61bb2e8b46649bd5f3ca538c182	d__Bacteria; p__Firmicutes; c__Bacilli; o__Bacillales; f__Bacillaceae; g__Bacillus	0.9983103883488998
b9d4a237cf4b491dfced18989b9e2dfd	d__Bacteria; p__Gemmatimonadota; c__Gemmatimonadetes; o__Gemmatimonadales; f__Gemmatimonadaceae; g__uncultured; s__uncultured_Gemmatimonadetes	0.7070225297735587
b9dc1f96629843328b14490d28f7c5b6	d__Bacteria; p__Proteobacteria; c__Alphaproteobacteria; o__Rhizobiales; f__Hyphomicrobiaceae; g__Pedomicrobium	0.8546819553011834
b9dc5c12bb19253b358228bb9f4d2480	d__Bacteria; p__Planctomycetota; c__Planctomycetes; o__Pirellulales; f__Pirellulaceae	0.9997434080961164
b9de3a785b8494e844e426f2fcc6de11	d__Bacteria; p__Proteobacteria; c__Alphaproteobacteria; o__Rhodobacterales; f__Rhodobacteraceae; g__Rhodobacteraceae; s__Oceanicola_sp.	0.903922683548154
b9e121c6e263a69228b19a3cf0762a90	d__Bacteria; p__Acidobacteriota; c__Blastocatellia; o__Pyrinomonadales; f__Pyrinomonadaceae; g__RB41	0.9992880431427997
b9e955ea5254dd68b54775aad2a67829	d__Bacteria; p__Halanaerobiaeota; c__Halanaerobiia; o__Halanaerobiales; f__Halanaerobiaceae; g__Halocella; s__uncultured_bacterium	0.9819153153233885
ba1d3327e3ecc4373d9cb4c54157a4b4	d__Bacteria; p__Verrucomicrobiota; c__Verrucomicrobiae; o__Verrucomicrobiales; f__Verrucomicrobiaceae; g__uncultured; s__uncultured_bacterium	0.7860072219692196
ba20d0bea8ae363402f8196d7cca709a	d__Bacteria; p__Bacteroidota; c__Bacteroidia; o__Flavobacteriales; f__Crocinitomicaceae; g__Crocinitomix; s__uncultured_bacterium	0.8335153913869364
ba262ccfd41119506475e58441f01fdb	d__Bacteria; p__Actinobacteriota; c__Actinobacteria; o__Euzebyales; f__Euzebyaceae; g__uncultured; s__uncultured_Actinomycetales	0.8349600206399379
ba3943fb075bbf63fb699638292826a1	d__Bacteria; p__Myxococcota; c__Myxococcia; o__Myxococcales; f__Myxococcaceae; g__Archangium; s__Archangium_gephyra	0.8977817193682023
ba3aa56b80b5c942cc81d4e6f880dfaf	d__Bacteria; p__Bacteroidota; c__Bacteroidia; o__Chitinophagales; f__uncultured; g__uncultured; s__uncultured_soil	0.9860453755075547
ba3e41944d9dec12c302c82893821064	d__Bacteria; p__Cyanobacteria; c__Cyanobacteriia; o__Chloroplast; f__Chloroplast; g__Chloroplast	0.9999997802927507
ba3f38914b3aace1d8440d86be359a67	d__Bacteria; p__Cyanobacteria; c__Cyanobacteriia; o__Chloroplast; f__Chloroplast; g__Chloroplast; s__Chloroplast_expression	0.9002170638639548
ba4408cb03a15808feb44e40f083d8ac	d__Bacteria; p__Proteobacteria; c__Gammaproteobacteria; o__Pseudomonadales; f__Pseudomonadaceae; g__Azotobacter	0.9506592190030899
ba4ce7e4142ad3d302ca203ab0b1432f	d__Bacteria; p__Myxococcota; c__Myxococcia; o__Myxococcales; f__Myxococcaceae; g__Corallococcus; s__Melittangium_lichenicola	0.9428954210383951
ba672c15b18dced2a59d17d4892293b9	d__Bacteria; p__Acidobacteriota; c__Vicinamibacteria; o__Vicinamibacterales; f__uncultured; g__uncultured	0.9999985542847658
ba6a3302bcf7c1a6c40f814177df6c0d	d__Bacteria; p__Elusimicrobiota; c__Lineage_IIa; o__Lineage_IIa; f__Lineage_IIa; g__Lineage_IIa; s__uncultured_bacterium	0.8677758192230469
ba758c4c76f0ca1f7476201f57e188f4	d__Bacteria; p__Methylomirabilota; c__Methylomirabilia; o__Rokubacteriales; f__WX65; g__WX65	0.9989601206824392
ba7c6ab0f9825b4536cba6d4c9fddee5	d__Bacteria; p__Actinobacteriota; c__Actinobacteria; o__Micromonosporales; f__Micromonosporaceae	0.9990854164754539
ba81ea82cd58aff530f7c003e1941fe2	d__Bacteria; p__Gemmatimonadota; c__BD2-11_terrestrial_group; o__BD2-11_terrestrial_group; f__BD2-11_terrestrial_group; g__BD2-11_terrestrial_group; s__metagenome	0.8920311586888497
ba8707aa88a2a62939d9338189b2a733	d__Bacteria; p__Proteobacteria; c__Gammaproteobacteria; o__Enterobacterales; f__Enterobacteriaceae	0.9975625806638607
ba911f26d0c66201ae55206d10bac424	d__Bacteria; p__Planctomycetota; c__Planctomycetes; o__Gemmatales; f__Gemmataceae; g__Gemmata	0.8787413349261758
ba98f20d26154f07ac7921b568614982	d__Bacteria; p__Actinobacteriota; c__Acidimicrobiia; o__Microtrichales; f__Iamiaceae; g__Iamia	0.9841300299686455
ba9e8a32677fd3942233eed9c6191ea7	d__Bacteria; p__Actinobacteriota; c__Acidimicrobiia; o__IMCC26256; f__IMCC26256; g__IMCC26256	0.996915071906544
baa24e9cab8436dff719ccc07fe642b6	d__Bacteria	0.9999999875954577
baa670066191af6621241e640c7f1434	d__Bacteria; p__Cyanobacteria; c__Cyanobacteriia; o__Oxyphotobacteria_Incertae_Sedis; f__Unknown_Family; g__Leptolyngbya_ANT.L52.2	0.9994541382570151
bab023995e9d13bf955e48fab6973678	d__Bacteria; p__Acidobacteriota; c__Vicinamibacteria; o__Vicinamibacterales; f__Vicinamibacteraceae; g__Vicinamibacteraceae	0.9999800862395968
bab3f08e1d75f42987012cae451639ff	d__Bacteria; p__Firmicutes; c__Bacilli; o__Bacillales; f__Bacillaceae; g__Bacillus; s__Bacillus_halmapalus	0.8036512836372866
bab49f6c02055c3e0e5b7ac0761b32a0	d__Bacteria; p__Proteobacteria; c__Gammaproteobacteria; o__Burkholderiales; f__Comamonadaceae; g__Ramlibacter	0.9124510194362363
bad604a836347939c6cf8c163a32dd65	d__Bacteria; p__Acidobacteriota; c__Vicinamibacteria; o__Subgroup_17; f__Subgroup_17; g__Subgroup_17	0.9999999949518928
bae4871a17d500ff4924d96710b2b7d5	d__Bacteria; p__Chloroflexi; c__Anaerolineae; o__Anaerolineales; f__Anaerolineaceae; g__UTCFX1	0.8812375726452945
bb0414a9a1f89d3d097dd5476076551e	d__Bacteria; p__Proteobacteria; c__Gammaproteobacteria; o__Burkholderiales; f__Comamonadaceae; g__Pseudacidovorax; s__Pseudacidovorax_intermedius	0.7559599168519368
bb21211802c75df1bad7bdce2d1c5a60	d__Bacteria; p__Planctomycetota; c__Planctomycetes; o__uncultured; f__uncultured; g__uncultured; s__uncultured_bacterium	0.989956207259287
bb26ac6a7b3e4c5241155356c0348aa3	d__Bacteria; p__Actinobacteriota; c__Actinobacteria; o__0319-7L14; f__0319-7L14; g__0319-7L14; s__uncultured_bacterium	0.8159584440893225
bb30c487c915eb0708e3eac14375a2d4	d__Bacteria; p__Entotheonellaeota; c__Entotheonellia; o__Entotheonellales; f__Entotheonellaceae; g__Entotheonellaceae	0.9999930659549081
bb4d126351f11be16db1f6cbbe56c5cc	d__Bacteria; p__Bacteroidota; c__Bacteroidia; o__Flavobacteriales; f__Flavobacteriaceae; g__Capnocytophaga; s__Capnocytophaga_sputigena	0.9251115482582749
bb51957b9278cfdc1332caada5e2411e	d__Bacteria; p__Actinobacteriota; c__MB-A2-108; o__MB-A2-108; f__MB-A2-108; g__MB-A2-108; s__uncultured_bacterium	0.7017372989929354
bb5344ed03030a915cd0c03d6bbc2a4d	d__Bacteria; p__Gemmatimonadota; c__Gemmatimonadetes; o__Gemmatimonadales; f__Gemmatimonadaceae; g__uncultured	0.9993136457371308
bb65a1cb09b470e74236df8c43fdab36	d__Bacteria; p__Chloroflexi; c__Dehalococcoidia; o__SAR202_clade; f__SAR202_clade; g__SAR202_clade	0.9962358309889675
bb68829d0088765a8a8766f85d34ec1e	d__Bacteria; p__Proteobacteria; c__Alphaproteobacteria; o__Rhodobacterales; f__Rhodobacteraceae; g__Actibacterium; s__uncultured_Alphaproteobacteria	0.7943744964033508
bb68b7e12ee209c47a7eb14b429be411	d__Bacteria; p__Proteobacteria; c__Gammaproteobacteria; o__Steroidobacterales; f__Steroidobacteraceae; g__Steroidobacter	0.8785502625033135
bb7f0ee34ffb4227114fcecc6653f867	d__Bacteria; p__Proteobacteria; c__Gammaproteobacteria; o__Burkholderiales; f__Nitrosomonadaceae; g__Ellin6067; s__uncultured_bacterium	0.8004657345160529
bb899d1dcfd89cb200a76cb8951904f8	d__Bacteria; p__Verrucomicrobiota; c__Verrucomicrobiae; o__Verrucomicrobiales; f__Verrucomicrobiaceae; g__Roseimicrobium; s__Roseimicrobium_gellanilyticum	0.8982959075547415
bb8a393eb93ce567c1b56332bd2f91da	d__Bacteria; p__Planctomycetota; c__Phycisphaerae; o__Phycisphaerales; f__Phycisphaeraceae; g__uncultured; s__uncultured_bacterium	0.9583936189629523
bb901186ebb2ac8a5cfd197445f79308	d__Bacteria; p__Chloroflexi; c__Anaerolineae; o__Ardenticatenales; f__uncultured; g__uncultured	0.9998944471998127
bb9158e0f3ce7a042f282059623601a5	d__Bacteria; p__Cyanobacteria; c__Cyanobacteriia; o__Chloroplast; f__Chloroplast; g__Chloroplast	0.999952690551986
bba09a403e67c1381de01c86511f1057	d__Bacteria; p__Proteobacteria; c__Alphaproteobacteria; o__Rhizobiales; f__Hyphomicrobiaceae; g__Hyphomicrobium	0.993043113944724
bba30aab7b5d44ea28b5320825f83cd7	d__Bacteria; p__Nitrospirota; c__Nitrospiria; o__Nitrospirales; f__Nitrospiraceae; g__Nitrospira	0.9999999996232711
bbc0e1181565fb0b0cba95ecfc2d7546	d__Bacteria; p__Acidobacteriota; c__Vicinamibacteria; o__Vicinamibacterales; f__uncultured; g__uncultured; s__uncultured_Acidobacteria	0.8894914475448678
bbceb90791bca9ae4a206935d466aa42	d__Bacteria; p__Actinobacteriota; c__Thermoleophilia; o__Solirubrobacterales; f__Solirubrobacteraceae; g__Parviterribacter; s__uncultured_bacterium	0.9402886405302999
bbd15e3eafa12dc7eec8b0805f566744	d__Bacteria; p__Planctomycetota; c__Planctomycetes; o__Pirellulales; f__Pirellulaceae; g__Pir4_lineage	0.9714474405883096
bbd6fc86161a10a2433dda3273e9fd4d	d__Bacteria; p__Acidobacteriota; c__Vicinamibacteria; o__Vicinamibacterales; f__uncultured; g__uncultured; s__uncultured_Acidobacteriaceae	0.8301853197347758
bbdcb95882575171af277aefa0989390	d__Bacteria; p__Planctomycetota; c__Planctomycetes; o__Pirellulales; f__Pirellulaceae; g__Pir4_lineage; s__uncultured_Planctomycetaceae	0.813960571023882
bbe2c79f24caea331dbbf4cab27bde0c	d__Bacteria; p__Actinobacteriota; c__Thermoleophilia; o__Solirubrobacterales; f__Solirubrobacteraceae	0.9974826757005191
bbf0d74f0d5d6180beeb1b8f72e9cb60	d__Bacteria; p__Patescibacteria; c__Parcubacteria; o__Candidatus_Azambacteria; f__Candidatus_Azambacteria; g__Candidatus_Azambacteria	0.9772340625595264
bbf964d22098cfc845173dcca6368550	d__Archaea; p__Thermoplasmatota; c__Thermoplasmata; o__Marine_Group_II; f__Marine_Group_II; g__Marine_Group_II	0.9139898887946353
bc003fb776cb60b82e4831bd87cad973	d__Bacteria; p__Planctomycetota; c__Phycisphaerae; o__Phycisphaerales; f__Phycisphaeraceae; g__SM1A02; s__uncultured_anaerobic	0.7626216668843379
bc09663d25c59dd4eaf698d42ee77ddc	d__Bacteria; p__Myxococcota; c__Polyangia; o__Polyangiales; f__BIrii41; g__BIrii41	0.9499205802783474
bc0da44cd41fa85421f3a20cc8ea86ff	d__Bacteria; p__Firmicutes; c__Bacilli; o__Bacillales; f__Salisediminibacteriaceae; g__Salipaludibacillus; s__uncultured_bacterium	0.7120233745551084
bc14cd54c2ab0bf41518f2f904bd2ffd	d__Bacteria; p__Acidobacteriota; c__Vicinamibacteria; o__Vicinamibacterales; f__uncultured; g__uncultured	0.9973503331348303
bc1d3aeba229a2bb303786c162c1d4bf	d__Bacteria; p__Planctomycetota; c__Phycisphaerae; o__Phycisphaerales; f__Phycisphaeraceae; g__AKYG587; s__uncultured_bacterium	0.9978666475672311
bc1ee7ed4034fcf74c6ffdfabd41a1c1	d__Bacteria; p__Myxococcota; c__Myxococcia; o__Myxococcales; f__Myxococcaceae; g__P3OB-42; s__uncultured_bacterium	0.9536514072523605
bc30f6af37b6455fe91053d0a4159089	d__Bacteria; p__Acidobacteriota; c__Thermoanaerobaculia; o__Thermoanaerobaculales; f__Thermoanaerobaculaceae; g__Subgroup_10	0.9999994086245396
bc3aa5c4db79a437f633805537030214	d__Bacteria; p__Bacteroidota; c__Bacteroidia; o__Sphingobacteriales; f__Sphingobacteriaceae; g__Pedobacter	0.9892129888747739
bc426e316691b30924229acb05387a7b	d__Bacteria; p__Bacteroidota; c__Bacteroidia; o__Cytophagales; f__Microscillaceae; g__Ohtaekwangia	0.9054219491911666
bc57f364dd8ac653a57fe0bd824b295c	d__Bacteria; p__Myxococcota; c__Polyangia; o__Haliangiales; f__Haliangiaceae; g__Haliangium	0.994298314834407
bc67d8bef4915a77960e7c738b5d0550	d__Bacteria; p__Bacteroidota; c__Bacteroidia; o__Chitinophagales; f__Chitinophagaceae	0.9999949558965586
bc78ee7297b6912452be0865d113f7ad	d__Bacteria; p__Proteobacteria; c__Gammaproteobacteria; o__Enterobacterales; f__Enterobacteriaceae	0.9928864361547952
bc8dd9ed34422b93b216f4eb2410c7f3	d__Bacteria; p__Proteobacteria; c__Gammaproteobacteria; o__Xanthomonadales; f__Xanthomonadaceae; g__Arenimonas	0.7676015648289609
bc8f192322abc9de80eb62ac77eb968d	d__Bacteria; p__Acidobacteriota; c__Vicinamibacteria; o__Vicinamibacterales; f__Vicinamibacteraceae; g__Vicinamibacteraceae; s__uncultured_Geothrix	0.8704766606293209
bc905dcc609da83d3620f1986e63a9f7	d__Bacteria; p__Proteobacteria; c__Gammaproteobacteria	0.9999618534542104
bc99319c395873866303338467fca5ba	d__Bacteria; p__Firmicutes; c__Bacilli; o__uncultured; f__uncultured; g__uncultured; s__uncultured_bacterium	0.9087679545057122
bca861774922ed9ad5bf3a5ae761325d	d__Bacteria; p__Myxococcota; c__Polyangia; o__Haliangiales; f__Haliangiaceae; g__Haliangium; s__uncultured_proteobacterium	0.7145742362812849
bce44647e58f724990c5eb1f4e6a7623	d__Bacteria; p__Proteobacteria; c__Alphaproteobacteria; o__Tistrellales; f__Geminicoccaceae; g__uncultured	0.9962865836348163
bce6dfa3bbc14103d39505439582cab3	d__Bacteria; p__Proteobacteria; c__Gammaproteobacteria; o__Burkholderiales; f__SC-I-84; g__SC-I-84	0.9914063038844341
bcfb05c544de3b7535c308f7fa1cecc0	d__Bacteria; p__Actinobacteriota; c__Acidimicrobiia; o__Microtrichales; f__Ilumatobacteraceae; g__CL500-29_marine_group; s__metagenome	0.7612079605366961
bcff4de1a5c8a9b40c832e6c6b26b76d	d__Bacteria; p__Bdellovibrionota; c__Bdellovibrionia; o__Bdellovibrionales; f__Bdellovibrionaceae; g__Bdellovibrio; s__uncultured_soil	0.8673223132780594
bd058bc523ab8950bc55d50b42eef0f4	d__Bacteria; p__Verrucomicrobiota; c__Verrucomicrobiae; o__Verrucomicrobiales; f__Rubritaleaceae; g__Luteolibacter	0.999455434992632
bd074b9bf365d11468bd76268d63b15b	d__Bacteria; p__Proteobacteria; c__Gammaproteobacteria; o__PLTA13; f__PLTA13; g__PLTA13; s__uncultured_gamma	0.726292256163823
bd0a2c55d9dc18c7564f15e6874cb3de	d__Bacteria; p__Bacteroidota; c__Bacteroidia; o__Chitinophagales; f__Chitinophagaceae	0.9999994842026668
bd19b0557170606437e0415d7d952dd3	d__Bacteria; p__Gemmatimonadota; c__Gemmatimonadetes; o__Gemmatimonadales; f__Gemmatimonadaceae; g__uncultured	0.9276279455248948
bd380ebc142c2a23cf6cfb07fe9cd3fc	d__Bacteria; p__Planctomycetota; c__Planctomycetes; o__Pirellulales; f__Pirellulaceae; g__Pir4_lineage; s__uncultured_Planctomycetaceae	0.8670661089025855
bd43eae7ad94c23e50df2f1703842bfe	d__Bacteria; p__Actinobacteriota; c__Acidimicrobiia; o__Microtrichales; f__Ilumatobacteraceae	0.9999076304743125
bd458976f6c011e31942ebb52b37677f	d__Bacteria; p__Gemmatimonadota; c__Gemmatimonadetes; o__Gemmatimonadales; f__Gemmatimonadaceae; g__Gemmatimonas	0.9710674826365238
bd547384b1e7044e03eb9d6ef2afcf38	d__Bacteria; p__Proteobacteria; c__Gammaproteobacteria	0.9999999997439211
bd5843b76ca06c5ed025baba3cb4ed37	d__Bacteria; p__Myxococcota; c__Polyangia; o__Haliangiales; f__Haliangiaceae; g__Haliangium	0.9991064537336989
bd860652e955ad247e384bd4d72a6166	d__Bacteria; p__Proteobacteria; c__Gammaproteobacteria; o__Burkholderiales; f__TRA3-20; g__TRA3-20	0.9999266012278863
bd9cc506561f8aeff54960820aab593c	d__Bacteria; p__Acidobacteriota; c__Vicinamibacteria; o__Vicinamibacterales; f__Vicinamibacteraceae; g__Vicinamibacteraceae	0.8773491035739478
bda8f505a076840fc64c10c5b74456d7	d__Bacteria; p__Bacteroidota; c__Bacteroidia; o__Sphingobacteriales; f__FFCH9454; g__FFCH9454; s__uncultured_bacterium	0.9807524060636195
bdaa90b32f6a8a131d82c4f13056d890	d__Bacteria; p__Actinobacteriota; c__Actinobacteria; o__Propionibacteriales; f__Nocardioidaceae; g__Nocardioides	0.98574251151365
bdb2c2848920debfba17c38ab77c0ccc	d__Bacteria; p__Actinobacteriota; c__Actinobacteria; o__Micrococcales; f__Microbacteriaceae; g__Agromyces; s__Agromyces_ulmi	0.8078403166469895
bdb79cc0846e5198ce939344b77c3467	d__Bacteria; p__Bdellovibrionota; c__Bdellovibrionia; o__Bacteriovoracales; f__Bacteriovoracaceae; g__Peredibacter	0.9998007924604448
bdb956435e572350f2865b6e50219b04	d__Bacteria; p__Verrucomicrobiota; c__Verrucomicrobiae; o__Verrucomicrobiales; f__Rubritaleaceae; g__Luteolibacter; s__Luteolibacter_cuticulihirudinis	0.7585540126088851
bdccfc5cb4620b1a29c3ae4962dfb3c9	d__Bacteria; p__Patescibacteria; c__Parcubacteria; o__Parcubacteria; f__Parcubacteria; g__Parcubacteria; s__uncultured_bacterium	0.9966681855196318
bdce2b9307c80af03ed5e0ceb8f35b17	d__Bacteria; p__Proteobacteria; c__Gammaproteobacteria; o__Steroidobacterales; f__Steroidobacteraceae; g__Steroidobacter	0.8451201500577237
bdd9b87b782b8f935ecac62a9824e6a1	d__Bacteria; p__Planctomycetota; c__Planctomycetes; o__Pirellulales; f__Pirellulaceae	0.9210006556359472
bdf0ad902ad7ce21276268264e663bf9	d__Bacteria; p__Planctomycetota; c__Planctomycetes; o__Gemmatales; f__Gemmataceae; g__Gemmata	0.9777223382710446
bdfd0fe7746ffc4679b7e08cb2011ac2	d__Bacteria; p__Armatimonadota; c__Fimbriimonadia; o__Fimbriimonadales; f__Fimbriimonadaceae; g__Fimbriimonadaceae	0.9236213137839936
bdfffeb2083f93c230da09c5378c32bb	d__Bacteria; p__Actinobacteriota; c__Thermoleophilia; o__Gaiellales; f__Gaiellaceae; g__Gaiella	0.9257227049639289
be0fb70753250181a10eb1deb8c15b20	d__Bacteria; p__Planctomycetota; c__Planctomycetes; o__Gemmatales; f__Gemmataceae; g__Gemmata	0.9400677292995696
be113cdebe52a270b361ab1a7f7d28b3	d__Bacteria; p__Planctomycetota; c__OM190; o__OM190; f__OM190; g__OM190; s__uncultured_bacterium	0.963455571813058
be221e0873f210e938098a84fd99147f	d__Bacteria; p__Acidobacteriota; c__Vicinamibacteria; o__Vicinamibacterales; f__Vicinamibacteraceae; g__Luteitalea	0.9999117207650285
be24dfe003725a0b0f28f4136106faf8	d__Bacteria; p__Bacteroidota; c__Bacteroidia; o__Cytophagales; f__Microscillaceae; g__Chryseolinea	0.7506038936806914
be2b698fc718944af26b9056dbbab78b	d__Bacteria; p__Bdellovibrionota; c__Bdellovibrionia; o__Bdellovibrionales; f__Bdellovibrionaceae; g__Bdellovibrio; s__uncultured_bacterium	0.9571379770270266
be3d0274bb05c8f5829765b200884588	d__Bacteria; p__Acidobacteriota; c__Vicinamibacteria; o__Vicinamibacterales; f__Vicinamibacteraceae; g__Vicinamibacteraceae	0.9975025805405786
be3f53c3938129c728e212cba5f857cc	d__Bacteria; p__Patescibacteria; c__Saccharimonadia; o__Saccharimonadales; f__LWQ8; g__LWQ8	0.9640251890004609
be404f1f9336f395438ac3bdde957241	d__Bacteria; p__Firmicutes; c__Negativicutes; o__Veillonellales-Selenomonadales; f__Sporomusaceae; g__Sporomusa; s__uncultured_Sporomusa	0.8465732857776193
be41f6cf2ef5b5d6a0e63cf19d59b890	d__Bacteria; p__Firmicutes; c__Bacilli; o__Paenibacillales; f__Paenibacillaceae; g__Paenibacillus; s__Paenibacillus_pocheonensis	0.7746324632746403
be46c067a767cf7381e76f323cb70e83	d__Bacteria; p__Actinobacteriota; c__Acidimicrobiia; o__Actinomarinales; f__uncultured; g__uncultured; s__uncultured_soil	0.9893068370012346
be4f701c1dbfbda16c5150af29430141	d__Bacteria; p__Actinobacteriota; c__Thermoleophilia; o__Gaiellales	0.9999984081597373
be58dd3e75efcc3848e9445f59f9bf0e	d__Bacteria; p__Actinobacteriota; c__Actinobacteria; o__Micrococcales; f__Intrasporangiaceae	0.9770818219802754
be9a3727a0422aea147100370d046fa8	d__Bacteria; p__Gemmatimonadota; c__Gemmatimonadetes; o__Gemmatimonadales; f__Gemmatimonadaceae; g__uncultured; s__uncultured_Gemmatimonadetes	0.746481723849168
be9fb285ef6abac0329b768a32efe0f6	d__Bacteria; p__Chloroflexi; c__Ktedonobacteria; o__C0119; f__C0119; g__C0119; s__uncultured_bacterium	0.9880270416193493
bec4431e48cceb843177b5de33ec7389	d__Bacteria; p__Bdellovibrionota; c__Oligoflexia; o__0319-6G20; f__0319-6G20; g__0319-6G20; s__uncultured_Bacteriovorax	0.9986632057308052
bed075bb1e7f019f41858d816a2a0c37	d__Bacteria; p__Actinobacteriota; c__Actinobacteria; o__Corynebacteriales; f__Mycobacteriaceae; g__Mycobacterium; s__Mycobacterium_gadium	0.7474224652889678
bed301f55fece075e662f6459d703b3e	d__Bacteria; p__Actinobacteriota; c__Acidimicrobiia	0.9998862708629225
beddbf850a3ec7073ef905aefe7e1cc0	d__Bacteria; p__Planctomycetota; c__OM190; o__OM190; f__OM190; g__OM190; s__uncultured_soil	0.999752003500367
bef0dc14aa2ef57876e1deb4e7ab101f	d__Bacteria; p__Bdellovibrionota; c__Bdellovibrionia; o__Bdellovibrionales; f__Bdellovibrionaceae; g__Bdellovibrio; s__uncultured_bacterium	0.9972685207198932
befeb4b33bdb06714a9772bf4594f20d	d__Bacteria; p__Acidobacteriota; c__Subgroup_5; o__Subgroup_5; f__Subgroup_5; g__Subgroup_5; s__uncultured_bacterium	0.9945444840778699
bf01934965dd2e0c2d3eb75970364c34	d__Bacteria; p__Firmicutes; c__Bacilli; o__Alicyclobacillales; f__Alicyclobacillaceae; g__Tumebacillus	0.9999904049935849
bf0351e92cf811ae26eeada783aa70a9	d__Bacteria; p__Myxococcota; c__Polyangia; o__Haliangiales; f__Haliangiaceae; g__Haliangium	0.9999890086804517
bf0a5c1ee2ebfe9584265656a71b4c68	d__Bacteria; p__Firmicutes; c__Bacilli; o__Bacillales; f__Salisediminibacteriaceae; g__Salipaludibacillus; s__Salipaludibacillus_agaradhaerens	0.8737750540038224
bf1767750f70bf90435fbb95056dc372	d__Bacteria; p__Bdellovibrionota; c__Bdellovibrionia; o__Bdellovibrionales; f__Bdellovibrionaceae; g__Bdellovibrio; s__metagenome	0.9838151850989449
bf184f1ee58b2f652155d842f3f103e8	d__Bacteria; p__Verrucomicrobiota; c__Verrucomicrobiae; o__Opitutales; f__Opitutaceae; g__Alterococcus; s__uncultured_bacterium	0.9992862261714174
bf1987d9060e3d20d42392f98b40d1b3	d__Bacteria; p__Chloroflexi; c__Anaerolineae; o__SBR1031; f__A4b; g__A4b	0.9999511847121989
bf1a6e4f94ee8ba60cf79089139641b6	d__Bacteria; p__Desulfobacterota; c__Desulfuromonadia; o__Geobacterales; f__Geobacteraceae	0.7352355108061751
bf1c8b78f0d39e34f84483a16ae0a1c4	d__Bacteria; p__Planctomycetota; c__Phycisphaerae; o__Phycisphaerales; f__Phycisphaeraceae; g__AKYG587; s__uncultured_bacterium	0.9680640471581051
bf1cfb59343ba2de9873bfa29f588c70	d__Bacteria; p__Acidobacteriota; c__Vicinamibacteria; o__Vicinamibacterales; f__uncultured; g__uncultured; s__uncultured_bacterium	0.7121503569627237
bf273aad4269c4eab90f5a9dfd932f69	d__Bacteria; p__Firmicutes; c__Bacilli; o__Paenibacillales; f__Paenibacillaceae; g__Paenibacillus	0.9998952618730607
bf28a7d0e84ab2b15ba1182e934fbac5	d__Bacteria; p__Actinobacteriota; c__Actinobacteria; o__Streptomycetales; f__Streptomycetaceae; g__Streptomyces	0.8715618746574089
bf2b4b7ad818620dd8a845b60d422db1	d__Bacteria; p__Planctomycetota; c__Phycisphaerae; o__CCM11a; f__CCM11a; g__CCM11a; s__uncultured_bacterium	0.9986803709873657
bf3aa969b92a6bb788c468877f91b998	d__Bacteria; p__NB1-j; c__NB1-j; o__NB1-j; f__NB1-j; g__NB1-j; s__uncultured_bacterium	0.8744311696773535
bf4a4f2383a16d2ecf27bf8e162b9ba4	d__Bacteria; p__Latescibacterota; c__Latescibacterota; o__Latescibacterota; f__Latescibacterota; g__Latescibacterota; s__uncultured_bacterium	0.959083407219433
bf4e52eca103515cd06bdbadc7a58599	d__Bacteria; p__Planctomycetota; c__Planctomycetes; o__Planctomycetales; f__uncultured; g__uncultured	0.9964211332982192
bf6bfc9fb4ffbf39230fe11639f302cf	d__Bacteria; p__Chloroflexi; c__Chloroflexia; o__Thermomicrobiales; f__JG30-KF-CM45; g__JG30-KF-CM45; s__uncultured_bacterium	0.7860100131566198
bf7a63b2fed5a3ba91cbb39064b87eaf	d__Bacteria; p__SAR324_clade(Marine_group_B); c__SAR324_clade(Marine_group_B); o__SAR324_clade(Marine_group_B); f__SAR324_clade(Marine_group_B); g__SAR324_clade(Marine_group_B)	0.9964936008890779
bfaa2d35e6dd13b9b32de811c6f92592	d__Bacteria; p__Fibrobacterota; c__Fibrobacteria; o__Fibrobacterales; f__Fibrobacteraceae; g__possible_genus_04	0.9999939373497201
bfaad0bf19f26befd51e22c95bff3019	d__Bacteria; p__Planctomycetota; c__Planctomycetes; o__Pirellulales; f__Pirellulaceae; g__Pirellula	0.9999873687688509
bfca80d0d7d5d44fa0b029bea5ee98eb	d__Bacteria; p__Actinobacteriota; c__Acidimicrobiia; o__Actinomarinales; f__uncultured; g__uncultured; s__uncultured_Actinomycetales	0.7150402066060766
bfe35644221421300c0c17e00e465c05	d__Bacteria; p__Proteobacteria; c__Alphaproteobacteria; o__Caulobacterales; f__Caulobacteraceae	0.999999149336574
bfe88b978a832384979f586094d59906	d__Bacteria; p__Actinobacteriota; c__Thermoleophilia; o__Solirubrobacterales; f__67-14; g__67-14	0.9530754414706726
bfe8bb9b91b736ae5fb4d95b20b0538a	d__Bacteria; p__Verrucomicrobiota; c__Verrucomicrobiae; o__Pedosphaerales; f__Pedosphaeraceae; g__Ellin517; s__uncultured_bacterium	0.9939565507332626
bfee1307b900081e0d24a577c9eac345	d__Bacteria; p__Acidobacteriota; c__Vicinamibacteria; o__Vicinamibacterales; f__uncultured; g__uncultured; s__uncultured_bacterium	0.9398370734469121
c015bc50696fe3e3d94ace01d9dcd691	d__Bacteria; p__Chloroflexi; c__Anaerolineae; o__Caldilineales; f__Caldilineaceae	0.7262498823193098
c016e43348a7a2f81b1005a2c47b5490	d__Bacteria; p__Myxococcota; c__bacteriap25; o__bacteriap25; f__bacteriap25; g__bacteriap25	0.9979491865171524
c017b940527f8763c0040c5061cc4531	d__Bacteria; p__Acidobacteriota; c__Acidobacteriae	0.9999986863828436
c0273eea2367da575272e078f2ca0169	d__Bacteria; p__Chloroflexi; c__Chloroflexia; o__Chloroflexales; f__Roseiflexaceae; g__uncultured	0.9916995734118971
c031b2a30cd7cae74e64d62d8da748ce	d__Bacteria; p__Verrucomicrobiota; c__Verrucomicrobiae; o__Opitutales; f__Opitutaceae; g__Lacunisphaera	0.9584830845436046
c0481b78133b7db297f0f4e0a5888eea	d__Bacteria; p__Cyanobacteria; c__Cyanobacteriia; o__Chloroplast; f__Chloroplast; g__Chloroplast	0.9999778522973369
c048c6c9cd54b9be3ba3dd398699eb4c	d__Bacteria; p__Actinobacteriota; c__Acidimicrobiia; o__uncultured; f__uncultured; g__uncultured	0.9076461806734646
c04dab8e6c0557e455dc1d6e17bdadb5	d__Bacteria; p__Myxococcota; c__Polyangia; o__Blfdi19; f__Blfdi19; g__Blfdi19; s__uncultured_bacterium	0.8817225984552934
c05480f4dd9140aea1755d318c87ad49	d__Bacteria; p__Patescibacteria; c__Saccharimonadia; o__Saccharimonadales; f__LWQ8; g__LWQ8; s__uncultured_bacterium	0.8195050164659939
c05733809d194103053697883199bea4	d__Bacteria; p__Firmicutes; c__Bacilli; o__Paenibacillales; f__Paenibacillaceae; g__Ammoniibacillus; s__Ammoniibacillus_agariperforans	0.9999569047811891
c0596e0577a94abe1559835bc2583a57	d__Bacteria; p__Actinobacteriota; c__Actinobacteria; o__Glycomycetales; f__Glycomycetaceae; g__Glycomyces	0.9999999549507046
c05a4090edb0a6e7d10a7e6d8719dee5	d__Bacteria; p__Verrucomicrobiota; c__Verrucomicrobiae; o__Verrucomicrobiales; f__Rubritaleaceae	0.9999977991843615
c061f488e3c9980b6edad8cb91486b43	d__Bacteria; p__Myxococcota; c__Polyangia; o__Polyangiales; f__BIrii41; g__BIrii41	0.9374243187160636
c06315e715c7a23936ba093977f4d3e6	d__Bacteria; p__Bdellovibrionota; c__Oligoflexia; o__Oligoflexales; f__uncultured; g__uncultured	0.9404592281549787
c067c70f5825af09b891bf9fb7a24d85	d__Bacteria; p__Planctomycetota; c__Planctomycetes; o__Pirellulales; f__Pirellulaceae; g__uncultured; s__uncultured_bacterium	0.8152222673332641
c06ea72cd28b4d0acbcaad9c73b5e659	d__Bacteria; p__Proteobacteria; c__Alphaproteobacteria; o__Rhizobiales; f__Xanthobacteraceae; g__Pseudolabrys	0.9858031630071289
c0765e0cacfcd96e20459b3273ce806d	d__Bacteria; p__Bacteroidota; c__Bacteroidia; o__Cytophagales; f__Cyclobacteriaceae; g__uncultured	0.9998190068875868
c07765781441d5c453d0efc5527411ec	d__Bacteria; p__Planctomycetota; c__Planctomycetes; o__Gemmatales; f__Gemmataceae; g__Gemmata; s__uncultured_bacterium	0.8796555172273267
c0813bc839f46391a87a078cee70e628	d__Bacteria; p__Proteobacteria; c__Gammaproteobacteria; o__Burkholderiales; f__Rhodocyclaceae; g__Propionivibrio	0.920286586908444
c0987beeb33ded88d4b86de8518e5991	d__Bacteria; p__Methylomirabilota; c__Methylomirabilia; o__Rokubacteriales; f__Rokubacteriales; g__Rokubacteriales; s__uncultured_bacterium	0.9954715781586777
c098d1fb769dd975c2332dfb70da489e	d__Bacteria; p__Actinobacteriota; c__Acidimicrobiia; o__Microtrichales; f__Microtrichaceae; g__Sva0996_marine_group	0.9032660630571383
c09a0bbb50feb28975a223e1de2eef57	d__Bacteria; p__Acidobacteriota; c__Vicinamibacteria; o__Vicinamibacterales; f__uncultured; g__uncultured; s__uncultured_Acidobacteriaceae	0.7501981540645775
c0b06ec9d7569e61ef0cb326547f4b16	d__Bacteria; p__Bacteroidota; c__Bacteroidia; o__Chitinophagales; f__Chitinophagaceae	0.9997514310639836
c0b07d29aed1a875641aede53bc0a20c	d__Bacteria; p__Proteobacteria; c__Alphaproteobacteria; o__Sphingomonadales; f__Sphingomonadaceae	0.9994884589207766
c0b0b235f94cfd7069f431417110e497	d__Bacteria; p__Bacteroidota; c__Bacteroidia; o__Sphingobacteriales; f__Sphingobacteriaceae; g__Pedobacter	0.9797434970332753
c0b1839635e7c0e37849f099d12acf5f	d__Bacteria; p__Myxococcota; c__Polyangia; o__Polyangiales; f__Phaselicystidaceae; g__Phaselicystis	0.951053932864033
c0cd13cd727a56e9c63214665e3d4766	d__Bacteria; p__Actinobacteriota; c__Actinobacteria; o__Propionibacteriales; f__Nocardioidaceae; g__Aeromicrobium	0.9732097019947753
c0d88a40927c7ca9a75e42552aab6eca	d__Bacteria; p__Firmicutes; c__Bacilli; o__Paenibacillales; f__Paenibacillaceae; g__uncultured; s__uncultured_bacterium	0.8988891695717869
c0e5e55c5cfbd576e7c085f1e4b69638	d__Bacteria; p__Bacteroidota; c__Bacteroidia; o__Chitinophagales; f__Chitinophagaceae; g__Aurantisolimonas	0.9036326290798822
c1032abb72b7f156be033af470d47e8a	d__Bacteria; p__Actinobacteriota; c__Acidimicrobiia; o__Microtrichales; f__Ilumatobacteraceae; g__Ilumatobacter	0.9276751785780518
c11381dda0841c0d08cbfcef3a760aa3	d__Bacteria; p__Proteobacteria; c__Alphaproteobacteria; o__Rhodospirillales; f__Magnetospirillaceae; g__Telmatospirillum; s__uncultured_bacterium	0.7865542700079091
c1215b5e742ca88c2df40560a121b4fa	d__Bacteria; p__Acidobacteriota; c__Vicinamibacteria; o__Vicinamibacterales; f__uncultured; g__uncultured; s__uncultured_bacterium	0.7119870727737483
c1347ae54b0fc1dd385a1ccf3b8061ce	d__Bacteria; p__Proteobacteria; c__Alphaproteobacteria; o__Sphingomonadales; f__Sphingomonadaceae	0.9997316041616692
c13d397d6d9a25ffd8f60e8036d2b5bb	d__Bacteria; p__Acidobacteriota; c__Vicinamibacteria; o__Vicinamibacterales; f__uncultured; g__uncultured; s__uncultured_Acidobacteria	0.8514296875486915
c163d76e3cd7fb095356d677c29048d0	d__Bacteria; p__Proteobacteria; c__Gammaproteobacteria; o__Burkholderiales; f__Comamonadaceae; g__Ramlibacter; s__Ramlibacter_sp.	0.879081318803559
c164c5054400991f2458129c69ed2ac9	d__Bacteria; p__Patescibacteria; c__Saccharimonadia; o__Saccharimonadales; f__LWQ8; g__LWQ8; s__uncultured_bacterium	0.8083274700092635
c1671c0453e5d8a0e7be742e8ef9ace7	d__Bacteria; p__Chloroflexi; c__Chloroflexia; o__Chloroflexales; f__Roseiflexaceae; g__uncultured; s__uncultured_Chloroflexi	0.9956044536767353
c17146552ebdc0d53b313830ca28880d	d__Bacteria; p__Proteobacteria; c__Gammaproteobacteria	0.9999948595903346
c1803eb0b4ade64b07a11e82e6141b25	d__Bacteria; p__Chloroflexi; c__Anaerolineae; o__SBR1031; f__A4b; g__A4b	0.9999911249518582
c1849c8e5a1eb0f03326ac3607870769	d__Bacteria; p__Firmicutes; c__Clostridia; o__Lachnospirales; f__Lachnospiraceae	0.9960815493338083
c18bd5a6191f50e14480ec592e7b1b94	d__Bacteria; p__Proteobacteria; c__Alphaproteobacteria; o__Rhodospirillales; f__Rhodospirillaceae; g__uncultured	0.9994112566777141
c19c7c62330b7134b93cfeec909b4a29	d__Bacteria; p__Myxococcota; c__Polyangia; o__Polyangiales; f__BIrii41; g__BIrii41	0.9572921591214933
c1ad91280e3690e7d69b2aab10ae76f2	d__Bacteria; p__Acidobacteriota; c__Vicinamibacteria; o__Vicinamibacterales; f__uncultured; g__uncultured	0.9990388117340557
c1b2de1d97d9cf5c7b654344821662e5	d__Bacteria; p__Myxococcota; c__bacteriap25; o__bacteriap25; f__bacteriap25; g__bacteriap25; s__metagenome	0.9709232070136392
c1b34bd232b33052e3d6cf4b44c7e6ec	d__Bacteria; p__Planctomycetota; c__Planctomycetes; o__Pirellulales; f__Pirellulaceae; g__Pirellula	0.873841060026467
c1b7fcc706371077c05a571d375caa3e	d__Bacteria; p__Bacteroidota; c__Bacteroidia; o__Flavobacteriales; f__Flavobacteriaceae; g__Flavobacterium	0.9982926351727102
c1c34703c82840812326ceda044618a9	d__Bacteria; p__Chloroflexi; c__Anaerolineae; o__RBG-13-54-9; f__RBG-13-54-9; g__RBG-13-54-9; s__uncultured_Caldilineaceae	0.9904803276914748
c1d0f4f09b36b158a2269aae8ece3e57	d__Bacteria; p__Gemmatimonadota; c__Gemmatimonadetes; o__Gemmatimonadales; f__Gemmatimonadaceae; g__uncultured	0.9500356768970805
c1e9c680b9bf4e2461dcb70d513c9392	d__Bacteria; p__Patescibacteria; c__Saccharimonadia; o__Saccharimonadales; f__Saccharimonadales; g__Saccharimonadales	0.8251754595096211
c1f461b67419d4a80a61db0867da9ed6	d__Bacteria; p__Planctomycetota; c__Planctomycetes; o__Pirellulales; f__Pirellulaceae; g__Pirellula	0.9999999894815328
c20260d56e44067d60be6e95218ac59b	d__Bacteria; p__Firmicutes; c__Bacilli; o__Lactobacillales; f__Lactobacillaceae; g__Lactobacillus	0.9999954018102118
c20a69320dda5b07bbaa630738d810ef	d__Bacteria; p__Proteobacteria; c__Gammaproteobacteria; o__Xanthomonadales; f__Xanthomonadaceae; g__Lysobacter	0.7856628221729742
c2112bb851c7221d06ab667be2af61f0	d__Bacteria; p__Planctomycetota; c__Planctomycetes; o__Pirellulales; f__Pirellulaceae; g__Pirellula; s__uncultured_Planctomycetales	0.8822844079843647
c223796c45f793acb47cfe2643b46863	d__Bacteria; p__Actinobacteriota; c__MB-A2-108; o__MB-A2-108; f__MB-A2-108; g__MB-A2-108; s__uncultured_actinobacterium	0.9053816127236272
c230f64fbb0c88d7b604115560a3d78c	d__Bacteria; p__Patescibacteria; c__Saccharimonadia; o__Saccharimonadales; f__LWQ8; g__LWQ8	0.9354000201583901
c237a55ac6b8fe5cb883631ad564a344	d__Bacteria; p__Planctomycetota; c__Phycisphaerae; o__Tepidisphaerales; f__WD2101_soil_group; g__WD2101_soil_group	0.9999997224067073
c2456e423b5b623e7fb8bd5b89faf73f	d__Bacteria; p__Firmicutes; c__Clostridia; o__Proteinivoracales; f__uncultured; g__uncultured; s__uncultured_Anaerobranca	0.8636734386047457
c24eeadeb2eeb299e8a184b7dc34429c	d__Bacteria; p__Chloroflexi; c__Anaerolineae; o__Caldilineales; f__Caldilineaceae; g__uncultured; s__uncultured_bacterium	0.969036203382543
c2511f2fbb5d939b259020a7fc9ca948	d__Bacteria; p__Actinobacteriota; c__Thermoleophilia; o__uncultured; f__uncultured; g__uncultured; s__uncultured_bacterium	0.9977676461425844
c254aa5c00b7f27d756f7bbe96b3d4ad	d__Bacteria; p__Verrucomicrobiota; c__Verrucomicrobiae; o__Opitutales; f__Opitutaceae; g__IMCC26134; s__uncultured_bacterium	0.7445647610234208
c259c394715579f451dbb1a05dc48fad	d__Bacteria; p__Planctomycetota; c__Planctomycetes; o__Gemmatales; f__Gemmataceae; g__Gemmata	0.9798747920190977
c26539f53213192c74751478de81c5bc	d__Bacteria; p__Planctomycetota; c__Planctomycetes; o__Gemmatales; f__Gemmataceae; g__Gemmata	0.9999352297970544
c27c15293f0a2f4de84b050a461ccd17	d__Bacteria; p__Chloroflexi; c__Anaerolineae; o__Caldilineales; f__Caldilineaceae; g__Litorilinea; s__uncultured_bacterium	0.9982619234175483
c280a3864c4ffa71b33b7bd37aa3807d	d__Bacteria; p__Acidobacteriota; c__Vicinamibacteria; o__Vicinamibacterales; f__Vicinamibacteraceae; g__Vicinamibacteraceae	0.999481434838153
c296a3fc9e5f2c375804a74a2c93164e	d__Bacteria; p__Proteobacteria; c__Gammaproteobacteria; o__Enterobacterales; f__Enterobacteriaceae	0.7477328461991638
c29a73e1deceab04b571d89da9bd4f75	d__Bacteria	0.9999999999999591
c29bc08418318360592b2b2717376a0a	d__Bacteria; p__Actinobacteriota; c__Actinobacteria; o__Pseudonocardiales; f__Pseudonocardiaceae; g__Actinophytocola	0.8567929702013986
c2afb6c2508050d1a4214c4b2338df00	d__Bacteria; p__Myxococcota; c__Polyangia; o__Polyangiales; f__Sandaracinaceae; g__uncultured; s__metagenome	0.998749767636394
c2bfbd86b9f0c2756418563582d18230	d__Bacteria; p__Bacteroidota; c__Bacteroidia; o__Chitinophagales; f__Chitinophagaceae; g__Flavisolibacter; s__uncultured_Flavisolibacter	0.856943015996017
c2cdff0cdada9f487818fd70346338d4	d__Bacteria; p__NB1-j; c__NB1-j; o__NB1-j; f__NB1-j; g__NB1-j	0.999578856883709
c2d137e3475cb02894e4625b44db04f2	d__Bacteria; p__Planctomycetota; c__Planctomycetes; o__Gemmatales; f__Gemmataceae; g__Gemmata	0.9990608184748595
c2d1f3dd36a803dd6402e3512bbca8af	d__Bacteria; p__Myxococcota; c__Polyangia; o__Polyangiales; f__BIrii41; g__BIrii41	0.9992934544789888
c2d25bdfaa495099d3d20dcda3224902	d__Bacteria; p__Proteobacteria; c__Alphaproteobacteria; o__uncultured; f__uncultured; g__uncultured	0.8411269932016705
c2e2ac1825a46a14866623a4083e3440	d__Bacteria; p__Acidobacteriota; c__Holophagae; o__Subgroup_7; f__Subgroup_7; g__Subgroup_7	0.9999999739749423
c2f2f9ccc449bf99db7dda1e61d2999d	d__Bacteria; p__Bacteroidota; c__Bacteroidia; o__Flavobacteriales; f__Flavobacteriaceae; g__Flavobacterium	0.9991809750805107
c2fac8c32d93dbfa176b867e8d4d3174	d__Bacteria; p__Planctomycetota; c__BD7-11; o__BD7-11; f__BD7-11; g__BD7-11; s__uncultured_planctomycete	0.9995756778227122
c30aae8f5216c9536492d0beae74950f	d__Bacteria; p__Actinobacteriota; c__Actinobacteria; o__Propionibacteriales; f__Nocardioidaceae; g__Nocardioides; s__Nocardioides_exalbidus	0.918297093215385
c311f33e9678b0d6b329ad263f66752d	d__Bacteria; p__Chloroflexi; c__Ktedonobacteria; o__C0119; f__C0119; g__C0119; s__uncultured_bacterium	0.983911365266482
c31a44037ca427a1daf0c838754af4c0	d__Bacteria; p__Chloroflexi; c__Anaerolineae; o__SBR1031; f__SBR1031; g__SBR1031	0.9666845943050214
c331a67c161bf21ef82d4168829db1cf	d__Bacteria; p__Planctomycetota; c__Phycisphaerae; o__Phycisphaerales; f__Phycisphaeraceae; g__SM1A02; s__uncultured_bacterium	0.9637415569727407
c335b34a15db7d532f511e6c952abe62	d__Bacteria; p__Acidobacteriota; c__Holophagae; o__Subgroup_7; f__Subgroup_7; g__Subgroup_7; s__uncultured_bacterium	0.9366648361110604
c341738ab22333f3e3088d847b700ab5	d__Bacteria; p__Bacteroidota; c__Bacteroidia; o__Sphingobacteriales; f__Sphingobacteriaceae	0.99943299935516
c34f0c1061786608ad0c59e1d354fddd	d__Bacteria; p__Proteobacteria; c__Gammaproteobacteria; o__Enterobacterales	0.9999988355865522
c36340035e27c21e87ab9168c6b7b0ea	d__Bacteria; p__Proteobacteria; c__Gammaproteobacteria; o__Burkholderiales; f__Comamonadaceae; g__Comamonas; s__Ottowia_sp.	0.98910766204285
c363c9efaa85023b488b732b97e47270	d__Bacteria; p__Proteobacteria; c__Gammaproteobacteria; o__Burkholderiales; f__Comamonadaceae; g__Hydrogenophaga	0.9675580598566934
c3708d8c4bc07cd924ac4b993c91f35e	d__Bacteria; p__Proteobacteria; c__Alphaproteobacteria; o__Rhodobacterales; f__Rhodobacteraceae; g__Rhodobacter	0.8672253908077162
c3718b6d37878847f35cf2a9e28aaf0a	d__Bacteria; p__Proteobacteria; c__Gammaproteobacteria; o__Burkholderiales; f__TRA3-20; g__TRA3-20	0.9995052112734801
c375269278a144a6c8f17c97d2ea9ed7	d__Bacteria; p__Proteobacteria; c__Gammaproteobacteria; o__Xanthomonadales; f__Xanthomonadaceae; g__Arenimonas	0.85266699031059
c3842619fcbde52781c512c2561fca0b	d__Bacteria; p__Firmicutes; c__Negativicutes; o__Veillonellales-Selenomonadales; f__Veillonellaceae; g__Veillonella	0.9999988179693843
c38eb09986373e2d66ce34c9532a5f77	d__Bacteria; p__Actinobacteriota; c__Acidimicrobiia	0.9994827487232976
c3a0af70bee040b812b2af5d39f0c1be	d__Bacteria; p__Bacteroidota; c__Bacteroidia; o__Chitinophagales; f__Chitinophagaceae; g__Terrimonas	0.9824182058123385
c3b04725df90901750e2281cce18f151	d__Bacteria; p__Acidobacteriota; c__Holophagae; o__Subgroup_7; f__Subgroup_7; g__Subgroup_7	0.9999972517801499
c3cf163cf90b32a74adcb2296eae7876	d__Bacteria; p__Proteobacteria; c__Gammaproteobacteria; o__Burkholderiales; f__SC-I-84; g__SC-I-84	0.9957234470232879
c3d07856de5105fc374de7af49f78714	d__Bacteria; p__Verrucomicrobiota; c__Verrucomicrobiae; o__Opitutales; f__Opitutaceae; g__Opitutus	0.7152074438707848
c3de0703bf3091fd50585ff3f26266ae	d__Bacteria; p__Bacteroidota; c__Bacteroidia; o__Sphingobacteriales; f__NS11-12_marine_group; g__NS11-12_marine_group; s__metagenome	0.9823026608188834
c3e32dba506f5bb655902b7aea2d8c58	d__Bacteria; p__Myxococcota; c__Polyangia; o__Haliangiales; f__Haliangiaceae; g__Haliangium	0.9997442419999744
c3f5e0f29bce97c7a777f86a645192be	d__Bacteria; p__Actinobacteriota; c__Actinobacteria; o__Propionibacteriales; f__Nocardioidaceae; g__Nocardioides	0.9998714968600956
c401d588cd8c65578c89369daa5863e8	d__Bacteria; p__Firmicutes; c__Bacilli; o__Mycoplasmatales; f__Mycoplasmataceae; g__Candidatus_Bacilloplasma; s__uncultured_bacterium	0.8684356043423485
c40bd05c9888751cdbfdce55de7d6839	d__Bacteria; p__Chloroflexi; c__Chloroflexia; o__Thermomicrobiales; f__JG30-KF-CM45; g__JG30-KF-CM45	0.7088418758596472
c40da6daa636b6962cf6fa7cf14359c7	d__Bacteria; p__Chloroflexi; c__Chloroflexia; o__Thermomicrobiales; f__JG30-KF-CM45; g__JG30-KF-CM45	0.9999709731767739
c411d275a459a80d499f68c8bd9e4e83	d__Bacteria; p__Actinobacteriota; c__Actinobacteria; o__Pseudonocardiales; f__Pseudonocardiaceae; g__Pseudonocardia	0.9982208559375066
c4219535d6f57be730924184e9481668	d__Bacteria; p__Proteobacteria; c__Gammaproteobacteria; o__Xanthomonadales; f__Rhodanobacteraceae; g__Ahniella	0.8556429308898915
c437347799e3b4e6b9752ec208631a51	d__Bacteria; p__Entotheonellaeota; c__Entotheonellia; o__Entotheonellales; f__Entotheonellaceae; g__Entotheonellaceae	0.9999916405320979
c4593f2a6b44a0c31e0e74f4dc1d3201	d__Bacteria; p__Actinobacteriota; c__MB-A2-108; o__MB-A2-108; f__MB-A2-108; g__MB-A2-108; s__metagenome	0.7231632344025662
c45b2ca7279fc824db1e8b994e140d1f	d__Bacteria; p__Chloroflexi; c__Chloroflexia; o__Thermomicrobiales; f__JG30-KF-CM45; g__JG30-KF-CM45	0.9999192116584432
c45e7087de669be270881fc8ace0fad8	d__Bacteria; p__Actinobacteriota; c__Acidimicrobiia; o__Actinomarinales; f__uncultured; g__uncultured	0.9999910659644525
c468da0859abf6be7adc7ae4e1a0b1fa	d__Bacteria; p__Gemmatimonadota; c__Gemmatimonadetes; o__Gemmatimonadales; f__Gemmatimonadaceae; g__uncultured; s__uncultured_Gemmatimonadales	0.7240926084059197
c472668b46b0d0f575108aa4170dd81f	d__Bacteria; p__Actinobacteriota; c__Acidimicrobiia; o__Microtrichales	0.9878065278700523
c47fcfce32e5b8939cb8ce5bacdad19b	d__Bacteria; p__Firmicutes; c__Symbiobacteriia; o__Symbiobacteriales; f__Symbiobacteraceae; g__uncultured; s__uncultured_bacterium	0.9001313848360969
c4811936f5638373d3eb9268479e0a25	d__Bacteria; p__Proteobacteria; c__Gammaproteobacteria; o__Burkholderiales; f__Nitrosomonadaceae; g__mle1-7	0.9865006781732598
c4954130ced65a8835682217ecc72035	d__Bacteria; p__Acidobacteriota; c__Vicinamibacteria; o__Vicinamibacterales; f__uncultured; g__uncultured; s__uncultured_Acidobacteriales	0.7635206013075209
c49a64bccb6fa822a1ce5e9958bac3da	d__Bacteria; p__Firmicutes; c__Bacilli; o__Paenibacillales; f__Paenibacillaceae; g__Paenibacillus	0.9762326606113801
c4a0eafa7921faaef57b80404c80cfd3	d__Bacteria; p__Proteobacteria; c__Gammaproteobacteria	0.9991198098750614
c4aecedf19be5d43647afc31c541c67f	d__Bacteria; p__Acidobacteriota; c__Vicinamibacteria; o__Vicinamibacterales; f__uncultured; g__uncultured	0.9990471003095122
c4b17323f1e0aacb0369795b5f504638	d__Bacteria; p__Firmicutes; c__Bacilli; o__Lactobacillales; f__Carnobacteriaceae; g__Trichococcus	0.9420327087295403
c4bc9b47ada8ad4251cde1060edd238f	d__Bacteria; p__Myxococcota; c__Myxococcia; o__Myxococcales; f__Myxococcaceae	0.9987983414924227
c4bdef0e2d0fa63dad2ed358fda0ff9b	d__Bacteria; p__Planctomycetota; c__Planctomycetes; o__Pirellulales; f__Pirellulaceae; g__Pirellula	0.9999955805771248
c4cd64121af028c0247493c773d3c2f6	d__Bacteria; p__Desulfobacterota	0.7148485889332568
c4d304d7644c7789435bc04e64e0592c	d__Bacteria; p__Planctomycetota; c__Planctomycetes; o__Pirellulales; f__Pirellulaceae	0.9998695552584503
c4e00f5ba85a551c04c58e15c110798d	d__Bacteria; p__Acidobacteriota; c__Blastocatellia; o__Pyrinomonadales; f__Pyrinomonadaceae; g__RB41; s__uncultured_Acidobacteriaceae	0.7705082133845872
c4f04e28c6267ac6c5b05d403e8f91c3	d__Bacteria; p__Firmicutes; c__Negativicutes; o__uncultured; f__uncultured; g__uncultured; s__uncultured_bacterium	0.9958563133921408
c4f59e1b3405a93ed00c83c3b7eff0de	d__Bacteria; p__Planctomycetota; c__Planctomycetes; o__Planctomycetales; f__Schlesneriaceae; g__Planctopirus; s__uncultured_planctomycete	0.7048550114946072
c5083dcce5a856b1bfccfe4141105618	d__Bacteria; p__Proteobacteria; c__Alphaproteobacteria; o__Rhizobiales; f__Rhizobiaceae	0.9984438703252908
c509aa6ecbc47e5573ce8e7c3083f0e1	d__Bacteria; p__Myxococcota; c__Polyangia; o__Haliangiales; f__Haliangiaceae; g__Haliangium	0.9477344692958612
c51039f09fd414f3f89111c11f8a0bf3	d__Bacteria; p__Acidobacteriota; c__Thermoanaerobaculia; o__Thermoanaerobaculales; f__Thermoanaerobaculaceae; g__Subgroup_10; s__uncultured_prokaryote	0.9998514266558818
c515c2541dbc91a53d72d88a0eab1168	d__Bacteria; p__Bacteroidota; c__SJA-28; o__SJA-28; f__SJA-28; g__SJA-28; s__metagenome	0.9979550246676797
c5305ae3c6adc90814d70ab48f4f071a	d__Bacteria; p__Actinobacteriota; c__Acidimicrobiia; o__Microtrichales; f__Ilumatobacteraceae; g__CL500-29_marine_group; s__metagenome	0.7163027141621695
c5399d0f9eda8f0815fd28a257952496	d__Bacteria; p__Actinobacteriota; c__Acidimicrobiia; o__Microtrichales; f__uncultured; g__uncultured; s__uncultured_Acidimicrobiia	0.8919750317086163
c53b47e58074f9aef0b4adf4097daa4c	d__Bacteria; p__Proteobacteria; c__Alphaproteobacteria; o__Sphingomonadales; f__Sphingomonadaceae; g__uncultured	0.9013610806052414
c53fef4c8c93796acf79a0f0a73136ea	d__Bacteria; p__Firmicutes; c__Bacilli; o__Bacillales; f__Salisediminibacteriaceae; g__Salipaludibacillus; s__Bacillus_polygoni	0.9050363166560589
c540be5e0e828a446ac0e8ad4d910d21	d__Bacteria; p__Proteobacteria; c__Gammaproteobacteria; o__Pseudomonadales; f__Pseudomonadaceae; g__Pseudomonas	0.9996391407649147
c540ec17e45eff71e3d8e75f770711c4	d__Bacteria; p__Myxococcota; c__bacteriap25; o__bacteriap25; f__bacteriap25; g__bacteriap25; s__metagenome	0.9744981268631977
c544b9f5947e9a3b4be23e85faefa93b	d__Bacteria; p__Acidobacteriota; c__Vicinamibacteria; o__Vicinamibacterales; f__uncultured; g__uncultured	0.9999970511239983
c548974609d7e095217082e492695e91	d__Bacteria; p__Firmicutes; c__Bacilli; o__Bacillales; f__Bacillaceae; g__Bacillus; s__Bacillus_azotoformans	0.9586958902979472
c54ba4c5b0c299fb144990fc495d5fd3	d__Bacteria; p__Acidobacteriota; c__Blastocatellia; o__Pyrinomonadales; f__Pyrinomonadaceae; g__RB41	0.989894292977461
c55c7cb80c5700ff9aded76192543b5a	d__Bacteria; p__Verrucomicrobiota; c__Verrucomicrobiae; o__Pedosphaerales; f__Pedosphaeraceae; g__DEV008	0.8595596420984493
c55cfe27bc63fd93e5a5b84b791f2e46	d__Bacteria; p__Firmicutes; c__Clostridia; o__Clostridiales; f__Caloramatoraceae; g__uncultured; s__Clostridium_sp.	0.9082393409908288
c56008204221e4d19fbbe4d692492c3e	d__Bacteria; p__Bacteroidota; c__Bacteroidia; o__Cytophagales; f__Hymenobacteraceae; g__Adhaeribacter; s__metagenome	0.989799689078235
c5614df309bfe33587abc2ee13940499	d__Bacteria; p__Acidobacteriota; c__Vicinamibacteria; o__Subgroup_17; f__Subgroup_17; g__Subgroup_17	0.9999894413827737
c56a5f51aed7a1e70e576e17aed12aea	d__Bacteria; p__Chloroflexi; c__JG30-KF-CM66; o__JG30-KF-CM66; f__JG30-KF-CM66; g__JG30-KF-CM66	0.9948383478612922
c573351d55a3ca0b9b4cdfbc3298b07b	d__Bacteria; p__Bacteroidota; c__Bacteroidia; o__Sphingobacteriales; f__Sphingobacteriaceae; g__Sphingobacterium; s__Sphingobacterium_bambusae	0.9880879343809092
c584b6f3dcac54169540a3ea828f880f	d__Bacteria; p__Firmicutes; c__Clostridia; o__Clostridiales; f__Clostridiaceae; g__Clostridium_sensu_stricto_1	0.9700704186881975
c59003d78941dd6c50feb60d726c4f48	d__Bacteria; p__Myxococcota; c__bacteriap25; o__bacteriap25; f__bacteriap25; g__bacteriap25; s__metagenome	0.9895772447142769
c590268bf2e59cf40c530533e1af5d77	d__Bacteria; p__Myxococcota; c__Myxococcia; o__Myxococcales; f__Myxococcaceae; g__uncultured	0.7967591758107725
c591ee10158e3f6d54c3580d9f6dd40a	d__Bacteria; p__Acidobacteriota; c__Vicinamibacteria; o__Vicinamibacterales; f__Vicinamibacteraceae; g__Vicinamibacteraceae; s__uncultured_Acidobacteriaceae	0.8652865861476855
c5960c6afeec4201bcbe85a9886454a1	d__Bacteria; p__Proteobacteria; c__Gammaproteobacteria; o__Xanthomonadales; f__Xanthomonadaceae; g__Xanthomonas	0.9415843592664043
c597a8b7bf97f5a86cc1be3952a5ce11	d__Bacteria; p__Actinobacteriota; c__Thermoleophilia; o__Solirubrobacterales; f__67-14; g__67-14	0.9626617771835302
c597ab67bc736e22022111378fdc3ecf	d__Bacteria; p__Myxococcota; c__Myxococcia; o__Myxococcales; f__Myxococcaceae; g__P3OB-42; s__uncultured_bacterium	0.724260858942798
c59fe0d2647d363a2ba0adb4c4b407be	d__Bacteria; p__Bacteroidota; c__Bacteroidia; o__Sphingobacteriales; f__AKYH767; g__AKYH767; s__uncultured_bacterium	0.9256425180383028
c5a2a3c42007dcc115e63314a18fe95a	d__Bacteria; p__Acidobacteriota; c__Vicinamibacteria; o__Vicinamibacterales; f__Vicinamibacteraceae; g__uncultured; s__uncultured_bacterium	0.768496975729108
c5ac0e1d0aafe4b82be4abc6fac77025	d__Bacteria; p__Planctomycetota; c__Planctomycetes; o__Pirellulales; f__Pirellulaceae; g__Pir4_lineage	0.9992912872525263
c5bc8895000ec2fbbdb7426b8b1f4355	d__Bacteria; p__Proteobacteria; c__Gammaproteobacteria; o__Burkholderiales; f__Comamonadaceae; g__Aquabacterium	0.9460541745133035
c5c0a8ccf114ca153aa9376689cd8865	d__Bacteria; p__Verrucomicrobiota; c__Verrucomicrobiae; o__Chthoniobacterales; f__Chthoniobacteraceae; g__Chthoniobacter; s__metagenome	0.7446376937755731
c5d8d828df0e1baf5c2db05a6b8c4476	d__Bacteria; p__Chloroflexi; c__Chloroflexia; o__Chloroflexales; f__Chloroflexaceae; g__Chloronema; s__uncultured_bacterium	0.9449025605231163
c5da3b3e6be51936a8b0c6a72a37ee55	d__Bacteria; p__Acidobacteriota; c__Blastocatellia; o__DS-100; f__DS-100; g__DS-100	0.9999944563959118
c5db8073b000379f4377cfbb432dd578	d__Bacteria; p__Proteobacteria; c__Gammaproteobacteria; o__Xanthomonadales; f__Xanthomonadaceae; g__Pseudoxanthomonas	0.9960378450212898
c60b485c701aca2183c25513ba368858	d__Bacteria; p__Cyanobacteria; c__Cyanobacteriia; o__Chloroplast; f__Chloroplast; g__Chloroplast	0.999755523748366
c61dfb4c6f5876469b2d1452391ab589	d__Bacteria; p__Bacteroidota; c__Bacteroidia; o__Sphingobacteriales; f__Sphingobacteriaceae; g__Arcticibacter; s__uncultured_Pedobacter	0.9394692669626354
c62b51b8fa1088aa6a90fc6e096f3d55	d__Bacteria; p__Acidobacteriota; c__Thermoanaerobaculia; o__Thermoanaerobaculales; f__Thermoanaerobaculaceae; g__Subgroup_10; s__uncultured_Bacteroidetes	0.9656659887365224
c62e7cbe3aadf1fc82b1a0d06af049ed	d__Bacteria; p__Sumerlaeota; c__Sumerlaeia; o__Sumerlaeales; f__Sumerlaeaceae; g__Sumerlaea	0.999964261377136
c6314d816c0fb5761c9a1854b1c67d23	d__Bacteria; p__Planctomycetota; c__Phycisphaerae; o__CCM11a; f__CCM11a; g__CCM11a	0.9999998016753787
c6352146d420c669b881ebc13467fc4f	d__Bacteria; p__Acidobacteriota; c__AT-s3-28; o__AT-s3-28; f__AT-s3-28; g__AT-s3-28; s__uncultured_Acidobacteriaceae	0.941996754918277
c6372980ef3d1dfda7ae48726bae2521	d__Bacteria; p__Firmicutes; c__Bacilli; o__Bacillales; f__Bacillaceae; g__Bacillus	0.8995584645340451
c643a776c36bcc00dfb5d790e1ea3dfe	d__Bacteria; p__Myxococcota; c__Myxococcia; o__Myxococcales; f__Myxococcaceae; g__P3OB-42	0.9994966663703508
c64bf53d0cd33ed8f8bf4d72f84043b1	d__Bacteria; p__Chloroflexi; c__Anaerolineae; o__SBR1031; f__A4b; g__A4b; s__metagenome	0.8763124361453452
c64e0d95f23a7999874d95b790282292	d__Bacteria; p__Actinobacteriota	0.7375172270359639
c65c4155da4e76101119c3ff880101dd	d__Bacteria; p__Planctomycetota; c__Planctomycetes; o__Pirellulales; f__Pirellulaceae; g__uncultured	0.9677898729648235
c65c51e52fc31f9410a6012b6aaec6eb	d__Bacteria; p__Chloroflexi; c__Chloroflexia; o__Chloroflexales; f__Roseiflexaceae; g__uncultured; s__uncultured_Chloroflexi	0.7831674516264372
c6616125f7bc7df9957abd7c10a187a6	d__Bacteria; p__Planctomycetota; c__Phycisphaerae; o__Phycisphaerales; f__Phycisphaeraceae; g__AKYG587; s__uncultured_bacterium	0.9937379455968659
c66267bf9089b323d1639c786f012789	d__Bacteria; p__Proteobacteria; c__Gammaproteobacteria; o__Alteromonadales; f__Shewanellaceae; g__Shewanella; s__Shewanella_baltica	0.9482613645688294
c69a6adc9c42179703a1e18fe5fc2437	d__Bacteria; p__Gemmatimonadota; c__Longimicrobia; o__Longimicrobiales; f__Longimicrobiaceae; g__Longimicrobiaceae; s__metagenome	0.9526616958809719
c6a1ff2ea4910a46b433084d7b23da60	d__Bacteria; p__Patescibacteria; c__Saccharimonadia; o__Saccharimonadales; f__LWQ8; g__LWQ8	0.9112790667782256
c6a793dd46466a867a35aa72111dda97	d__Bacteria; p__Chloroflexi; c__Chloroflexia; o__Chloroflexales; f__Chloroflexaceae; g__Candidatus_Chloroploca	0.7924641351496037
c6a8e6e37d1ecf86a89913bc2c249299	d__Bacteria; p__Firmicutes; c__Bacilli; o__Alicyclobacillales; f__Alicyclobacillaceae; g__Tumebacillus; s__uncultured_Tumebacillus	0.753160474799915
c6acf08147894aeea88765f14b6d7306	d__Bacteria; p__Planctomycetota; c__Planctomycetes; o__Pirellulales; f__Pirellulaceae; g__Pirellula	0.929985711152653
c6e1fc0f289ce958185fe9803a6a583f	d__Bacteria; p__Patescibacteria; c__Saccharimonadia; o__Saccharimonadales; f__Saccharimonadaceae; g__TM7a; s__uncultured_bacterium	0.7367170680903278
c6fb08cd77daafdd5c7f9727430363bb	d__Bacteria; p__Planctomycetota; c__Planctomycetes; o__Pirellulales; f__Pirellulaceae; g__uncultured; s__uncultured_bacterium	0.7649234968295602
c7042f952463259d9793897147295dec	d__Bacteria; p__Planctomycetota; c__Planctomycetes; o__uncultured; f__uncultured; g__uncultured; s__uncultured_bacterium	0.9975381379480305
c7061ada46702f96d5c9f02c755ac533	d__Bacteria; p__Verrucomicrobiota; c__Verrucomicrobiae; o__Verrucomicrobiales; f__Verrucomicrobiaceae; g__uncultured; s__uncultured_Verrucomicrobia	0.7540454281505772
c706ecec17e4248dd61598f11344b348	d__Bacteria; p__Planctomycetota; c__Planctomycetes	0.9999997353067445
c71b526179dbc01549c26b6ee90d7e7c	d__Bacteria; p__Planctomycetota; c__Planctomycetes; o__Isosphaerales; f__Isosphaeraceae; g__uncultured	0.7939935253107682
c721a0f99cd46cabff7c1e4e92efd94f	d__Bacteria; p__Chloroflexi; c__Anaerolineae; o__SBR1031; f__SBR1031; g__SBR1031; s__uncultured_bacterium	0.8510457727599632
c72e9a474a672beb1b1278a91c2eb953	d__Bacteria; p__Myxococcota; c__bacteriap25; o__bacteriap25; f__bacteriap25; g__bacteriap25	0.9812078164973753
c737413ace7e969db02a810cd0b17748	d__Bacteria; p__Acidobacteriota; c__Thermoanaerobaculia; o__Thermoanaerobaculales; f__Thermoanaerobaculaceae; g__Subgroup_10	0.9999931749388568
c7375fc571ec17de72c9f3897c3383ea	d__Bacteria; p__Actinobacteriota; c__Thermoleophilia; o__Solirubrobacterales; f__Solirubrobacteraceae; g__Solirubrobacter	0.9663375864841257
c7388cc314e992819b8f97ea35280982	d__Bacteria; p__Actinobacteriota; c__Acidimicrobiia; o__uncultured; f__uncultured; g__uncultured	0.9990348226948447
c75285a6c61d8fce20d823769c25c12a	d__Bacteria; p__Bacteroidota; c__Bacteroidia; o__Chitinophagales; f__Chitinophagaceae; g__Cnuella	0.9908335670714212
c756bfefc282a035d5663779ca763749	d__Bacteria; p__Acidobacteriota; c__Subgroup_25; o__Subgroup_25; f__Subgroup_25; g__Subgroup_25; s__uncultured_bacterium	0.9240567877506547
c7674f4a859e6512de97070b87473c9c	d__Bacteria; p__Acidobacteriota; c__Vicinamibacteria; o__Vicinamibacterales; f__Vicinamibacteraceae; g__Luteitalea	0.9999626704078571
c76adf5c50463cc27a44b791ac2757a9	d__Bacteria; p__Bacteroidota; c__Bacteroidia; o__Cytophagales; f__Microscillaceae; g__uncultured	0.960741700378
c7719e5a660b9b525dfc897b2661ec6e	d__Bacteria; p__Proteobacteria; c__Gammaproteobacteria; o__Burkholderiales; f__SC-I-84; g__SC-I-84	0.9977854949434816
c77b77c54494de77981cb8e78c13ddcf	d__Bacteria; p__Planctomycetota; c__Planctomycetes; o__Gemmatales; f__Gemmataceae; g__uncultured; s__uncultured_bacterium	0.856517076732243
c7824fc6c074f7957454c49c8c92cb44	d__Bacteria; p__Methylomirabilota; c__Methylomirabilia; o__Rokubacteriales; f__WX65; g__WX65; s__bacterium_WX65	0.9971146756798513
c7886079580c1e83c70a4b81ad29dc82	d__Bacteria; p__Patescibacteria; c__Parcubacteria; o__Candidatus_Adlerbacteria; f__Candidatus_Adlerbacteria; g__Candidatus_Adlerbacteria; s__uncultured_bacterium	0.9894915987787225
c798a1e7e4d4d7d3b7336ee99f88c822	d__Bacteria; p__Myxococcota; c__Polyangia; o__Polyangiales; f__Polyangiaceae; g__Pajaroellobacter	0.9636542349516396
c7a112ffadf8009efd318625da44b18e	d__Bacteria; p__Desulfobacterota; c__Desulfuromonadia; o__Desulfuromonadia; f__Geothermobacteraceae; g__Geothermobacter; s__uncultured_Desulfuromonadales	0.810243193797795
c7a8d1af5f7f472671f700775de3e0a2	d__Bacteria; p__Proteobacteria; c__Gammaproteobacteria; o__Burkholderiales; f__Nitrosomonadaceae; g__mle1-7; s__uncultured_beta	0.7849731745559051
c7b30cb6c5a6cf6102fb173fbf0af1c5	d__Bacteria; p__Gemmatimonadota; c__Gemmatimonadetes; o__Gemmatimonadales; f__Gemmatimonadaceae; g__uncultured	0.9998790330359411
c7b6d0939dc5f96e4c6e345c5fa24b73	d__Bacteria; p__Actinobacteriota; c__Acidimicrobiia; o__Actinomarinales; f__uncultured; g__uncultured; s__uncultured_Actinomycetales	0.9098268426113549
c7bb46371328bd641a93e327bdfd156d	d__Bacteria; p__Proteobacteria; c__Gammaproteobacteria; o__Burkholderiales; f__Nitrosomonadaceae; g__MND1	0.9999693274936393
c7bc80731c4fc95a60e94bc98892d4ca	d__Bacteria; p__Planctomycetota; c__Planctomycetes; o__Pirellulales; f__Pirellulaceae; g__Pir4_lineage; s__uncultured_bacterium	0.8005004902621099
c7da62715e44029f31f3449d18c4b426	d__Bacteria; p__Latescibacterota; c__Latescibacterota; o__Latescibacterota; f__Latescibacterota; g__Latescibacterota; s__uncultured_Fibrobacteres	0.9999053416734379
c7e8e7de94685545283783d4b9f8982d	d__Bacteria; p__Proteobacteria; c__Alphaproteobacteria; o__Rhizobiales; f__Devosiaceae; g__Devosia	0.7325065480624241
c7eea5638bca32fc6b610b850f147ff9	d__Bacteria; p__Proteobacteria; c__Alphaproteobacteria; o__Caulobacterales; f__Caulobacteraceae; g__uncultured	0.868086433876536
c7f53eac4f9d2976c57863f840e76c4b	d__Bacteria; p__Myxococcota; c__Polyangia; o__Polyangiales; f__Sandaracinaceae; g__uncultured; s__uncultured_bacterium	0.7237170065828584
c82ea2bc98c5f4274a1fba05f1def668	d__Bacteria; p__Gemmatimonadota; c__S0134_terrestrial_group; o__S0134_terrestrial_group; f__S0134_terrestrial_group; g__S0134_terrestrial_group	0.9999991666004394
c833545a34405ca2e7222c3ce5087cf4	d__Bacteria; p__Latescibacterota; c__Latescibacterota; o__Latescibacterota; f__Latescibacterota; g__Latescibacterota; s__uncultured_bacterium	0.9984955710266757
c835bd13341d8174623248264b4c6708	d__Bacteria; p__Firmicutes; c__Bacilli; o__Bacillales; f__Bacillaceae; g__Bacillus	0.9938871429624353
c848657dbf56110ebdff018e5340e4c3	d__Bacteria; p__Gemmatimonadota; c__Gemmatimonadetes; o__Gemmatimonadales; f__Gemmatimonadaceae	0.9981327394802874
c86dafbb55270929a2bb0eeb975fbc2a	d__Bacteria; p__Actinobacteriota; c__Actinobacteria; o__Micromonosporales; f__Micromonosporaceae	0.9991863529592498
c8871a0bd2ac24005bb050c26658a0aa	d__Bacteria; p__Planctomycetota; c__Planctomycetes; o__Isosphaerales; f__Isosphaeraceae; g__uncultured; s__uncultured_bacterium	0.7866990535622644
c88b1be9340b053cca677614d9080ca0	d__Bacteria; p__Actinobacteriota; c__Actinobacteria; o__Corynebacteriales; f__Nocardiaceae; g__Nocardia	0.999912025565765
c89db6d4bdc32a93d149cd85a88a99de	d__Bacteria; p__Proteobacteria; c__Gammaproteobacteria; o__Xanthomonadales; f__Xanthomonadaceae; g__Arenimonas	0.837497071296078
c8ab0b20e740eb6b35e68d58f69736e4	d__Bacteria; p__Proteobacteria; c__Alphaproteobacteria; o__Azospirillales; f__Azospirillaceae; g__Azospirillum	0.9283139438829234
c8ad96b6977382c287d42dd5f5837789	d__Bacteria; p__Verrucomicrobiota; c__Verrucomicrobiae; o__Pedosphaerales; f__Pedosphaeraceae; g__Pedosphaeraceae	0.93361611473352
c8adc65970849ad23c8b756764aefdb3	d__Bacteria; p__Bacteroidota; c__Bacteroidia; o__Chitinophagales; f__Chitinophagaceae; g__uncultured	0.8083336758406505
c8b71d2004cf55b9b7132028582ab9d0	d__Bacteria; p__Actinobacteriota; c__Acidimicrobiia; o__IMCC26256; f__IMCC26256; g__IMCC26256	0.9992346179723731
c8b76311b29fa9f8dd935292e8f07aca	d__Bacteria; p__Proteobacteria; c__Alphaproteobacteria; o__Ferrovibrionales; f__Ferrovibrionaceae; g__Ferrovibrio; s__uncultured_bacterium	0.9534145988177837
c8d1afdf7b395ffc22193c5dc2fd5dc3	d__Bacteria; p__Actinobacteriota; c__Actinobacteria; o__Glycomycetales; f__Glycomycetaceae; g__Glycomyces; s__Glycomyces_algeriensis	0.7921693072959151
c8d25c9a6198d7ecdb60b9fbdbee08fe	d__Bacteria; p__Bacteroidota; c__Bacteroidia; o__Chitinophagales; f__37-13; g__37-13; s__metagenome	0.8573881237573334
c8e1f625645a6f6c4730951b99a204df	d__Bacteria; p__Myxococcota; c__bacteriap25; o__bacteriap25; f__bacteriap25; g__bacteriap25; s__metagenome	0.9814075647893129
c8e5794c58de9326084a62d3282d257e	d__Bacteria; p__Proteobacteria; c__Alphaproteobacteria; o__Rhizobiales; f__uncultured; g__uncultured	0.8613413523878555
c8f15bba36195380a2a61c2881f25b73	d__Bacteria; p__Bacteroidota; c__Bacteroidia; o__Flavobacteriales	0.9879252708194902
c8f372e4bfa5417c6074b9ce47031cf1	d__Bacteria; p__Gemmatimonadota; c__Gemmatimonadetes; o__Gemmatimonadales; f__Gemmatimonadaceae; g__Gemmatimonas	0.9638903381130447
c8fca26dc20d18b56f9aa3d9c2564600	d__Bacteria; p__Cyanobacteria; c__Vampirivibrionia; o__Obscuribacterales; f__Obscuribacteraceae; g__Obscuribacteraceae; s__uncultured_bacterium	0.9998523609945374
c8ffb253c6900ada260b45ed1a28850a	d__Bacteria; p__Myxococcota; c__Myxococcia; o__Myxococcales; f__Myxococcaceae; g__Myxococcaceae; s__uncultured_bacterium	0.7788173235336473
c90660d131cc61eb144e6f7eb61076c0	d__Bacteria; p__Nitrospirota; c__Nitrospiria; o__Nitrospirales; f__Nitrospiraceae; g__Nitrospira	0.9999999976977076
c91b23fabeb164b6c0b9d10cea48cfda	d__Bacteria; p__Actinobacteriota; c__Actinobacteria; o__Euzebyales; f__Euzebyaceae; g__uncultured; s__uncultured_bacterium	0.9290613962653387
c91d7fa07cacde639a75a9b0d9c92ab6	d__Bacteria; p__Proteobacteria; c__Gammaproteobacteria; o__Burkholderiales; f__Sutterellaceae; g__uncultured	0.9933414888313227
c92a566694ae8bc03b2767eb96ae4a88	d__Bacteria; p__Acidobacteriota; c__Vicinamibacteria; o__Subgroup_17; f__Subgroup_17; g__Subgroup_17; s__uncultured_bacterium	0.7340008671954327
c92fb28cdd13118b4b87f12b59eae1b7	d__Bacteria; p__Chloroflexi; c__Anaerolineae; o__SBR1031; f__SBR1031; g__SBR1031; s__uncultured_soil	0.9981711669396525
c92fe1da5f1de0ee39637269d88ce36e	d__Bacteria; p__Proteobacteria; c__Alphaproteobacteria; o__Rhizobiales; f__Beijerinckiaceae; g__Bosea	0.9986539574034985
c93c2895d0bb5d8263450bedf52c7332	d__Bacteria; p__Acidobacteriota; c__Vicinamibacteria; o__Vicinamibacterales; f__Vicinamibacteraceae; g__Luteitalea; s__uncultured_Acidobacteria	0.9203628612334736
c93eb44d5c294baa63dd518fcffaa0c2	d__Bacteria; p__Acidobacteriota; c__Acidobacteriae; o__Acidobacteriales; f__Acidobacteriaceae_(Subgroup_1)	0.7185285847747349
c94b5d895dc636fe908cadd861c56d24	d__Bacteria; p__Gemmatimonadota; c__Gemmatimonadetes; o__Gemmatimonadales; f__Gemmatimonadaceae; g__Gemmatimonas; s__uncultured_bacterium	0.7357158610757781
c957219cfbfe930bf96a506af2c61f6e	d__Bacteria; p__Acidobacteriota; c__Vicinamibacteria; o__Vicinamibacterales; f__uncultured; g__uncultured; s__uncultured_Acidobacteriales	0.7565813010318333
c9632b3b49ad5bf441c243965ca89328	d__Bacteria; p__Planctomycetota; c__Planctomycetes; o__Planctomycetales; f__uncultured; g__uncultured; s__metagenome	0.8165915831914384
c983dd3e03955e252f49ca93a7342503	d__Bacteria; p__Bacteroidota; c__Bacteroidia; o__Flavobacteriales; f__Weeksellaceae; g__Chryseobacterium	0.9999763292020646
c9ba50d6207e6e044f6944221354c9f4	d__Bacteria; p__Verrucomicrobiota; c__Verrucomicrobiae; o__Chthoniobacterales	0.9981736853684483
c9bdb70aeeffe538adb75b5dc419fab7	d__Bacteria; p__Bacteroidota; c__Bacteroidia; o__Chitinophagales; f__uncultured; g__uncultured; s__metagenome	0.943362969474527
c9c56e216741eec57b0ff7755e11309a	d__Bacteria; p__Planctomycetota; c__Planctomycetes; o__Pirellulales; f__Pirellulaceae; g__Pirellula	0.9280302317938499
c9d9058a08276905a3cbfb3c7c65efaf	d__Bacteria; p__Proteobacteria; c__Alphaproteobacteria; o__Rhizobiales	0.9934609394683229
c9e462183cbca522151204aec268fb45	d__Bacteria; p__Planctomycetota; c__Planctomycetes; o__Gemmatales; f__Gemmataceae; g__Gemmata; s__Gemmata_sp.	0.8565222782782925
c9e776ab599fe75db286675b698c9067	d__Bacteria; p__Proteobacteria; c__Gammaproteobacteria; o__Burkholderiales; f__Burkholderiaceae; g__Cupriavidus	0.9897025620747539
c9ec21e5d7f971208651991ae7ce8f12	d__Bacteria; p__Acidobacteriota; c__Vicinamibacteria; o__Vicinamibacterales; f__uncultured; g__uncultured; s__uncultured_Acidobacteriales	0.8168268449906195
c9f82d336e43cd9129489830e05d0b08	d__Bacteria; p__Bacteroidota; c__Bacteroidia; o__Chitinophagales; f__Chitinophagaceae	0.9999946998600374
c9fb176190ef638d33d358a6092145cc	d__Bacteria; p__Firmicutes; c__Symbiobacteriia; o__Symbiobacteriales; f__Symbiobacteraceae; g__Symbiobacterium	0.9999993779681183
ca01b166e59af47c488cca3c54438833	d__Bacteria	0.9947453446851895
ca1ceeca0dd76d8b71ed4fa8949b9c41	d__Bacteria; p__Planctomycetota; c__OM190; o__OM190; f__OM190; g__OM190	0.9999024307852925
ca23de8ba6b782af3112bcafb328df0d	d__Bacteria; p__Chloroflexi; c__Dehalococcoidia; o__S085; f__S085; g__S085; s__uncultured_bacterium	0.9961526383582026
ca262abb289b7fc59a1a28337c72b42b	d__Bacteria; p__Latescibacterota; c__Latescibacteria; o__Latescibacterales; f__Latescibacteraceae; g__Latescibacteraceae; s__uncultured_bacterium	0.9237062940950002
ca3361db0e8ccf3ff376e67931bf4373	d__Bacteria; p__Proteobacteria; c__Alphaproteobacteria; o__Rhodobacterales; f__Rhodobacteraceae; g__Jannaschia	0.8389226381802098
ca3b4b92d7fdca6572aebe1962b31bd0	d__Bacteria; p__NB1-j; c__NB1-j; o__NB1-j; f__NB1-j; g__NB1-j; s__uncultured_Desulfoglaeba	0.8620206791414269
ca3e4fa381231cb4535738f3fcd24679	d__Bacteria; p__Planctomycetota; c__Planctomycetes; o__Gemmatales; f__Gemmataceae; g__Gemmata	0.9991866123149067
ca4546caf07edf5200cf79cea04aebcd	d__Bacteria; p__Proteobacteria; c__Gammaproteobacteria; o__Diplorickettsiales; f__Diplorickettsiaceae; g__Aquicella	0.999370393011276
ca4598cd583b6efb7268afcca07ca304	d__Bacteria; p__Bacteroidota; c__Bacteroidia; o__Chitinophagales; f__Chitinophagaceae; g__Flavisolibacter	0.7822336981993846
ca474a091649d74931866e572d403225	d__Bacteria; p__Chloroflexi; c__Gitt-GS-136; o__Gitt-GS-136; f__Gitt-GS-136; g__Gitt-GS-136; s__uncultured_bacterium	0.963682849781392
ca62637e625a79e1d507c0370aaa2f6b	d__Bacteria; p__Acidobacteriota; c__Vicinamibacteria; o__Vicinamibacterales; f__Vicinamibacteraceae; g__Luteitalea; s__uncultured_Acidobacteriaceae	0.9810642328829052
ca6759c8b2a3fcec07309bf0bc447f9e	d__Bacteria; p__Bacteroidota; c__Bacteroidia; o__Cytophagales; f__Spirosomaceae; g__Leadbetterella; s__uncultured_Leadbetterella	0.9513276704046051
ca871c0d385a7a576c7c2270112ef6bd	d__Bacteria; p__Planctomycetota; c__Planctomycetes; o__Isosphaerales; f__Isosphaeraceae; g__uncultured	0.9463536094222931
cab6081490874423009674056fa8a263	d__Bacteria; p__Bacteroidota; c__Bacteroidia; o__Sphingobacteriales; f__env.OPS_17; g__env.OPS_17	0.9999999738148493
cac357c4667dcc91118638d7059ae2cc	d__Bacteria; p__Bacteroidota; c__Bacteroidia; o__Chitinophagales; f__Chitinophagaceae; g__uncultured; s__uncultured_microorganism	0.9933021652467334
cac4ae4b7e1facae69e7e5ca54e4d728	d__Bacteria; p__Planctomycetota; c__Phycisphaerae; o__Pla1_lineage; f__Pla1_lineage; g__Pla1_lineage; s__uncultured_bacterium	0.9995596969417153
cac96b50d11a81227e075af7de366084	d__Bacteria; p__Planctomycetota; c__Planctomycetes; o__Pirellulales; f__Pirellulaceae; g__Pir4_lineage; s__uncultured_Planctomycetaceae	0.9209293904861132
cacf37674c1fde329a8506e598167ae7	d__Bacteria; p__Chloroflexi; c__Chloroflexia; o__Thermomicrobiales; f__AKYG1722; g__AKYG1722	0.9999504200255973
cae21a055f57478043a24c277fe3258c	d__Bacteria; p__Proteobacteria; c__Gammaproteobacteria; o__Burkholderiales; f__Oxalobacteraceae; g__Massilia	0.7569331874621531
cae63066cfe088a49fcac50f119c9e2d	d__Bacteria; p__Actinobacteriota; c__Acidimicrobiia; o__Microtrichales; f__Ilumatobacteraceae	0.9999997863796178
cae69ccf5e6394b7f1e6dcce253df8b3	d__Bacteria; p__Firmicutes; c__Bacilli; o__Paenibacillales; f__Paenibacillaceae; g__Thermobacillus; s__uncultured_Bacillus	0.9982948611920596
caeaa226d68a25a35147a2ab059b1d8a	d__Bacteria; p__Acidobacteriota; c__Vicinamibacteria; o__Vicinamibacterales; f__uncultured; g__uncultured; s__uncultured_Acidobacteriaceae	0.7534232811367594
caf6cf0cd391309eb34e316088ee3a69	d__Bacteria; p__Verrucomicrobiota; c__Verrucomicrobiae; o__Chthoniobacterales; f__Chthoniobacteraceae; g__Chthoniobacter; s__metagenome	0.9634052492896436
cafe817c2e3ed54a157e1c2fa76a3d8b	d__Bacteria; p__Acidobacteriota; c__Vicinamibacteria; o__Vicinamibacterales; f__uncultured; g__uncultured	0.9999375316876968
cb03168953c583125a4861bd84756861	d__Bacteria; p__Bdellovibrionota; c__Oligoflexia; o__0319-6G20; f__0319-6G20; g__0319-6G20; s__bacterium_enrichment	0.8668633460248032
cb04cc2a40dd449597e7e9e5c0197f0e	d__Bacteria; p__Bdellovibrionota; c__Oligoflexia; o__0319-6G20; f__0319-6G20; g__0319-6G20	0.8640635991676572
cb469c6143d8d10f01442e1df722547e	d__Bacteria; p__Acidobacteriota; c__Vicinamibacteria; o__Vicinamibacterales; f__uncultured; g__uncultured; s__uncultured_Acidobacteriaceae	0.731234109577408
cb51225fb14656a5f0b4a630451cc687	d__Bacteria; p__Cyanobacteria; c__Cyanobacteriia; o__Chloroplast; f__Chloroplast; g__Chloroplast; s__Bacillaria_paxillifer	0.7469087890539629
cb531479b31813b596b44e9c0ea92f73	d__Bacteria; p__Verrucomicrobiota; c__Verrucomicrobiae; o__Verrucomicrobiales; f__Verrucomicrobiaceae; g__uncultured; s__uncultured_Verrucomicrobia	0.8092115530378668
cb54e95329267b66ef9948ec11541ffd	d__Bacteria; p__Acidobacteriota; c__Vicinamibacteria; o__Vicinamibacterales; f__uncultured; g__uncultured	0.9977373120603285
cb5908f077db014d7df76b916ddbcb80	d__Bacteria; p__Planctomycetota; c__Planctomycetes; o__Planctomycetales; f__Rubinisphaeraceae; g__Planctomicrobium; s__uncultured_bacterium	0.8110575789998861
cb59c57800227006aead644df42b8986	d__Bacteria; p__Bacteroidota; c__Bacteroidia; o__Chitinophagales; f__Chitinophagaceae	0.9999949864729613
cb6d6561383fb68f43f92a88a607749d	d__Bacteria; p__Planctomycetota; c__Planctomycetes	0.9999740875254218
cb70d6afdce2eb98b7be61fd21e1a6f2	d__Bacteria; p__Acidobacteriota; c__Vicinamibacteria; o__Vicinamibacterales; f__uncultured; g__uncultured	0.9756398534643067
cb78a6c1e6bc3b3e87fe6ec5eb7ff3ba	d__Bacteria; p__Firmicutes; c__Bacilli; o__Paenibacillales; f__Paenibacillaceae; g__Paenibacillus; s__Paenibacillus_glycanilyticus	0.7536417957805247
cb7ccdb4956134b452a3cb78d1751c57	d__Bacteria; p__Proteobacteria; c__Gammaproteobacteria; o__Steroidobacterales; f__Woeseiaceae; g__Woeseia	0.7219129012383653
cb7e29a6a8b50cedcbf5694a1e23e490	d__Bacteria; p__Proteobacteria; c__Gammaproteobacteria; o__Burkholderiales; f__Comamonadaceae	0.9997585942933658
cbb40aecb179aa6f6b4e7b3ee036e0be	d__Bacteria; p__Proteobacteria; c__Gammaproteobacteria; o__Pseudomonadales; f__Pseudomonadaceae; g__Pseudomonas	0.9999081324408347
cbd043d3a2b5d4d3783a1ea3ed288e67	d__Bacteria; p__Chloroflexi; c__Anaerolineae; o__Caldilineales; f__Caldilineaceae; g__uncultured	0.9999979413025188
cbdb338f6c0793b7baa947a94282dbae	d__Bacteria; p__Acidobacteriota; c__Vicinamibacteria; o__Vicinamibacterales; f__Vicinamibacteraceae; g__Vicinamibacteraceae; s__uncultured_Acidobacteriaceae	0.7933488148717384
cbdce6944fa49d83a87dac1a429c0bcd	d__Bacteria; p__Planctomycetota; c__OM190; o__OM190; f__OM190; g__OM190; s__uncultured_bacterium	0.8244667540316695
cbe4cd7704e364b7a9c97fac0cbfa3e4	d__Bacteria; p__Planctomycetota; c__Planctomycetes; o__Gemmatales; f__Gemmataceae	0.9996145917980466
cbe4d8232caf02c045025b8407a370c3	d__Bacteria; p__Planctomycetota; c__Planctomycetes; o__Gemmatales; f__Gemmataceae; g__uncultured	0.989495029350573
cbf99944078f3f4132c016d91856b2a5	d__Bacteria; p__Proteobacteria; c__Gammaproteobacteria; o__Steroidobacterales; f__Steroidobacteraceae; g__Steroidobacter	0.8652114759270512
cc0fded741bdc048f73e57ab9939170a	d__Bacteria; p__Acidobacteriota; c__Holophagae; o__Subgroup_7; f__Subgroup_7; g__Subgroup_7	0.9999999925036854
cc2138df4a15baddc4138b0c85f1d668	d__Bacteria; p__Proteobacteria; c__Gammaproteobacteria; o__Burkholderiales; f__TRA3-20; g__TRA3-20	0.9851318693650483
cc28b3a14b8f719b44423f3a0de8a0c7	d__Bacteria; p__Actinobacteriota; c__Acidimicrobiia; o__Microtrichales	0.9589346965455284
cc49f1e375c54ca097faf33510efa9b7	d__Bacteria; p__Planctomycetota; c__Planctomycetes; o__Pirellulales; f__Pirellulaceae; g__uncultured	0.7404709874964018
cc4e85621a523b84d831ac4d6baa49fe	d__Bacteria; p__Proteobacteria; c__Gammaproteobacteria; o__Burkholderiales; f__SC-I-84; g__SC-I-84	0.9857055865046795
cc514f614ba146f489bf62b5a56074c5	d__Bacteria; p__Chloroflexi; c__Gitt-GS-136; o__Gitt-GS-136; f__Gitt-GS-136; g__Gitt-GS-136	0.9999999773921204
cc54b5e7020944acc811b8407a852396	d__Bacteria; p__Planctomycetota; c__Planctomycetes; o__Pirellulales; f__Pirellulaceae; g__uncultured; s__uncultured_bacterium	0.8961594934777287
cc590ab9e00bb2ff945a57a1657a6851	d__Bacteria; p__Acidobacteriota; c__Vicinamibacteria; o__Vicinamibacterales; f__Vicinamibacteraceae; g__Vicinamibacteraceae	0.9968235489825467
cc600f8d891e09ac1a04ef03a1f33967	d__Bacteria; p__Chloroflexi; c__Dehalococcoidia; o__S085; f__S085; g__S085	0.9999889963217766
cc7e43855b6a889ddf92b149d5f5e31f	d__Bacteria; p__Proteobacteria; c__Gammaproteobacteria; o__Burkholderiales; f__Oxalobacteraceae; g__Noviherbaspirillum; s__uncultured_bacterium	0.908427899495777
cc840043305ddcd29154be30e57bfa0b	d__Bacteria; p__Verrucomicrobiota; c__Verrucomicrobiae; o__Opitutales; f__Opitutaceae	0.9999999996693164
cc84dcd8ae431daff6cec50cd273bdac	d__Bacteria; p__Actinobacteriota; c__Actinobacteria; o__Propionibacteriales; f__Nocardioidaceae; g__Nocardioides	0.8718634896487693
cc93a4e02ba89736560532c937253be7	d__Bacteria; p__Acidobacteriota; c__Vicinamibacteria; o__Vicinamibacterales; f__Vicinamibacteraceae; g__Vicinamibacteraceae	0.9999948508726586
cca30df14d31fe2d4c87b6c7b167e279	d__Bacteria; p__Verrucomicrobiota; c__Verrucomicrobiae; o__Pedosphaerales; f__Pedosphaeraceae; g__uncultured; s__metagenome	0.8019433811086533
ccb16bb4fa866ea5a91a0abdc6e445c7	d__Bacteria; p__NB1-j; c__NB1-j; o__NB1-j; f__NB1-j; g__NB1-j; s__uncultured_Myxococcales	0.880796326760213
ccc7e650848e58a05fd903c057fd6ffd	d__Bacteria; p__Chloroflexi; c__KD4-96; o__KD4-96; f__KD4-96; g__KD4-96; s__uncultured_bacterium	0.8197823353441546
ccd183ee73b5471a8be8a713ba3a1209	d__Bacteria; p__Gemmatimonadota; c__Longimicrobia; o__Longimicrobiales; f__Longimicrobiaceae; g__Longimicrobiaceae; s__uncultured_soil	0.9052867034575626
ccd6c805205387217aab9096cee90761	d__Bacteria; p__Bacteroidota; c__Bacteroidia; o__Chitinophagales; f__Chitinophagaceae; g__Ferruginibacter	0.9876012977832453
ccdac67698cabc0924bec134a2918cc2	d__Bacteria; p__Acidobacteriota; c__Vicinamibacteria; o__Vicinamibacterales; f__Vicinamibacteraceae; g__Vicinamibacteraceae	0.999443585171483
ccdc61b4c0ca1b996ed601afb71f7a0c	d__Bacteria; p__Bacteroidota; c__Bacteroidia; o__Chitinophagales; f__Chitinophagaceae; g__Flavisolibacter	0.7673214932470633
cce111d7dcd2eaf57cfea3ec85180063	d__Bacteria; p__Firmicutes; c__Negativicutes; o__Veillonellales-Selenomonadales; f__Sporomusaceae; g__Anaerospora; s__uncultured_bacterium	0.9972939082615335
ccf8ec46a7b2adcd84ae7a8525e0259c	d__Bacteria; p__Firmicutes; c__Clostridia; o__Peptostreptococcales-Tissierellales; f__Peptostreptococcales-Tissierellales; g__Parvimonas	0.9999992691488706
cd0b6dab76d74cc19653c640c4092e6a	d__Bacteria; p__Planctomycetota; c__Planctomycetes; o__Planctomycetales; f__uncultured; g__uncultured	0.9999116813831503
cd1639516e6825ebee1c7e943e7d002a	d__Bacteria; p__Verrucomicrobiota; c__Verrucomicrobiae; o__Pedosphaerales; f__Pedosphaeraceae; g__Pedosphaeraceae; s__uncultured_soil	0.8192672310924116
cd180a58f91227858f01c8c4180f619c	d__Bacteria; p__Chloroflexi; c__Dehalococcoidia; o__S085; f__S085; g__S085; s__uncultured_bacterium	0.9518309113395238
cd2189087b9f644ca569c289a83c6a03	d__Bacteria; p__Actinobacteriota; c__Thermoleophilia; o__Solirubrobacterales; f__67-14; g__67-14	0.9992469802570119
cd22cd1cfd0fabe7be008d93141e5d19	d__Bacteria; p__Firmicutes; c__Clostridia; o__Peptostreptococcales-Tissierellales; f__Peptostreptococcales-Tissierellales; g__Alkaliphilus	0.8215577852273169
cd2b676d3c0785a60359c0d416701ee4	d__Bacteria; p__Proteobacteria; c__Gammaproteobacteria	0.9999402373320478
cd32257e455deae9459358f6c0e133a6	d__Bacteria; p__Proteobacteria; c__Gammaproteobacteria; o__Burkholderiales; f__Nitrosomonadaceae; g__MND1	0.9954388758425673
cd3bfea4b4f273965c41cf89ee452c4a	d__Bacteria; p__Actinobacteriota; c__Acidimicrobiia; o__Microtrichales	0.8999842772651384
cd4bdff66594d149c8fa31be471ce89c	d__Bacteria; p__Bacteroidota; c__Bacteroidia; o__Chitinophagales; f__Chitinophagaceae	0.9999993410205786
cd510d9c52015c56b4c4c6bdfb09e5c2	d__Bacteria; p__Firmicutes; c__Bacilli; o__Brevibacillales; f__Brevibacillaceae; g__Brevibacillus; s__Brevibacillus_thermoruber	0.8777200709874273
cd555768d7baf2ad5924fc8b5bfb0749	d__Bacteria; p__Bacteroidota; c__Bacteroidia; o__Cytophagales; f__Microscillaceae; g__Chryseolinea	0.7214848627597844
cd650bd2a58d6ba01ca807e0eebcf9e6	d__Bacteria; p__Chloroflexi; c__Chloroflexia; o__Thermomicrobiales; f__AKYG1722; g__AKYG1722	0.9999999157395614
cd67df257045e513b013cbd6ac763e21	d__Bacteria; p__Verrucomicrobiota; c__Verrucomicrobiae; o__Pedosphaerales; f__Pedosphaeraceae; g__Pedosphaeraceae	0.9998406615439384
cd77b87bfa0f44059d5bb2923137aa23	d__Bacteria; p__Planctomycetota; c__Phycisphaerae; o__Phycisphaerales; f__Phycisphaeraceae; g__SM1A02	0.9999743384789201
cd786137023541c2192d5d6ac28fdb4b	d__Bacteria; p__Gemmatimonadota; c__Gemmatimonadetes; o__Gemmatimonadales; f__Gemmatimonadaceae; g__Roseisolibacter	0.7197019979588497
cd79f2696509d0ad906f5addba264079	d__Bacteria; p__Firmicutes; c__Bacilli; o__Bacillales; f__Bacillaceae	0.8683858139573012
cd836bc75e3b0d4abdea21bb4096802e	d__Bacteria; p__Proteobacteria; c__Gammaproteobacteria; o__Xanthomonadales; f__Xanthomonadaceae; g__Luteimonas; s__Luteimonas_marina	0.9597881601073573
cd9f55c3b669c313cfa2a86c7320616c	d__Bacteria; p__Bdellovibrionota; c__Oligoflexia; o__Oligoflexales; f__Oligoflexales; g__Oligoflexus; s__metagenome	0.9106205164524838
cda26d180bb60e970db4dc64e2f74448	d__Bacteria; p__Acidobacteriota; c__Blastocatellia; o__Pyrinomonadales; f__Pyrinomonadaceae; g__RB41	0.9972180199835641
cdabddb00c0d972b331e3a88c8bcac61	d__Bacteria; p__Myxococcota; c__Polyangia; o__Haliangiales; f__Haliangiaceae; g__Haliangium; s__uncultured_Myxococcales	0.792343202503632
cdca98592fe2992034aafb79d8cdfe1f	d__Bacteria; p__Bacteroidota; c__Bacteroidia; o__Sphingobacteriales; f__NS11-12_marine_group; g__NS11-12_marine_group; s__uncultured_Bacteroidetes	0.700455893527669
cde3bc0c890a65e9a19f43d4dedf4467	d__Bacteria; p__Actinobacteriota; c__Actinobacteria; o__Actinomycetales; f__Actinomycetaceae; g__F0332; s__unidentified	0.9958462077029815
cde3be8a43d7e75899adac054447cf21	d__Bacteria; p__Entotheonellaeota; c__Entotheonellia; o__Entotheonellales; f__Entotheonellaceae; g__Entotheonellaceae	0.9999126934680542
cdeb117158329ac4d7d41c733a8df5a5	d__Bacteria; p__Acidobacteriota; c__Vicinamibacteria; o__Vicinamibacterales; f__Vicinamibacteraceae; g__Vicinamibacteraceae	0.9999700556443184
cdf134bb501c54d997945dabd44e35ff	d__Bacteria; p__Verrucomicrobiota; c__Verrucomicrobiae; o__Opitutales; f__Opitutaceae	0.9999999994537413
cdf90721f0cb0fcc3876ad920d8dc04d	d__Bacteria; p__Actinobacteriota; c__Thermoleophilia; o__Solirubrobacterales; f__67-14; g__67-14	0.9997068820699975
cdf9205ea5aa1cb2c04f4d0c35d590fa	d__Bacteria; p__Bdellovibrionota; c__Oligoflexia; o__0319-6G20; f__0319-6G20; g__0319-6G20; s__uncultured_bacterium	0.9188396317142389
ce05f58164e61517198f7ab0e3304cb5	d__Bacteria; p__Acidobacteriota; c__Blastocatellia; o__Blastocatellales; f__Blastocatellaceae	0.9999999998564943
ce0759d175e60f832f805f758890e1d6	d__Bacteria; p__Proteobacteria; c__Alphaproteobacteria; o__Rhizobiales; f__Xanthobacteraceae; g__uncultured; s__uncultured_Bradyrhizobiaceae	0.7248225760576925
ce13757ebd6e702e95d87af8889dfce2	d__Bacteria; p__Verrucomicrobiota; c__Verrucomicrobiae; o__Pedosphaerales; f__Pedosphaeraceae	0.9999997286461216
ce1bc569f1140cfd965788e1d5c88ca2	d__Bacteria; p__Chloroflexi; c__JG30-KF-CM66; o__JG30-KF-CM66; f__JG30-KF-CM66; g__JG30-KF-CM66	0.9989903510336411
ce34955605676740665a2ce1f1acce2e	d__Bacteria; p__Gemmatimonadota; c__Gemmatimonadetes; o__Gemmatimonadales; f__Gemmatimonadaceae; g__uncultured	0.9999981784367743
ce349bec13a53bae749e2cabd33e66f4	d__Bacteria; p__Chloroflexi; c__Anaerolineae; o__Anaerolineales; f__Anaerolineaceae; g__Anaerolinea; s__uncultured_soil	0.7681835131939743
ce3c769304b5e0b91964b863fb9778f7	d__Bacteria; p__Planctomycetota; c__Planctomycetes; o__Pirellulales; f__Pirellulaceae; g__Pirellula	0.9873881892595132
ce4168de0274c92d5d1903e67617d71e	d__Bacteria; p__Firmicutes; c__Bacilli; o__Paenibacillales; f__Paenibacillaceae; g__Paenibacillus; s__Paenibacillus_lautus	0.9470868524770389
ce41c973bd4965a400989ec128890d55	d__Bacteria; p__Entotheonellaeota; c__Entotheonellia; o__Entotheonellales; f__Entotheonellaceae; g__Candidatus_Entotheonella	0.9999999996036163
ce437b81e7cf5ce986f7240c26464b0a	d__Bacteria; p__Bacteroidota; c__Bacteroidia; o__Flavobacteriales; f__Flavobacteriaceae; g__Flavobacterium	0.9986436821669713
ce49a3fb566717a1d0fdfbef7d7e8192	d__Bacteria; p__NB1-j; c__NB1-j; o__NB1-j; f__NB1-j; g__NB1-j	0.9997230683988263
ce5ce95476670867bbab743b1533f550	d__Bacteria; p__Methylomirabilota; c__Methylomirabilia; o__Rokubacteriales; f__Rokubacteriales; g__Rokubacteriales; s__uncultured_bacterium	0.9949711196670712
ce776b0c0f3ccc61596eb1c6dcf99754	d__Bacteria; p__Planctomycetota; c__Phycisphaerae; o__Tepidisphaerales; f__WD2101_soil_group; g__WD2101_soil_group	0.9656018858822648
ce7b8a44adbc4cea6e7ebfb381804939	d__Bacteria; p__Verrucomicrobiota; c__Verrucomicrobiae; o__Pedosphaerales; f__Pedosphaeraceae; g__Pedosphaeraceae; s__uncultured_bacterium	0.7833917800213068
ce9c51128c0bd8c4c3e274b5f3d00ff8	d__Bacteria; p__Acidobacteriota; c__Vicinamibacteria; o__Vicinamibacterales; f__uncultured; g__uncultured; s__uncultured_bacterium	0.9169573226392798
cea6819ece4ce13716e3973b4f1c1cb0	d__Bacteria; p__Proteobacteria; c__Alphaproteobacteria; o__Rhizobiales; f__Rhodomicrobiaceae; g__Rhodomicrobium	0.9508033353785064
ceae6aba503d7688cafe20fc0bb0ab45	d__Bacteria; p__Bacteroidota; c__Bacteroidia; o__Sphingobacteriales; f__env.OPS_17; g__env.OPS_17; s__uncultured_bacterium	0.9314493897836059
ceb3e2deb5d1e96de03762174db9051f	d__Bacteria; p__Proteobacteria; c__Alphaproteobacteria; o__Sphingomonadales; f__Sphingomonadaceae	0.999681858923067
cec5c8cced0a83e47a075004b050e64d	d__Bacteria; p__Planctomycetota; c__Planctomycetes; o__Pirellulales; f__Pirellulaceae; g__Pirellula; s__uncultured_Pasteuria	0.8283827914167258
ced1997ce0298864f77a786ff1276d79	d__Bacteria; p__Firmicutes; c__Bacilli; o__Paenibacillales; f__Paenibacillaceae; g__Cohnella	0.9999796859830217
ceea3c29ad012c2918fb6aa21a44e8cb	d__Bacteria; p__Proteobacteria; c__Gammaproteobacteria; o__Burkholderiales; f__Neisseriaceae; g__Neisseria; s__Neisseria_bacilliformis	0.9614450801893593
cf10e757490b5941be735f3e0bf2dcba	d__Bacteria; p__Planctomycetota; c__Planctomycetes; o__Pirellulales; f__Pirellulaceae; g__Pirellula	0.9870614217700608
cf27f53137429003e3929fc0c624fc00	d__Bacteria; p__Bacteroidota; c__Bacteroidia; o__Sphingobacteriales; f__env.OPS_17; g__env.OPS_17	0.9999997775541828
cf3313ac597d2c5321b7defbc7ae55e7	d__Bacteria; p__Actinobacteriota; c__Thermoleophilia; o__Gaiellales; f__Gaiellaceae; g__Gaiella	0.951304814618196
cf38b033ab0160eaf92b77f4f56c1ffb	d__Bacteria; p__Cyanobacteria; c__Cyanobacteriia; o__Chloroplast; f__Chloroplast; g__Chloroplast	0.9998811822055034
cf4977374a230a830c56c4219cb5603b	d__Bacteria; p__Planctomycetota; c__Planctomycetes; o__Pirellulales; f__Pirellulaceae; g__Pirellula	0.999997388556648
cf5c44d072aa416b5e32ebdc446b529a	d__Bacteria; p__Elusimicrobiota; c__Lineage_IIa; o__Lineage_IIa; f__Lineage_IIa; g__Lineage_IIa; s__uncultured_bacterium	0.967906757212783
cf66d9ddd979ab6eca9fc6df4bfffe20	d__Bacteria; p__Actinobacteriota; c__Acidimicrobiia; o__uncultured; f__uncultured; g__uncultured	0.9655014259068614
cf76b0f237286df02136b7575c85ca59	d__Bacteria; p__Firmicutes; c__Bacilli; o__Bacillales; f__Bacillaceae; g__Bacillus	0.9994991385213882
cf778f58a6f00dc89df7095a896f3d59	d__Bacteria; p__Patescibacteria; c__Saccharimonadia; o__Saccharimonadales; f__S32; g__TM7; s__Candidatus_Saccharibacteria	0.9516412582091671
cf82d753e9667584bad9dab2cbe052de	d__Bacteria; p__Acidobacteriota; c__Holophagae; o__Subgroup_7; f__Subgroup_7; g__Subgroup_7	0.9999999866777938
cf87086567cd886d92ada5e4ea4565b2	d__Bacteria; p__Nitrospirota; c__Nitrospiria; o__Nitrospirales; f__Nitrospiraceae; g__Nitrospira	0.9999999991316616
cf982f15528541ad7d0b7485d6e57cbd	d__Bacteria; p__Acidobacteriota; c__Vicinamibacteria; o__Vicinamibacterales; f__uncultured; g__uncultured	0.9999444459833129
cf9a14783d1296c827cd598ffda151dd	d__Bacteria; p__SAR324_clade(Marine_group_B); c__SAR324_clade(Marine_group_B); o__SAR324_clade(Marine_group_B); f__SAR324_clade(Marine_group_B); g__SAR324_clade(Marine_group_B)	0.9830117912199317
cf9fe562681329f688e7ce0b981d7138	d__Bacteria; p__Acidobacteriota; c__Holophagae; o__Subgroup_7; f__Subgroup_7; g__Subgroup_7; s__uncultured_bacterium	0.7844513835660823
cfa82e7de30fdf2b86a0bb98a85eeeb2	d__Bacteria; p__Planctomycetota; c__OM190; o__OM190; f__OM190; g__OM190; s__uncultured_Planctomyces	0.9401609611466306
cfa87b704b9924fd304220d84366d40b	d__Bacteria; p__Acidobacteriota; c__Vicinamibacteria; o__Vicinamibacterales; f__uncultured; g__uncultured; s__uncultured_Acidobacteriaceae	0.9579722932254047
cfaadc3da495c2af85445f0e8d424494	d__Bacteria; p__Actinobacteriota; c__Actinobacteria; o__Micrococcales; f__Demequinaceae; g__Demequina	0.875548058905524
cfbacdae9cbcbe2acaf409ca15b089a4	d__Bacteria; p__Bacteroidota; c__Bacteroidia; o__Sphingobacteriales; f__Sphingobacteriaceae; g__Pedobacter	0.9999940833097754
cfbcabd4115aa442c04bd8523cefd999	d__Bacteria; p__Actinobacteriota; c__Acidimicrobiia; o__Microtrichales; f__Ilumatobacteraceae; g__Ilumatobacter	0.9385514453308069
cfbcee2e9e368d53ce2f2e3ceececbd0	d__Bacteria; p__Proteobacteria; c__Gammaproteobacteria; o__Pseudomonadales; f__Moraxellaceae; g__Acinetobacter	0.9739002844266481
cfdff0ec98941815732af8ac6038ef14	d__Bacteria; p__Proteobacteria; c__Gammaproteobacteria; o__Xanthomonadales	0.9998727346964311
cffbdb3d199b704fb2a6e764be45f2fb	d__Bacteria; p__Proteobacteria; c__Gammaproteobacteria; o__Burkholderiales; f__SC-I-84; g__SC-I-84	0.99786297029919
cffff43e4f524d3317331a8cf71417d6	d__Bacteria; p__Acidobacteriota; c__Subgroup_11; o__Subgroup_11; f__Subgroup_11; g__Subgroup_11; s__uncultured_bacterium	0.9989308789305122
d005a6d3be43c3f5e8dd440503e82601	d__Bacteria; p__Proteobacteria; c__Gammaproteobacteria; o__Pseudomonadales; f__Moraxellaceae; g__Permianibacter; s__Permianibacter_aggregans	0.9604765335324783
d01223e63deee55cf78dc7f015d34967	d__Bacteria; p__Chloroflexi; c__Chloroflexia; o__Thermomicrobiales; f__AKYG1722; g__AKYG1722	0.9999784516753685
d01aa8294fbc7c0309d8724c0dc3029f	d__Bacteria; p__Verrucomicrobiota; c__Verrucomicrobiae; o__Opitutales; f__Opitutaceae; g__IMCC26134; s__uncultured_bacterium	0.7103892296488624
d01f9b92c35c845a28f7f57d7899ae03	d__Archaea; p__Thermoplasmatota; c__Thermoplasmata; o__Marine_Group_II; f__Marine_Group_II; g__Marine_Group_II; s__uncultured_archaeon	0.9999361601045983
d02d997ab96dfb40630257052d8b9bf0	d__Bacteria; p__Acidobacteriota; c__Vicinamibacteria; o__Vicinamibacterales; f__uncultured; g__uncultured; s__uncultured_bacterium	0.7173849477301076
d037eb1d4421b2e91df04ac5163be39b	d__Bacteria; p__Bdellovibrionota; c__Oligoflexia; o__Silvanigrellales; f__Silvanigrellaceae	0.9625482381683209
d0452380474c7bab749920da52f1c571	d__Bacteria; p__Firmicutes; c__Clostridia; o__Lachnospirales; f__Lachnospiraceae; g__Tyzzerella	0.7502201071293018
d04b6b9f9e808a614d2b290c255017a0	d__Bacteria; p__Proteobacteria; c__Gammaproteobacteria; o__Burkholderiales; f__Comamonadaceae; g__Azohydromonas; s__Azohydromonas_australica	0.8401373964555637
d04c864ba5cc8b7b4b85adbc21b53634	d__Bacteria; p__Bacteroidota; c__Bacteroidia; o__Cytophagales; f__Hymenobacteraceae; g__Pontibacter	0.9420921250250435
d04ff0e45f3495c8bdecf78b694ea225	d__Bacteria; p__Planctomycetota; c__Phycisphaerae; o__Tepidisphaerales; f__WD2101_soil_group; g__WD2101_soil_group	0.9999999991912982
d056eff03198d93c532975867a444bdf	d__Bacteria; p__Firmicutes; c__Bacilli; o__Alicyclobacillales; f__Alicyclobacillaceae; g__Tumebacillus	0.9999602774244456
d06d86918fdd7b37971866023918981f	d__Bacteria; p__Verrucomicrobiota; c__Verrucomicrobiae; o__Pedosphaerales; f__Pedosphaeraceae; g__Pedosphaeraceae	0.8406689700277508
d07abb900edbefc49ad44e28f6859022	d__Bacteria; p__Acidobacteriota; c__Blastocatellia; o__DS-100; f__DS-100; g__DS-100; s__uncultured_Acidobacteria	0.8020677823151606
d07af0df9d9bbb6fd706c43932c03f40	d__Bacteria; p__Firmicutes; c__Bacilli; o__Bacillales; f__Bacillaceae; g__Bacillus	0.9790066601633373
d084f5c5367f9692a47de1c828f85dbb	d__Bacteria; p__Myxococcota; c__Myxococcia; o__Myxococcales; f__Myxococcaceae; g__P3OB-42; s__uncultured_bacterium	0.7381270451128498
d089cf3ba32ffe7fe4ebe3a3740786c0	d__Bacteria; p__Firmicutes; c__Bacilli; o__Lactobacillales; f__Streptococcaceae; g__Streptococcus	0.9995099115734822
d08ca8f75891b415822489986c2e9f29	d__Bacteria; p__Planctomycetota; c__Phycisphaerae; o__Phycisphaerales; f__Phycisphaeraceae	0.999999713193933
d0c180a47378d414a1d088ac14db236c	d__Bacteria; p__Acidobacteriota; c__Blastocatellia; o__Blastocatellales; f__Blastocatellaceae; g__Aridibacter	0.848069132975945
d0d893e2d4c1e7de281b8043894dc096	d__Bacteria; p__Proteobacteria; c__Gammaproteobacteria; o__Burkholderiales; f__SC-I-84; g__SC-I-84	0.9598289240786044
d0ee07ba61ca2858a82b12e87a5f1e4d	d__Bacteria; p__Gemmatimonadota; c__Gemmatimonadetes; o__Gemmatimonadales; f__Gemmatimonadaceae; g__uncultured; s__uncultured_Gemmatimonadetes	0.8898252845721935
d0f0645b03bce0d608f49c792cd306dc	d__Bacteria; p__Bacteroidota; c__Kapabacteria; o__Kapabacteriales; f__Kapabacteriales; g__Kapabacteriales	0.8775979420439072
d0f6efe66f732e994c4da3b161341ba7	d__Bacteria; p__Planctomycetota; c__Pla3_lineage; o__Pla3_lineage; f__Pla3_lineage; g__Pla3_lineage; s__uncultured_bacterium	0.8435631712281098
d0f87a0f9a9cbb80bb84bab8a570b05a	d__Bacteria	0.9999999963657099
d0f993b8724a71a092343235cb74d2d7	d__Bacteria; p__Acidobacteriota; c__Vicinamibacteria; o__Vicinamibacterales; f__uncultured; g__uncultured	0.999995315315273
d109c26b890704b1cec003586afaf15a	d__Bacteria; p__Bdellovibrionota; c__Bdellovibrionia; o__Bdellovibrionales; f__Bdellovibrionaceae; g__Bdellovibrio; s__uncultured_bacterium	0.752821170507388
d10b7cf42976b82271c26b3bb8aa72da	d__Bacteria; p__Firmicutes; c__Bacilli; o__Paenibacillales; f__Paenibacillaceae; g__Paenibacillus	0.9753088988943873
d10bb35a2f93248b4f7e5ea27d1169e6	d__Bacteria; p__Planctomycetota; c__Planctomycetes; o__Pirellulales; f__Pirellulaceae; g__uncultured; s__uncultured_bacterium	0.9525383218565135
d113ef2135bba80e9254a487f39024d1	d__Bacteria; p__Verrucomicrobiota; c__Verrucomicrobiae; o__Chthoniobacterales; f__Chthoniobacteraceae; g__Chthoniobacter; s__uncultured_Spartobacteria	0.8110125433679186
d119c66e3777a96c81007647325c2073	d__Bacteria; p__Chloroflexi; c__KD4-96; o__KD4-96; f__KD4-96; g__KD4-96; s__metagenome	0.878670968463649
d11caafe7e75b05db406233a53f58abe	d__Bacteria; p__Planctomycetota; c__BD7-11; o__BD7-11; f__BD7-11; g__BD7-11; s__uncultured_bacterium	0.9566385495071474
d12bdf20f24b92aa8ec94c6c3f60497f	d__Bacteria; p__Proteobacteria; c__Gammaproteobacteria; o__Burkholderiales; f__Oxalobacteraceae	0.9906619693394126
d138b3b3c5844875fb745633183be59e	d__Bacteria; p__Bacteroidota; c__Bacteroidia; o__Chitinophagales; f__Chitinophagaceae	0.999999653931485
d14204c050bc384223a14c273ab04b99	d__Bacteria; p__Planctomycetota; c__Planctomycetes; o__Planctomycetales; f__uncultured; g__uncultured; s__uncultured_bacterium	0.8832896762296887
d142ac672843d9fd0bbc6726f9429dcb	d__Bacteria; p__Myxococcota; c__Myxococcia; o__Myxococcales; f__27F-1492R; g__27F-1492R; s__uncultured_bacterium	0.9566601346187107
d146cc21226b0213964aeceb9fe6b454	d__Bacteria; p__Actinobacteriota; c__Actinobacteria; o__Propionibacteriales; f__Nocardioidaceae; g__Nocardioides	0.9922087249299443
d15f898e37a3801cdc92cbea5eefca1d	d__Bacteria; p__Chloroflexi; c__Anaerolineae; o__Anaerolineales; f__Anaerolineaceae; g__uncultured	0.9612844601832461
d1625e6bd533c10283470bd0b6ca9bcd	d__Bacteria; p__Actinobacteriota; c__Acidimicrobiia; o__Microtrichales; f__Ilumatobacteraceae; g__uncultured	0.7937064310613491
d17fdd40e75b04065f91fc7942cf4edb	d__Bacteria; p__Myxococcota; c__bacteriap25; o__bacteriap25; f__bacteriap25; g__bacteriap25	0.9879983598219657
d19448807d872fa6cd5fab049e395a62	d__Bacteria; p__Acidobacteriota; c__Holophagae; o__Subgroup_7; f__Subgroup_7; g__Subgroup_7	0.9999996207831809
d1b125e9d2df3e73a7af21784e4b58d7	d__Bacteria; p__Proteobacteria; c__Alphaproteobacteria; o__Rhodobacterales; f__Rhodobacteraceae; g__Limibaculum; s__uncultured_bacterium	0.7784222806646554
d1c82eb43eae141995d812beb73c9f53	d__Bacteria; p__Gemmatimonadota; c__S0134_terrestrial_group; o__S0134_terrestrial_group; f__S0134_terrestrial_group; g__S0134_terrestrial_group; s__uncultured_compost	0.9999864790800543
d1c90509fed0d64cbffbcc7d8012a9a1	d__Bacteria; p__Proteobacteria; c__Gammaproteobacteria; o__Burkholderiales	0.9999631972695796
d1eb26777796cb15bf0f7ca1bf4408a7	d__Bacteria; p__Bacteroidota; c__Bacteroidia; o__Cytophagales; f__Microscillaceae; g__uncultured	0.8594077331256988
d1ee4eb40fdd397c6770593b2d3b2894	d__Bacteria; p__Firmicutes; c__Bacilli; o__Bacillales; f__Bacillaceae; g__Bacillus	0.9852179533402549
d1fa959c322c775b686f26b9093da463	d__Bacteria; p__Bacteroidota; c__Bacteroidia; o__Chitinophagales; f__Chitinophagaceae; g__Flavitalea	0.8528739735669179
d20b451e1ac36090660483d396c90b63	d__Bacteria; p__Bacteroidota; c__Bacteroidia; o__Chitinophagales; f__Chitinophagaceae	0.9999997831584356
d243663b40e7ac00c3b51270ece73fce	d__Bacteria; p__Chloroflexi; c__Anaerolineae; o__SBR1031; f__A4b; g__A4b	0.9999627933381301
d2447cd08dadef289d42414442b7bb14	d__Bacteria; p__Planctomycetota; c__Planctomycetes; o__Pirellulales; f__Pirellulaceae; g__Pirellula; s__uncultured_Planctomycetales	0.9200937076124258
d24b17a031ecb76d337bccfd19b58f64	d__Bacteria; p__Verrucomicrobiota; c__Verrucomicrobiae; o__Chthoniobacterales; f__Chthoniobacteraceae; g__Chthoniobacter; s__metagenome	0.7001628234165221
d24e0d03ee1cf1aa381219a9c8fcc13f	d__Bacteria; p__Gemmatimonadota; c__S0134_terrestrial_group; o__S0134_terrestrial_group; f__S0134_terrestrial_group; g__S0134_terrestrial_group; s__uncultured_Gemmatimonadetes	0.7276778263027246
d25b0e4c4e719a626d756f703ea85b87	d__Bacteria; p__Proteobacteria; c__Gammaproteobacteria; o__Cellvibrionales; f__Cellvibrionaceae; g__Cellvibrio; s__uncultured_bacterium	0.7186144114105159
d26a4a3c04adece2d96943ab5ce272d3	d__Bacteria; p__Proteobacteria; c__Gammaproteobacteria; o__Burkholderiales; f__Comamonadaceae; g__Ramlibacter	0.8442136405463836
d284afab226d22fd0596221d17db23d3	d__Bacteria; p__Proteobacteria; c__Gammaproteobacteria; o__Steroidobacterales; f__Steroidobacteraceae; g__Steroidobacter	0.9844562999590045
d28b987d68bcd1476c304329ed05ce17	d__Bacteria; p__Bacteroidota; c__Bacteroidia; o__Sphingobacteriales; f__env.OPS_17; g__env.OPS_17	0.9999992989795383
d2912fea2dcf2e5b97e56c6a7d24295d	d__Bacteria; p__Planctomycetota; c__Phycisphaerae; o__Phycisphaerales; f__Phycisphaeraceae; g__AKYG587; s__uncultured_bacterium	0.9973436017345431
d2948298825aab140afa34871ade1f2c	d__Bacteria; p__Acidobacteriota; c__Vicinamibacteria; o__Vicinamibacterales; f__Vicinamibacteraceae; g__Vicinamibacteraceae	0.9212013178178268
d29cecdbe88a1d40397848f5ba0d24b9	d__Bacteria; p__Chloroflexi; c__Dehalococcoidia; o__S085; f__S085; g__S085; s__metagenome	0.9569819905275055
d2a2f7f09cf22ac3ce9472a3bf639cf6	d__Bacteria; p__Gemmatimonadota; c__S0134_terrestrial_group; o__S0134_terrestrial_group; f__S0134_terrestrial_group; g__S0134_terrestrial_group; s__uncultured_Gemmatimonadetes	0.8943628258552855
d2a7e48292a5730be09dbb2ccf6c1888	d__Bacteria; p__Planctomycetota; c__Planctomycetes; o__Pirellulales; f__Pirellulaceae; g__uncultured	0.9401541146732937
d2a949651b7595ad2ec3247ceed50b07	d__Bacteria; p__Bacteroidota; c__Bacteroidia; o__Cytophagales; f__Microscillaceae; g__Ohtaekwangia; s__metagenome	0.9415955023255704
d2b03a6b08c079c86a94a89924e5d939	d__Bacteria; p__Proteobacteria; c__Gammaproteobacteria; o__Burkholderiales; f__Oxalobacteraceae	0.9998311667274987
d2b05ae73ad5ed296d7add9e2bb2cce4	d__Bacteria; p__Proteobacteria; c__Alphaproteobacteria; o__Rhizobiales; f__KF-JG30-B3; g__KF-JG30-B3	0.9749010480970769
d2b588f45fb59624727fda83b4dcd0f7	d__Bacteria; p__Verrucomicrobiota; c__Verrucomicrobiae; o__Pedosphaerales; f__Pedosphaeraceae	0.9998051602747207
d2bc55fd0ccd351fc137e8509f42abb7	d__Bacteria; p__Elusimicrobiota; c__Lineage_IIb; o__Lineage_IIb; f__Lineage_IIb; g__Lineage_IIb; s__uncultured_bacterium	0.9879055789574822
d2bc91df6815db708fb76c713f35c05d	d__Bacteria; p__Proteobacteria; c__Alphaproteobacteria; o__Rhizobiales; f__Hyphomicrobiaceae; g__Pedomicrobium	0.8167965933178027
d2e146df507727c1e7511a3b6b5289c4	d__Bacteria; p__Verrucomicrobiota; c__Verrucomicrobiae; o__Chthoniobacterales; f__Chthoniobacteraceae; g__Chthoniobacter	0.9995073464341173
d2f5612865742321ebb857c8ff8242a5	d__Bacteria; p__Actinobacteriota; c__Thermoleophilia; o__uncultured; f__uncultured; g__uncultured; s__uncultured_bacterium	0.9998874368409475
d2ff67aa52bc6a0ff1b4f8ddcf1a9e76	d__Bacteria; p__Bacteroidota; c__Bacteroidia; o__Flavobacteriales; f__Flavobacteriaceae; g__Flavobacterium	0.9999874296367849
d31ef5674854f8efd53df33b8c63bfde	d__Bacteria; p__Bdellovibrionota; c__Bdellovibrionia; o__Bacteriovoracales; f__Bacteriovoracaceae; g__Peredibacter	0.9985408462413357
d320821bb419c64a8ad3e19588084b14	d__Bacteria; p__Acidobacteriota; c__Vicinamibacteria; o__Vicinamibacterales; f__uncultured; g__uncultured	0.9997855253003526
d32f79cf09df1569530e3212313b1eb0	d__Bacteria; p__Gemmatimonadota; c__BD2-11_terrestrial_group; o__BD2-11_terrestrial_group; f__BD2-11_terrestrial_group; g__BD2-11_terrestrial_group; s__uncultured_soil	0.9311259009689402
d33329e293d0675bb3cff6693edd7eae	d__Bacteria; p__Actinobacteriota; c__Thermoleophilia; o__Gaiellales; f__uncultured; g__uncultured	0.9986439030580775
d33c57230e4b93cb74169c9f59df21b3	d__Bacteria; p__Bdellovibrionota; c__Bdellovibrionia; o__Bdellovibrionales; f__Bdellovibrionaceae; g__Bdellovibrio; s__uncultured_bacterium	0.982912512275009
d33f30eaf6f9bcbc59dea2a8813741dd	d__Bacteria; p__Firmicutes; c__Clostridia; o__Christensenellales; f__Christensenellaceae; g__Christensenellaceae_R-7_group	0.9914932638406153
d345cb448bbe43b87283897eaa769731	d__Bacteria; p__Bacteroidota; c__Bacteroidia; o__Chitinophagales; f__Chitinophagaceae; g__Edaphobaculum; s__uncultured_soil	0.8225645266901068
d347309f43e27d97e56cd8ce390ce8d8	d__Bacteria; p__Myxococcota; c__Polyangia; o__Polyangiales; f__Polyangiaceae	0.9423973865371985
d349a40e9bda1eccc462211b78c9e5df	d__Bacteria; p__Chloroflexi; c__KD4-96; o__KD4-96; f__KD4-96; g__KD4-96; s__uncultured_bacterium	0.9686206608532675
d349e88ed324f0ac913649bbf1ada805	d__Bacteria; p__Acidobacteriota; c__Acidobacteriae; o__Solibacterales; f__Solibacteraceae; g__Candidatus_Solibacter	0.9909063948222876
d3507ff973d3f1384b660f73aca6def2	d__Bacteria; p__Gemmatimonadota; c__S0134_terrestrial_group; o__S0134_terrestrial_group; f__S0134_terrestrial_group; g__S0134_terrestrial_group	0.9998118872366805
d3616bc0d8925a452274c484c73406c3	d__Bacteria; p__Actinobacteriota; c__Actinobacteria	0.99999984575992
d3621e07e51db1a0261a61d87a0fc1c9	d__Bacteria; p__Acidobacteriota; c__Vicinamibacteria; o__Vicinamibacterales; f__uncultured; g__uncultured; s__uncultured_bacterium	0.9415813854569384
d36894d1d81c25c31a52d426352e585c	d__Bacteria; p__Verrucomicrobiota; c__Verrucomicrobiae; o__Pedosphaerales; f__Pedosphaeraceae; g__Pedosphaeraceae; s__uncultured_soil	0.9766266880798267
d369960da62c9c91f8018fa766d2af31	d__Bacteria; p__Cyanobacteria; c__Cyanobacteriia; o__Chloroplast; f__Chloroplast; g__Chloroplast	0.9999998783790424
d36b8837d28a6e8234d10127bbd3ab4e	d__Bacteria; p__Chloroflexi; c__Chloroflexia; o__Thermomicrobiales; f__JG30-KF-CM45; g__JG30-KF-CM45; s__uncultured_bacterium	0.7942032237488437
d36e7fe6420678466f644ea76779caf1	d__Bacteria; p__Acidobacteriota; c__Holophagae; o__Subgroup_7; f__Subgroup_7; g__Subgroup_7	0.9999994932471309
d36f0245ff021d022d7b99b5e08b751c	d__Bacteria; p__Proteobacteria; c__Gammaproteobacteria; o__CCD24; f__CCD24; g__CCD24	0.9999760559838086
d394506c4bc9ef6c88e3eee8a271d2cf	d__Bacteria; p__Actinobacteriota; c__Actinobacteria; o__Propionibacteriales; f__Nocardioidaceae; g__Nocardioides	0.9615993421973881
d39d8ddf1b7b8a245974665064067c04	d__Bacteria; p__Bacteroidota; c__Bacteroidia; o__Cytophagales; f__Hymenobacteraceae; g__Pontibacter	0.9999449735720889
d3a66aefdd0609ce724251a416633ab9	d__Bacteria; p__Myxococcota; c__Polyangia; o__Haliangiales; f__Haliangiaceae; g__Haliangium; s__uncultured_Myxococcales	0.8705124731431576
d3a7e89f3ffb16434a2d75e100bf710f	d__Bacteria; p__Planctomycetota; c__Pla4_lineage; o__Pla4_lineage; f__Pla4_lineage; g__Pla4_lineage	0.9996733589808695
d3af4a709780e098a4292f4397f55ede	d__Bacteria; p__Proteobacteria; c__Alphaproteobacteria; o__Rhizobiales; f__Beijerinckiaceae; g__Methylobacterium-Methylorubrum	0.9778362337096527
d3b1b040ba1aff8dbe7ec573a485e2d0	d__Bacteria	0.999999999999935
d3bd099db7a256931b087087a687f2cf	d__Bacteria; p__Elusimicrobiota; c__Elusimicrobia; o__Lineage_IV; f__Lineage_IV; g__Lineage_IV; s__uncultured_bacterium	0.9966177066235803
d3e52262de2eaba206a3805f25c728c7	d__Bacteria; p__Actinobacteriota; c__Actinobacteria; o__Micrococcales	0.7395580979781747
d3f6677b781419be9e39d1a2e54f23fa	d__Bacteria; p__Actinobacteriota; c__Actinobacteria; o__Propionibacteriales; f__Nocardioidaceae; g__Nocardioides	0.836667722879176
d40b565f9a650be9942da0561841651e	d__Bacteria; p__Planctomycetota; c__Phycisphaerae; o__CCM11a; f__CCM11a; g__CCM11a	0.9999996774587642
d41816cdb1c7c0c37cf71aec4e194c41	d__Bacteria; p__Actinobacteriota; c__Actinobacteria; o__Pseudonocardiales; f__Pseudonocardiaceae; g__Pseudonocardia; s__uncultured_bacterium	0.8963765347491282
d423d787a2a639a59337a21917fd325a	d__Bacteria	0.999999997458793
d464e2854e420511a9f2a137568ed0af	d__Bacteria; p__Patescibacteria; c__ABY1; o__Candidatus_Magasanikbacteria; f__Candidatus_Magasanikbacteria; g__Candidatus_Magasanikbacteria; s__uncultured_bacterium	0.7388341617801546
d466df1a94582c03fb49a3ae242d14ed	d__Bacteria; p__Chloroflexi; c__Gitt-GS-136; o__Gitt-GS-136; f__Gitt-GS-136; g__Gitt-GS-136	0.9999999971954376
d46b65ffb56f48cd7d6046da3b0d1ea9	d__Bacteria; p__Firmicutes; c__Bacilli; o__Paenibacillales; f__Paenibacillaceae; g__Paenibacillus	0.9877597619546014
d4765662729af09497dfead4a87f0fb1	d__Bacteria; p__Acidobacteriota; c__Vicinamibacteria; o__Vicinamibacterales; f__uncultured; g__uncultured; s__uncultured_Acidobacteriaceae	0.7329395761872622
d476e24f376fc8ce6ee061ae54bc97e1	d__Bacteria; p__Bacteroidota; c__Bacteroidia; o__Flavobacteriales; f__Crocinitomicaceae; g__Fluviicola	0.9999993383968075
d4946e130b29ed7d1e0246bbbc2e4d23	d__Bacteria; p__Chloroflexi; c__Anaerolineae; o__SBR1031; f__SBR1031; g__SBR1031; s__uncultured_soil	0.999847798913602
d4a18c66aad1e661fd351ed4f6342bfe	d__Bacteria; p__Bacteroidota; c__Bacteroidia; o__Flavobacteriales; f__Weeksellaceae; g__Chryseobacterium	0.9956270709095317
d4a6cac2283d1f355436cbe3deb61675	d__Bacteria; p__Acidobacteriota; c__Vicinamibacteria; o__Vicinamibacterales; f__uncultured; g__uncultured	0.9999444890139335
d4b0908e415c9c411a3e7102ecfc3492	d__Bacteria; p__Gemmatimonadota; c__AKAU4049; o__AKAU4049; f__AKAU4049; g__AKAU4049; s__uncultured_bacterium	0.999990073363492
d4b233740db907d69035915e8657fa8d	d__Bacteria; p__Proteobacteria; c__Alphaproteobacteria; o__Rhizobiales	0.9988966850607358
d4b2fc0779af90dbfe7f3872e6990186	d__Bacteria; p__Verrucomicrobiota; c__Verrucomicrobiae; o__Opitutales; f__Opitutaceae; g__Lacunisphaera; s__Lacunisphaera_parvula	0.8691656251686165
d4cbf23757aad57c91b058cbb05566e4	d__Bacteria; p__Verrucomicrobiota; c__Verrucomicrobiae; o__Opitutales; f__Opitutaceae	0.9999999690999558
d4dba66f03c750dc3e104ce51b0725e5	d__Bacteria; p__Proteobacteria; c__Alphaproteobacteria; o__Rhizobiales; f__Hyphomicrobiaceae; g__Pedomicrobium	0.984975415079298
d4de9d1453102564f35262faa3952266	d__Bacteria; p__Proteobacteria; c__Alphaproteobacteria; o__uncultured; f__uncultured; g__uncultured	0.9009561041250898
d4e9147608bf883fdbbf9d23b17028d1	d__Bacteria; p__Actinobacteriota; c__Coriobacteriia; o__OPB41; f__OPB41; g__OPB41; s__uncultured_Coriobacteriales	0.8447774211096887
d4f5126fd54a30c2dd01f5dda78b74df	d__Bacteria; p__Planctomycetota; c__Phycisphaerae; o__Phycisphaerales; f__Phycisphaeraceae; g__SM1A02	0.9964370777809206
d4fc13dd1a152d1c9124641375f84e69	d__Bacteria; p__Acidobacteriota; c__Holophagae; o__Subgroup_7; f__Subgroup_7; g__Subgroup_7	0.9999999941098953
d507e7070d7f4926a5cc029fd54a7c09	d__Bacteria; p__Actinobacteriota; c__Acidimicrobiia; o__uncultured; f__uncultured; g__uncultured	0.9956671580759993
d528359999043c41ee7182f06785d39a	d__Bacteria; p__Gemmatimonadota; c__Gemmatimonadetes; o__Gemmatimonadales; f__Gemmatimonadaceae; g__uncultured	0.9999339284170784
d53cc81a9d57a64d194c876b76bd66e0	d__Bacteria; p__Myxococcota; c__Myxococcia; o__Myxococcales; f__Myxococcaceae; g__uncultured	0.7960918449299714
d53fdac1da4d66f0f63b0996a903e234	d__Bacteria; p__Myxococcota; c__bacteriap25; o__bacteriap25; f__bacteriap25; g__bacteriap25	0.830430345140683
d5491f310b126dc3936e19661ecad584	d__Bacteria; p__Myxococcota; c__Polyangia; o__Polyangiales; f__Phaselicystidaceae; g__Phaselicystis; s__uncultured_Polyangiaceae	0.8776758352299168
d54a45a459e1b5b171be7156fc8e7dd1	d__Bacteria; p__Chloroflexi; c__Chloroflexia; o__Chloroflexales; f__Chloroflexaceae; g__Candidatus_Chloroploca	0.8587185601496767
d54fab752e93dba9719a4cbdfb765434	d__Bacteria; p__Acidobacteriota; c__Thermoanaerobaculia; o__Thermoanaerobaculales; f__Thermoanaerobaculaceae; g__Subgroup_10	0.9996168033670867
d55257bba6c849555c6cad2f053f5614	d__Bacteria; p__Actinobacteriota; c__Thermoleophilia; o__Gaiellales	0.9999989994629797
d553450c4c1b080be7f9c8f92f6db950	d__Bacteria; p__Elusimicrobiota; c__Lineage_IIb; o__Lineage_IIb; f__Lineage_IIb; g__Lineage_IIb; s__uncultured_bacterium	0.9995860861126586
d563dd20aa7b973736864c2a3e1fc870	d__Bacteria; p__Myxococcota; c__Polyangia; o__Polyangiales; f__Sandaracinaceae; g__uncultured; s__metagenome	0.9938138491019182
d5692ec0c333bebcaa910f0b59b9025f	d__Bacteria; p__FCPU426; c__FCPU426; o__FCPU426; f__FCPU426; g__FCPU426; s__metagenome	0.9910263615645413
d57e09eb1645f1abba6074d3bd7d4c52	d__Bacteria; p__Bacteroidota; c__Bacteroidia; o__Cytophagales; f__Cytophagaceae; g__Cytophaga; s__Hypsibius_dujardini	0.9597907065969623
d57fa52c1ac7011d8ebe17d391f548ee	d__Bacteria; p__Myxococcota; c__Myxococcia; o__Myxococcales; f__Myxococcaceae; g__Myxococcus	0.816351797376836
d5992aa2a75c1cfcffae736f7226225c	d__Bacteria; p__Planctomycetota; c__Planctomycetes; o__Gemmatales; f__Gemmataceae; g__uncultured	0.8965591848386482
d5a1fae634c970d22dbcf7221bbaf28a	d__Bacteria; p__Firmicutes; c__Clostridia; o__Peptostreptococcales-Tissierellales; f__Peptostreptococcaceae; g__Sporacetigenium; s__Sporacetigenium_mesophilum	0.7087817301737066
d5b3d9820c46febcd0b49b52a3038938	d__Bacteria; p__Acidobacteriota; c__Holophagae; o__Subgroup_7; f__Subgroup_7; g__Subgroup_7	0.9999999119280523
d5b9719343873bd3031c6c21583658a1	d__Bacteria; p__Proteobacteria; c__Gammaproteobacteria; o__Xanthomonadales	0.9814049730231572
d5bcaa2ed246ef4b2ee46f32f16d35ab	d__Bacteria; p__Acidobacteriota; c__Vicinamibacteria; o__Vicinamibacterales; f__uncultured; g__uncultured; s__uncultured_Acidobacteriales	0.776003910333655
d5df18c9e9358f9b47a15a4d7e12b792	d__Bacteria; p__Acidobacteriota; c__Vicinamibacteria; o__Vicinamibacterales; f__uncultured; g__uncultured	0.9999998737261656
d5e66127d68c94ca0aab0e8274fa24d0	d__Bacteria; p__Planctomycetota; c__OM190; o__OM190; f__OM190; g__OM190; s__uncultured_bacterium	0.9962815754241057
d5e7cf56ced8112a1a2c70993fdccd3c	d__Bacteria; p__Chloroflexi; c__Anaerolineae; o__Anaerolineales; f__Anaerolineaceae; g__uncultured; s__uncultured_Chloroflexi	0.9581344285813005
d5e7f0e25bdbe4a3ab18f3164c7ecd45	d__Bacteria; p__Firmicutes; c__Bacilli; o__Paenibacillales; f__Paenibacillaceae; g__Paenibacillus	0.9956372513928131
d5f6fe9044ccc36e542481b591510bf1	d__Bacteria; p__Acidobacteriota; c__Vicinamibacteria; o__Vicinamibacterales; f__uncultured; g__uncultured	0.9999982729914421
d5fd1f959817309b4ddd0c51f5e08598	d__Bacteria; p__Actinobacteriota; c__MB-A2-108; o__MB-A2-108; f__MB-A2-108; g__MB-A2-108	0.9999949865440229
d60f905a201afbdc3e6abe1b3dd35bb4	d__Bacteria; p__Actinobacteriota; c__Acidimicrobiia; o__IMCC26256; f__IMCC26256; g__IMCC26256; s__uncultured_Acidimicrobiia	0.7380345079511925
d6129e6852b8718a3de994ed792af54e	d__Bacteria; p__Firmicutes; c__Thermovenabulia; o__Thermovenabulales; f__Thermovenabulales; g__Tepidanaerobacter	0.9825999316338206
d625812c15c074c2e2b18099f97412c9	d__Bacteria; p__Planctomycetota; c__Planctomycetes; o__Planctomycetales; f__Schlesneriaceae; g__Planctopirus; s__uncultured_bacterium	0.810952303028752
d629e3fefe6ffd0d2723e9c23bbce1ae	d__Bacteria; p__Proteobacteria; c__Gammaproteobacteria; o__Xanthomonadales; f__Xanthomonadaceae; g__Lysobacter	0.8889634411544599
d6300cc768494d8793bd9a3044e6e5d2	d__Bacteria; p__Acidobacteriota; c__Vicinamibacteria; o__Vicinamibacterales; f__uncultured; g__uncultured	0.9999998181530148
d630acae6edf0fa1482127c71743827e	d__Bacteria; p__Patescibacteria; c__Gracilibacteria; o__Gracilibacteria; f__Gracilibacteria; g__Gracilibacteria	0.9999867466706531
d635348df323ea49638159607d2234ff	d__Bacteria; p__Acidobacteriota; c__Vicinamibacteria; o__Subgroup_9; f__Subgroup_9; g__Subgroup_9; s__uncultured_bacterium	0.9994256813019551
d655565545d332bc9329c33a04ecb106	d__Bacteria; p__Planctomycetota; c__Planctomycetes; o__Pirellulales; f__Pirellulaceae; g__uncultured; s__metagenome	0.8631609656656022
d65572949bef08bef3f22c34b329cf8c	d__Bacteria; p__Chloroflexi; c__Anaerolineae; o__Anaerolineales; f__Anaerolineaceae; g__UTCFX1	0.874161620021946
d65ab9953daa78dae17511f1c2852be8	d__Bacteria; p__Proteobacteria; c__Alphaproteobacteria	0.999153909431491
d65bf156b265cbe228ca323ea8241dfa	d__Bacteria; p__Armatimonadota; c__Fimbriimonadia; o__Fimbriimonadales; f__Fimbriimonadaceae; g__Fimbriimonadaceae	0.9989201809579578
d65f409f85815aa554cd945edf190de7	d__Bacteria; p__Planctomycetota; c__Planctomycetes; o__Pirellulales; f__Pirellulaceae; g__Pirellula; s__metagenome	0.9671928139481896
d66cdd71d6ae16fbe5260ebfe9c2dce3	d__Bacteria; p__Acidobacteriota; c__Thermoanaerobaculia; o__Thermoanaerobaculales; f__Thermoanaerobaculaceae; g__Subgroup_10; s__uncultured_bacterium	0.7892655270472585
d6727a85782ffd2a069dccc23adaf521	d__Bacteria; p__Chloroflexi; c__KD4-96; o__KD4-96; f__KD4-96; g__KD4-96	0.9999855892854377
d6854be498e22b65da3c00572ee178f0	d__Bacteria; p__Proteobacteria; c__Gammaproteobacteria; o__Burkholderiales; f__Comamonadaceae; g__Ramlibacter	0.7054565704955436
d686363ac665fb9eca9dd196c4afc754	d__Bacteria; p__Proteobacteria; c__Alphaproteobacteria; o__Caulobacterales; f__Hyphomonadaceae; g__SWB02; s__uncultured_bacterium	0.8342060988366353
d68b788064f8c7e8c41f1155a4b0a2a8	d__Bacteria; p__Cyanobacteria; c__Vampirivibrionia; o__Obscuribacterales; f__Obscuribacteraceae; g__Obscuribacteraceae; s__uncultured_bacterium	0.9997475701867569
d68e1899fa65515135d9bd8d356b7e3d	d__Bacteria; p__Verrucomicrobiota; c__Verrucomicrobiae; o__Chthoniobacterales; f__Chthoniobacteraceae; g__Candidatus_Udaeobacter	0.9949826041040688
d68ec2052768db1ae933f3fe71b7629d	d__Bacteria; p__Bacteroidota; c__Bacteroidia; o__Sphingobacteriales; f__Lentimicrobiaceae; g__Lentimicrobium; s__iron-reducing_bacterium	0.8671823116866778
d69f75003f2347f89e10538451b17075	d__Bacteria; p__Proteobacteria; c__Gammaproteobacteria; o__Pseudomonadales; f__Pseudomonadaceae; g__Pseudomonas	0.9998315430756839
d69f7c6ae9ed56a581bbbf3a75c9c3b6	d__Bacteria; p__Verrucomicrobiota; c__Chlamydiae; o__Chlamydiales; f__Parachlamydiaceae; g__Neochlamydia; s__uncultured_bacterium	0.9981134241970276
d6a295c5b470ced8dbb982688f1e36b3	d__Bacteria; p__Verrucomicrobiota; c__Verrucomicrobiae; o__Pedosphaerales; f__Pedosphaeraceae; g__Pedosphaeraceae	0.9999986247999214
d6b851df959bc1da3be62856d518afe1	d__Bacteria; p__Acidobacteriota; c__Blastocatellia; o__11-24; f__11-24; g__11-24	0.9999974745264588
d6c181c6785bcc00d82d5cb57e22b47b	d__Bacteria; p__Verrucomicrobiota; c__Verrucomicrobiae; o__Opitutales; f__Opitutaceae; g__Opitutus	0.8082067257285099
d6c480af86c8c388380258be4f9c7966	d__Bacteria; p__Planctomycetota; c__Phycisphaerae; o__Tepidisphaerales; f__WD2101_soil_group; g__WD2101_soil_group	0.9999999921582661
d6d2e85fb482a959b516a88cdd421ca6	d__Bacteria; p__Actinobacteriota; c__Thermoleophilia; o__Gaiellales; f__Gaiellaceae; g__Gaiella	0.9661265273622519
d6e5cfcaa37b9e0a976196ad9fbc2363	d__Bacteria; p__Proteobacteria; c__Gammaproteobacteria; o__Diplorickettsiales; f__Diplorickettsiaceae; g__Aquicella	0.9999845461435557
d6ea5ef17c8ebe2bd48bce1e6bc8c464	d__Bacteria; p__Gemmatimonadota	0.9999936157227055
d6ea8f12d63a3821a7290b3ec14de651	d__Bacteria; p__Chloroflexi; c__OLB14; o__OLB14; f__OLB14; g__OLB14; s__metagenome	0.708004910972028
d6f7b5787b3dd211c94d102f27a317d2	d__Bacteria; p__Firmicutes; c__Bacilli; o__Bacillales; f__Salisediminibacteriaceae; g__Salipaludibacillus	0.9931979213799645
d702a066bc8a0f1668c9e247a1852d15	d__Bacteria; p__Actinobacteriota; c__Actinobacteria; o__Propionibacteriales; f__Nocardioidaceae; g__Nocardioides	0.9528190682838897
d704bff4ea56e45fc327954b9f28b952	d__Bacteria; p__Planctomycetota; c__Planctomycetes; o__Planctomycetales; f__Rubinisphaeraceae; g__SH-PL14; s__uncultured_bacterium	0.850240106395257
d7092b253473ec6368d28e594f866e78	d__Bacteria; p__Firmicutes; c__Symbiobacteriia; o__Symbiobacteriales; f__Symbiobacteraceae; g__Symbiobacterium; s__uncultured_bacterium	0.9998807563117733
d70f6701cda536bb1fdbdbb0ab46c215	d__Bacteria; p__Gemmatimonadota; c__Gemmatimonadetes; o__Gemmatimonadales; f__Gemmatimonadaceae; g__uncultured; s__uncultured_bacterium	0.7494142351278155
d712e44b42e1ccd351eb1ba7c90071e2	d__Bacteria; p__Firmicutes; c__Bacilli; o__Bacillales; f__Bacillaceae; g__Fictibacillus	0.9990303276172701
d71383d90cd65546db04857d1db76a81	d__Bacteria; p__Chloroflexi; c__Anaerolineae; o__Anaerolineales; f__Anaerolineaceae; g__Anaerolinea; s__uncultured_soil	0.8747944954395063
d717a30a3b7ebe891a606fe4bfb452a7	d__Bacteria; p__Proteobacteria; c__Gammaproteobacteria; o__Xanthomonadales; f__Xanthomonadaceae; g__Lysobacter	0.9964191321763836
d71b4b02f6c67cac51a27b50b25823db	d__Bacteria; p__Bdellovibrionota; c__Bdellovibrionia; o__Bdellovibrionales; f__Bdellovibrionaceae; g__OM27_clade	0.9969759091143897
d72918465c6a37d8f76d2feed822d0c4	d__Bacteria; p__Acidobacteriota; c__Vicinamibacteria; o__Vicinamibacterales; f__Vicinamibacteraceae; g__Vicinamibacteraceae; s__uncultured_soil	0.7417913596548436
d72aa43b55b9d41fb98f9d92c29b97bf	d__Bacteria; p__Verrucomicrobiota; c__Verrucomicrobiae; o__Pedosphaerales; f__Pedosphaeraceae; g__Pedosphaeraceae; s__uncultured_subdivision	0.7233796569116918
d73482fe1295b9de810166c4f84472a3	d__Bacteria; p__Actinobacteriota; c__MB-A2-108; o__MB-A2-108; f__MB-A2-108; g__MB-A2-108; s__uncultured_bacterium	0.9290166899246994
d744bb05d6336204550d2d02662d2823	d__Bacteria; p__Chloroflexi; c__Dehalococcoidia; o__S085; f__S085; g__S085; s__uncultured_bacterium	0.8625896692914543
d7539b3e6eff8230cd7e5806afc6f5a6	d__Bacteria; p__Myxococcota; c__Myxococcia; o__Myxococcales; f__Myxococcaceae; g__P3OB-42	0.9997910478261892
d75c040bdaa1cca96cd0655c9af7ab28	d__Bacteria; p__Myxococcota; c__Polyangia; o__Polyangiales; f__Phaselicystidaceae; g__Phaselicystis	0.8822661385568322
d75ed0d3cace6fa2d12014aa6a108b80	d__Bacteria	0.9999999989561835
d7698d3b3a2e82d8348c7f0d938621c9	d__Bacteria; p__Firmicutes; c__Bacilli; o__Thermoactinomycetales; f__Thermoactinomycetaceae; g__Planifilum	0.9963253805013127
d773d1a12be94ce01a20e483d12cb2b1	d__Bacteria; p__Cyanobacteria; c__Sericytochromatia; o__Sericytochromatia; f__Sericytochromatia; g__Sericytochromatia; s__uncultured_bacterium	0.9317390690185933
d78003f13712da48d0bb36fd45116b91	d__Bacteria; p__Proteobacteria; c__Alphaproteobacteria; o__Caulobacterales; f__Caulobacteraceae	0.9999996026298185
d7801a2d3dad4c7591253be39855c818	d__Bacteria; p__Acidobacteriota; c__Blastocatellia; o__11-24; f__11-24; g__11-24; s__uncultured_Acidobacteriales	0.9876870118852966
d78c8f572e94e5b2b15126918a33d047	d__Bacteria; p__Planctomycetota; c__Phycisphaerae; o__Phycisphaerales; f__Phycisphaeraceae; g__SM1A02; s__uncultured_bacterium	0.9584285113467448
d78fc1c75719154edfe2fecca319cec8	d__Bacteria; p__Planctomycetota; c__Planctomycetes; o__Gemmatales; f__Gemmataceae; g__uncultured	0.9921649161606652
d79239ba259779ca57d83f13e50f51f0	d__Bacteria; p__Firmicutes; c__Bacilli; o__Bacillales; f__Bacillaceae; g__Bacillus	0.9678584032568871
d7add64c8700f5a8cadf40c8c7f5ff67	d__Bacteria; p__Actinobacteriota; c__Thermoleophilia; o__Gaiellales	0.9999862804108117
d7cf1db7b7d7ebb9315f15d74b1a2d6c	d__Bacteria; p__Verrucomicrobiota; c__Verrucomicrobiae; o__Chthoniobacterales; f__Chthoniobacteraceae; g__Candidatus_Udaeobacter; s__Verrucomicrobia_bacterium	0.9986063609248325
d7d25b96002930f8ee058f17af795864	d__Bacteria; p__Patescibacteria; c__Parcubacteria	0.999998058027681
d7dff6fa080b8898153eb431b170de11	d__Bacteria; p__Acidobacteriota; c__Subgroup_5; o__Subgroup_5; f__Subgroup_5; g__Subgroup_5; s__uncultured_bacterium	0.9999882984916393
d7e022da07151bf735ef82560948de9f	d__Bacteria; p__Proteobacteria; c__Gammaproteobacteria; o__Burkholderiales; f__SC-I-84; g__SC-I-84	0.9977143722398735
d7e11872933d217296ccc6373471a9fa	d__Bacteria; p__Planctomycetota; c__Planctomycetes; o__Gemmatales; f__Gemmataceae; g__uncultured	0.9903494467203293
d7e5b6432dc178aaeed9c81e0ec57afb	d__Bacteria; p__Planctomycetota; c__Phycisphaerae; o__Tepidisphaerales; f__Tepidisphaerales; g__Tepidisphaerales; s__uncultured_Planctomycetales	0.8077010546876933
d80e1e4a0c1cb65d3b02fc95cd5da46f	d__Bacteria; p__Firmicutes; c__Bacilli; o__Paenibacillales; f__Paenibacillaceae; g__Paenibacillus	0.9992538486618404
d8119794d251e98e171226ba17704b4c	d__Bacteria; p__Chloroflexi; c__OLB14; o__OLB14; f__OLB14; g__OLB14	0.8054970469914184
d81800d7e31b69877ce1eab9858b8f3a	d__Bacteria; p__Verrucomicrobiota; c__Verrucomicrobiae; o__Pedosphaerales; f__Pedosphaeraceae; g__ADurb.Bin063-1	0.976629551089311
d81a68bf2521363a31ef0da990a739b6	d__Bacteria; p__Actinobacteriota; c__Actinobacteria; o__Micromonosporales; f__Micromonosporaceae	0.999765774833067
d81cf48fdb3a53612a7af029ef4d957b	d__Bacteria; p__Actinobacteriota; c__MB-A2-108; o__MB-A2-108; f__MB-A2-108; g__MB-A2-108; s__uncultured_bacterium	0.7080503837476468
d82258ff47a25655440da10be796752e	d__Bacteria; p__Chloroflexi; c__Chloroflexia; o__Chloroflexales; f__Herpetosiphonaceae; g__Herpetosiphon; s__uncultured_bacterium	0.9997129658986965
d8238b05f05060967a30891da847a53b	d__Bacteria; p__Acidobacteriota; c__Vicinamibacteria; o__Vicinamibacterales; f__uncultured; g__uncultured	0.9999984611057756
d825c0e1be31ec748a33adc1f6170891	d__Bacteria; p__Planctomycetota; c__vadinHA49; o__vadinHA49; f__vadinHA49; g__vadinHA49	0.9999777749706587
d856029f35bb9530c2e1fefd55f33291	d__Bacteria; p__Armatimonadota; c__Fimbriimonadia; o__Fimbriimonadales; f__Fimbriimonadaceae; g__Fimbriimonadaceae	0.8796268523666515
d85e9183fee66c6392940a641ca85c7d	d__Bacteria; p__Proteobacteria; c__Gammaproteobacteria; o__Burkholderiales; f__Oxalobacteraceae; g__Massilia	0.9075793789968821
d864055b678d06efe881f4d5d44e795a	d__Bacteria; p__Proteobacteria; c__Gammaproteobacteria; o__Burkholderiales; f__Comamonadaceae; g__Rubrivivax	0.810297687257235
d866de466e211c590b055f5d1294a37c	d__Bacteria; p__Acidobacteriota; c__Vicinamibacteria; o__Vicinamibacterales; f__uncultured; g__uncultured; s__uncultured_Acidobacteriaceae	0.9028224195132862
d86c22bc8fa2f47a1a115739c9d9ce4e	d__Bacteria; p__Acidobacteriota; c__Vicinamibacteria; o__Vicinamibacterales; f__Vicinamibacteraceae; g__Vicinamibacteraceae	0.9996061408587325
d87cbbbc8bcc973185f94361b9d3719a	d__Bacteria; p__Actinobacteriota; c__MB-A2-108; o__MB-A2-108; f__MB-A2-108; g__MB-A2-108; s__uncultured_actinobacterium	0.9972733586748121
d89918988931683f879804e056125a11	d__Bacteria; p__Acidobacteriota; c__Vicinamibacteria; o__Vicinamibacterales; f__uncultured; g__uncultured; s__uncultured_Acidobacteriales	0.8096322167709313
d8aefde04b30d59584868e46a390c444	d__Bacteria; p__Firmicutes; c__Bacilli; o__Bacillales; f__Bacillaceae; g__Bacillus; s__Bacillus_alkalitelluris	0.9676595249885835
d8b8e2f94be1f41d3808cbb52098350c	d__Bacteria; p__Acidobacteriota; c__Blastocatellia; o__Pyrinomonadales; f__Pyrinomonadaceae; g__RB41	0.9996367783338067
d8c7ccd8cb7f743bfd208070d0a425fe	d__Bacteria; p__Bacteroidota; c__Bacteroidia; o__Flavobacteriales; f__Flavobacteriaceae; g__Flavobacterium	0.9992333119906742
d8ccfb03100a6e11a5b401eedc92c190	d__Bacteria; p__Patescibacteria; c__Saccharimonadia; o__Saccharimonadales; f__Saccharimonadales; g__Saccharimonadales	0.9594418281161468
d8d69b472ce603e6f8e56ead0f54d6eb	d__Bacteria	0.9999999999999719
d8f1a04287e442a8644057f9974a2fba	d__Bacteria; p__Firmicutes; c__Bacilli; o__Thermoactinomycetales; f__Thermoactinomycetaceae; g__Planifilum; s__Planifilum_composti	0.9921393744984146
d8f82369c5143042945407196469f052	d__Bacteria; p__Planctomycetota; c__Phycisphaerae; o__Phycisphaerales; f__Phycisphaeraceae; g__AKYG587	0.9999772191892196
d8fe779e0846d19356413b8124f74672	d__Bacteria; p__Planctomycetota; c__Planctomycetes; o__Isosphaerales; f__Isosphaeraceae; g__uncultured; s__uncultured_Isosphaera	0.9230686172353266
d90c0230954d89faf0e74ce6146e010a	d__Bacteria; p__Acidobacteriota; c__Acidobacteriae; o__Solibacterales; f__Solibacteraceae; g__Candidatus_Solibacter	0.9716945226139476
d9363103ad6cf9537d507c8a7d2304b4	d__Bacteria; p__Actinobacteriota; c__Thermoleophilia; o__Gaiellales	0.9999987389440836
d93bb3dfac585b1c799000609d15b468	d__Bacteria; p__Gemmatimonadota; c__Gemmatimonadetes; o__Gemmatimonadales; f__Gemmatimonadaceae	0.9998043448995533
d949992d2ca07058a81a858288683193	d__Bacteria; p__Proteobacteria; c__Gammaproteobacteria; o__Xanthomonadales; f__Xanthomonadaceae; g__Stenotrophomonas; s__Stenotrophomonas_rhizophila	0.7507505352464555
d95c8597cdc832e583f69291b3ff4f99	d__Bacteria; p__Chloroflexi; c__Chloroflexia; o__Thermomicrobiales; f__JG30-KF-CM45; g__JG30-KF-CM45	0.9999983829205389
d9719d6472ff065ee799e08bf708ce75	d__Bacteria; p__Chloroflexi; c__Anaerolineae; o__Caldilineales; f__Caldilineaceae; g__uncultured; s__uncultured_Caldilineales	0.9112717114559067
d977b529ee5b5137f526fc58394d182f	d__Bacteria; p__Proteobacteria; c__Alphaproteobacteria; o__Caulobacterales; f__Caulobacteraceae; g__Phenylobacterium	0.8676462095671946
d9819afac56df712b1c9c7ffd3379331	d__Bacteria; p__Proteobacteria; c__Alphaproteobacteria; o__uncultured; f__uncultured; g__uncultured	0.8478720198258703
d988873152701a555f395e03b1423201	d__Bacteria; p__Planctomycetota; c__Phycisphaerae; o__Phycisphaerales; f__Phycisphaeraceae; g__SM1A02; s__uncultured_bacterium	0.872448016589056
d98d2002086da2b60e4410d92b5b8a7a	d__Bacteria; p__Chloroflexi; c__Anaerolineae; o__Caldilineales; f__Caldilineaceae; g__uncultured; s__uncultured_Anaerolineaceae	0.7707470940877508
d99a677a828d9b5505784455c6fc9c01	d__Bacteria; p__Myxococcota; c__Polyangia; o__Polyangiales; f__BIrii41; g__BIrii41	0.954939111458563
d9a35aa66e00747a859cf11978b0fc9c	d__Bacteria; p__RCP2-54; c__RCP2-54; o__RCP2-54; f__RCP2-54; g__RCP2-54; s__uncultured_prokaryote	0.7307714382629831
d9ae8b9b548e5acdca60cdab09d787cb	d__Bacteria; p__Firmicutes; c__Bacilli; o__Bacillales; f__Salisediminibacteriaceae; g__Salipaludibacillus	0.9773211705855283
d9b31e1c30facc24fa778b1d65f5c457	d__Bacteria; p__Proteobacteria; c__Gammaproteobacteria; o__Pseudomonadales; f__Moraxellaceae; g__Acinetobacter	0.9896719086195283
d9b5617f6f39958f47e5bf4123fda7d5	d__Bacteria; p__Actinobacteriota; c__Actinobacteria; o__Propionibacteriales; f__Nocardioidaceae; g__Nocardioides	0.9892886280377611
d9bba98d67f123ad7d6de3ca8fc67620	d__Bacteria; p__Myxococcota; c__Polyangia; o__Polyangiales; f__Sandaracinaceae; g__uncultured; s__metagenome	0.9862133084894366
d9c57ec20ed90e2cebf6cacc4f9a5511	d__Bacteria; p__Proteobacteria; c__Alphaproteobacteria; o__Rhizobiales; f__Hyphomicrobiaceae	0.998454081210614
d9cba87b169896f3c18f8cd222621a23	d__Bacteria; p__Acidobacteriota; c__Vicinamibacteria; o__Vicinamibacterales; f__uncultured; g__uncultured	0.999994646267367
d9cc5a46831f24ec9192ae82dbc38b0a	d__Bacteria; p__Proteobacteria; c__Gammaproteobacteria; o__Enterobacterales; f__Enterobacteriaceae	0.8181845292383376
d9cd6e47779a10cb2677b5ae1621105f	d__Bacteria; p__Acidobacteriota; c__Blastocatellia; o__Pyrinomonadales; f__Pyrinomonadaceae; g__RB41	0.9949708971833486
d9d48fa72ab20f2d7b6c0299e007e48b	d__Bacteria; p__Actinobacteriota; c__Actinobacteria; o__Frankiales	0.9687064793230376
d9df6265d046a558d87d397b8a177d54	d__Bacteria; p__Myxococcota; c__Polyangia; o__Nannocystales; f__Nannocystaceae	0.9999999984500763
d9e51d98f1c86a1c426552d252c944e4	d__Bacteria; p__Proteobacteria; c__Gammaproteobacteria; o__Xanthomonadales; f__Xanthomonadaceae	0.9884316195210628
d9fa26d0b08c00e0e24af07d7c128c68	d__Bacteria; p__Bacteroidota; c__Bacteroidia; o__Chitinophagales; f__Chitinophagaceae; g__Dinghuibacter; s__uncultured_bacterium	0.9756273508539574
da07f3120677498526f5683d2f471bd7	d__Bacteria; p__Planctomycetota; c__Planctomycetes; o__Pirellulales; f__Pirellulaceae; g__Pirellula	0.9999910703649327
da0eceb2f0d5887157a8b485e5c82fc4	d__Bacteria; p__Patescibacteria; c__Parcubacteria; o__Candidatus_Kaiserbacteria; f__Candidatus_Kaiserbacteria; g__Candidatus_Kaiserbacteria; s__uncultured_bacterium	0.9286158168932632
da15a346dd235518d1c6d904e447eada	d__Bacteria; p__Proteobacteria; c__Gammaproteobacteria; o__CCD24; f__CCD24; g__CCD24	0.9997556251870306
da342fe3332a1c436bf28abaea29d75c	d__Bacteria; p__Firmicutes; c__Bacilli; o__Bacillales; f__Bacillaceae; g__Terribacillus; s__Terribacillus_goriensis	0.704024221209262
da354c07acc3de2b489b06479d81d438	d__Bacteria; p__Gemmatimonadota; c__Longimicrobia; o__Longimicrobiales; f__Longimicrobiaceae; g__Longimicrobiaceae	0.9512360761604404
da4fc77dd1b6c0b2db42a167ef07f710	d__Bacteria; p__Planctomycetota; c__OM190; o__OM190; f__OM190; g__OM190; s__planctomycete_A-2	0.991596741124073
da58825a90adabec3cbaa835b795fb4c	d__Bacteria; p__Acidobacteriota; c__Vicinamibacteria; o__Vicinamibacterales; f__uncultured; g__uncultured; s__uncultured_Acidobacteria	0.9761657804836519
da6902e1fe29a83f1226fc2243e6dbab	d__Bacteria; p__Actinobacteriota; c__Actinobacteria; o__Micrococcales	0.7266448335870638
da8d76939ddb4ee184d2eb2711cc8613	d__Bacteria; p__Proteobacteria; c__Gammaproteobacteria; o__Cellvibrionales; f__Halieaceae; g__OM60(NOR5)_clade; s__uncultured_soil	0.930397325028885
da96a0797b9881a123795838b9f01140	d__Bacteria; p__Proteobacteria; c__Alphaproteobacteria; o__Rhizobiales; f__Rhizobiales_Incertae_Sedis; g__Nordella	0.9045346298426769
dab0f7d9f83daba0d1dec95be7a249ad	d__Bacteria; p__Actinobacteriota; c__Thermoleophilia; o__Gaiellales; f__uncultured; g__uncultured	0.9999995109414076
dabb6a0752ca84746e3e482925d7555f	d__Bacteria; p__Proteobacteria; c__Gammaproteobacteria; o__Aeromonadales; f__Aeromonadaceae; g__Aeromonas	0.8756052361211728
dae29f8ac2f4bba83de860da54d47f15	d__Bacteria; p__Chloroflexi; c__Chloroflexia; o__Thermomicrobiales; f__JG30-KF-CM45; g__JG30-KF-CM45	0.9977638251043706
daf5e24c96ee5a4612e49566401e4e19	d__Bacteria; p__Planctomycetota; c__Planctomycetes; o__Pirellulales; f__Pirellulaceae; g__Rhodopirellula; s__uncultured_Planctomycetaceae	0.702917715905149
db0540920457b21b170947aac9137771	d__Bacteria; p__Planctomycetota; c__Planctomycetes; o__Pirellulales; f__Pirellulaceae; g__Blastopirellula	0.9977911966435603
db2457e29d45ab4168c5629f5f6a8ec8	d__Bacteria; p__Proteobacteria; c__Alphaproteobacteria; o__Azospirillales; f__Inquilinaceae; g__Inquilinus	0.9997132280477512
db24794eb8667aed224401386223f671	d__Bacteria; p__Actinobacteriota; c__MB-A2-108; o__MB-A2-108; f__MB-A2-108; g__MB-A2-108; s__uncultured_bacterium	0.8075532283943102
db2e06d407534b69ce25686abc4376ed	d__Bacteria; p__Planctomycetota; c__Planctomycetes; o__Pirellulales; f__Pirellulaceae; g__Pirellula	0.8474315289509733
db2e2e1484d09bcb17556b04ec894c65	d__Bacteria; p__Proteobacteria; c__Gammaproteobacteria; o__Pseudomonadales; f__Pseudomonadaceae; g__Pseudomonas	0.9999738257814379
db337f294c1e5f687af0bf86ba602bfa	d__Bacteria; p__Planctomycetota; c__OM190; o__OM190; f__OM190; g__OM190; s__uncultured_bacterium	0.9179322529107627
db3786e8de63674e485d0a2c67ab8ab1	d__Bacteria; p__Proteobacteria; c__Alphaproteobacteria; o__Tistrellales; f__Geminicoccaceae; g__uncultured; s__uncultured_bacterium	0.9686632922718451
db4671b570fa1bd70f8a16d2da747718	d__Bacteria; p__Proteobacteria; c__Gammaproteobacteria; o__Burkholderiales; f__Comamonadaceae	0.9995610225214147
db4ad0dae21180f7d7743d40508fd236	d__Bacteria; p__Acidobacteriota; c__Acidobacteriae; o__Bryobacterales; f__Bryobacteraceae; g__Bryobacter	0.9086466311186747
db4bbdbfdc8f3434a2d3121243477e55	d__Bacteria; p__Bacteroidota; c__Bacteroidia; o__Chitinophagales; f__Chitinophagaceae; g__Flavisolibacter	0.9850992259869614
db64f0028b6518839ab7129c4b7ef72d	d__Bacteria; p__Acidobacteriota; c__Vicinamibacteria; o__Vicinamibacterales; f__uncultured; g__uncultured	0.9728760115580165
db82e1015d30d313462816176fea499c	d__Bacteria; p__Planctomycetota; c__Planctomycetes; o__Pirellulales; f__Pirellulaceae; g__uncultured; s__metagenome	0.766844594747639
dbbb92eb3a8a3feaf96092d46f2b6a45	d__Bacteria; p__Actinobacteriota; c__Actinobacteria	0.9999994844326
dbc12693264eca01471484660cc5d9da	d__Bacteria; p__Dependentiae; c__Babeliae; o__Babeliales; f__Babeliales; g__Babeliales; s__uncultured_bacterium	0.7964995307404821
dbc2393ff5caaa48fbf21b9e319d500c	d__Bacteria; p__Planctomycetota; c__Phycisphaerae; o__Tepidisphaerales; f__WD2101_soil_group; g__WD2101_soil_group	0.9989522750023265
dbc7cbbc44ab7b09986f6773c5e57efb	d__Bacteria; p__Planctomycetota; c__Planctomycetes; o__Pirellulales; f__Pirellulaceae; g__Pir4_lineage	0.8568728238238037
dbcf61a356f27d949b8cf13e129f4dc0	d__Bacteria; p__Firmicutes; c__Bacilli; o__Paenibacillales; f__Paenibacillaceae; g__Paenibacillus	0.9994009200438666
dbd3ea303d91ed5dac26e604ee950957	d__Bacteria; p__Acidobacteriota; c__Vicinamibacteria; o__Vicinamibacterales; f__uncultured; g__uncultured; s__uncultured_Acidobacteria	0.8974140676916957
dbd45cfd1b2c8cc4e4618605afa202fa	d__Bacteria; p__Bacteroidota; c__Bacteroidia; o__Sphingobacteriales; f__env.OPS_17; g__env.OPS_17	0.9999999861486641
dbdb22d8b1748255e46ae02d631eee99	d__Bacteria; p__Proteobacteria; c__Gammaproteobacteria; o__Burkholderiales; f__Rhodocyclaceae; g__uncultured	0.8403548417714063
dbe2467e6b44a40829796d38654f4faa	d__Bacteria; p__Actinobacteriota; c__Acidimicrobiia; o__Actinomarinales; f__uncultured; g__uncultured	0.9496867742041722
dc040d0cd178fb943a3d99494e612b73	d__Bacteria; p__Myxococcota; c__Polyangia; o__Polyangiales; f__Sandaracinaceae; g__uncultured; s__uncultured_bacterium	0.9625989104993493
dc17324e4de0539c4d0b59629385c8a4	d__Bacteria; p__Proteobacteria; c__Gammaproteobacteria; o__Xanthomonadales; f__Xanthomonadaceae; g__Stenotrophomonas	0.894440483077426
dc2bea463c720874cccd189ccdcf0e3e	d__Bacteria; p__Desulfobacterota; c__Desulfuromonadia; o__Desulfuromonadia	0.85548794422618
dc2d37bfbd05d2c72066656598dade79	d__Bacteria; p__Proteobacteria; c__Gammaproteobacteria; o__Xanthomonadales; f__Xanthomonadaceae; g__Stenotrophomonas	0.9980500850012595
dc3333900b9c7c58488002f5547f20f1	d__Bacteria; p__Actinobacteriota; c__Acidimicrobiia; o__Microtrichales; f__Iamiaceae; g__Iamia; s__uncultured_bacterium	0.7444060308814219
dc35f0b9e9684c1ad4820ce250fd932f	d__Bacteria; p__Chloroflexi; c__Anaerolineae; o__Ardenticatenales; f__uncultured; g__uncultured	0.9989442804549695
dc43819a1847d4f5abfcdaf99faa2904	d__Bacteria; p__Gemmatimonadota; c__Gemmatimonadetes; o__Gemmatimonadales; f__Gemmatimonadaceae; g__uncultured; s__Gemmatimonadetes_bacterium	0.713198043652465
dc47ea307f48a1717957325c9eca7e23	d__Bacteria; p__Planctomycetota; c__Planctomycetes; o__Pirellulales; f__Pirellulaceae; g__Pir4_lineage	0.9767198275590722
dc4bcbe74986e44ec3a040b866dfda9e	d__Bacteria; p__Myxococcota; c__Myxococcia; o__Myxococcales; f__Myxococcaceae	0.9983172704653036
dc55f1dcece551f6a07152d127312110	d__Bacteria; p__Bdellovibrionota; c__Bdellovibrionia; o__Bacteriovoracales; f__Bacteriovoracaceae; g__Peredibacter; s__Peredibacter_starrii	0.8953652230060013
dc6bacd07018cb64ee016ec6116e875b	d__Bacteria; p__Patescibacteria; c__Saccharimonadia; o__Saccharimonadales; f__LWQ8; g__LWQ8	0.7650806410986883
dc72a3ed30c49ec6fafc87f94b16689f	d__Bacteria; p__Verrucomicrobiota; c__Verrucomicrobiae; o__Chthoniobacterales; f__Chthoniobacteraceae; g__Chthoniobacter; s__uncultured_Xiphinematobacteriaceae	0.8952618463981952
dc773b0f129219a523c7c8fabc045694	d__Bacteria; p__Armatimonadota; c__Fimbriimonadia; o__Fimbriimonadales; f__Fimbriimonadaceae; g__Fimbriimonadaceae	0.9997333867885082
dc9c811b279cb35aae368cd220ef567e	d__Bacteria; p__Myxococcota; c__Polyangia; o__Haliangiales; f__Haliangiaceae; g__Haliangium	0.9997368359623835
dcb6766b76c295ec808545ef0060edc9	d__Bacteria; p__Myxococcota; c__Polyangia; o__Haliangiales; f__Haliangiaceae; g__Haliangium	0.9999521235325828
dcbcccd8dbf7f7cb71638a5024f8c2fa	d__Bacteria; p__Myxococcota; c__Polyangia; o__Haliangiales; f__Haliangiaceae; g__Haliangium	0.9997933792387641
dcbeeaceb225ad443dceea47694e790f	d__Bacteria; p__Bdellovibrionota; c__Oligoflexia; o__Oligoflexales; f__uncultured; g__uncultured; s__uncultured_bacterium	0.998927575913155
dcdde5f2955fa42565afb4f8922cedc7	d__Bacteria; p__Bacteroidota; c__Bacteroidia; o__Chitinophagales; f__Chitinophagaceae; g__Taibaiella	0.9990330034703169
dce781ab009555b3f8e1a1c133a2015c	d__Bacteria; p__Proteobacteria; c__Gammaproteobacteria; o__Salinisphaerales; f__Solimonadaceae; g__Polycyclovorans	0.9999996230773713
dcea3b64ed4f6a38fda590c73ed60497	d__Bacteria; p__Firmicutes; c__Clostridia; o__Lachnospirales; f__Lachnospiraceae; g__Frisingicoccus; s__uncultured_bacterium	0.8908429839465227
dcf246acc45f5cc4e4ffd8c7ac0ad0bf	d__Bacteria; p__Chloroflexi; c__KD4-96; o__KD4-96; f__KD4-96; g__KD4-96; s__uncultured_bacterium	0.7404206770115673
dcf339c94e6e843c90e61741ea87b914	d__Bacteria; p__Proteobacteria; c__Gammaproteobacteria; o__Cellvibrionales; f__Cellvibrionaceae; g__uncultured; s__uncultured_bacterium	0.8437366892955811
dcf78e11ac6f52daa40f3927b4a5f8ef	d__Bacteria; p__Acidobacteriota; c__Thermoanaerobaculia; o__Thermoanaerobaculales; f__Thermoanaerobaculaceae; g__Subgroup_10; s__uncultured_soil	0.9988929319804322
dd02bc3607449a8871568921035bd6c1	d__Bacteria; p__Myxococcota; c__Polyangia; o__Polyangiales; f__BIrii41; g__BIrii41; s__uncultured_delta	0.9338058180334715
dd0e10452721b0fde2e71680bd622005	d__Bacteria; p__Verrucomicrobiota; c__Verrucomicrobiae; o__Pedosphaerales; f__Pedosphaeraceae; g__Ellin517; s__bacterium_Ellin517	0.7808705069448691
dd0ef418916da1d47c6aaf16d95b4dbf	d__Archaea; p__Thermoplasmatota; c__Thermoplasmata; o__Marine_Group_II; f__Marine_Group_II; g__Marine_Group_II; s__uncultured_archaeon	0.9996703055275071
dd24b24afe42e4779c95f0f7d439e2f5	d__Bacteria; p__Actinobacteriota; c__Thermoleophilia; o__Solirubrobacterales; f__67-14; g__67-14	0.9971836151292236
dd4000cc42ce5eb03eecc66e8a2cff6a	d__Bacteria; p__Planctomycetota; c__OM190; o__OM190; f__OM190; g__OM190; s__uncultured_Planctomycetales	0.8480273028677351
dd457a1e359568746c08edebe339974a	d__Bacteria; p__Acidobacteriota; c__Thermoanaerobaculia; o__Thermoanaerobaculales; f__Thermoanaerobaculaceae; g__Subgroup_10; s__metagenome	0.9959491561337849
dd9b9639661706543b7c4c181892ce16	d__Bacteria; p__Acidobacteriota; c__Holophagae; o__Subgroup_7; f__Subgroup_7; g__Subgroup_7; s__uncultured_Acidobacterium	0.8598901947329043
dd9c00c47bd965236dc8c5bddd25f15e	d__Bacteria; p__Actinobacteriota; c__Actinobacteria; o__Propionibacteriales; f__Nocardioidaceae	0.995391374460663
dd9ce278edc8c2554679777a18746b00	d__Bacteria; p__Actinobacteriota; c__Acidimicrobiia; o__Microtrichales; f__Ilumatobacteraceae; g__uncultured; s__uncultured_Acidimicrobiaceae	0.8636212528034416
ddc2fb41e3e83c81814f3a3f05376df4	d__Bacteria; p__Planctomycetota; c__Planctomycetes; o__Gemmatales; f__Gemmataceae; g__Gemmata	0.9999902915591804
ddc314bf295a1cfaaa04eff8f7911306	d__Bacteria; p__Chloroflexi; c__Anaerolineae; o__RBG-13-54-9; f__RBG-13-54-9; g__RBG-13-54-9	0.999994569866531
dde3d1fd43ea7327872ea49cb0777c90	d__Bacteria; p__Chloroflexi; c__Anaerolineae; o__Ardenticatenales; f__Ardenticatenaceae; g__uncultured; s__unidentified_marine	0.99160905003078
ddf62c260f6590a242ea942aca8ac0dd	d__Bacteria; p__Gemmatimonadota; c__Gemmatimonadetes; o__Gemmatimonadales; f__Gemmatimonadaceae; g__uncultured	0.9986309513585031
de03681c9e264d52995fda0f6cdb8d62	d__Bacteria; p__Chloroflexi; c__Dehalococcoidia; o__S085; f__S085; g__S085; s__uncultured_bacterium	0.9882047598169142
de11ef269c8bd1cde322ce26ad502a26	d__Bacteria; p__Proteobacteria; c__Gammaproteobacteria; o__Burkholderiales; f__Nitrosomonadaceae; g__MND1	0.9993659901171498
de347bca85fdcdbd49f7df5e3316141a	d__Bacteria; p__Firmicutes; c__Bacilli; o__Bacillales; f__Bacillaceae; g__Bacillus	0.9567786183093437
de44288990cb9e4dbd3e7b06cbf3e88f	d__Bacteria; p__Acidobacteriota; c__Vicinamibacteria; o__Subgroup_17; f__Subgroup_17; g__Subgroup_17	0.9999999969966755
de542a1f1f3357df4965c2cb24585ee3	d__Bacteria; p__Firmicutes; c__Bacilli; o__Bacillales; f__Bacillaceae; g__Bacillus; s__Bacillus_krulwichiae	0.7530054212297567
de6531db3974ba05c5a01c09e4479679	d__Bacteria; p__Actinobacteriota; c__Acidimicrobiia; o__Microtrichales; f__Iamiaceae; g__Iamia; s__metagenome	0.7802526589767004
de6df6dde5f5e58e3ce619ff9f18d77b	d__Bacteria; p__Firmicutes; c__Clostridia; o__Lachnospirales; f__Lachnospiraceae	0.9997733396019847
de73545b52f42e9904aed89645c70775	d__Bacteria; p__Acidobacteriota; c__Blastocatellia; o__11-24; f__11-24; g__11-24	0.9985233903002219
de76a91fb5f1d5adcc72e2580651b82e	d__Bacteria; p__Gemmatimonadota; c__S0134_terrestrial_group; o__S0134_terrestrial_group; f__S0134_terrestrial_group; g__S0134_terrestrial_group; s__uncultured_Gemmatimonadetes	0.7123280059283048
de7964d5c22112693ed5796bb9f04b0b	d__Bacteria; p__Actinobacteriota; c__Actinobacteria; o__Frankiales; f__Geodermatophilaceae	0.9312376523356062
de87e5425adb5e52fe28bbae870050a0	d__Bacteria; p__Proteobacteria; c__Alphaproteobacteria; o__Caulobacterales; f__Caulobacteraceae; g__Asticcacaulis	0.9911785660951506
de8bb5c39fb121fd048dfe0d639e6e8a	d__Bacteria; p__Proteobacteria; c__Gammaproteobacteria; o__Enterobacterales; f__Enterobacteriaceae	0.9941797566703328
de8bf3560c28557afd380e2a595bd726	d__Bacteria; p__Proteobacteria; c__Alphaproteobacteria	0.9999980673719149
de913e4632a72e1123d7ffbf0d8164b6	d__Bacteria; p__Proteobacteria; c__Gammaproteobacteria; o__Burkholderiales; f__Comamonadaceae; g__Inhella; s__Inhella_inkyongensis	0.9671327448094423
dea0dcb305ff0f27e3c36c7133cf933d	d__Bacteria; p__Proteobacteria; c__Alphaproteobacteria; o__Caulobacterales; f__Hyphomonadaceae; g__Hirschia	0.9983035746781307
dea3d02d1474c275ceaba3d29ce201b2	d__Bacteria; p__Proteobacteria; c__Gammaproteobacteria; o__Burkholderiales; f__Nitrosomonadaceae; g__mle1-7; s__uncultured_bacterium	0.8900969640214738
dea5ea27839ee67a31d18ba0bf0f7f65	d__Bacteria; p__Proteobacteria; c__Gammaproteobacteria; o__Burkholderiales	0.9999243146052358
dea7977acb0e88be586be40c159316cf	d__Bacteria; p__Acidobacteriota; c__Vicinamibacteria; o__Vicinamibacterales; f__Vicinamibacteraceae; g__Vicinamibacteraceae	0.9998933320161263
deb9b9e0808b6ef2faa505551b80398f	d__Bacteria; p__Planctomycetota; c__Planctomycetes; o__Pirellulales; f__Pirellulaceae; g__Pirellula	0.7673039536206099
dec5da8833b586ed724e1ceeb8127193	d__Bacteria; p__Gemmatimonadota; c__S0134_terrestrial_group; o__S0134_terrestrial_group; f__S0134_terrestrial_group; g__S0134_terrestrial_group; s__uncultured_bacterium	0.9288666412512624
ded85269898b6a0615e0dcf5312da81d	d__Bacteria; p__Myxococcota; c__Myxococcia; o__Myxococcales; f__Myxococcaceae; g__uncultured	0.8205469427154394
def8f7f508b15f895ffaa9cc792de7d0	d__Bacteria; p__Planctomycetota; c__Planctomycetes; o__Planctomycetales; f__Rubinisphaeraceae; g__SH-PL14	0.9999990024415005
defeb9897c320b18e42914964f9bf24e	d__Bacteria; p__Gemmatimonadota; c__Gemmatimonadetes; o__Gemmatimonadales; f__Gemmatimonadaceae; g__Gemmatimonas; s__metagenome	0.735056833775115
df0678b25993f211eeb2072cba1c05d5	d__Bacteria; p__Acidobacteriota; c__Vicinamibacteria; o__Vicinamibacterales; f__Vicinamibacteraceae; g__Vicinamibacteraceae	0.8824806615279555
df07b05932094a2a15956abcd76313ec	d__Bacteria; p__Planctomycetota; c__Planctomycetes; o__Pirellulales; f__Pirellulaceae; g__Pirellula	0.9621417289499746
df1a11b9e86ff9dd770c83ef8a03c5a4	d__Bacteria; p__Proteobacteria; c__Gammaproteobacteria; o__Burkholderiales; f__Methylophilaceae; g__Methylotenera	0.9714770847516419
df23addb6ed72c4702fc0be81f9c8f83	d__Bacteria; p__Proteobacteria; c__Gammaproteobacteria; o__Burkholderiales; f__Methylophilaceae; g__Methylophilus; s__uncultured_bacterium	0.7479959144542465
df245fbd118d55d1caf6ce2ffeb5fb89	d__Bacteria; p__Proteobacteria; c__Gammaproteobacteria; o__Burkholderiales; f__Comamonadaceae	0.9998859351466505
df2f2aa2a57ed086bb0ff91cee2eeea2	d__Bacteria; p__Cyanobacteria; c__Cyanobacteriia; o__Chloroplast; f__Chloroplast; g__Chloroplast	0.9999696450362145
df412a268fb768a173c633f3946c4336	d__Bacteria; p__Proteobacteria; c__Gammaproteobacteria; o__Xanthomonadales; f__Xanthomonadaceae	0.9448463382140816
df5d6808efd260ba3e4fa6555126c2a3	d__Bacteria; p__Acidobacteriota; c__Vicinamibacteria; o__Vicinamibacterales; f__Vicinamibacteraceae; g__Vicinamibacteraceae	0.9999769899633862
df66843734932bf9e7289596966f4f00	d__Bacteria; p__Chloroflexi; c__Chloroflexia; o__Thermomicrobiales; f__JG30-KF-CM45; g__JG30-KF-CM45	0.9702746421584565
df6ad98953d9ed637b86c77accd7c3d1	d__Bacteria; p__Acidobacteriota; c__Vicinamibacteria; o__Vicinamibacterales; f__uncultured; g__uncultured	0.9998147994976474
df7cd00e8927120e12ccfb1b54b0511a	d__Bacteria; p__Planctomycetota; c__Planctomycetes; o__Pirellulales; f__Pirellulaceae; g__Pirellula	0.8649859778666478
df8966298852339bae96818373dee804	d__Bacteria; p__Proteobacteria; c__Gammaproteobacteria; o__Burkholderiales; f__Neisseriaceae; g__Kingella	0.8777681080160162
df8ff9458f544edd0528be5d07976bd1	d__Bacteria; p__Proteobacteria; c__Gammaproteobacteria; o__Burkholderiales; f__Comamonadaceae	0.9937180397034843
dfac92ecf15246cbc832e0db111867d9	d__Bacteria; p__Acidobacteriota; c__Acidobacteriae; o__Subgroup_15; f__Subgroup_15; g__Subgroup_15; s__uncultured_bacterium	0.9899200639804591
dfdb7b11b2c9c235f3a5b5dd76245c42	d__Bacteria; p__Proteobacteria; c__Gammaproteobacteria; o__Burkholderiales; f__Oxalobacteraceae; g__Massilia	0.7139618889723773
dfe521730678791ae10f4adbc013474a	d__Bacteria; p__Acidobacteriota; c__Blastocatellia; o__Pyrinomonadales; f__Pyrinomonadaceae; g__RB41; s__metagenome	0.7718042067814005
dfe670864f4ff033360d7629d610cd72	d__Bacteria; p__Desulfobacterota; c__uncultured; o__uncultured; f__uncultured; g__uncultured	0.992251071148256
dfe71ce78ddfdbc7b453d17d628365f2	d__Bacteria; p__Planctomycetota; c__Phycisphaerae; o__Tepidisphaerales; f__WD2101_soil_group; g__WD2101_soil_group	0.9999717403986574
dff15904f88c91152094f5d606123ed9	d__Bacteria; p__Actinobacteriota; c__Acidimicrobiia; o__uncultured; f__uncultured; g__uncultured	0.9702089686556598
e003c3119a1334392bb75f8fdb1ceaef	d__Bacteria; p__Bacteroidota; c__Bacteroidia; o__Chitinophagales; f__uncultured; g__uncultured; s__metagenome	0.9099407742470184
e00420bd98936bceeb85cba4904cc0db	d__Bacteria; p__Proteobacteria; c__Alphaproteobacteria; o__Rhizobiales	0.7772181578393436
e00bd59c1ea0ca9b1cc5f976801d4e1b	d__Bacteria; p__Myxococcota; c__Myxococcia; o__Myxococcales; f__Myxococcaceae	0.9978074263474712
e011a95fda1f1f2bafc4e5b83b52d989	d__Bacteria; p__Actinobacteriota; c__Actinobacteria	0.9999868921761644
e01c3c422d7f14ddadc29a77769da204	d__Bacteria; p__Firmicutes; c__Symbiobacteriia; o__Symbiobacteriales; f__Symbiobacteraceae; g__Symbiobacterium; s__Symbiobacterium_turbinis	0.8809072499679045
e028f25875e1d8e3b685caa393a99e26	d__Bacteria; p__Proteobacteria; c__Gammaproteobacteria; o__Pseudomonadales; f__Pseudomonadaceae; g__Pseudomonas	0.9986649966242463
e03d6b6bbbc0745a914833e7410a3fdb	d__Bacteria; p__Proteobacteria; c__Gammaproteobacteria; o__Xanthomonadales; f__Xanthomonadaceae	0.994344629512282
e045d94a484e5e0ee6715bd25e584731	d__Bacteria; p__Planctomycetota; c__OM190; o__OM190; f__OM190; g__OM190; s__uncultured_bacterium	0.8048125921981962
e04b9d0e8f9ed6e89eb1e5ecfe0da273	d__Bacteria; p__Myxococcota	0.8714379006885862
e057f5b48b6f07c58971c68ed891e1e0	d__Bacteria; p__Planctomycetota; c__Planctomycetes; o__Gemmatales; f__Gemmataceae; g__Telmatocola; s__metagenome	0.8849637727576649
e05add83a6b20e1d7bac73549bc74640	d__Bacteria; p__Actinobacteriota; c__Acidimicrobiia; o__IMCC26256; f__IMCC26256; g__IMCC26256	0.996430810243407
e06389115f9e9eaa37dedc3566d0eb11	d__Bacteria; p__Chloroflexi; c__KD4-96; o__KD4-96; f__KD4-96; g__KD4-96	0.999999036094501
e0673d6e11d57db648c68db8d0d01987	d__Bacteria; p__Verrucomicrobiota; c__Verrucomicrobiae; o__Chthoniobacterales; f__Chthoniobacteraceae; g__Chthoniobacter; s__metagenome	0.7306568292276395
e072742741b0f42be9ec1436dd851e4c	d__Bacteria; p__Verrucomicrobiota; c__Verrucomicrobiae; o__Pedosphaerales; f__Pedosphaeraceae; g__Pedosphaeraceae; s__uncultured_bacterium	0.7232824797672541
e07e0f1a9fbc696a9fe4f9b7739ae45b	d__Bacteria; p__Proteobacteria; c__Gammaproteobacteria; o__Enterobacterales; f__Enterobacteriaceae	0.8599504098796567
e086d89205d14a5acc2cfe2d36b1cba8	d__Bacteria; p__Proteobacteria; c__Alphaproteobacteria; o__Rickettsiales; f__Mitochondria; g__Mitochondria	0.9999999999561757
e08f8e9e9ffb10a702f2ef617f70eecf	d__Bacteria; p__Bacteroidota; c__Bacteroidia; o__Sphingobacteriales; f__Lentimicrobiaceae; g__Lentimicrobium	0.999736490549223
e09282093d1009e752fc75988bd6eb21	d__Bacteria; p__Proteobacteria; c__Gammaproteobacteria; o__Pseudomonadales; f__Pseudomonadaceae; g__Pseudomonas	0.9999490551021116
e094ca0b7c99f33ba219b0844ae699c8	d__Bacteria; p__Actinobacteriota; c__Acidimicrobiia; o__Microtrichales; f__uncultured; g__uncultured	0.80348747398469
e09718a7f72a3ba1157d8f4f3268c5b9	d__Bacteria; p__Firmicutes; c__Bacilli; o__Paenibacillales; f__Paenibacillaceae; g__Paenibacillus	0.9999847550425803
e098fdf470d2f6a62f17f67490b5f7ab	d__Bacteria; p__Actinobacteriota; c__Thermoleophilia; o__Solirubrobacterales; f__67-14; g__67-14	0.9862630176185434
e0b9f5c064c1dde258bd5ba35610be49	d__Bacteria; p__Planctomycetota; c__Phycisphaerae; o__CCM11a; f__CCM11a; g__CCM11a; s__uncultured_Planctomycetales	0.7803114390463985
e0baaee1252ccfbd2d2741fba3550fc8	d__Bacteria; p__Bacteroidota; c__Bacteroidia; o__Chitinophagales; f__Chitinophagaceae; g__Flavisolibacter; s__uncultured_soil	0.8139672420089392
e0bc128c2665bebeb698660221487aeb	d__Bacteria; p__Actinobacteriota; c__Actinobacteria; o__Micrococcales; f__Demequinaceae; g__Demequina; s__uncultured_bacterium	0.8095070634770518
e0be36b1c66ee6d42abdcb0fb35f15cf	d__Bacteria; p__Firmicutes; c__Bacilli; o__Bacillales; f__Bacillaceae; g__Caldibacillus; s__uncultured_compost	0.8739280699226665
e0da157ddb96e67e28b4e1e8ca66216c	d__Bacteria; p__Planctomycetota; c__Planctomycetes; o__Gemmatales; f__Gemmataceae; g__uncultured	0.9838104309238223
e0e7e6208280a5846a8b66f00667f8ca	d__Bacteria; p__Proteobacteria; c__Alphaproteobacteria; o__Sphingomonadales; f__Sphingomonadaceae	0.999971797798217
e100ed80a8c4699a9fa97bd9ce6c106a	d__Bacteria; p__Bdellovibrionota; c__Oligoflexia; o__Oligoflexales; f__uncultured; g__uncultured; s__metagenome	0.9166366853981284
e1055529e5f97fd7d45723a08e7879e6	d__Bacteria; p__Bacteroidota; c__Bacteroidia; o__Chitinophagales; f__Saprospiraceae; g__uncultured; s__uncultured_Haliscomenobacter	0.9615703859869124
e105b73f38ac825284f0db251b05959a	d__Bacteria; p__Planctomycetota; c__Planctomycetes; o__Pirellulales; f__Pirellulaceae; g__uncultured; s__uncultured_Planctomycetales	0.8688460032861868
e10fe976297f3f9f8aa159c31bacebe9	d__Bacteria; p__Proteobacteria; c__Gammaproteobacteria; o__Oceanospirillales; f__Halomonadaceae; g__Halomonas	0.9999982214062154
e11b2551c836ce49c7a857602dd102d5	d__Bacteria; p__Actinobacteriota; c__Acidimicrobiia; o__Microtrichales; f__uncultured; g__uncultured; s__uncultured_bacterium	0.808781701547271
e11f954e90378c2451cd5abb7250c2f1	d__Bacteria; p__Firmicutes; c__Bacilli; o__Bacillales; f__Salisediminibacteriaceae; g__Salipaludibacillus; s__Bacillus_cellulosilyticus	0.9528107943014865
e12066ec45404344c7e4873d67f02850	d__Bacteria; p__Firmicutes; c__Bacilli; o__Paenibacillales; f__Paenibacillaceae; g__Paenibacillus; s__Paenibacillus_daejeonensis	0.9615329907471445
e126002aa8dfa0dfd3cdd8879d487233	d__Bacteria; p__Cyanobacteria; c__Sericytochromatia; o__Sericytochromatia; f__Sericytochromatia; g__Sericytochromatia; s__uncultured_bacterium	0.7380267013198676
e12a1b86799e112ce0146692d9d5467d	d__Bacteria; p__Myxococcota; c__Polyangia; o__Polyangiales; f__BIrii41; g__BIrii41	0.9889001415439354
e12cb2f0d2ce4401413176007dcd4158	d__Bacteria; p__Acidobacteriota; c__Blastocatellia; o__Blastocatellales; f__Blastocatellaceae	0.9999999646548141
e13a1ef4bc8c740c1f100d004cae4f40	d__Bacteria; p__Proteobacteria; c__Gammaproteobacteria; o__Pseudomonadales; f__Pseudomonadaceae; g__Pseudomonas	0.9689657621081131
e13bf793dee546668329b3b4ff5e5708	d__Bacteria; p__Firmicutes; c__Clostridia; o__Peptostreptococcales-Tissierellales	0.9997958924422712
e13c07ec336c89db5183cc6e9e57ee6e	d__Bacteria; p__Proteobacteria; c__Gammaproteobacteria	0.9999999595538495
e13dde7a16aae14f716a07898ba539df	d__Bacteria; p__Proteobacteria; c__Gammaproteobacteria; o__Burkholderiales; f__TRA3-20; g__TRA3-20; s__metagenome	0.8230184652496133
e143930ce27d15f44121debc7fdff918	d__Bacteria; p__Bacteroidota; c__Bacteroidia; o__Cytophagales; f__Microscillaceae; g__Ohtaekwangia; s__uncultured_bacterium	0.7324548579479155
e147433643f0cfc7bb34316025b083c0	d__Bacteria; p__Proteobacteria; c__Gammaproteobacteria; o__PLTA13; f__PLTA13; g__PLTA13; s__metagenome	0.9520129865161323
e152d53c9eb1122a8e25e090295f7521	d__Bacteria; p__Verrucomicrobiota; c__Verrucomicrobiae; o__Pedosphaerales; f__Pedosphaeraceae; g__Ellin517; s__uncultured_Verrucomicrobia	0.8991530994047101
e1557fef98eec36b344ba36ac00776f8	d__Bacteria; p__Proteobacteria; c__Gammaproteobacteria; o__Salinisphaerales; f__Solimonadaceae; g__Panacagrimonas; s__uncultured_bacterium	0.8248687420538379
e15b88ccac7a4bef64215e915f6e0d89	d__Bacteria; p__Verrucomicrobiota; c__Verrucomicrobiae; o__Chthoniobacterales; f__Chthoniobacteraceae; g__Chthoniobacter	0.8608825044003126
e15c8f9df87f363b0dbbf49de0bed249	d__Bacteria; p__Firmicutes; c__Clostridia; o__Clostridiales; f__Caloramatoraceae; g__Fonticella	0.9563190695232051
e1710930333f6f0eafbf62004dec873f	d__Bacteria; p__Chloroflexi; c__Chloroflexia; o__Thermomicrobiales; f__JG30-KF-CM45; g__JG30-KF-CM45	0.9986449482629628
e194e3e00384fa57dd0d582a9b867798	d__Bacteria; p__Myxococcota; c__Polyangia; o__Polyangiales; f__Sandaracinaceae; g__uncultured; s__metagenome	0.9949501017053046
e1afce2c45ef550886fb1483a9757336	d__Bacteria; p__Bacteroidota; c__Bacteroidia; o__Flavobacteriales; f__Flavobacteriaceae; g__Flavobacterium; s__Flavobacterium_caeni	0.7158259310782756
e1c23634dc1a107941b21122affb5e91	d__Bacteria; p__Myxococcota; c__Polyangia; o__Polyangiales; f__Polyangiaceae; g__uncultured	0.9407558163873457
e1c3961ff65a67afe4877593523bf01c	d__Bacteria; p__Planctomycetota; c__Planctomycetes; o__Planctomycetales; f__uncultured; g__uncultured; s__uncultured_bacterium	0.8031681207727756
e20d370165dff4568a149c466f72976c	d__Bacteria; p__Planctomycetota; c__Planctomycetes; o__Pirellulales; f__Pirellulaceae; g__Pirellula	0.9750420709619123
e21b36eace456c650abef68e57c00f6d	d__Bacteria; p__Elusimicrobiota; c__Lineage_IIa; o__Lineage_IIa; f__Lineage_IIa; g__Lineage_IIa	0.999999384312539
e2273c1eb8869af2b2be4015faadef42	d__Bacteria; p__Firmicutes; c__Bacilli; o__Bacillales; f__Bacillaceae; g__Bacillus; s__Bacillus_luciferensis	0.9180560319794646
e227544a4addeed933115944effd3027	d__Bacteria; p__Firmicutes; c__Bacilli; o__Thermoactinomycetales; f__Thermoactinomycetaceae; g__Kroppenstedtia; s__Kroppenstedtia_guangzhouensis	0.7219909726985467
e2297e0cc5cb271f9724b4ddde3095f0	d__Bacteria; p__Firmicutes; c__Bacilli; o__Bacillales; f__Bacillaceae; g__Bacillus	0.9967507779104627
e22f9d48bbee49d6780d08666a4aa650	d__Bacteria; p__Planctomycetota; c__Phycisphaerae; o__Phycisphaerales; f__Phycisphaeraceae; g__AKYG587; s__uncultured_bacterium	0.9388797100260864
e230123ec3ce8654942ee1a000a80010	d__Bacteria; p__Actinobacteriota; c__Acidimicrobiia; o__Microtrichales; f__Ilumatobacteraceae; g__Ilumatobacter	0.7293506326884257
e23ed2f38a33bf77cd6ee010f07dc1cb	d__Bacteria; p__Firmicutes; c__Bacilli; o__Bacillales; f__Bacillaceae; g__Bacillus	0.8980248398950249
e2558a086895c33513524224c88e3231	d__Bacteria; p__Proteobacteria; c__Alphaproteobacteria; o__Acetobacterales; f__Acetobacteraceae	0.9997588895930074
e274a16234dfd8a41bd877dd747e3326	d__Bacteria; p__Bacteroidota; c__Bacteroidia; o__Chitinophagales; f__Chitinophagaceae; g__Dinghuibacter	0.9999961547954186
e27dbf880cf76e43b39f537ba257bcc9	d__Bacteria; p__Chloroflexi; c__Dehalococcoidia; o__SAR202_clade; f__SAR202_clade; g__SAR202_clade; s__uncultured_bacterium	0.7277625360725618
e28b740857c1f0b50364d4332cfdac23	d__Bacteria; p__Acidobacteriota; c__Vicinamibacteria; o__Subgroup_17; f__Subgroup_17; g__Subgroup_17	0.999999985360458
e291d8d7dcc90836fdb0214112bc8503	d__Bacteria; p__Actinobacteriota; c__Actinobacteria; o__Pseudonocardiales; f__Pseudonocardiaceae; g__Pseudonocardia	0.9984591227712073
e2959f0552fa6df5707d9ec8b57816d6	d__Bacteria; p__Proteobacteria; c__Gammaproteobacteria; o__Burkholderiales; f__Comamonadaceae	0.9975603820956874
e2a4093cbc7c6db836ac1ce17a3bff1c	d__Bacteria; p__Acidobacteriota; c__Vicinamibacteria; o__Vicinamibacterales; f__uncultured; g__uncultured	0.9999994023532951
e2b7b5432a7129f8b0588e54498db9d7	d__Bacteria; p__Acidobacteriota; c__Vicinamibacteria; o__Vicinamibacterales; f__Vicinamibacteraceae; g__Vicinamibacteraceae; s__uncultured_bacterium	0.7390990038058318
e2bfa2201e408ab1b3b9001a9520421f	d__Bacteria; p__Myxococcota; c__Polyangia; o__Polyangiales; f__Sandaracinaceae; g__uncultured; s__delta_proteobacterium	0.9410392711081864
e2ce72cd849767d29e8d470781cf9239	d__Bacteria; p__Gemmatimonadota; c__Longimicrobia; o__Longimicrobiales; f__Longimicrobiaceae; g__YC-ZSS-LKJ147; s__uncultured_bacterium	0.7409341558641334
e2dbb597cd093b996f70a64366c48846	d__Bacteria; p__Planctomycetota; c__Planctomycetes; o__Pirellulales; f__Pirellulaceae; g__Pir4_lineage	0.9989197175947137
e2defc79cee034877c8d8a2a1106d1ce	d__Bacteria; p__Acidobacteriota; c__Thermoanaerobaculia; o__Thermoanaerobaculales; f__Thermoanaerobaculaceae; g__Subgroup_10	0.9999891679515077
e2e90a9fcdeab668b3372b915e891797	d__Bacteria; p__Proteobacteria; c__Gammaproteobacteria; o__Burkholderiales; f__Oxalobacteraceae; g__Massilia	0.7723473697368275
e2edb74328f29d4d8870544cd98114dd	d__Bacteria; p__Bacteroidota; c__Bacteroidia; o__Cytophagales; f__Hymenobacteraceae; g__Adhaeribacter; s__Adhaeribacter_sp.	0.7121650208972399
e2f4786bc66410c07bd8b96b5d0e2d92	d__Bacteria; p__Actinobacteriota; c__Actinobacteria; o__Propionibacteriales; f__Nocardioidaceae; g__Aeromicrobium	0.961986839798562
e2f9119b1eb0bd96977cea35e1eabad4	d__Bacteria; p__Patescibacteria; c__Parcubacteria; o__Candidatus_Moranbacteria; f__Candidatus_Moranbacteria; g__Candidatus_Moranbacteria	0.9180561720166412
e30be5268bbebe597424bdf171cc1607	d__Bacteria; p__Proteobacteria; c__Gammaproteobacteria; o__Steroidobacterales; f__Woeseiaceae; g__JTB255_marine_benthic_group; s__uncultured_bacterium	0.8563918774131964
e31d2622c406e7a4eed65ad36c612654	d__Bacteria; p__Chloroflexi; c__JG30-KF-CM66; o__JG30-KF-CM66; f__JG30-KF-CM66; g__JG30-KF-CM66	0.9937122790127859
e31d2b16d12c816dd3a539b1d7cd9df6	d__Bacteria; p__Actinobacteriota; c__Acidimicrobiia; o__uncultured; f__uncultured; g__uncultured	0.9817313100124573
e31fb53e9befc2fb2e64536646860418	d__Bacteria; p__Methylomirabilota; c__Methylomirabilia; o__Rokubacteriales; f__Rokubacteriales; g__Rokubacteriales; s__uncultured_bacterium	0.9289011276081053
e32294688d7c3a276eafa3b96626ef57	d__Bacteria; p__Proteobacteria; c__Gammaproteobacteria; o__Burkholderiales; f__Methylophilaceae; g__Methylotenera; s__Methylotenera_versatilis	0.8226355071231732
e3236ec8e6bbd5f329f0c7e2d957dcb9	d__Bacteria; p__Acidobacteriota; c__Vicinamibacteria; o__Vicinamibacterales; f__uncultured; g__uncultured	0.999999927059326
e323cf310c5c132e9f64d7011a8f3072	d__Bacteria; p__Firmicutes; c__Bacilli; o__Staphylococcales; f__Staphylococcaceae; g__Staphylococcus; s__Staphylococcus_equorum	0.968982939748021
e33c758e2b466359d912ef17fa6d74b8	d__Bacteria; p__Myxococcota; c__Polyangia; o__Haliangiales; f__Haliangiaceae; g__Haliangium; s__uncultured_Haliangium	0.7863132622964464
e34fc81049ceebaaf3fc86aa681672a1	d__Bacteria; p__Acidobacteriota; c__Acidobacteriae; o__Acidobacteriales; f__Acidobacteriaceae_(Subgroup_1)	0.9999905510320957
e36e2b1a2677bf03cc8ac3d2b10f152d	d__Bacteria; p__Proteobacteria; c__Gammaproteobacteria; o__Pseudomonadales; f__Pseudomonadaceae; g__Pseudomonas	0.999908883195066
e3870da9de4a2b18a7ae9e9cae208e3e	d__Bacteria; p__Proteobacteria; c__Gammaproteobacteria; o__Burkholderiales; f__Comamonadaceae	0.9996569181677069
e387b246fa83e4e16522664867ee38f7	d__Bacteria; p__Actinobacteriota; c__Actinobacteria; o__Propionibacteriales; f__Nocardioidaceae; g__Nocardioides	0.9887628637738514
e38981285e9ccdc9e029301511c93c52	d__Bacteria; p__Actinobacteriota; c__Actinobacteria; o__Micrococcales; f__Micrococcaceae	0.9939936416769253
e38e75b45cd71920039cb90c4561473b	d__Bacteria; p__Gemmatimonadota; c__S0134_terrestrial_group; o__S0134_terrestrial_group; f__S0134_terrestrial_group; g__S0134_terrestrial_group; s__uncultured_compost	0.9995909164549345
e396fb63fdf343da1e0a14828e437a9e	d__Bacteria; p__Chloroflexi; c__Chloroflexia; o__Kallotenuales; f__AKIW781; g__AKIW781; s__uncultured_bacterium	0.7482334193837545
e397be05bc78caa18231f47a54a7f3f1	d__Bacteria; p__Actinobacteriota; c__Acidimicrobiia; o__Actinomarinales; f__uncultured; g__uncultured; s__uncultured_Actinomycetales	0.7650096412461947
e39f62e5d98fc0f085be4e3d20f04b92	d__Bacteria; p__Chloroflexi; c__Chloroflexia; o__Thermomicrobiales; f__JG30-KF-CM45; g__JG30-KF-CM45; s__uncultured_Chloroflexi	0.8169732493542606
e3a30d5e088ad3289a0979b56e725ac5	d__Bacteria; p__Planctomycetota; c__Planctomycetes; o__Gemmatales; f__Gemmataceae; g__Gemmata	0.9993814531931726
e3a63ba0a0ec40fbf270a57c180e0d3c	d__Bacteria; p__Bacteroidota; c__Bacteroidia; o__Sphingobacteriales; f__Sphingobacteriaceae	0.9998880988479822
e3c3e751cc251b1d643198b16e873520	d__Bacteria; p__Firmicutes; c__Bacilli; o__Bacillales; f__Bacillaceae; g__Bacillus	0.9984967827970694
e3c54c96d884189c61c414559af870a1	d__Bacteria; p__Planctomycetota; c__Planctomycetes; o__Pirellulales; f__Pirellulaceae; g__Pirellula; s__uncultured_bacterium	0.7033397414786489
e3e834b94681413e012cfc13b289e8d6	d__Bacteria; p__Acidobacteriota; c__Vicinamibacteria; o__Vicinamibacterales; f__Vicinamibacteraceae; g__Vicinamibacteraceae	0.9983730454757629
e3e9db2414b7284979383aaee30ccc8a	d__Bacteria; p__Gemmatimonadota; c__S0134_terrestrial_group; o__S0134_terrestrial_group; f__S0134_terrestrial_group; g__S0134_terrestrial_group; s__uncultured_Gemmatimonadetes	0.9489120250815193
e3f57a32d91860e6e946b44be6a8e324	d__Bacteria; p__Acidobacteriota; c__Acidobacteriae; o__Solibacterales; f__Solibacteraceae; g__Candidatus_Solibacter	0.988333113535031
e40293e996d635a675aab79434a5564e	d__Bacteria; p__Chloroflexi; c__Chloroflexia; o__Thermomicrobiales; f__JG30-KF-CM45; g__JG30-KF-CM45	0.9991540528084053
e406ef359ee61c6562f15f34d96cb05e	d__Bacteria; p__Proteobacteria; c__Gammaproteobacteria; o__Burkholderiales; f__Comamonadaceae; g__Hydrogenophaga; s__Hydrogenophaga_intermedia	0.8270318117144505
e409f6d1594a007253ac0cd83d0e8aef	d__Bacteria; p__Planctomycetota; c__Phycisphaerae; o__Tepidisphaerales; f__WD2101_soil_group; g__WD2101_soil_group	0.9999999895633424
e4163f18c4d282c45c319fa17630cf07	d__Bacteria; p__Bdellovibrionota; c__Oligoflexia; o__Oligoflexales; f__Oligoflexales; g__Oligoflexus; s__uncultured_Desulfocurvus	0.918415743075911
e41c72585d0a220987d17669bca187fa	d__Bacteria; p__Chloroflexi; c__Chloroflexia; o__Chloroflexales; f__Roseiflexaceae; g__uncultured	0.9999021510332698
e42a28f27d93dc8b3776cda55986b518	d__Bacteria; p__Planctomycetota; c__Phycisphaerae; o__Tepidisphaerales; f__WD2101_soil_group; g__WD2101_soil_group	0.7903512552201981
e4331b2b131fcb594318ec57a2d30c06	d__Bacteria; p__Actinobacteriota; c__Actinobacteria; o__Euzebyales; f__Euzebyaceae	0.9910206493414382
e433c2a63ef044b30f747151d03acc63	d__Bacteria; p__Actinobacteriota; c__Thermoleophilia; o__Solirubrobacterales; f__Solirubrobacteraceae; g__Solirubrobacter; s__metagenome	0.9136578737766844
e4348d97e897ab0b039150aa47d17496	d__Bacteria; p__Bacteroidota; c__Bacteroidia; o__Chitinophagales; f__Chitinophagaceae; g__Dinghuibacter; s__uncultured_bacterium	0.9226813791698881
e4378d976eb59f4a4c102380ffb828e5	d__Bacteria; p__Bacteroidota; c__Bacteroidia; o__Sphingobacteriales; f__Sphingobacteriaceae	0.9995638817932629
e445fbe0c3bbe965748fad0226ebbc70	d__Bacteria; p__Chloroflexi; c__Chloroflexia; o__Chloroflexales; f__Roseiflexaceae; g__uncultured; s__uncultured_bacterium	0.8905947324295204
e451c4b3ff1c3dabeee296529b3a7a07	d__Bacteria; p__Armatimonadota; c__Fimbriimonadia; o__Fimbriimonadales; f__Fimbriimonadaceae; g__Fimbriimonadaceae; s__metagenome	0.9291721445719939
e464bdfc38fa03f3924894193eab13c6	d__Bacteria; p__Acidobacteriota; c__Blastocatellia	0.9370449341711911
e49c30a8643ba3f94fcbe1c56ad28894	d__Bacteria; p__Acidobacteriota	0.8408491680146319
e4a4e23bbb51ae2694d68483df6528d5	d__Bacteria; p__Bacteroidota; c__Bacteroidia; o__Cytophagales; f__Hymenobacteraceae; g__Adhaeribacter	0.9996509527811992
e4b17086d5264d2f77a596d7e78656da	d__Bacteria; p__Myxococcota; c__Polyangia; o__Polyangiales; f__Sandaracinaceae; g__uncultured; s__metagenome	0.989436489021471
e4b1a2a1993825386f17d9917d03c31a	d__Bacteria; p__Firmicutes; c__Bacilli; o__Bacillales; f__Bacillaceae; g__Bacillus	0.999413602916882
e4b558442a75a306dc077eb3dfb96d02	d__Bacteria; p__Proteobacteria; c__Gammaproteobacteria; o__Burkholderiales; f__Neisseriaceae; g__Neisseria	0.9968355404582505
e4bb06f58607e0072113a9df3dfe5af2	d__Bacteria; p__Planctomycetota; c__Pla3_lineage; o__Pla3_lineage; f__Pla3_lineage; g__Pla3_lineage	0.9999826717403635
e4bd87fea008d1048ac3361bb7fe45dd	d__Bacteria; p__Proteobacteria; c__Gammaproteobacteria; o__Cellvibrionales; f__Halieaceae; g__OM60(NOR5)_clade; s__uncultured_soil	0.9302616680561255
e4c2c0cde18ae5159197ccc29fc3edad	d__Bacteria; p__Nitrospirota; c__BMS9AB35; o__BMS9AB35; f__BMS9AB35; g__BMS9AB35; s__uncultured_bacterium	0.7862586975836754
e4e29c8557092c016c3e2dcda3a89241	d__Bacteria; p__Proteobacteria; c__Gammaproteobacteria; o__Burkholderiales; f__Comamonadaceae	0.9988320079925257
e4e7ff0099629b8db4eae5579f2f76b9	d__Bacteria; p__Myxococcota; c__Polyangia; o__Polyangiales	0.9979464024997782
e4f4227c45c6c0fbcd7b08cfcd6a195d	d__Bacteria; p__Chloroflexi; c__KD4-96; o__KD4-96; f__KD4-96; g__KD4-96	0.9999585658553852
e4f5dd7fd637c5a7759c0c576658e83f	d__Bacteria; p__Proteobacteria; c__Gammaproteobacteria; o__Burkholderiales; f__Oxalobacteraceae; g__Massilia	0.8494149117790376
e4fd03165a1770b41589c44a3abe20b4	d__Bacteria; p__Proteobacteria; c__Gammaproteobacteria; o__Burkholderiales; f__Nitrosomonadaceae; g__IS-44; s__uncultured_bacterium	0.9544596016560353
e509792e4a39036991cff6c85c37eae9	d__Bacteria; p__Bacteroidota; c__Bacteroidia; o__Chitinophagales; f__Chitinophagaceae	0.9980436332673632
e50a3218278b3ed1aad8e1042c8fcd8f	d__Bacteria; p__Proteobacteria; c__Alphaproteobacteria; o__Rhizobiales; f__Hyphomicrobiaceae; g__Pedomicrobium	0.8261487969280376
e50a6625b9176b6856764b213013150f	d__Bacteria; p__Actinobacteriota; c__Actinobacteria	0.9999999634396529
e510eec93cfd8cc326146df8fd9d9384	d__Bacteria; p__Proteobacteria; c__Gammaproteobacteria; o__Burkholderiales; f__Comamonadaceae; g__Ramlibacter	0.869527488177446
e51604ccdd4891faf1564faf5978c3de	d__Bacteria; p__Actinobacteriota; c__Acidimicrobiia; o__uncultured; f__uncultured; g__uncultured; s__uncultured_Acidimicrobiia	0.9780374525137085
e51e9cc874c218d94bfc8c20fabf5d8f	d__Bacteria; p__Acidobacteriota; c__Vicinamibacteria; o__Vicinamibacterales; f__uncultured; g__uncultured; s__uncultured_bacterium	0.7065024750352773
e52a24fd4029ae5acb11d0a7847e279d	d__Bacteria; p__Myxococcota; c__Polyangia; o__Haliangiales; f__Haliangiaceae; g__Haliangium; s__uncultured_organism	0.7508606636841746
e538e452da4b1cb39f0fbf21ec4d0f75	d__Bacteria; p__Firmicutes; c__Limnochordia; o__M55-D21; f__M55-D21; g__M55-D21; s__uncultured_bacterium	0.8635667239719245
e553e766ea0e08f1f9fa2debe7946af6	d__Bacteria; p__Firmicutes; c__Clostridia; o__Oscillospirales; f__Ruminococcaceae	0.8898096218393349
e5544bb8d9fdb64b283a1667b4ea1bf9	d__Bacteria; p__Proteobacteria; c__Gammaproteobacteria	0.9999831829729612
e55ccd03a550582f6add79e00df1efab	d__Bacteria; p__Planctomycetota; c__Planctomycetes; o__Gemmatales; f__Gemmataceae; g__Gemmata; s__uncultured_bacterium	0.8792817733886261
e55f5e50ab5440ab0a2d4f3c3b534bf1	d__Bacteria; p__Actinobacteriota; c__Thermoleophilia; o__Solirubrobacterales; f__67-14; g__67-14; s__metagenome	0.8489175060860872
e56f7da885083f3ed696d7254218cc5d	d__Bacteria; p__Firmicutes; c__Bacilli; o__Paenibacillales; f__Paenibacillaceae; g__Paenibacillus	0.9852215281350519
e571b3a1594d3b8c001637cb7eec9d2c	d__Bacteria; p__Abditibacteriota; c__Abditibacteria; o__Abditibacteriales; f__Abditibacteriaceae; g__Abditibacterium; s__metagenome	0.8958375745300192
e57788f9d2fae76ed9ca566ad4d475a8	d__Bacteria; p__Bacteroidota; c__Bacteroidia; o__Flavobacteriales; f__NS9_marine_group; g__NS9_marine_group; s__metagenome	0.8020575214601706
e59186de32b8c4a4788799fe27925b7c	d__Bacteria; p__Chloroflexi; c__Chloroflexia; o__Chloroflexales; f__Herpetosiphonaceae; g__Herpetosiphon	0.9286528449276801
e5924fd11a48419c6ec0e2a7cb4e43ee	d__Bacteria; p__Chloroflexi; c__Anaerolineae; o__Ardenticatenales; f__Ardenticatenaceae; g__Ardenticatenaceae; s__uncultured_bacterium	0.9988385640659292
e5a63ab0614dcd2688d0317b2b4d7781	d__Bacteria; p__Proteobacteria; c__Gammaproteobacteria; o__Xanthomonadales; f__Xanthomonadaceae; g__Stenotrophomonas	0.9620687047486126
e5aa36ecc74e0069e0ce9285ce20b619	d__Bacteria; p__Proteobacteria; c__Gammaproteobacteria; o__PLTA13; f__PLTA13; g__PLTA13; s__uncultured_bacterium	0.9289897418552129
e5ab6dadbdcc361b84f8eb0360257ebe	d__Bacteria; p__Firmicutes; c__Bacilli; o__Bacillales; f__Bacillaceae; g__Bacillus	0.9998530803597664
e5d425ac6690d9fab4f5969852d5a86e	d__Bacteria; p__Chloroflexi; c__KD4-96; o__KD4-96; f__KD4-96; g__KD4-96	0.9999986243475433
e5e329ac5cac0d907d9f3a5dd94556b0	d__Bacteria; p__Proteobacteria; c__Gammaproteobacteria; o__Xanthomonadales; f__Xanthomonadaceae; g__Lysobacter	0.9963245549708729
e5eb4765435181ee28c38cd61a28da9d	d__Bacteria; p__Verrucomicrobiota; c__Verrucomicrobiae; o__Chthoniobacterales; f__Chthoniobacteraceae; g__Chthoniobacter; s__metagenome	0.9865202133706791
e5ee0ef621a5d16e8a6aab3e445fd1ac	d__Bacteria; p__Bacteroidota; c__Bacteroidia; o__Chitinophagales; f__Chitinophagaceae; g__uncultured	0.7644086070411394
e5f73b3ba662e0b555eef4c708d51ab2	d__Bacteria; p__Proteobacteria; c__Gammaproteobacteria	0.9999792372575768
e603f355dd0c269460cfa2203ce5fdcd	d__Bacteria; p__Patescibacteria; c__Saccharimonadia; o__Saccharimonadales; f__LWQ8; g__LWQ8	0.844799732595641
e616a30c8c97290186e11cbf876ba244	d__Bacteria; p__Bdellovibrionota; c__Bdellovibrionia; o__Bacteriovoracales; f__Bacteriovoracaceae; g__Peredibacter	0.999932476021447
e63301d7d0af55d5c43db051dc51522f	d__Bacteria; p__Bacteroidota; c__Bacteroidia; o__Cytophagales; f__Microscillaceae; g__Ohtaekwangia; s__uncultured_bacterium	0.8362104218490722
e635dce2b8e471d7a097e96bedd9b209	d__Bacteria; p__Chloroflexi; c__KD4-96; o__KD4-96; f__KD4-96; g__KD4-96; s__uncultured_bacterium	0.9104776968572975
e6369b3478a164e038104ed7649b2437	d__Bacteria; p__Gemmatimonadota; c__Gemmatimonadetes; o__Gemmatimonadales; f__Gemmatimonadaceae	0.9999430149364943
e639d9677dab87b6c90b754351de04be	d__Bacteria; p__Bdellovibrionota; c__Bdellovibrionia; o__Bacteriovoracales; f__Bacteriovoracaceae; g__Peredibacter	0.9999444101875641
e63d2d0ca74cf5c2b382855da7ebfe49	d__Bacteria; p__Acidobacteriota; c__Vicinamibacteria; o__Vicinamibacterales; f__uncultured; g__uncultured; s__uncultured_Acidobacteria	0.759841164650383
e6436c38beb175a9a41dad28537e6f14	d__Bacteria; p__Bdellovibrionota; c__Bdellovibrionia; o__Bacteriovoracales; f__Bacteriovoracaceae; g__Peredibacter; s__metagenome	0.7452322802870482
e6440d04cac054bd62b12f426d8655b8	d__Bacteria; p__Planctomycetota; c__Planctomycetes; o__Gemmatales; f__Gemmataceae; g__Gemmata; s__uncultured_planctomycete	0.7598982252559026
e646f198e13d7b4120e77198d6ce2033	d__Bacteria; p__Bdellovibrionota; c__Bdellovibrionia; o__Bdellovibrionales; f__Bdellovibrionaceae; g__Bdellovibrio	0.9999999999428438
e64a4d14d4db55f727696381b8d370cf	d__Bacteria; p__Actinobacteriota; c__Acidimicrobiia; o__Microtrichales; f__Iamiaceae; g__Iamia	0.8672783143858732
e655715a531612732bd59647a267bd29	d__Bacteria; p__Planctomycetota; c__Planctomycetes; o__Pirellulales; f__Pirellulaceae; g__Pirellula	0.9999977770763363
e66163a6c78dbb02d2e5e9a6e7c3203e	d__Bacteria; p__Myxococcota; c__Polyangia; o__Polyangiales; f__Sandaracinaceae; g__uncultured	0.8753186020413273
e67337bdb032341d0ff05ed4ae2fbe63	d__Bacteria; p__Firmicutes; c__Bacilli; o__Bacillales; f__Bacillaceae; g__Bacillus	0.9987309976432706
e681f38410352b78038b30311c33f3a9	d__Bacteria; p__Proteobacteria; c__Gammaproteobacteria; o__Xanthomonadales; f__Xanthomonadaceae	0.9849550064815678
e685ef9493089abcbb958538bd4b9617	d__Bacteria; p__Chloroflexi; c__Anaerolineae; o__Caldilineales; f__Caldilineaceae; g__uncultured	0.9999988672380848
e69f6096b7819c05f3191b9aec1673ef	d__Bacteria; p__Chloroflexi; c__Dehalococcoidia; o__S085; f__S085; g__S085; s__uncultured_bacterium	0.992544310743195
e6a39c25f252bb0d3ff057a91cfe583b	d__Bacteria; p__Actinobacteriota; c__Actinobacteria; o__Corynebacteriales; f__Corynebacteriaceae; g__Corynebacterium; s__Corynebacterium_durum	0.9833805730109221
e6a82be4b75aac8b928c1dfbe9ee9287	d__Bacteria; p__Actinobacteriota; c__Acidimicrobiia; o__Microtrichales; f__Ilumatobacteraceae	0.9999999528497263
e6b032dea8e13c34af958fc48af09b58	d__Bacteria; p__Desulfobacterota; c__Desulfobulbia; o__Desulfobulbales; f__Desulfocapsaceae	0.9999898365532257
e6b1d1d6d16218d3111b9e7660dc786a	d__Bacteria; p__Proteobacteria; c__Gammaproteobacteria; o__Burkholderiales; f__Comamonadaceae; g__Caenimonas; s__uncultured_bacterium	0.8261725955739703
e6b438ca9137c7383d490a3f23c8f134	d__Bacteria; p__Proteobacteria; c__Gammaproteobacteria; o__Burkholderiales; f__Comamonadaceae; g__Aquabacterium	0.8682913875649969
e6b8056f01253ccaa07cf9280ca6f9d8	d__Bacteria; p__Actinobacteriota; c__Thermoleophilia; o__Solirubrobacterales; f__Solirubrobacteraceae; g__Solirubrobacter; s__uncultured_bacterium	0.9101178097786551
e6b84333fb240d4eaaa95621d8e48e2f	d__Bacteria; p__Proteobacteria; c__Alphaproteobacteria; o__Defluviicoccales; f__Defluviicoccaceae; g__Defluviicoccus	0.998280687601319
e6c2f14507a049d565652e57b923410f	d__Bacteria; p__Chloroflexi; c__Chloroflexia; o__Kallotenuales; f__AKIW781; g__AKIW781; s__uncultured_bacterium	0.9112247400483698
e6d330ea8c9275fe785ec935fbc5ff62	d__Bacteria; p__Planctomycetota; c__Planctomycetes; o__Gemmatales; f__Gemmataceae; g__Gemmata	0.9838041799645122
e6d7adbd1c389cef822ccab9dbf95e30	d__Bacteria; p__Proteobacteria; c__Alphaproteobacteria; o__Rhizobiales; f__uncultured; g__uncultured	0.9419196587709012
e6e1848b51e705e55b3805703f088311	d__Bacteria; p__Proteobacteria; c__Gammaproteobacteria; o__Oceanospirillales; f__Halomonadaceae; g__Halomonas	0.9999987427707945
e6e37a2db8b8e027a3ea7ad012f042c1	d__Bacteria; p__Planctomycetota; c__Planctomycetes; o__Gemmatales; f__Gemmataceae; g__Telmatocola; s__metagenome	0.9997745164178519
e6e39f7aff67ab47c475d7f93b286035	d__Bacteria; p__Verrucomicrobiota; c__Verrucomicrobiae; o__Verrucomicrobiales; f__Rubritaleaceae; g__Luteolibacter	0.9997975418416939
e6e42ed85933fd351acef46275a831df	d__Bacteria; p__Acidobacteriota; c__Vicinamibacteria; o__Vicinamibacterales; f__Vicinamibacteraceae; g__Vicinamibacteraceae	0.9943138649506504
e6f5f6f870aabddf906e34b9db709ee9	d__Bacteria; p__Proteobacteria; c__Gammaproteobacteria; o__Pseudomonadales; f__Pseudomonadaceae; g__Pseudomonas	0.9999270649091241
e6f790cd1ead8ef6f4e468449ba09d29	d__Bacteria; p__Cyanobacteria; c__Cyanobacteriia; o__Chloroplast; f__Chloroplast; g__Chloroplast; s__Poterioochromonas_sp.	0.9999733800308219
e7095743695f6d4337d01ceb9e29e224	d__Bacteria; p__Acidobacteriota; c__Acidobacteriae	0.9799519207202932
e70d4deaf6bdc117bbc739cf47c1ee7d	d__Bacteria; p__Firmicutes; c__Bacilli; o__Bacillales; f__Bacillaceae; g__Bacillus	0.9799913448410354
e7213cfd841df56e3013b8012bedb64c	d__Bacteria; p__Proteobacteria; c__Alphaproteobacteria; o__Rhizobiales; f__Hyphomicrobiaceae; g__Hyphomicrobium	0.7278044932685468
e721d85dde48fe8e3e137c61bb56c51c	d__Bacteria; p__Acidobacteriota; c__Blastocatellia; o__Pyrinomonadales; f__Pyrinomonadaceae; g__RB41; s__uncultured_Blastocatella	0.7547961625564357
e73589df422aaf72e6e8897fb62b04e4	d__Bacteria; p__Planctomycetota; c__BD7-11; o__BD7-11; f__BD7-11; g__BD7-11; s__uncultured_bacterium	0.9119138070184387
e73a2fed639c30c7c82b7a5921308ea3	d__Bacteria; p__Acidobacteriota; c__Vicinamibacteria; o__Vicinamibacterales; f__uncultured; g__uncultured; s__uncultured_bacterium	0.9078491018583237
e74222a560bd353ea881cac14798b924	d__Bacteria; p__Bacteroidota; c__Bacteroidia; o__Cytophagales; f__Cytophagaceae; g__Sporocytophaga	0.9576116421310046
e7482db89dd1cc1a6cb97314f7fbad93	d__Bacteria; p__Chloroflexi; c__KD4-96; o__KD4-96; f__KD4-96; g__KD4-96; s__uncultured_bacterium	0.7413917053206834
e74897a993648a9167e8594d4e680e20	d__Bacteria; p__Acidobacteriota; c__AT-s3-28; o__AT-s3-28; f__AT-s3-28; g__AT-s3-28; s__uncultured_bacterium	0.9965154268779676
e74b44dc2edf08d853847bcdde1b11f0	d__Bacteria; p__Firmicutes; c__Clostridia; o__Peptostreptococcales-Tissierellales; f__Sedimentibacteraceae; g__Sedimentibacter	0.9992633948519154
e7562cfdc413365bee7b5078e4ab9a32	d__Bacteria; p__Proteobacteria; c__Alphaproteobacteria; o__Ferrovibrionales; f__Ferrovibrionaceae; g__Ferrovibrio	0.999226622499289
e758cefc31d06bbac121a96a7c26f5ae	d__Bacteria; p__Chloroflexi; c__Dehalococcoidia; o__S085; f__S085; g__S085; s__metagenome	0.8913177108499604
e76927296fd2325dedc2d27dcbd73d5e	d__Bacteria; p__Planctomycetota; c__Planctomycetes; o__Planctomycetales; f__Rubinisphaeraceae; g__Planctomicrobium; s__uncultured_soil	0.9606891304376114
e78135f2886d427e678d12c446bf070e	d__Bacteria; p__Proteobacteria; c__Alphaproteobacteria; o__Thalassobaculales; f__uncultured; g__uncultured; s__uncultured_bacterium	0.8219533773368606
e79bd2ca23146868b73b409ea97dac22	d__Bacteria	0.9995854457504301
e79c379cec9a468d391c80e5f1997998	d__Bacteria; p__Proteobacteria; c__Gammaproteobacteria	0.9713468735318761
e79f4f30b0dacfcc50f3c1b12804ca3f	d__Bacteria; p__Desulfobacterota; c__Desulfuromonadia; o__Geobacterales; f__Geobacteraceae; g__Citrifermentans	0.9940178230842103
e7b09a4c66e51564ec39e26e26bcba28	d__Bacteria; p__Myxococcota; c__Polyangia; o__Haliangiales; f__Haliangiaceae; g__Haliangium	0.9999541858123477
e7d40328caa4f5e9affdc2eb3510a264	d__Bacteria; p__Myxococcota; c__Myxococcia; o__Myxococcales; f__Myxococcaceae	0.9986127049852369
e7dbb997e7c3a7bc3e427cf9519e24d6	d__Bacteria; p__Actinobacteriota; c__Thermoleophilia; o__Solirubrobacterales; f__67-14; g__67-14; s__uncultured_bacterium	0.7559854121255561
e7dd060951a4c8c68f77502f6c7ed7ed	d__Bacteria; p__Proteobacteria; c__Gammaproteobacteria; o__Pseudomonadales; f__Moraxellaceae; g__Acinetobacter; s__Acinetobacter_schindleri	0.9058124695857478
e7e283b72ee15bcf0877c5eeb6137ebc	d__Bacteria; p__Actinobacteriota; c__Actinobacteria; o__Corynebacteriales; f__Mycobacteriaceae; g__Mycobacterium	0.9999256900326005
e7e4f156f8e08084772abb5740bd03f7	d__Bacteria; p__Acidobacteriota; c__Vicinamibacteria; o__Vicinamibacterales; f__uncultured; g__uncultured; s__uncultured_bacterium	0.927924288158055
e7e75b3848f41e4e919e36a0d1ef1109	d__Bacteria; p__NB1-j; c__NB1-j; o__NB1-j; f__NB1-j; g__NB1-j; s__uncultured_bacterium	0.7149233233139052
e7e8dc40f531542e92fa166222ecbcf0	d__Bacteria; p__Chloroflexi; c__TK10; o__TK10; f__TK10; g__TK10	0.9999992677950619
e7ec9c22f6f076840877848d3a192d80	d__Bacteria; p__Verrucomicrobiota; c__Verrucomicrobiae; o__Verrucomicrobiales; f__Rubritaleaceae; g__Luteolibacter	0.9999588513007794
e7f2fab8c0e7c365768a43ef71406605	d__Bacteria; p__Proteobacteria; c__Gammaproteobacteria; o__Burkholderiales; f__Comamonadaceae; g__Variovorax	0.8567475508095977
e7fba5cff30c62efb7509e21c18970ac	d__Bacteria; p__Actinobacteriota; c__Actinobacteria; o__Micrococcales; f__Microbacteriaceae; g__Microbacterium	0.9973069250476665
e803a4480bbdb8baf1b74f06fe2084c4	d__Bacteria; p__Proteobacteria; c__Gammaproteobacteria; o__Xanthomonadales; f__Xanthomonadaceae; g__Arenimonas	0.9550701581650637
e80828ccf53400a19ad390409a61816c	d__Bacteria; p__Verrucomicrobiota; c__Verrucomicrobiae; o__Chthoniobacterales; f__Chthoniobacteraceae; g__Chthoniobacter; s__metagenome	0.9890469270466264
e8110b5ef337dd1991f6741be0fc6df0	d__Bacteria; p__Acidobacteriota; c__Subgroup_25; o__Subgroup_25; f__Subgroup_25; g__Subgroup_25; s__uncultured_bacterium	0.741807910677465
e81491f98b9faec65e7ab6b92e102554	d__Bacteria; p__Gemmatimonadota; c__Gemmatimonadetes; o__Gemmatimonadales; f__Gemmatimonadaceae	0.9999916041046071
e81b57bab7ea7b4d86e31bf4ed57e66d	d__Bacteria; p__Actinobacteriota; c__Actinobacteria; o__Micrococcales; f__Microbacteriaceae	0.9990207970824097
e825796577a37544723f7016b5f60aa0	d__Bacteria; p__Proteobacteria; c__Gammaproteobacteria; o__Diplorickettsiales; f__Diplorickettsiaceae; g__uncultured	0.8838587974900846
e8325b9bcc6734b2ecd9d8a19f9399f0	d__Bacteria; p__Firmicutes; c__Clostridia; o__Proteinivoracales; f__uncultured; g__uncultured; s__Anaerobranca_sp.	0.9651909442984368
e864b8361745350c59fb9a80629edd7a	d__Bacteria; p__Actinobacteriota; c__Actinobacteria; o__Corynebacteriales; f__Nocardiaceae; g__Rhodococcus	0.9398606268247497
e868a30582c08f0f6b3ddabecb37a86e	d__Bacteria; p__Firmicutes; c__Bacilli; o__Bacillales; f__Bacillaceae; g__Bacillus	0.9970362493956169
e8713629cabdd303127fe186dc18d488	d__Bacteria; p__Acidobacteriota; c__Vicinamibacteria; o__Vicinamibacterales; f__uncultured; g__uncultured; s__uncultured_bacterium	0.8831864126841792
e8798b51c3802031fc15198d589e959f	d__Bacteria; p__Planctomycetota; c__Planctomycetes; o__Gemmatales; f__Gemmataceae; g__uncultured; s__uncultured_bacterium	0.8264343564515015
e87ce42b946a8b1604c2a9a5c7766365	d__Bacteria; p__Planctomycetota; c__Phycisphaerae; o__Phycisphaerales; f__Phycisphaeraceae; g__SM1A02	0.998378324365589
e87ceb10f2becb2a6c4cf0692b1923ee	d__Bacteria; p__Proteobacteria; c__Alphaproteobacteria; o__Rhodobacterales; f__Rhodobacteraceae	0.9908835992875668
e8811a9e2b5c1d2a50e56517503d88c2	d__Bacteria; p__Myxococcota; c__Polyangia; o__Polyangiales; f__BIrii41; g__BIrii41	0.9958297384751472
e8812e1aac9fa82324cdc240cf26bc46	d__Bacteria; p__Patescibacteria; c__Parcubacteria; o__GWA2-38-13b; f__GWA2-38-13b; g__GWA2-38-13b; s__uncultured_bacterium	0.998667128438788
e88959b739c8cceb94b94b7887dd1df3	d__Bacteria; p__Methylomirabilota; c__Methylomirabilia; o__Rokubacteriales; f__WX65; g__WX65; s__uncultured_bacterium	0.7876115589322086
e8a72dced5cd4e4205077bfc27b08cc1	d__Bacteria; p__Proteobacteria; c__Gammaproteobacteria; o__Pseudomonadales; f__Moraxellaceae; g__Acinetobacter	0.998260185702565
e8b73cd28017bb458726bbd88ef55e7a	d__Bacteria; p__Actinobacteriota; c__Thermoleophilia; o__Gaiellales	0.9999970472669842
e8c45ae1250b7fd12598c4b5b3103cc2	d__Bacteria; p__Myxococcota; c__Polyangia; o__Polyangiales; f__Sandaracinaceae; g__uncultured; s__metagenome	0.7957899696077092
e8d1bcacb81a1df10ffe04efd7753061	d__Bacteria; p__Chloroflexi; c__Chloroflexia; o__Thermomicrobiales; f__JG30-KF-CM45; g__JG30-KF-CM45; s__uncultured_bacterium	0.8013154097011288
e8eddfb37c4215c86813163a27f202a5	d__Bacteria; p__Firmicutes; c__Clostridia; o__Clostridia; f__Hungateiclostridiaceae	0.9947860264436492
e8fd3323e28d62c90663d2ffa04f9eb1	d__Bacteria; p__Planctomycetota; c__Planctomycetes; o__Pirellulales; f__Pirellulaceae; g__Blastopirellula; s__uncultured_Planctomycetaceae	0.9918118326620595
e8fe43b1561da8416487d44b611b4e00	d__Bacteria; p__Proteobacteria; c__Gammaproteobacteria; o__PLTA13; f__PLTA13; g__PLTA13; s__uncultured_bacterium	0.9216704914477516
e90d0e5408d06dc6f2af247dad3b7614	d__Bacteria; p__Patescibacteria; c__Gracilibacteria; o__Gracilibacteria; f__Gracilibacteria; g__Gracilibacteria; s__uncultured_bacterium	0.9854093955696934
e933c0c41e0e62bcfb3be66d5259869d	d__Bacteria; p__Chloroflexi; c__P2-11E; o__P2-11E; f__P2-11E; g__P2-11E; s__uncultured_bacterium	0.9999969342553596
e93ded4d6f496ea66c14b6e5aac3146e	d__Bacteria; p__Proteobacteria; c__Gammaproteobacteria; o__Burkholderiales; f__SC-I-84; g__SC-I-84	0.9929552037540068
e942524930d01c8c25da56d5a5509dcf	d__Bacteria; p__Acidobacteriota; c__Vicinamibacteria; o__Vicinamibacterales; f__Vicinamibacteraceae; g__Vicinamibacteraceae	0.9879019832687916
e9448618ee97dd6688c6b9fbadaec195	d__Bacteria; p__Bacteroidota; c__Bacteroidia; o__Cytophagales; f__Cyclobacteriaceae; g__Marivirga	0.9998557011607565
e95c411ae546edbce0261a5b2b19d376	d__Bacteria; p__Verrucomicrobiota; c__Verrucomicrobiae; o__Pedosphaerales; f__Pedosphaeraceae	0.9999999976040953
e95f21388358d6de4a8e82717e1c11a4	d__Bacteria; p__Acidobacteriota; c__Thermoanaerobaculia; o__Thermoanaerobaculales; f__Thermoanaerobaculaceae; g__Subgroup_10	0.9999967603977565
e97726cfb2581dbf648832fde5c4761b	d__Bacteria; p__Verrucomicrobiota; c__Verrucomicrobiae; o__Chthoniobacterales; f__Chthoniobacteraceae; g__Candidatus_Udaeobacter	0.8686887091524788
e9835f8bc45665684a566bc9759a88c5	d__Bacteria; p__Acidobacteriota; c__Acidobacteriae; o__Subgroup_15; f__Subgroup_15; g__Subgroup_15; s__uncultured_bacterium	0.9762777974070213
e990c3ec0746f9ff7e8e99150486d9ba	d__Bacteria; p__Myxococcota; c__Myxococcia; o__Myxococcales; f__Myxococcaceae; g__P3OB-42	0.9975787991274778
e993e051a29d443ca3585089e743a250	d__Bacteria; p__Acidobacteriota; c__Vicinamibacteria; o__Vicinamibacterales; f__Vicinamibacteraceae; g__Vicinamibacteraceae	0.9629314577377227
e99fa94d48429e2f18dc6f7bdf7ddc97	d__Bacteria; p__Chloroflexi; c__Chloroflexia; o__Kallotenuales; f__AKIW781; g__AKIW781	0.999998634387915
e9a0d2a9c2569a2b223ae25e2a748fde	d__Bacteria; p__Planctomycetota; c__Planctomycetes; o__Planctomycetales; f__uncultured; g__uncultured; s__uncultured_bacterium	0.9064951580262619
e9a69829464650048530761abf7d911d	d__Bacteria; p__Proteobacteria; c__Gammaproteobacteria; o__Burkholderiales; f__Nitrosomonadaceae; g__MND1; s__uncultured_Burkholderiaceae	0.7196373650515462
e9ab8013ecaaf1f0fdc292112c32bf61	d__Bacteria; p__Entotheonellaeota; c__Entotheonellia; o__Entotheonellales; f__Entotheonellaceae; g__Entotheonellaceae; s__metagenome	0.9915643666130125
e9aecfb9272955b08839817e37e21015	d__Bacteria; p__Actinobacteriota; c__Thermoleophilia; o__Solirubrobacterales; f__67-14; g__67-14	0.9592516163918972
e9b566a0b59bf4cd909f8a6f00cde1ce	d__Bacteria; p__Proteobacteria; c__Gammaproteobacteria; o__Burkholderiales; f__Nitrosomonadaceae; g__mle1-7; s__uncultured_beta	0.8636669422046128
e9bdfdb2dd9ed808eb83d2f090a5ed4e	d__Bacteria; p__Myxococcota; c__Polyangia; o__Haliangiales; f__Haliangiaceae; g__Haliangium; s__uncultured_bacterium	0.7295857995226066
e9cc699dddfe3477f24b4420709841ae	d__Bacteria; p__Planctomycetota; c__Planctomycetes; o__Pirellulales; f__Pirellulaceae; g__uncultured	0.841056207337672
e9cd6e19391f355bd5cfc1f23c7aa9ff	d__Bacteria; p__Patescibacteria; c__Saccharimonadia; o__Saccharimonadales; f__LWQ8; g__LWQ8; s__uncultured_soil	0.9315903937753568
e9eaf67239f6f0c442c74ce2d8d09c14	d__Bacteria; p__Actinobacteriota; c__Thermoleophilia; o__Solirubrobacterales; f__Solirubrobacteraceae; g__Solirubrobacter; s__uncultured_bacterium	0.9711530367960652
e9ecc2c4d3dc5de09ad94a1eb5fd90d8	d__Bacteria; p__Actinobacteriota; c__MB-A2-108; o__MB-A2-108; f__MB-A2-108; g__MB-A2-108	0.9809418051220656
e9eda8a0ffca529159b9e3fac44e2892	d__Bacteria; p__Chloroflexi; c__Chloroflexia; o__Chloroflexales; f__Roseiflexaceae; g__uncultured; s__uncultured_bacterium	0.9681387284708303
e9fe19783ebcc7e43a3a07ca8225db62	d__Bacteria; p__Verrucomicrobiota; c__Verrucomicrobiae; o__Pedosphaerales; f__Pedosphaeraceae	0.9999998114626861
ea00dc37d53d039738e35cb92ab715a1	d__Bacteria; p__Actinobacteriota; c__Acidimicrobiia; o__IMCC26256; f__IMCC26256; g__IMCC26256; s__uncultured_actinobacterium	0.7712907912374571
ea0317e55fe68a05171ddecaffc6c2f5	d__Bacteria; p__Chloroflexi; c__Chloroflexia; o__Thermomicrobiales; f__JG30-KF-CM45; g__JG30-KF-CM45; s__uncultured_Chloroflexi	0.8496469168130213
ea0e84e395895cb710d0fea5a8f7789c	d__Bacteria; p__Chloroflexi; c__Chloroflexia; o__Chloroflexales; f__Roseiflexaceae; g__uncultured; s__uncultured_bacterium	0.8933527509868844
ea0e9bd2df1e237f2b0bc25179700832	d__Bacteria; p__Gemmatimonadota; c__Gemmatimonadetes; o__Gemmatimonadales; f__Gemmatimonadaceae; g__uncultured	0.9952478188549501
ea1f6682c12902500e93cdc4c94b8e01	d__Bacteria; p__Proteobacteria; c__Alphaproteobacteria; o__Caulobacterales; f__Hyphomonadaceae; g__SWB02	0.9930169283867119
ea295b0c02c0f9a09ddecd1efa86c15a	d__Bacteria; p__Bacteroidota; c__Bacteroidia; o__Chitinophagales; f__Chitinophagaceae; g__Chitinophaga	0.7476556381790396
ea2a97b82d5cc1a3dc6948004b88d260	d__Bacteria; p__Firmicutes; c__Bacilli; o__Thermoactinomycetales; f__Thermoactinomycetaceae; g__Thermoactinomyces	0.9999995393048172
ea2dccdabb342209686b5aeb1a02e07f	d__Bacteria; p__Firmicutes; c__Bacilli; o__Paenibacillales; f__Paenibacillaceae; g__Paenibacillus	0.9998219758090643
ea3da2c1e59564554f1520d62a5f567e	d__Bacteria; p__Desulfobacterota; c__Desulfobulbia; o__Desulfobulbales; f__Desulfocapsaceae; g__[Desulfobacterium]_catecholicum_group; s__uncultured_bacterium	0.821704061500754
ea607f329a7be4ea9a51d02b52c16564	d__Bacteria; p__Acidobacteriota; c__Vicinamibacteria; o__Vicinamibacterales; f__uncultured; g__uncultured	0.999996626805129
ea608811f93d78aad6964a694d8baa4c	d__Bacteria; p__Verrucomicrobiota; c__Verrucomicrobiae; o__Chthoniobacterales; f__Chthoniobacteraceae; g__Chthoniobacter	0.9847454719066411
ea62a018603f2eb99dc11bc029a22b3d	d__Bacteria; p__Actinobacteriota; c__Thermoleophilia; o__Gaiellales; f__uncultured; g__uncultured	0.9999658245242614
ea7cb91f4877c39c251e89c090a63d39	d__Bacteria; p__Bacteroidota; c__Bacteroidia; o__Chitinophagales; f__Chitinophagaceae; g__Flavisolibacter	0.9828383331577522
ea8394edc1f8fc1ac2083e0aa7d7a5f7	d__Bacteria; p__Proteobacteria; c__Alphaproteobacteria; o__Rhizobiales; f__Rhizobiaceae; g__Allorhizobium-Neorhizobium-Pararhizobium-Rhizobium	0.8905826878580726
ea85fcbe29b7995e6a35291e2bc27dd4	d__Bacteria; p__Firmicutes; c__Bacilli; o__Bacillales; f__Bacillaceae	0.999526980089107
ea87899bd168e41f627b1fae18c49edc	d__Bacteria; p__Bdellovibrionota; c__Oligoflexia; o__Oligoflexales; f__uncultured; g__uncultured	0.9999793657066237
ea889b3bcce904285900aeee502075e4	d__Bacteria; p__Acidobacteriota; c__Acidobacteriae; o__Bryobacterales; f__Bryobacteraceae; g__Bryobacter	0.732764590935333
ea8f94aa511cbe6f29d76fd868ce5407	d__Bacteria; p__Acidobacteriota; c__Vicinamibacteria; o__Vicinamibacterales; f__uncultured; g__uncultured	0.9847399261394085
ea961c1ad075f8663ae9daa3aa172a77	d__Bacteria; p__Proteobacteria; c__Alphaproteobacteria; o__Reyranellales; f__Reyranellaceae; g__uncultured	0.9990408131582418
ea9c6dfc6c1922382eb27789ca6fcf3c	d__Bacteria; p__Acidobacteriota; c__Thermoanaerobaculia; o__Thermoanaerobaculales; f__Thermoanaerobaculaceae; g__Subgroup_10	0.9999998539996672
eaa1aa76792e91c0a69721d0c76c9dd2	d__Bacteria; p__Gemmatimonadota; c__Longimicrobia; o__Longimicrobiales; f__Longimicrobiaceae; g__Longimicrobiaceae; s__uncultured_bacterium	0.9933128324008391
eaa2545d0c1620e2eccd54f4519d653e	d__Bacteria; p__Planctomycetota; c__Planctomycetes; o__Isosphaerales; f__Isosphaeraceae; g__uncultured	0.7014860142980178
eaa7b09e57d540712458917d3a42b1a8	d__Bacteria; p__Bacteroidota; c__Bacteroidia; o__Cytophagales; f__Hymenobacteraceae; g__Hymenobacter; s__uncultured_bacterium	0.8962959128529426
eaa9e93301dbdca600860c5a9e723dda	d__Bacteria; p__Planctomycetota	0.823111197576116
eaaadf94eb6e691c655b5c35f7650fa2	d__Bacteria; p__Proteobacteria; c__Alphaproteobacteria	0.9999985413341939
eaba432ffde5d98c3c01fb59696f1e82	d__Bacteria; p__Proteobacteria; c__Gammaproteobacteria; o__Burkholderiales; f__Comamonadaceae; g__Acidovorax	0.882275706984823
ead0f31678c43a6186d2de15534d1084	d__Bacteria; p__Proteobacteria; c__Gammaproteobacteria; o__Burkholderiales; f__Nitrosomonadaceae; g__mle1-7; s__uncultured_bacterium	0.8101895489887868
eada22c07cdb0d71497de17f1999bc84	d__Bacteria; p__Cyanobacteria; c__Cyanobacteriia; o__Chloroplast; f__Chloroplast; g__Chloroplast; s__Ricinus_communis	0.9999898122853892
eaed8b99318024c66ae2bd0470fe01d9	d__Bacteria; p__Chloroflexi; c__KD4-96; o__KD4-96; f__KD4-96; g__KD4-96; s__uncultured_bacterium	0.83974324069148
eaf16dd2e7093dc5795a2f04ecf82ade	d__Bacteria; p__Planctomycetota; c__Planctomycetes; o__Pirellulales; f__Pirellulaceae; g__uncultured; s__uncultured_bacterium	0.955373786538552
eaf82879a884e1cebf4baf58dbd18836	d__Bacteria	0.999999998306636
eb067fae59e40f397c1c817941f4aae8	d__Bacteria; p__Actinobacteriota; c__Acidimicrobiia; o__Microtrichales; f__Ilumatobacteraceae	0.9999999206431367
eb1a74c2ca8831ef945775de0827ddda	d__Bacteria; p__Chloroflexi; c__Ktedonobacteria; o__C0119; f__C0119; g__C0119; s__uncultured_bacterium	0.9792526183139454
eb200898311824faa9c39293410f38f7	d__Bacteria; p__Bacteroidota; c__Bacteroidia; o__Chitinophagales; f__Saprospiraceae; g__uncultured	0.9999889832862113
eb2a364c6699c9b12e972021b5deab65	d__Bacteria; p__Proteobacteria; c__Alphaproteobacteria; o__Rhizobiales; f__Beijerinckiaceae; g__uncultured	0.7551481991813942
eb2eeddf829080f8d9f25c6be5d507cd	d__Bacteria; p__Verrucomicrobiota; c__Verrucomicrobiae; o__Opitutales; f__Opitutaceae	0.9999999858861088
eb305d5dcc6e3cf852718182224c15e7	d__Bacteria; p__Proteobacteria; c__Gammaproteobacteria; o__Burkholderiales; f__Comamonadaceae; g__Ramlibacter	0.7773923037875184
eb328bfdcfb694f1fccf63edac2696cc	d__Bacteria; p__Planctomycetota; c__Pla4_lineage; o__Pla4_lineage; f__Pla4_lineage; g__Pla4_lineage; s__uncultured_bacterium	0.8963186401149302
eb387058e4713ab4bdd977274e700072	d__Bacteria; p__Bacteroidota; c__Bacteroidia; o__Cytophagales; f__Microscillaceae; g__uncultured	0.9259367739079962
eb40853d986ad72c82658d939f291ff2	d__Bacteria; p__Patescibacteria; c__Saccharimonadia; o__Saccharimonadales	0.999999995759982
eb4160fbe6f3ea8e5607abbd35bb3286	d__Bacteria; p__Planctomycetota; c__OM190; o__OM190; f__OM190; g__OM190; s__uncultured_bacterium	0.7741470725732055
eb555d1031ebf0adc0f36569f79efce1	d__Bacteria; p__Actinobacteriota; c__Thermoleophilia; o__Solirubrobacterales; f__Solirubrobacteraceae; g__Parviterribacter; s__uncultured_bacterium	0.7388156865254538
eb6d7f9e0601207fdcfc4a88947d513c	d__Bacteria; p__Proteobacteria; c__Alphaproteobacteria; o__Sphingomonadales; f__Sphingomonadaceae	0.999988994887683
eb7330d1fb78e30ed1289f063867b303	d__Bacteria; p__Bacteroidota; c__Bacteroidia; o__Chitinophagales; f__Chitinophagaceae	0.9999953309490824
eb92258fdd555e14b1ce8c1d0fa5b7ff	d__Bacteria; p__Gemmatimonadota; c__Gemmatimonadetes; o__Gemmatimonadales; f__Gemmatimonadaceae; g__uncultured	0.9716462973633074
eb9879218f1cd0abb05a51b9aa5fac7f	d__Bacteria; p__Acidobacteriota; c__Vicinamibacteria; o__Vicinamibacterales; f__Vicinamibacteraceae; g__uncultured; s__uncultured_bacterium	0.8120211814451511
eba21008ff92171effaeb6f453ddc723	d__Bacteria; p__Gemmatimonadota; c__Gemmatimonadetes; o__Gemmatimonadales; f__Gemmatimonadaceae	0.9999731638364774
ebabf34c5185e4b3c65e37a3314d1c8f	d__Bacteria; p__Myxococcota; c__Polyangia; o__Polyangiales; f__Sandaracinaceae; g__uncultured; s__delta_proteobacterium	0.9441173113436473
ebb41cffe0ef569eeb5de1a6c2d8a6eb	d__Bacteria; p__Planctomycetota; c__Phycisphaerae; o__Tepidisphaerales; f__WD2101_soil_group; g__WD2101_soil_group; s__planctomycete_WWH14	0.9031010133506132
ebb8e4fa18a02675cadd319cface0870	d__Bacteria; p__Planctomycetota; c__Planctomycetes; o__Gemmatales; f__Gemmataceae; g__uncultured	0.9645706086182658
ebb93dc32c63402289114859d476cc5b	d__Bacteria; p__NB1-j; c__NB1-j; o__NB1-j; f__NB1-j; g__NB1-j	0.9903313600214105
ebbaf260510ab16ac6b8c2b9866d05b9	d__Bacteria; p__Planctomycetota; c__Planctomycetes; o__Pirellulales; f__Pirellulaceae; g__Pir4_lineage; s__uncultured_Planctomycetaceae	0.7639149273617563
ebd93e4ba14be6d2b9d6046be394ddec	d__Bacteria; p__Verrucomicrobiota; c__Verrucomicrobiae; o__Pedosphaerales; f__Pedosphaeraceae; g__Pedosphaeraceae; s__uncultured_subdivision	0.9893759194811651
ebe0e0c482ebfa24e839f42e47198751	d__Bacteria; p__Planctomycetota; c__Phycisphaerae; o__Tepidisphaerales; f__Tepidisphaeraceae; g__Tepidisphaeraceae; s__uncultured_bacterium	0.9999265121726088
ebe5cb945f6d6d849c07424591f80753	d__Bacteria; p__Proteobacteria; c__Gammaproteobacteria; o__Burkholderiales; f__Burkholderiaceae; g__Lautropia	0.9999979597309827
ebe6783a9dd64d4dcb4bf1712effbd74	d__Bacteria; p__Acidobacteriota; c__Vicinamibacteria; o__Vicinamibacterales; f__Vicinamibacteraceae; g__Vicinamibacteraceae	0.9999826964720546
ebfbd500582c7791f2663145ed86db58	d__Bacteria; p__Actinobacteriota; c__Actinobacteria; o__0319-7L14; f__0319-7L14; g__0319-7L14; s__uncultured_actinobacterium	0.7968114151992896
ec08a08ee22be57ce6b430be9acd05eb	d__Bacteria; p__Planctomycetota; c__Planctomycetes; o__Pirellulales; f__Pirellulaceae; g__Pirellula	0.999957115728549
ec1803d7e9bd197514c2e0cf9847af60	d__Bacteria; p__Proteobacteria; c__Gammaproteobacteria; o__Burkholderiales; f__Rhodocyclaceae; g__uncultured	0.8727346591981543
ec363733603aa0c29451007d4fcd5aeb	d__Bacteria; p__Proteobacteria; c__Gammaproteobacteria; o__Burkholderiales; f__Oxalobacteraceae	0.9911003241546594
ec378af6e32960b11b5f7391da4ae4fb	d__Bacteria; p__Patescibacteria; c__Gracilibacteria; o__Gracilibacteria; f__Gracilibacteria; g__Gracilibacteria	0.9999420794769388
ec3a6bcc3c36d24a8f4d52c47d1a1d33	d__Bacteria; p__Myxococcota; c__Myxococcia; o__Myxococcales; f__Myxococcaceae; g__uncultured	0.7788666075049719
ec49866c5e807febc7cf82033e5d2dc3	d__Bacteria; p__Firmicutes; c__Clostridia; o__Peptostreptococcales-Tissierellales; f__Peptostreptococcaceae	0.9999942842677586
ec5355a117e1397cd0d8cd966bec187c	d__Bacteria; p__Firmicutes; c__Clostridia; o__Peptostreptococcales-Tissierellales; f__Sedimentibacteraceae; g__Sedimentibacter	0.9999596952739441
ec615213f6c7febb65c9f2e45e438111	d__Bacteria	0.999999999997738
ec69067c1a9e5169aa51d0fd43bbd06b	d__Bacteria; p__Planctomycetota; c__Phycisphaerae; o__Phycisphaerales; f__Phycisphaeraceae; g__SM1A02; s__uncultured_bacterium	0.8233919963336154
ec7db58cf905a645bb13ebc4cb7131bf	d__Bacteria; p__Bdellovibrionota; c__Oligoflexia; o__0319-6G20; f__0319-6G20; g__0319-6G20; s__uncultured_bacterium	0.9938226917813989
ec81308d3eeb4debe8f2cd3356f2c3c7	d__Bacteria; p__Myxococcota; c__Polyangia; o__Haliangiales; f__Haliangiaceae; g__Haliangium	0.9991922885774978
ec864bfdfaf29590e29f075bd115218b	d__Bacteria; p__Bacteroidota; c__Bacteroidia; o__Chitinophagales; f__Chitinophagaceae	0.9999946416315831
ec8a0768cd2fb426d7e6bfc2c4f50e5b	d__Bacteria; p__Firmicutes; c__Clostridia; o__Thermincolales; f__Thermincolaceae; g__Thermincola	0.99734870245926
ec8e7cba3c2a3722fe76d6d5c35ee650	d__Bacteria; p__Acidobacteriota; c__Vicinamibacteria; o__Vicinamibacterales; f__Vicinamibacteraceae; g__Vicinamibacteraceae	0.9981431071827035
eca15dd51999505f6bdb7c8e1a0417ae	d__Bacteria; p__Acidobacteriota; c__Vicinamibacteria; o__Vicinamibacterales; f__Vicinamibacteraceae; g__Luteitalea	0.9999914799746453
eca1bb0b9d18036a27e8627045358862	d__Bacteria; p__Verrucomicrobiota; c__Verrucomicrobiae; o__Verrucomicrobiales; f__Verrucomicrobiaceae; g__Prosthecobacter; s__metagenome	0.7603188342862773
eca6228a75211322532cfc8456a922ce	d__Bacteria; p__Firmicutes; c__Bacilli; o__Lactobacillales; f__Leuconostocaceae; g__Leuconostoc; s__Leuconostoc_citreum	0.7612858693787077
eccb44512beed6e992dc6c1318a538e9	d__Bacteria; p__Patescibacteria; c__Saccharimonadia; o__Saccharimonadales; f__Saccharimonadales; g__Saccharimonadales; s__uncultured_bacterium	0.8131207357324781
eccb79ca94ad0179ee7d6c7d9e6195c6	d__Bacteria; p__Planctomycetota; c__Phycisphaerae; o__Tepidisphaerales; f__WD2101_soil_group; g__WD2101_soil_group	0.9998860783100624
ecf7289628d49f9244469337ee1622cb	d__Bacteria; p__Proteobacteria; c__Alphaproteobacteria; o__Rhizobiales; f__Xanthobacteraceae	0.9999172991136143
ed02c204ababa0e6fcd9e8b994a68137	d__Bacteria; p__Firmicutes; c__Bacilli; o__Bacillales; f__Bacillaceae; g__Anaerobacillus; s__uncultured_bacterium	0.7474623959379303
ed098f976d2da0cd60795fa697390e1e	d__Bacteria; p__Bacteroidota; c__Bacteroidia; o__Chitinophagales; f__Chitinophagaceae; g__Terrimonas	0.9890174763773614
ed0ff553d0a97d9e6f3cd086a255575d	d__Bacteria; p__Gemmatimonadota; c__Longimicrobia; o__Longimicrobiales; f__Longimicrobiaceae; g__Longimicrobiaceae; s__uncultured_bacterium	0.8543550346653094
ed218b35193a4b2fe44d1fce3519c27a	d__Bacteria; p__Actinobacteriota; c__Actinobacteria; o__Propionibacteriales; f__Nocardioidaceae; g__Aeromicrobium	0.9662149860788531
ed353fcc16205d58d679c6a61991ddfd	d__Bacteria; p__Planctomycetota; c__Planctomycetes; o__Pirellulales; f__Pirellulaceae; g__Pir4_lineage; s__uncultured_Pirellula	0.7577798604873026
ed3e0ab8a488813739a7f0078f0ed6a9	d__Bacteria; p__Myxococcota; c__bacteriap25; o__bacteriap25; f__bacteriap25; g__bacteriap25; s__metagenome	0.9407301611111085
ed4e2f0e0330ac530b6b380cd0f4c73d	d__Bacteria; p__Planctomycetota; c__Planctomycetes; o__Pirellulales; f__Pirellulaceae; g__uncultured; s__uncultured_soil	0.9972505490367111
ed543f92c61a06fc4e703655ce910a2f	d__Bacteria; p__Myxococcota; c__Polyangia; o__Polyangiales	0.999692034765946
ed645367087d29642499f168eab08ec4	d__Bacteria; p__Planctomycetota; c__Phycisphaerae; o__Tepidisphaerales; f__WD2101_soil_group; g__WD2101_soil_group	0.9981574912094968
ed6d7e65db058743b9f52430bb745f9a	d__Bacteria; p__Planctomycetota; c__Planctomycetes; o__Pirellulales; f__Pirellulaceae; g__uncultured; s__uncultured_Planctomycetales	0.8538889686252787
ed6f1d2e1ba00b6d2d969dd3727980b1	d__Bacteria; p__Methylomirabilota; c__Methylomirabilia; o__Rokubacteriales; f__Rokubacteriales; g__Rokubacteriales; s__uncultured_bacterium	0.7434288740054672
ed768e448d59ae87dc6c8e1401855507	d__Bacteria; p__Chloroflexi; c__Chloroflexia; o__Thermomicrobiales; f__JG30-KF-CM45; g__JG30-KF-CM45	0.9997877225229546
ed8bee712494fbfccdc2fe8a251b9a7a	d__Bacteria; p__Patescibacteria; c__Saccharimonadia; o__Saccharimonadales; f__Saccharimonadales; g__Saccharimonadales; s__uncultured_bacterium	0.7831079352746538
ed8ef6d518885cc7a48229637bae917b	d__Bacteria; p__Actinobacteriota; c__Thermoleophilia; o__Solirubrobacterales; f__67-14; g__67-14; s__uncultured_bacterium	0.748626590679919
ed9bc9e8a7be188169b01b68f398bbde	d__Bacteria; p__Chloroflexi; c__Dehalococcoidia; o__S085; f__S085; g__S085; s__metagenome	0.7166456146998323
edc3a15bcd5d45b027cb1bb474d7ab4f	d__Bacteria; p__Latescibacterota; c__Latescibacterota; o__Latescibacterota; f__Latescibacterota; g__Latescibacterota; s__metagenome	0.9935875311753494
edcb526cd2cf90e2deb8ffbcc42cb2c8	d__Bacteria; p__Acidobacteriota; c__Vicinamibacteria; o__Subgroup_17; f__Subgroup_17; g__Subgroup_17; s__uncultured_bacterium	0.767348497664943
edda5d4561d76b2193b5ce4d471ab6f1	d__Bacteria; p__Planctomycetota; c__Planctomycetes; o__Pirellulales; f__Pirellulaceae; g__Pirellula; s__uncultured_Pasteuria	0.7651369929265364
edde0be039d7d58e66908cd6d9a11ac3	d__Bacteria; p__Bacteroidota; c__Bacteroidia; o__Cytophagales; f__Cyclobacteriaceae	0.8862447222821899
ede170cc660e3bbd912c24c261dcdbfa	d__Bacteria; p__Planctomycetota; c__OM190; o__OM190; f__OM190; g__OM190; s__uncultured_bacterium	0.9079844172626107
ede35f4a5738611e987abdfcde3e93ca	d__Bacteria; p__Chloroflexi; c__Chloroflexia; o__Chloroflexales; f__Roseiflexaceae; g__uncultured; s__uncultured_Chloroflexi	0.8284407891908382
edf3b68b727dc2d4a9ac46d1940e488d	d__Bacteria; p__Proteobacteria; c__Gammaproteobacteria; o__Burkholderiales; f__Rhodocyclaceae	0.9960778089967661
ee056b0bad4d8c08c8e361a73c65093b	d__Bacteria; p__Planctomycetota; c__Planctomycetes; o__Pirellulales; f__Pirellulaceae; g__Blastopirellula; s__uncultured_Planctomycetaceae	0.9999626822644735
ee0930b6e75676ee1789d424164b449e	d__Bacteria; p__Proteobacteria; c__Gammaproteobacteria; o__Steroidobacterales; f__Steroidobacteraceae; g__uncultured	0.9999591705046852
ee0fcdc9b781b8c874b4a4d3642e8443	d__Bacteria; p__Proteobacteria; c__Alphaproteobacteria; o__Sphingomonadales; f__Sphingomonadaceae	0.9998157948383436
ee1fb9840a7fbea7532202fcd0ec0500	d__Bacteria; p__Planctomycetota; c__OM190; o__OM190; f__OM190; g__OM190	0.9999627977237904
ee23adac9f67cc78e3a02fc9d9e8cc45	d__Bacteria; p__Planctomycetota; c__Planctomycetes; o__Pirellulales; f__Pirellulaceae	0.9999996519174355
ee34309f3db184a8e9bd7e9ca6186ae1	d__Bacteria; p__Actinobacteriota; c__Actinobacteria; o__Pseudonocardiales; f__Pseudonocardiaceae; g__Pseudonocardia	0.997626136040804
ee42acd9c2509737d88e09d66ca9d0ea	d__Bacteria; p__Proteobacteria; c__Gammaproteobacteria; o__Cellvibrionales; f__Halieaceae; g__OM60(NOR5)_clade; s__uncultured_bacterium	0.9568980444719796
ee42df97321d71de3a30445ba457e1a3	d__Bacteria; p__Acidobacteriota; c__Acidobacteriae; o__Bryobacterales; f__Bryobacteraceae; g__Bryobacter	0.7039985455788826
ee4b6a641e8554c568f6a4f7a0c24856	d__Bacteria; p__Proteobacteria; c__Gammaproteobacteria; o__Oceanospirillales; f__Halomonadaceae; g__Halomonas; s__Halomonas_stevensii	0.7899277344421862
ee51794206eedb28ad9eb3cfa63571b5	d__Bacteria; p__Planctomycetota; c__Planctomycetes; o__Gemmatales; f__Gemmataceae; g__uncultured	0.9517606629534893
ee6fddd7434d41e5584316b10e7fe0c2	d__Bacteria; p__Myxococcota; c__Polyangia; o__Haliangiales; f__Haliangiaceae; g__Haliangium	0.9998322559697302
ee709febdfa7db128d29453268ec6d0a	d__Bacteria; p__Chloroflexi; c__Chloroflexia; o__Chloroflexales; f__Roseiflexaceae; g__uncultured; s__uncultured_soil	0.8752122738810797
ee98b85d36aa7713641eabf6a1b6d72c	d__Bacteria; p__Chloroflexi; c__Chloroflexia; o__Chloroflexales; f__Herpetosiphonaceae; g__Herpetosiphon; s__uncultured_bacterium	0.9998458327515599
eeaffec921cc8b77462d46716c786266	d__Bacteria; p__Myxococcota; c__Polyangia; o__Polyangiales; f__BIrii41; g__BIrii41; s__uncultured_bacterium	0.9812528751567084
eedcb5b9dce4d7c622a71501f4577bdf	d__Bacteria; p__Firmicutes; c__Bacilli; o__Bacillales; f__Bacillaceae; g__Bacillus	0.9756020617498303
eee044bfd843133e861453330c28ccd2	d__Bacteria; p__Chloroflexi; c__Chloroflexia; o__Thermomicrobiales; f__JG30-KF-CM45; g__JG30-KF-CM45; s__uncultured_soil	0.8931198689223359
eeeb21d3e97d2e4a2ba277bac52b1ba7	d__Bacteria; p__Latescibacterota; c__Latescibacterota; o__Latescibacterota; f__Latescibacterota; g__Latescibacterota; s__uncultured_soil	0.9343537540395512
eeedc05e75deeb570c1aaf13fb41338b	d__Bacteria; p__Proteobacteria; c__Gammaproteobacteria; o__Steroidobacterales; f__Steroidobacteraceae; g__Steroidobacter	0.9630446581435627
eef7be4b2531cb7e909b58e91af5640d	d__Bacteria; p__Chloroflexi; c__Anaerolineae; o__Ardenticatenales; f__Ardenticatenaceae; g__uncultured	0.9999895122676128
eef81e31a97f43d77d3fac9ec8ed4470	d__Bacteria; p__Actinobacteriota; c__Thermoleophilia; o__Gaiellales; f__uncultured; g__uncultured	0.999781202052269
eef926a97db43168d5e0fd5924359597	d__Bacteria; p__Firmicutes; c__Clostridia; o__Peptostreptococcales-Tissierellales; f__Peptostreptococcales-Tissierellales	0.9585463910811519
ef0857a5aa108cf31d368e2783183c07	d__Bacteria; p__Chloroflexi; c__Anaerolineae; o__SBR1031; f__A4b; g__A4b	0.9999193034108205
ef1457bd10fac04e409b1877cb26492a	d__Bacteria; p__Chloroflexi; c__Chloroflexia; o__Chloroflexales; f__Herpetosiphonaceae; g__Herpetosiphon; s__uncultured_bacterium	0.9942079486968634
ef1688b9f5de54cfde566befb5a215eb	d__Bacteria; p__Acidobacteriota; c__Vicinamibacteria; o__Vicinamibacterales; f__uncultured; g__uncultured	0.9999934254883915
ef188b24fe8b5da5cab29b7797c5b6aa	d__Archaea; p__Thermoplasmatota; c__Thermoplasmata; o__Marine_Group_II; f__Marine_Group_II; g__Marine_Group_II; s__uncultured_archaeon	0.9988482785896238
ef1a92caffb4d7cae286fdc77b0a93a6	d__Bacteria; p__Verrucomicrobiota; c__Verrucomicrobiae; o__Verrucomicrobiales; f__Verrucomicrobiaceae; g__Brevifollis; s__uncultured_bacterium	0.7173154303078579
ef2a7f99b70476e00a48c74e70cb745b	d__Bacteria; p__Acidobacteriota; c__Holophagae; o__Subgroup_7; f__Subgroup_7; g__Subgroup_7	0.9999999549541674
ef2f62559b4c71ae58ff7325bedd6783	d__Bacteria; p__Myxococcota; c__bacteriap25; o__bacteriap25; f__bacteriap25; g__bacteriap25; s__metagenome	0.7546668680176132
ef2f85015b9e35f32a4edbfbd14c57e4	d__Bacteria; p__Acidobacteriota; c__Vicinamibacteria; o__Vicinamibacterales; f__Vicinamibacteraceae; g__Vicinamibacteraceae	0.999861471298372
ef3343ef8067ae25249a91172472a069	d__Bacteria; p__Planctomycetota; c__OM190; o__OM190; f__OM190; g__OM190; s__uncultured_soil	0.9493425066449906
ef3465f9c9d52bff054d1df730929339	d__Bacteria; p__Proteobacteria; c__Gammaproteobacteria; o__Pseudomonadales; f__Pseudomonadaceae; g__Pseudomonas	0.9999747662296384
ef449fb84689bd74e30601f272c58d57	d__Bacteria; p__Gemmatimonadota; c__Longimicrobia; o__Longimicrobiales; f__Longimicrobiaceae; g__YC-ZSS-LKJ147	0.9048960838037988
ef5d3c097797e400d3b61d5729fd34d6	d__Bacteria; p__Bacteroidota; c__Bacteroidia; o__Cytophagales; f__Cytophagaceae; g__Sporocytophaga	0.9995116065615506
ef625de67e3f3973cb5834a41996ba85	d__Bacteria; p__Gemmatimonadota; c__Gemmatimonadetes; o__Gemmatimonadales; f__Gemmatimonadaceae; g__uncultured	0.8571965017655703
ef6420e1875db89d24a4f09f18a5c9e9	d__Bacteria; p__Chloroflexi; c__KD4-96; o__KD4-96; f__KD4-96; g__KD4-96	0.9133755598516606
ef6cb6f7127a7f3b6fcbc45564406d50	d__Bacteria; p__Patescibacteria; c__Saccharimonadia; o__Saccharimonadales	0.9999999248240138
ef7c1ab66e3be4ed8273fd8d4c161ed6	d__Bacteria; p__Bdellovibrionota; c__Oligoflexia; o__Oligoflexales; f__uncultured; g__uncultured	0.9969193303420082
ef819d4ede55d2227c84f4dc6640e8d6	d__Bacteria; p__Bacteroidota; c__Bacteroidia; o__Flavobacteriales; f__Flavobacteriaceae; g__Flavobacterium	0.8919236649461608
ef8ba491c423bfb725d02c9451148100	d__Bacteria; p__Chloroflexi; c__Chloroflexia; o__Chloroflexales; f__Roseiflexaceae; g__uncultured; s__uncultured_bacterium	0.9914297007576675
ef8ea65ba4c2e2da3ba9556a87d2385d	d__Bacteria; p__Proteobacteria; c__Alphaproteobacteria; o__Sphingomonadales; f__Sphingomonadaceae	0.999586912246517
efa105cd3bb3d1ad18fb532fe168d5eb	d__Bacteria; p__Actinobacteriota; c__Thermoleophilia; o__Solirubrobacterales; f__67-14; g__67-14; s__uncultured_actinobacterium	0.7671560570754324
efa4a78c4b993e9d115841c8a02c795e	d__Bacteria; p__Proteobacteria; c__Gammaproteobacteria; o__Aeromonadales; f__Aeromonadaceae; g__Aeromonas	0.9011096796579716
efa76d2b238a2bf3179dec8dead3d2ac	d__Bacteria; p__Gemmatimonadota; c__Longimicrobia; o__Longimicrobiales; f__Longimicrobiaceae; g__Longimicrobiaceae; s__metagenome	0.9996355245427253
efaabbd5cc704d7ca790f97c40ead24d	d__Bacteria; p__Verrucomicrobiota; c__Verrucomicrobiae; o__Pedosphaerales; f__Pedosphaeraceae; g__Pedosphaeraceae	0.9986619518375383
efb70db200bef94d5c2018f6ea753c84	d__Bacteria; p__Actinobacteriota; c__Thermoleophilia; o__Solirubrobacterales; f__67-14; g__67-14; s__uncultured_actinobacterium	0.9835984774477285
efc0758dff651bad2fa3187437efd20a	d__Bacteria; p__Proteobacteria; c__Alphaproteobacteria; o__Rhizobiales; f__Methyloligellaceae; g__uncultured	0.9973846409960582
efca7b6ff86fc56de4d8ac763e12f54a	d__Bacteria; p__NB1-j; c__NB1-j; o__NB1-j; f__NB1-j; g__NB1-j	0.9998912157651583
efcbb2826eb9b5809815cb3c660dac24	d__Bacteria; p__Acidobacteriota; c__Vicinamibacteria; o__Subgroup_17; f__Subgroup_17; g__Subgroup_17; s__uncultured_bacterium	0.7113811861708625
efdbdbf1cb935200426401f1bcc455f2	d__Bacteria; p__WPS-2; c__WPS-2; o__WPS-2; f__WPS-2; g__WPS-2; s__metagenome	0.8069697534458822
efe28255473a3d4592fd4db37032acc8	d__Bacteria; p__Proteobacteria; c__Alphaproteobacteria; o__Sphingomonadales; f__Sphingomonadaceae	0.999710651862529
efe2ff93cc044e8fff77d734ddccb7e3	d__Bacteria; p__Planctomycetota; c__OM190; o__OM190; f__OM190; g__OM190; s__uncultured_bacterium	0.8444471186094585
effaa47cd39febee65933ab46b2560c5	d__Bacteria; p__Actinobacteriota; c__Thermoleophilia; o__Gaiellales; f__Gaiellaceae; g__Gaiella	0.9584551253809206
f00f1f3e62f9069690492e1c124c930f	d__Bacteria; p__Actinobacteriota; c__Acidimicrobiia; o__uncultured; f__uncultured; g__uncultured; s__uncultured_Acidimicrobiia	0.9940447439004239
f0124ecec44c59d0e8788d72cc7761fc	d__Bacteria; p__Acidobacteriota; c__Vicinamibacteria; o__Vicinamibacterales; f__Vicinamibacteraceae; g__Vicinamibacteraceae	0.9918104694987729
f016a24c5572b36429953d1598059e94	d__Bacteria	0.999999990888913
f02fc28361991794778d4e86d8ccf65e	d__Bacteria; p__Bacteroidota; c__Bacteroidia; o__Sphingobacteriales; f__AKYH767; g__AKYH767; s__uncultured_bacterium	0.9602762154839325
f037dc70ae5d018b865802095e9e26e9	d__Bacteria; p__Bacteroidota; c__Bacteroidia; o__Flavobacteriales; f__Flavobacteriaceae; g__Flavobacterium	0.9892407642681114
f04956f87af084267a8202eabc0eadf5	d__Bacteria; p__Myxococcota; c__Myxococcia; o__Myxococcales; f__Myxococcaceae; g__Myxococcus	0.9387336248998367
f0513eed16f87e87f32f7093017af765	d__Bacteria; p__Actinobacteriota; c__Acidimicrobiia; o__IMCC26256; f__IMCC26256; g__IMCC26256; s__uncultured_actinobacterium	0.8851692612572625
f055a2f7db5398435d3677e8d5500849	d__Bacteria; p__Dependentiae; c__Babeliae; o__Babeliales; f__Vermiphilaceae; g__Vermiphilaceae; s__uncultured_bacterium	0.8670737618963918
f066fb83cc5efafacfd3717b80ce1752	d__Bacteria; p__Proteobacteria; c__Gammaproteobacteria; o__Pseudomonadales; f__Pseudomonadaceae; g__Pseudomonas	0.9982231100427728
f067ffe5c0c38c7181464dcd5d12da67	d__Bacteria; p__Proteobacteria; c__Alphaproteobacteria; o__Sphingomonadales; f__Sphingomonadaceae	0.9991274670645925
f06b47f157493aee5a9c2d5b961b085b	d__Bacteria; p__Acidobacteriota; c__Blastocatellia; o__11-24; f__11-24; g__11-24; s__uncultured_Acidobacteria	0.8375664988023034
f09196c90e7d462b9b5341782ad123b8	d__Bacteria; p__Acidobacteriota; c__Acidobacteriae; o__Bryobacterales; f__Bryobacteraceae; g__Bryobacter; s__uncultured_soil	0.7229526485916103
f097c45ce419da576aa111c98a4c7272	d__Bacteria; p__Planctomycetota; c__Phycisphaerae; o__Tepidisphaerales; f__Tepidisphaeraceae; g__Tepidisphaera; s__uncultured_bacterium	0.9227629819385076
f09835d4d8a54ec025f4f17f7baa1d4e	d__Bacteria; p__Acidobacteriota; c__Vicinamibacteria; o__Vicinamibacterales; f__Vicinamibacteraceae; g__Vicinamibacteraceae; s__uncultured_Acidobacteria	0.8275446188901789
f09da237903108e278fbbb2a92836ed5	d__Bacteria	0.9999999999999728
f0b62f5c5c71fc10647b9899011a731d	d__Bacteria; p__Methylomirabilota; c__Methylomirabilia; o__Rokubacteriales; f__Rokubacteriales; g__Rokubacteriales; s__uncultured_bacterium	0.9947191145905595
f0bd6ad5f15770338f58cb34988e69cc	d__Bacteria; p__Proteobacteria; c__Alphaproteobacteria; o__Micavibrionales; f__uncultured; g__uncultured	0.8151231949927443
f0ebb46191501d114a5e38c41ee6960b	d__Bacteria; p__Bacteroidota; c__Bacteroidia; o__Chitinophagales; f__Chitinophagaceae; g__Flavisolibacter	0.9809528669941139
f0f1746fad25b9be53ee547449bae221	d__Bacteria; p__Actinobacteriota; c__Thermoleophilia; o__Solirubrobacterales; f__67-14; g__67-14	0.8469284631296021
f10388dae3cdf629a7b9bb4936536b18	d__Bacteria; p__Proteobacteria; c__Alphaproteobacteria; o__Rhizobiales; f__Xanthobacteraceae; g__Pseudorhodoplanes	0.9140003314315076
f10a5944d710d9abefd5bb94c8ac99ea	d__Bacteria; p__Acidobacteriota; c__Thermoanaerobaculia; o__Thermoanaerobaculales; f__Thermoanaerobaculaceae; g__Subgroup_10; s__uncultured_Bacteroidetes	0.9100169917231095
f11233f16d4177d38ab1c0bfc649e056	d__Bacteria; p__Proteobacteria; c__Gammaproteobacteria; o__Gammaproteobacteria_Incertae_Sedis; f__Unknown_Family; g__Candidatus_Berkiella; s__Ectothiorhodospira_sp.	0.9997017888085993
f116387f77802409103a559e4205df06	d__Bacteria; p__Proteobacteria; c__Gammaproteobacteria; o__Burkholderiales; f__Comamonadaceae; g__Acidovorax	0.7617964676350651
f11a3e2d37e486eb6b54641c04e9cc66	d__Bacteria; p__Proteobacteria; c__Gammaproteobacteria; o__Burkholderiales; f__Comamonadaceae	0.9997889555373931
f1223a2811ed85a138ad7c02b458da40	d__Bacteria; p__Firmicutes; c__Bacilli; o__Bacillales; f__Bacillaceae; g__Bacillus	0.9902993933080376
f130f0de679ef5d671f9114b134b0ed2	d__Bacteria; p__Planctomycetota; c__Planctomycetes; o__Planctomycetales; f__Rubinisphaeraceae; g__SH-PL14; s__metagenome	0.7376047899824201
f13179f8a39957afecfd4704000e603b	d__Bacteria; p__Myxococcota; c__Myxococcia; o__Myxococcales; f__Myxococcaceae; g__uncultured	0.9296253261247307
f14724d400770f82f26059386f0d1379	d__Bacteria; p__Firmicutes; c__Bacilli; o__Alicyclobacillales; f__Alicyclobacillaceae; g__Tumebacillus; s__uncultured_bacterium	0.7647872789602421
f15389a9f245465c33db3de72aeb17ba	d__Bacteria; p__Firmicutes; c__Clostridia; o__Clostridiales; f__Clostridiaceae	0.9999971370025814
f168a9cb1c91fd178936d759d151e803	d__Bacteria; p__Proteobacteria; c__Gammaproteobacteria; o__Burkholderiales; f__TRA3-20; g__TRA3-20; s__uncultured_gamma	0.942572732720967
f17745141a702ed630f6b2cea41650cc	d__Bacteria	0.9999999999995409
f1777a2ce39b1026d0a06ce338a4728a	d__Bacteria; p__Acidobacteriota; c__Vicinamibacteria; o__Vicinamibacterales; f__uncultured; g__uncultured; s__uncultured_bacterium	0.9531210774895335
f179c10f8e86873c90ceb14b974a114e	d__Bacteria; p__Bdellovibrionota; c__Oligoflexia; o__0319-6G20; f__0319-6G20; g__0319-6G20; s__uncultured_bacterium	0.8184037629098311
f17d0a018ec04e9926c83855cec2b131	d__Bacteria; p__Acidobacteriota; c__Vicinamibacteria; o__Vicinamibacterales; f__Vicinamibacteraceae; g__Vicinamibacteraceae	0.9999972783689113
f18cb296eff496760982f4a9bcc45759	d__Bacteria; p__Myxococcota; c__Myxococcia; o__Myxococcales; f__Myxococcaceae; g__P3OB-42; s__uncultured_bacterium	0.8405003004092643
f1975fc889cb5ba9d889803ec550e58d	d__Bacteria	0.9999999999999803
f19c8e90a1012a634e7cac186854813e	d__Bacteria; p__Firmicutes; c__Bacilli; o__Alicyclobacillales; f__Alicyclobacillaceae; g__Tumebacillus; s__uncultured_Tumebacillus	0.7004721067140228
f1aa48830129c9968059bbd51da3b8e1	d__Bacteria; p__Bacteroidota; c__Bacteroidia; o__Chitinophagales; f__Saprospiraceae; g__uncultured; s__uncultured_Haliscomenobacter	0.8249738681025978
f1ab20858b0cbda82c8e47f0c7f67dc3	d__Bacteria; p__Myxococcota; c__Polyangia; o__Haliangiales; f__Haliangiaceae; g__Haliangium	0.9997688854768294
f1b339351ebee9b927d8a9487702c1b3	d__Bacteria; p__Gemmatimonadota; c__Gemmatimonadetes; o__Gemmatimonadales; f__Gemmatimonadaceae	0.9999996984759365
f1d6c68964f9bd9219be533b51359d70	d__Bacteria; p__Chloroflexi; c__Chloroflexia; o__Thermomicrobiales; f__JG30-KF-CM45; g__JG30-KF-CM45; s__uncultured_Chloroflexi	0.9650657025107626
f1d7eca39493bf58f1b5355b1b7557ea	d__Bacteria	0.9999999998810556
f1e534741d4c9c79a4856764252941a2	d__Bacteria; p__Bacteroidota; c__Bacteroidia; o__Chitinophagales; f__Chitinophagaceae; g__Ferruginibacter	0.9740785266770887
f2117b49bf57d9451bbef6de5b762483	d__Bacteria; p__Bacteroidota; c__Bacteroidia; o__Cytophagales; f__Hymenobacteraceae; g__Pontibacter	0.9980666672943759
f217a9a21f7bf58989429f6a57633db6	d__Bacteria; p__Actinobacteriota; c__Actinobacteria; o__Propionibacteriales; f__Nocardioidaceae; g__Aeromicrobium	0.8712255875268414
f21de89bdd442adcbb101f8a688ad9c8	d__Bacteria; p__Chloroflexi; c__Anaerolineae; o__Ardenticatenales; f__uncultured; g__uncultured; s__uncultured_Litorilinea	0.9754282987540133
f236370cdfc7baea798a08f27aafd11d	d__Bacteria; p__Bacteroidota; c__Bacteroidia; o__Chitinophagales; f__Chitinophagaceae; g__Parasegetibacter	0.8558791121206761
f236e8b4d5020d839037572003b668f6	d__Bacteria; p__Actinobacteriota; c__Acidimicrobiia; o__Microtrichales; f__Iamiaceae; g__Iamia	0.9838428922083108
f23a694d9562355b76aa364d1a175513	d__Bacteria; p__Planctomycetota; c__Planctomycetes; o__Isosphaerales; f__Isosphaeraceae; g__uncultured	0.8441626642390551
f23a9bf318661ab4d6dd7ccee012b94b	d__Bacteria; p__Gemmatimonadota; c__Gemmatimonadetes; o__Gemmatimonadales; f__Gemmatimonadaceae; g__uncultured; s__uncultured_actinobacterium	0.7097632198335196
f23fd98090fdc960c0c013cfe78b2136	d__Bacteria; p__Elusimicrobiota; c__Lineage_IIa; o__Lineage_IIa; f__Lineage_IIa; g__Lineage_IIa; s__uncultured_bacterium	0.8646790395988082
f24500773463877432064dd21c38122c	d__Bacteria; p__Acidobacteriota; c__Acidobacteriae; o__Bryobacterales; f__Bryobacteraceae; g__Bryobacter	0.9247380207074531
f263aaf9a82bffbc817813f0cbe57a6f	d__Bacteria; p__Bdellovibrionota; c__Bdellovibrionia; o__Bdellovibrionales; f__Bdellovibrionaceae; g__Bdellovibrio; s__uncultured_bacterium	0.9675289745244874
f287274d4c1a14a22ec9215b24ca554a	d__Bacteria; p__Verrucomicrobiota; c__Verrucomicrobiae; o__Pedosphaerales; f__Pedosphaeraceae; g__uncultured; s__uncultured_Verrucomicrobia	0.8677984369902835
f28cd6c1b74ee58d3424873dd777b349	d__Bacteria; p__Proteobacteria; c__Alphaproteobacteria; o__Rhizobiales; f__uncultured; g__uncultured	0.985122343663437
f2a39c689baa866fe990adb8045723df	d__Bacteria; p__Proteobacteria; c__Gammaproteobacteria; o__Xanthomonadales; f__Xanthomonadaceae; g__Lysobacter	0.9528771606011845
f2ad5ab3530afee911d2753c07920c29	d__Bacteria; p__Proteobacteria; c__Alphaproteobacteria; o__Rhizobiales; f__A0839; g__A0839	0.9999981049938329
f2b0fb0b32133e2e99f55bf52ea6e78e	d__Bacteria; p__Acidobacteriota; c__Vicinamibacteria; o__Vicinamibacterales; f__uncultured; g__uncultured; s__uncultured_bacterium	0.7399705976075973
f2b8475d09882d00d8d826bc52338f50	d__Bacteria; p__Verrucomicrobiota; c__Verrucomicrobiae; o__Chthoniobacterales; f__Chthoniobacteraceae; g__Chthoniobacter	0.9923350589766551
f2bf391c82e0d65e39f3ae9818438102	d__Bacteria; p__Planctomycetota; c__Planctomycetes; o__Gemmatales; f__Gemmataceae; g__Gemmata	0.7942691505333638
f2c1e897d3caa53ef3c72d20551bc5c6	d__Bacteria; p__Bacteroidota; c__Bacteroidia; o__Sphingobacteriales; f__Sphingobacteriaceae; g__Arcticibacter; s__uncultured_Bacteroidetes	0.9718258108224562
f2d24a8ba9d10be1de69b92c61aeaa93	d__Bacteria; p__Acidobacteriota; c__Vicinamibacteria; o__Vicinamibacterales; f__uncultured; g__uncultured; s__uncultured_Acidobacteriaceae	0.9315810083905592
f2d5cbfc2379ec5a52f89cddb6ce7610	d__Bacteria; p__Planctomycetota; c__Planctomycetes; o__Gemmatales; f__Gemmataceae; g__Gemmata	0.9358955308124715
f2d86b330370758a42d99913b901c33d	d__Bacteria; p__Proteobacteria; c__Gammaproteobacteria; o__Burkholderiales; f__Nitrosomonadaceae; g__mle1-7; s__uncultured_soil	0.8867673558385114
f2d8d4b4eccfb93e27c402d2fdc573a2	d__Bacteria; p__Gemmatimonadota; c__S0134_terrestrial_group; o__S0134_terrestrial_group; f__S0134_terrestrial_group; g__S0134_terrestrial_group; s__uncultured_Gemmatimonadetes	0.8183786113862025
f2f9eb60a53985c0ac54a2a58472f4ba	d__Bacteria; p__Actinobacteriota; c__Acidimicrobiia; o__Microtrichales; f__Ilumatobacteraceae; g__uncultured; s__metagenome	0.9954785142312188
f2fb427c72f6067c76aee484c6d71509	d__Bacteria; p__Acidobacteriota; c__Vicinamibacteria; o__Vicinamibacterales; f__uncultured; g__uncultured	0.9997533198827153
f30bdd4c6de8b9ee4f22669cc615df35	d__Bacteria; p__Acidobacteriota; c__Vicinamibacteria; o__Vicinamibacterales; f__Vicinamibacteraceae; g__uncultured	0.9488217155997835
f30dd95433ea22ab4b8ed689af5efe87	d__Bacteria; p__Chloroflexi; c__Chloroflexia; o__Chloroflexales; f__Roseiflexaceae; g__uncultured; s__uncultured_bacterium	0.9221275738382997
f31f2fc79ea8d45951f9126e0313ba85	d__Bacteria; p__Proteobacteria; c__Gammaproteobacteria; o__Pseudomonadales; f__Moraxellaceae; g__Acinetobacter	0.9973350157888984
f3245a2f088b6633643652b8d9ddde23	d__Bacteria; p__Gemmatimonadota; c__Gemmatimonadetes; o__Gemmatimonadales; f__Gemmatimonadaceae; g__uncultured; s__uncultured_Gemmatimonadetes	0.7044783827381208
f32b4df8180bca8ca8c0be4893cbdf71	d__Bacteria; p__Gemmatimonadota; c__S0134_terrestrial_group; o__S0134_terrestrial_group; f__S0134_terrestrial_group; g__S0134_terrestrial_group	0.9999707127417343
f33c9489c523795c17b391623b4c4d92	d__Bacteria; p__Latescibacterota; c__Latescibacterota; o__Latescibacterota; f__Latescibacterota; g__Latescibacterota; s__metagenome	0.9004109117073714
f37414fab1744d246d0d5fba1616dcdd	d__Bacteria; p__Proteobacteria; c__Gammaproteobacteria; o__Burkholderiales; f__Nitrosomonadaceae; g__Ellin6067	0.998861389479557
f37d71fa34ea11a66ca9af0f8c741e08	d__Bacteria; p__Acidobacteriota; c__Subgroup_5; o__Subgroup_5; f__Subgroup_5; g__Subgroup_5; s__uncultured_bacterium	0.9998723062529168
f381b492d6651c52fd09ce9351e7eb2d	d__Bacteria; p__Proteobacteria; c__Gammaproteobacteria; o__Pasteurellales; f__Pasteurellaceae; g__Haemophilus; s__Haemophilus_parainfluenzae	0.7053071998003015
f38a7b245fcf0c55b3ef974a0e013114	d__Bacteria; p__Patescibacteria; c__Saccharimonadia; o__Saccharimonadales; f__LWQ8; g__LWQ8; s__uncultured_bacterium	0.7040632919076546
f39a19e07c17e22cf5dce7242777079c	d__Bacteria; p__Actinobacteriota; c__Acidimicrobiia; o__Microtrichales; f__Ilumatobacteraceae; g__Ilumatobacter	0.7282063905009487
f39fd7843c90ab756188944e3ea0fae5	d__Bacteria; p__Bacteroidota; c__Bacteroidia; o__Chitinophagales; f__Saprospiraceae; g__uncultured; s__uncultured_soil	0.8906850764938847
f3a2ddb689f83b79df5eaab6861cd3fd	d__Bacteria; p__Verrucomicrobiota; c__Verrucomicrobiae; o__Pedosphaerales; f__Pedosphaeraceae; g__Pedosphaeraceae; s__uncultured_soil	0.7529942311478462
f3b4693d97a5e7df5d397dc304bde1b6	d__Bacteria; p__Chloroflexi; c__Chloroflexia; o__Thermomicrobiales; f__JG30-KF-CM45; g__JG30-KF-CM45; s__uncultured_Chloroflexi	0.9238690704297674
f3b48271c7bba6d97bb2a27bfcd62e72	d__Bacteria; p__Bacteroidota; c__Bacteroidia; o__Flavobacteriales; f__Flavobacteriaceae; g__Flavobacterium	0.9981905928121805
f3bea94f05bcc6b5e414773d37d3710e	d__Bacteria; p__Actinobacteriota; c__Acidimicrobiia	0.9998041255265039
f3c4561cc01a3b45ee3f134d709c6b94	d__Bacteria; p__Actinobacteriota; c__Actinobacteria	0.9999999761248751
f3cc2a0617a0733da5aa9f672239eed3	d__Bacteria; p__Elusimicrobiota; c__Endomicrobia; o__Endomicrobiales; f__Endomicrobiaceae; g__Endomicrobium	0.7404453707576556
f3d09d298997432549b33d4732acf337	d__Bacteria; p__Bacteroidota; c__Bacteroidia; o__Chitinophagales; f__Chitinophagaceae; g__Terrimonas	0.9916206402420299
f3d5802ceb70e6871c5a1d66e210fe7a	d__Bacteria; p__Methylomirabilota; c__Methylomirabilia; o__Rokubacteriales; f__Rokubacteriales; g__Rokubacteriales; s__uncultured_bacterium	0.859803068137802
f3db8ac51bd0cccaa70ff2672a923024	d__Bacteria; p__Verrucomicrobiota; c__Verrucomicrobiae; o__Chthoniobacterales; f__Chthoniobacteraceae; g__Chthoniobacter	0.8998499061151397
f4002a94d372e49f2473ab309ba987e5	d__Bacteria; p__Verrucomicrobiota; c__Verrucomicrobiae; o__Pedosphaerales; f__Pedosphaeraceae	0.9999996305038141
f4168871596b17dd352d13626c5ca07c	d__Bacteria; p__Acidobacteriota; c__Vicinamibacteria; o__Vicinamibacterales; f__uncultured; g__uncultured; s__uncultured_bacterium	0.8459257049971078
f41cacafe82e4d8ee06931ffbb7e4796	d__Bacteria; p__Proteobacteria; c__Gammaproteobacteria; o__Burkholderiales; f__Comamonadaceae	0.9997427664221652
f41cd0d52ca70531b7d86ea11f1de456	d__Bacteria; p__Planctomycetota; c__Phycisphaerae; o__Tepidisphaerales; f__WD2101_soil_group; g__WD2101_soil_group	0.939203826237754
f425c96d03402a4720dd014fa7f01542	d__Bacteria; p__Actinobacteriota; c__Acidimicrobiia; o__Actinomarinales; f__uncultured; g__uncultured	0.986599699096873
f42db56ada39de3887908b0197711c6a	d__Bacteria; p__Chloroflexi; c__Anaerolineae; o__SBR1031; f__SBR1031; g__SBR1031; s__uncultured_bacterium	0.8785842253664824
f4310c4b7b4467678f428cc6c1393b3e	d__Bacteria; p__Firmicutes; c__Desulfitobacteriia; o__Desulfitobacteriales; f__Desulfitobacteriaceae; g__Desulfosporosinus; s__Desulfosporosinus_hippei	0.7149393392884102
f44ffae67c7297e2c696b75fbd4e0f4c	d__Bacteria; p__Verrucomicrobiota; c__Verrucomicrobiae; o__Opitutales; f__Opitutaceae	0.9999999943436056
f452ddb6f9d81c1a86ef75911531e5b9	d__Bacteria; p__Acidobacteriota; c__Blastocatellia; o__Pyrinomonadales; f__Pyrinomonadaceae; g__RB41	0.9988615641850241
f453750695a57bb558fe65b268e9cfba	d__Bacteria; p__Actinobacteriota; c__Acidimicrobiia; o__Microtrichales; f__uncultured; g__uncultured	0.809386342229945
f458d148130a802d0b70dcb376f7e360	d__Bacteria; p__Proteobacteria; c__Gammaproteobacteria; o__Xanthomonadales; f__Rhodanobacteraceae; g__Ahniella; s__uncultured_bacterium	0.7632892434906917
f4605584aef1aab7dc3235dc7e6ca1aa	d__Bacteria; p__Actinobacteriota; c__Thermoleophilia; o__Gaiellales; f__uncultured; g__uncultured	0.7337421675818405
f46a73c60f36b8601876438f5ba0d65f	d__Bacteria; p__Planctomycetota; c__Phycisphaerae; o__Phycisphaerales; f__Phycisphaeraceae; g__AKYG587; s__uncultured_bacterium	0.9781389212728568
f46fb43262da299ec7f0084298cafa50	d__Bacteria; p__Actinobacteriota; c__Acidimicrobiia; o__Acidimicrobiales; f__Acidimicrobiaceae; g__uncultured; s__uncultured_bacterium	0.7324120539641454
f470f064b8f3820baadf0e63d401acd1	d__Bacteria; p__Planctomycetota; c__Planctomycetes; o__Planctomycetales	0.95748614786838
f4736516a8a5f00e2eb20ad0e56ef28e	d__Bacteria; p__Acidobacteriota; c__Vicinamibacteria; o__Vicinamibacterales; f__uncultured; g__uncultured; s__uncultured_bacterium	0.9159631798672744
f47743679443e5d4dd593a02adc059f0	d__Bacteria; p__Actinobacteriota; c__Rubrobacteria; o__Rubrobacterales; f__Rubrobacteriaceae; g__Rubrobacter	0.9999999943165396
f4a283be42989b920b83ea73ec72b25b	d__Bacteria; p__Proteobacteria; c__Gammaproteobacteria; o__Burkholderiales; f__Comamonadaceae	0.9995899537654405
f4ccebcb71e053e838b23cd358a079e3	d__Bacteria; p__Myxococcota; c__Polyangia; o__Polyangiales; f__Polyangiaceae	0.7390635920970536
f4d2f0e142673ac667bef73f9a3df231	d__Bacteria; p__Myxococcota; c__Polyangia; o__Polyangiales; f__Sandaracinaceae; g__uncultured; s__uncultured_Polyangiaceae	0.9976465654603638
f4e416eef84a5f797599f98ceb5fafce	d__Bacteria; p__Desulfobacterota; c__uncultured; o__uncultured; f__uncultured; g__uncultured; s__uncultured_Desulfuromonadales	0.7855599035570296
f4e95c25045097352d7c412b0dccae2b	d__Bacteria; p__Planctomycetota; c__Planctomycetes; o__Gemmatales; f__Gemmataceae; g__uncultured	0.9978514343130545
f4f8f36df93179a29d1308cbc59ada14	d__Bacteria; p__Desulfobacterota; c__uncultured; o__uncultured; f__uncultured; g__uncultured	0.9688710804722996
f50adef1fd2fd3860f8158de5c41e416	d__Bacteria; p__Actinobacteriota; c__Actinobacteria	0.989379207522046
f5149ce51b5a7a5dff77ebf34c7bf702	d__Bacteria; p__Bacteroidota; c__Bacteroidia; o__Flavobacteriales; f__Flavobacteriaceae	0.859994883737668
f5151c67af19c8471743ef3e2914f6b1	d__Bacteria; p__Firmicutes; c__Negativicutes; o__Veillonellales-Selenomonadales; f__Sporomusaceae; g__Anaerospora; s__uncultured_Veillonellaceae	0.8690380463767738
f5164f783e44280edc6dded7105a7929	d__Bacteria; p__Planctomycetota; c__Phycisphaerae; o__Tepidisphaerales; f__WD2101_soil_group; g__WD2101_soil_group	0.9999999965807995
f521a47d3bb4acfec6b261f880b4eea8	d__Bacteria; p__Bacteroidota; c__Bacteroidia; o__Sphingobacteriales; f__Sphingobacteriaceae; g__Solitalea; s__Solitalea_canadensis	0.9996850839196174
f52b9058022ca8a24e585eb9a135b59a	d__Bacteria; p__Actinobacteriota; c__Actinobacteria; o__Corynebacteriales; f__Nocardiaceae; g__Rhodococcus	0.9625258540793674
f534799b05928b0a847e5ae2507cebdf	d__Bacteria; p__Bdellovibrionota; c__Oligoflexia; o__0319-6G20; f__0319-6G20; g__0319-6G20; s__uncultured_bacterium	0.9666048034258363
f53b89e1e4103693883ef8380a1aeb0c	d__Bacteria; p__Acidobacteriota; c__Blastocatellia; o__Pyrinomonadales; f__Pyrinomonadaceae; g__RB41	0.9996577960453227
f53c883de035ddab5511fb59630deb4d	d__Bacteria; p__Proteobacteria; c__Gammaproteobacteria; o__Steroidobacterales; f__Steroidobacteraceae; g__uncultured	0.9999961574674253
f544c122a2a7be6790fad12cd85a9720	d__Bacteria; p__Chloroflexi; c__Anaerolineae; o__Ardenticatenales; f__uncultured; g__uncultured; s__uncultured_Litorilinea	0.9998366484575089
f55923ee33ce359ee3497c165d107db7	d__Bacteria; p__Acidobacteriota; c__Subgroup_5; o__Subgroup_5; f__Subgroup_5; g__Subgroup_5; s__uncultured_bacterium	0.9998940451243924
f564d995d3efd753d5817b330ea71a62	d__Bacteria; p__Chloroflexi; c__Anaerolineae; o__SBR1031; f__SBR1031; g__SBR1031; s__uncultured_Caldilineaceae	0.8772142206626281
f568ff379d1bf2768fb8a9ba5568a201	d__Bacteria; p__Gemmatimonadota; c__Gemmatimonadetes; o__Gemmatimonadales; f__Gemmatimonadaceae; g__uncultured	0.9946495318224713
f5708dba3d6c25eed4254a9e94cfd36c	d__Bacteria; p__Planctomycetota; c__Planctomycetes; o__Pirellulales; f__Pirellulaceae; g__uncultured; s__uncultured_Pasteuria	0.9591201178743388
f57e4d978f7d99fa2b46924fb6a2f89c	d__Bacteria; p__Actinobacteriota; c__Actinobacteria; o__Pseudonocardiales; f__Pseudonocardiaceae; g__Saccharopolyspora; s__Saccharopolyspora_hordei	0.9170375443582309
f580b45cd297f3cae28afddd2becc137	d__Bacteria; p__Acidobacteriota; c__Vicinamibacteria; o__Vicinamibacterales; f__Vicinamibacteraceae; g__Vicinamibacteraceae	0.9996663837269958
f5828cc3078b4c219a44c67e96e5d455	d__Bacteria; p__Firmicutes	0.8689864674175172
f58ae28a309fa3d5898d2eb46d9eb9e0	d__Bacteria; p__Bacteroidota; c__Bacteroidia; o__Chitinophagales; f__Chitinophagaceae	0.9999859189227315
f593b0c55a69be06626772e44ed74356	d__Bacteria; p__Verrucomicrobiota; c__Verrucomicrobiae; o__Verrucomicrobiales; f__DEV007; g__DEV007	0.8727374902271977
f5945d1d002641327ada2a4a805e563d	d__Bacteria; p__Acidobacteriota; c__Vicinamibacteria; o__Vicinamibacterales; f__uncultured; g__uncultured	0.999999824943098
f5a6865451a3b138f4915c5ab445a0a7	d__Bacteria; p__Proteobacteria; c__Alphaproteobacteria; o__Rhizobiales; f__Xanthobacteraceae	0.9998802412565723
f5b927cfc06a02fa3fc4dd9b5d2f4d29	d__Bacteria; p__Myxococcota; c__Myxococcia; o__Myxococcales; f__Myxococcaceae; g__P3OB-42; s__uncultured_bacterium	0.9361423366557804
f5c5c58a63ad74decde75080ce75d4f9	d__Bacteria; p__Actinobacteriota; c__Actinobacteria; o__0319-7L14; f__0319-7L14; g__0319-7L14	0.8210011214636425
f5c7076060ac68176bb03e6c009b2e0f	d__Bacteria; p__Acidobacteriota; c__Blastocatellia; o__Pyrinomonadales; f__Pyrinomonadaceae; g__RB41	0.999287529644309
f5d770eff5c9b9b0c859db57d175eb34	d__Bacteria; p__Proteobacteria; c__Gammaproteobacteria; o__Xanthomonadales; f__Rhodanobacteraceae; g__Ahniella	0.8075687598258184
f5e30bf56530f43fb04697f973a5976d	d__Bacteria; p__Actinobacteriota; c__Actinobacteria; o__Pseudonocardiales; f__Pseudonocardiaceae; g__Pseudonocardia	0.991280883697274
f5f7de11d5932c5f746f1fc65b055461	d__Bacteria; p__Myxococcota; c__Myxococcia; o__Myxococcales; f__Myxococcaceae	0.999385242269043
f5f8eb63e22362509e2c7c78271305f2	d__Bacteria; p__Proteobacteria; c__Gammaproteobacteria; o__Cellvibrionales; f__Cellvibrionaceae; g__Cellvibrio	0.9999919669161579
f64ba6d486954836c5a6c42d816a6868	d__Bacteria; p__Actinobacteriota; c__Actinobacteria; o__Propionibacteriales; f__Nocardioidaceae; g__Nocardioides	0.9980406026789271
f64c5c0d2703528d0598fdfb1166ca39	d__Bacteria; p__Verrucomicrobiota; c__Chlamydiae; o__Chlamydiales; f__cvE6; g__cvE6	0.9999973088401887
f65498aed8481a06a3a57512d42a954a	d__Bacteria; p__Proteobacteria; c__Gammaproteobacteria; o__Xanthomonadales; f__Xanthomonadaceae; g__Lysobacter	0.9864645011334054
f655e5ddf5074d5e71bfa583926dec30	d__Bacteria; p__Chloroflexi; c__Anaerolineae; o__Caldilineales; f__Caldilineaceae; g__uncultured; s__uncultured_soil	0.8628515955432908
f65a6f1f1e5a4bc5c733ba364c0096d3	d__Bacteria; p__Proteobacteria; c__Alphaproteobacteria; o__Rhizobiales; f__Rhizobiaceae	0.985418498734442
f65ca57eb425b58b9be5e58cae854fef	d__Bacteria; p__Acidobacteriota; c__Vicinamibacteria; o__Vicinamibacterales; f__Vicinamibacteraceae; g__Vicinamibacteraceae	0.9999954083381236
f65f183293d4710041057ab98f2c94ed	d__Bacteria; p__Proteobacteria; c__Gammaproteobacteria; o__Burkholderiales; f__Oxalobacteraceae	0.9925741031338565
f6646f77d2ee3700bfa07821cd78a126	d__Bacteria; p__Armatimonadota; c__Fimbriimonadia; o__Fimbriimonadales; f__Fimbriimonadaceae; g__Fimbriimonadaceae	0.9780669793971511
f6786f1cf644c2961a21714d837c46a8	d__Bacteria; p__Bacteroidota; c__Bacteroidia; o__Sphingobacteriales; f__env.OPS_17; g__env.OPS_17; s__uncultured_Alistipes	0.9029699854718776
f687f05eb1a32151a6f448bf7e91dcc7	d__Bacteria; p__Actinobacteriota; c__Acidimicrobiia; o__Microtrichales; f__uncultured; g__uncultured	0.911365754149579
f6902045790f225a56ddd893ddf1280f	d__Bacteria; p__Actinobacteriota; c__Thermoleophilia; o__Solirubrobacterales; f__67-14; g__67-14	0.9999374139162819
f69944715687293a6201c0b92cdc83ee	d__Bacteria; p__Planctomycetota; c__Phycisphaerae; o__Tepidisphaerales; f__CPla-3_termite_group; g__CPla-3_termite_group; s__metagenome	0.7492881941980452
f6a3dde556617f103e8774ddb18561cd	d__Bacteria; p__Bacteroidota; c__Bacteroidia; o__Cytophagales; f__Microscillaceae; g__Chryseolinea	0.911056845166758
f6aaca21bfa905ecb46878965ca0b30f	d__Bacteria; p__Proteobacteria; c__Gammaproteobacteria; o__Burkholderiales; f__Comamonadaceae	0.9999994974953121
f6b70d6362e421487f8a6415532f89a9	d__Bacteria; p__Bacteroidota; c__Bacteroidia; o__Cytophagales; f__Cyclobacteriaceae; g__uncultured	0.9903213221764233
f6e84efbf466847c3b741e577cfe5d4a	d__Bacteria; p__Planctomycetota; c__OM190; o__OM190; f__OM190; g__OM190; s__uncultured_bacterium	0.9965989498590263
f6eebda9e9b56ba156b76e158f6cdd95	d__Bacteria; p__Chloroflexi; c__Dehalococcoidia; o__S085; f__S085; g__S085	0.9982948724019733
f6f238f95cc97995c9bf619b0c620b33	d__Bacteria; p__Desulfobacterota; c__Desulfuromonadia; o__Desulfuromonadia; f__Desulfuromonadaceae; g__Desulfuromonadaceae; s__uncultured_bacterium	0.9061630273342554
f6f8495693381edcfd2617e5df26f124	d__Bacteria; p__Methylomirabilota; c__Methylomirabilia; o__Rokubacteriales; f__WX65; g__WX65; s__uncultured_bacterium	0.9980258730957648
f6f8d8134be4e81ba5309433437d8461	d__Bacteria; p__Acidobacteriota; c__Vicinamibacteria; o__Vicinamibacterales; f__uncultured; g__uncultured; s__uncultured_bacterium	0.7216209654383159
f6ff3538d9134ad1c5f7268b6bb07139	d__Bacteria; p__Gemmatimonadota; c__S0134_terrestrial_group; o__S0134_terrestrial_group; f__S0134_terrestrial_group; g__S0134_terrestrial_group; s__uncultured_Gemmatimonadales	0.9977998423060991
f70bc3b988b3a61253336c6fdb7509c9	d__Bacteria; p__Acidobacteriota; c__Vicinamibacteria; o__Vicinamibacterales; f__uncultured; g__uncultured; s__uncultured_Acidobacteriaceae	0.9287707652714277
f7106e974d254f4d3f4d0048a7605d0f	d__Bacteria; p__Proteobacteria; c__Gammaproteobacteria; o__Xanthomonadales; f__Xanthomonadaceae; g__Lysobacter	0.7219678770187066
f71a45e17487f3b381356838c1b4f359	d__Bacteria; p__Planctomycetota; c__Planctomycetes; o__Pirellulales; f__Pirellulaceae; g__Pir4_lineage; s__uncultured_Pasteuria	0.7938452443423684
f72e8dbb927312e8d393d0936d4ac0c1	d__Bacteria; p__Actinobacteriota; c__Actinobacteria; o__Micrococcales; f__Micrococcaceae; g__Kocuria	0.8875716725553842
f738efff2c02a8039df83232af24abcd	d__Bacteria; p__Proteobacteria; c__Gammaproteobacteria; o__Xanthomonadales; f__Xanthomonadaceae; g__Lysobacter	0.9602009778782317
f73f1e72cb227429158dea0257514d8c	d__Bacteria; p__Proteobacteria; c__Gammaproteobacteria; o__Pseudomonadales; f__Pseudomonadaceae; g__Pseudomonas	0.8304376445958642
f748bc71cdbc583a987fef35f1d67f0d	d__Bacteria; p__Planctomycetota; c__Planctomycetes; o__Pirellulales; f__Pirellulaceae; g__Pirellula	0.9999979693784286
f750b4b5231ef3fc973901c2b2cd0aae	d__Bacteria; p__Acidobacteriota; c__Vicinamibacteria; o__Vicinamibacterales; f__Vicinamibacteraceae; g__Vicinamibacteraceae	0.9999750406302218
f7521c62b520eedaa32bd51db4b5cec4	d__Bacteria; p__Bacteroidota; c__Bacteroidia; o__Chitinophagales; f__Chitinophagaceae; g__Dinghuibacter; s__uncultured_Bacteroidetes	0.7848650645251678
f752ddd3f61135be0a98cb12045ae064	d__Bacteria; p__Chloroflexi; c__OLB14; o__OLB14; f__OLB14; g__OLB14; s__uncultured_bacterium	0.7819374931322828
f75dd29ed19e7f807af346514e918a67	d__Bacteria; p__Bacteroidota; c__Bacteroidia; o__Chitinophagales; f__Saprospiraceae; g__uncultured	0.9972401380243049
f766387fc33b4b912ace40696999bc76	d__Bacteria; p__Patescibacteria; c__Saccharimonadia; o__Saccharimonadales; f__S32; g__TM7; s__Candidatus_Saccharibacteria	0.9777776533647166
f76d6219cd83b2387f1f77256c587350	d__Bacteria; p__Myxococcota; c__Polyangia; o__Polyangiales; f__Sandaracinaceae; g__uncultured; s__uncultured_soil	0.7137466502655566
f775be5cf7c0dd2177006a44913503d5	d__Bacteria; p__Acidobacteriota; c__Blastocatellia; o__Blastocatellales; f__Blastocatellaceae	0.9999999773447297
f791c7db1a78d35e84803b5e03c01965	d__Bacteria; p__Actinobacteriota; c__Actinobacteria; o__Pseudonocardiales; f__Pseudonocardiaceae; g__Pseudonocardia	0.9997002260913721
f795266c771b3f12d629f47e8b87ba8f	d__Bacteria; p__Acidobacteriota; c__Vicinamibacteria; o__Subgroup_17; f__Subgroup_17; g__Subgroup_17; s__uncultured_bacterium	0.799829615830571
f7978d9087533cb5125f5b3bf89db210	d__Bacteria; p__Acidobacteriota; c__Vicinamibacteria; o__Vicinamibacterales; f__uncultured; g__uncultured	0.9970575254947792
f798273bcd384e1477b15e9bf643cf8d	d__Bacteria; p__Firmicutes; c__Negativicutes; o__Veillonellales-Selenomonadales; f__Sporomusaceae; g__Sporomusa; s__Sporomusa_malonica	0.9993450151875078
f79f93bc21ca3889253a7b755f1a4534	d__Bacteria; p__Verrucomicrobiota; c__Verrucomicrobiae; o__Pedosphaerales; f__Pedosphaeraceae; g__Oikopleura; s__uncultured_bacterium	0.9850433387340389
f7ae11ec1494693096177cb47bfc62c3	d__Bacteria; p__Planctomycetota; c__Planctomycetes; o__Pirellulales; f__Pirellulaceae; g__Pir4_lineage; s__uncultured_Planctomycetales	0.9525436591113638
f7ba790cd5fdf8c35d865ec26dfa34f9	d__Bacteria; p__Proteobacteria; c__Gammaproteobacteria; o__Gammaproteobacteria_Incertae_Sedis; f__Unknown_Family; g__Acidibacter; s__uncultured_proteobacterium	0.8403773268642252
f7bb4bbd25e7538e03747a4a71f179ed	d__Bacteria; p__Firmicutes; c__Bacilli; o__Paenibacillales; f__Paenibacillaceae; g__Cohnella	0.9999986208038542
f7bc2a139749dc4ffd2e5861bc6a5f17	d__Bacteria; p__Myxococcota; c__Polyangia; o__Polyangiales; f__BIrii41; g__BIrii41; s__uncultured_proteobacterium	0.7244024346646916
f7c309a1c75e316325a8b1c05913596c	d__Bacteria; p__Acidobacteriota; c__Vicinamibacteria; o__Vicinamibacterales; f__Vicinamibacteraceae; g__Vicinamibacteraceae	0.9995648585959399
f7d742bf4f3fd28e8a12fc6b4448a42f	d__Bacteria; p__Acidobacteriota; c__Vicinamibacteria; o__Vicinamibacterales; f__Vicinamibacteraceae; g__Vicinamibacteraceae	0.9339301760640127
f7ddd588d68a1849c811f17c7d106350	d__Bacteria; p__Gemmatimonadota; c__Gemmatimonadetes; o__Gemmatimonadales; f__Gemmatimonadaceae; g__uncultured	0.9986139842956261
f7ebb3a3f43ff6681ea6d96616b2c615	d__Bacteria; p__Planctomycetota; c__OM190; o__OM190; f__OM190; g__OM190; s__uncultured_bacterium	0.7619535173537201
f800818218092a4157f474483dbb6ddc	d__Bacteria; p__Planctomycetota; c__Planctomycetes; o__Gemmatales; f__Gemmataceae; g__uncultured	0.9692379213484457
f809fcac6325035526065f105480d960	d__Bacteria; p__Verrucomicrobiota; c__Verrucomicrobiae; o__Verrucomicrobiales; f__Rubritaleaceae; g__Luteolibacter	0.9362787134107293
f80b04d53855e3f54cd1096a0ef99882	d__Bacteria; p__Bdellovibrionota; c__Bdellovibrionia; o__Bacteriovoracales; f__Bacteriovoracaceae; g__Peredibacter; s__metagenome	0.9270499592630683
f8151c987d9c31164be8f805f128807a	d__Bacteria; p__Bacteroidota; c__Bacteroidia; o__Cytophagales; f__Hymenobacteraceae	0.999991024418401
f8224323cfd3f2dc88cccff2fa11809c	d__Bacteria; p__Proteobacteria; c__Alphaproteobacteria; o__uncultured; f__uncultured; g__uncultured	0.9570919416312023
f8293655d976ffab4d8bd618276a164f	d__Bacteria; p__Actinobacteriota; c__Thermoleophilia; o__Solirubrobacterales; f__Solirubrobacteraceae; g__Parviterribacter; s__uncultured_bacterium	0.9964425144132646
f82ab3f93081558d07ef225e142c453c	d__Bacteria; p__Proteobacteria; c__Alphaproteobacteria; o__Rhizobiales; f__Beijerinckiaceae; g__Microvirga	0.9185271502748386
f82d0b64a375cbaa316f43b0195244d2	d__Bacteria; p__Actinobacteriota; c__Actinobacteria; o__Propionibacteriales; f__Propionibacteriaceae; g__uncultured	0.7083891866283812
f856cff640124d42a6aeb954049fc16e	d__Bacteria; p__Proteobacteria; c__Gammaproteobacteria; o__Enterobacterales; f__Enterobacteriaceae	0.9501934518754802
f86f9c31449cf74b5e2ef82bfc3e2a7c	d__Bacteria; p__Actinobacteriota; c__Acidimicrobiia; o__Microtrichales; f__uncultured; g__uncultured; s__uncultured_Acidimicrobiia	0.9497227820213129
f8752b4824d239cfb19f3216cc34941b	d__Bacteria; p__Firmicutes; c__Clostridia; o__Peptostreptococcales-Tissierellales; f__Sedimentibacteraceae; g__Sedimentibacter	0.999962370065224
f8764b4da55f2c3d86d0ef20a01d5e2c	d__Archaea; p__Crenarchaeota; c__Nitrososphaeria; o__Nitrososphaerales; f__Nitrososphaeraceae; g__Nitrososphaeraceae	0.9999194667824083
f87705abff5b2b11f28a10fb806e6e09	d__Bacteria; p__Planctomycetota; c__Phycisphaerae; o__Tepidisphaerales; f__WD2101_soil_group; g__WD2101_soil_group	0.9997126257165913
f8860d43863e6f8e5af8e6ce69cdb130	d__Bacteria; p__Proteobacteria; c__Alphaproteobacteria; o__Rhodobacterales; f__Rhodobacteraceae; g__Rubellimicrobium; s__Rubellimicrobium_thermophilum	0.9386785936262998
f88bf228d27bdeb62a0863534da0745e	d__Bacteria; p__Bacteroidota; c__Bacteroidia; o__Flavobacteriales; f__Weeksellaceae; g__Chryseobacterium	0.9999875498264873
f88fc5c847e9f4fcd353dd02307f6538	d__Bacteria; p__Gemmatimonadota; c__S0134_terrestrial_group; o__S0134_terrestrial_group; f__S0134_terrestrial_group; g__S0134_terrestrial_group; s__uncultured_Gemmatimonadetes	0.9241330015327771
f89828bc5c8d48967d5d3f607c8557e2	d__Bacteria; p__Acidobacteriota; c__Thermoanaerobaculia; o__Thermoanaerobaculales; f__Thermoanaerobaculaceae; g__Subgroup_10; s__Acidobacteria_bacterium	0.8803663002877536
f89b1a9ed621588560a41a36c6d97c7d	d__Bacteria; p__Planctomycetota; c__Planctomycetes; o__Gemmatales; f__Gemmataceae	0.9800010905931172
f8a5e65a326b3a0e3372ee943f1ebebe	d__Bacteria; p__Firmicutes; c__Bacilli; o__Paenibacillales; f__Paenibacillaceae; g__Paenibacillus	0.9999635830755533
f8b8175dc6f8718d95d0a88a211d2285	d__Bacteria; p__Acidobacteriota; c__Blastocatellia; o__Pyrinomonadales; f__Pyrinomonadaceae; g__RB41	0.9999872118825169
f8bbb698c501a8266caeb0f48f2ee836	d__Bacteria; p__Firmicutes; c__Bacilli; o__Bacillales; f__Bacillaceae; g__Bacillus	0.8815494751230825
f8be6299643fa0d5c13d1ae15a798d76	d__Bacteria; p__Acidobacteriota; c__Vicinamibacteria; o__Vicinamibacterales; f__uncultured; g__uncultured	0.9118538896561308
f8d0bb97f093d8e8630ea62ac8a1bf13	d__Bacteria; p__Planctomycetota; c__Planctomycetes; o__Pirellulales; f__Pirellulaceae	0.9999820301087237
f8d44c59f969a4d8cde2be598c94505e	d__Bacteria; p__Verrucomicrobiota; c__Verrucomicrobiae; o__Pedosphaerales; f__Pedosphaeraceae; g__Pedosphaeraceae	0.9999966785333668
f912e5f66665c9c51a80495d6bce576a	d__Bacteria; p__Firmicutes	0.8465816202282725
f91d545c815effa3c5afa83a8ad3397d	d__Bacteria; p__Proteobacteria; c__Alphaproteobacteria; o__Caulobacterales; f__Caulobacteraceae	0.999992174260441
f937feb18f47ec3629393d3e21f68f56	d__Bacteria; p__Firmicutes; c__Clostridia; o__Peptostreptococcales-Tissierellales; f__Peptostreptococcales-Tissierellales	0.9936922772359671
f941e15ea7f7560191d57abc4d2bedd8	d__Bacteria; p__Proteobacteria; c__Gammaproteobacteria; o__Burkholderiales; f__Alcaligenaceae; g__Achromobacter	0.8735233149844619
f947e669b98bdce9ebd1a2c42ea4d07b	d__Bacteria; p__Gemmatimonadota; c__BD2-11_terrestrial_group; o__BD2-11_terrestrial_group; f__BD2-11_terrestrial_group; g__BD2-11_terrestrial_group	0.9995304899062385
f94ab02e7b29c93c847f41733ad4cb23	d__Bacteria; p__Actinobacteriota; c__Thermoleophilia; o__Gaiellales	0.999999239728707
f95a22b68ffc6978dc6d9a33f4ef73b0	d__Bacteria; p__Planctomycetota; c__Phycisphaerae; o__mle1-8; f__mle1-8; g__mle1-8; s__uncultured_bacterium	0.999631912199596
f970f944d2b989aabd566483d5306d46	d__Bacteria; p__Acidobacteriota; c__Vicinamibacteria; o__Vicinamibacterales; f__Vicinamibacteraceae; g__Vicinamibacteraceae	0.999830251394062
f97bf998531551d1100d3a491451290f	d__Bacteria; p__Acidobacteriota; c__Vicinamibacteria; o__Vicinamibacterales; f__Vicinamibacteraceae; g__Luteitalea	0.9999867136956789
f98504bd561664d4d5ec344c5ac9abd6	d__Bacteria; p__Patescibacteria; c__Saccharimonadia; o__Saccharimonadales; f__LWQ8; g__LWQ8	0.9331548304189625
f9923f18432b0b806a47a6be07179ad8	d__Bacteria; p__Proteobacteria; c__Gammaproteobacteria; o__Burkholderiales; f__Methylophilaceae	0.9982053114443415
f9989231783d7a84a9bde6c1912f3d2c	d__Bacteria; p__Actinobacteriota; c__Actinobacteria; o__Micromonosporales; f__Micromonosporaceae; g__uncultured	0.9561460049996433
f99e1d8fcf9600e212e041ce72e2c8cb	d__Bacteria; p__Chloroflexi; c__KD4-96; o__KD4-96; f__KD4-96; g__KD4-96	0.9999948811203383
f9ac98e876ecdb504202388d7ccdda5f	d__Bacteria; p__Proteobacteria; c__Gammaproteobacteria; o__Burkholderiales; f__Comamonadaceae	0.9999299636265953
f9c14ff6d49fc833a26ee233d04737fc	d__Bacteria; p__Acidobacteriota; c__Thermoanaerobaculia; o__Thermoanaerobaculales; f__Thermoanaerobaculaceae; g__Subgroup_10; s__uncultured_Bacteroidetes	0.7608078085062576
f9c29a13dba69822afd861d6ce9ceaf5	d__Bacteria; p__Actinobacteriota; c__Acidimicrobiia; o__Actinomarinales; f__uncultured; g__uncultured	0.9993897517940016
f9c459643f2938b7259aab1e4fa5d644	d__Bacteria; p__Proteobacteria; c__Gammaproteobacteria; o__Burkholderiales; f__Oxalobacteraceae; g__Massilia	0.7888444609725147
f9cac9e6bcbf51ab3e0c57a1c0d378c7	d__Bacteria; p__Latescibacterota; c__Latescibacterota; o__Latescibacterota; f__Latescibacterota; g__Latescibacterota	0.9999830517866912
f9dbd59e2535b8d7e7f2fab5898e95f1	d__Bacteria; p__Myxococcota; c__Polyangia; o__Haliangiales; f__Haliangiaceae; g__Haliangium; s__uncultured_Haliangium	0.7846559738881626
f9e7edf3ad97835abbe48c24fd9b0933	d__Bacteria; p__Planctomycetota; c__Planctomycetes; o__Gemmatales; f__Gemmataceae; g__uncultured	0.998159244764706
fa16801b611b67293e261c118a088981	d__Bacteria; p__Actinobacteriota; c__Thermoleophilia; o__Solirubrobacterales; f__67-14; g__67-14; s__uncultured_actinobacterium	0.8057003688814455
fa1b15be31e1b52186e6f266a82da5e6	d__Bacteria; p__Actinobacteriota; c__Actinobacteria; o__Propionibacteriales; f__Nocardioidaceae; g__Kribbella	0.9999219386624608
fa25769dec84288733d1b55160afa022	d__Bacteria; p__Verrucomicrobiota; c__Verrucomicrobiae; o__Verrucomicrobiales; f__Rubritaleaceae; g__Luteolibacter; s__Luteolibacter_arcticus	0.7796324859064747
fa3276ef0c63db5736dfb3e8001b7a8f	d__Bacteria; p__Chloroflexi; c__OLB14; o__OLB14; f__OLB14; g__OLB14	0.9999987902168531
fa39a2b78957ee75606fc7a02531a76b	d__Bacteria; p__Gemmatimonadota; c__Gemmatimonadetes; o__Gemmatimonadales; f__Gemmatimonadaceae; g__Gemmatimonas	0.7759261344488038
fa45a09f8bf1cbb71a86808663c1069d	d__Bacteria; p__Proteobacteria; c__Gammaproteobacteria; o__PLTA13; f__PLTA13; g__PLTA13; s__uncultured_soil	0.8503181425234111
fa632bac4c716a361c88ed272c553cd1	d__Bacteria; p__Entotheonellaeota; c__Entotheonellia; o__Entotheonellales; f__Entotheonellaceae; g__Entotheonellaceae	0.9999998108780187
fa63d3e31e84b836c00c58c7d0bf474a	d__Bacteria; p__Latescibacterota; c__Latescibacterota; o__Latescibacterota; f__Latescibacterota; g__Latescibacterota; s__uncultured_bacterium	0.9991848097432083
fa72aea5ffc7f938f50275a14bc97273	d__Bacteria	0.9999999999998784
fa873b30666198899fa7773747dd502c	d__Bacteria; p__Actinobacteriota; c__Actinobacteria	0.9999981741439439
fa8c8b98d197c252368c160b43cefb98	d__Bacteria; p__Proteobacteria; c__Gammaproteobacteria; o__Burkholderiales; f__Comamonadaceae	0.9999652422217173
fa94476cd20e638ef4f9a8f7655cbd6e	d__Bacteria; p__Gemmatimonadota; c__S0134_terrestrial_group; o__S0134_terrestrial_group; f__S0134_terrestrial_group; g__S0134_terrestrial_group; s__uncultured_bacterium	0.8477685108096262
fa9486ad2b3c062cca58cef2c0c3f448	d__Bacteria; p__Verrucomicrobiota; c__Verrucomicrobiae; o__Pedosphaerales; f__Pedosphaeraceae; g__Oikopleura; s__uncultured_bacterium	0.8856759851306893
fa97a81b8c33569e2aa1fc9a3137b435	d__Bacteria; p__Firmicutes; c__Bacilli; o__Bacillales; f__Bacillaceae; g__Fictibacillus	0.9919349570901144
fa98d73b2a07f053540ab7fe1a08bd7f	d__Bacteria	0.999994443286815
fa99ecdb27c1cc44fd866ee1da250c4c	d__Bacteria; p__Proteobacteria; c__Gammaproteobacteria; o__Burkholderiales; f__Nitrosomonadaceae; g__Ellin6067; s__uncultured_bacterium	0.7684442094622098
fa9e2e9ec84b5288062be5d134b09fac	d__Bacteria; p__Bacteroidota; c__Bacteroidia; o__Cytophagales; f__Microscillaceae; g__uncultured; s__metagenome	0.8055326405932893
faa05b7435e65293cac3fcc335ddb1f0	d__Bacteria; p__Proteobacteria; c__Gammaproteobacteria; o__Steroidobacterales; f__Steroidobacteraceae; g__Steroidobacter	0.9818452217494095
fad432eeeff7f1d923e6d60aafe18dcd	d__Bacteria; p__Bdellovibrionota; c__Bdellovibrionia; o__Bacteriovoracales; f__Bacteriovoracaceae; g__Peredibacter; s__Peredibacter_starrii	0.8078405584681286
fadf38d03d4b944f5782a759591ec3ae	d__Bacteria	0.9999999999999704
faf06ded2d6a2f5f5f3f4ccf4ebad706	d__Bacteria; p__Acidobacteriota; c__Vicinamibacteria; o__Vicinamibacterales; f__Vicinamibacteraceae; g__Vicinamibacteraceae	0.9999919848405888
fb03ce4b6756d8a41ae69e8cf881034f	d__Bacteria; p__Chloroflexi; c__Anaerolineae	0.9987894876802105
fb126a4e890000cbf68ab8e9a92a0db8	d__Bacteria; p__Bacteroidota; c__Bacteroidia; o__Chitinophagales; f__Saprospiraceae; g__uncultured; s__uncultured_Haliscomenobacter	0.9473594054858168
fb1eb41359005c2e3e308fb668f07220	d__Bacteria; p__Actinobacteriota; c__Actinobacteria	0.9999998379469934
fb26874b3316ed3c7096621c238ef548	d__Bacteria; p__Planctomycetota; c__OM190; o__OM190; f__OM190; g__OM190	0.9999691593909736
fb3381e3719f269381159bc747a44c8a	d__Bacteria; p__Planctomycetota; c__Planctomycetes; o__Pirellulales; f__Pirellulaceae; g__Pirellula	0.9827078892512198
fb3ac8e9e5fe282dcf1d3462b02953c8	d__Bacteria; p__Acidobacteriota; c__Acidobacteriae; o__PAUC26f; f__PAUC26f; g__PAUC26f; s__metagenome	0.9914656388158906
fb4d5d1f3875ba3a223e27410728b969	d__Bacteria; p__Acidobacteriota; c__Subgroup_5; o__Subgroup_5; f__Subgroup_5; g__Subgroup_5; s__uncultured_bacterium	0.9399335737669707
fb57cf192bce1876471f2f6181bf4b55	d__Bacteria; p__Proteobacteria; c__Gammaproteobacteria; o__Burkholderiales; f__Methylophilaceae; g__Methylobacillus; s__Methylophilaceae_bacterium	0.9564020872248913
fb58eb90254d9ff28279660b77cf73f5	d__Bacteria; p__Actinobacteriota; c__Actinobacteria; o__Frankiales; f__Geodermatophilaceae	0.9143337763490546
fb5fdfa5d1c544ac4ec71f492cb896ba	d__Bacteria; p__Gemmatimonadota; c__Gemmatimonadetes; o__Gemmatimonadales; f__Gemmatimonadaceae; g__uncultured; s__uncultured_Gemmatimonadetes	0.7736263115217041
fb6bf6348d7d5e0ce156e488986f4f7c	d__Bacteria; p__Gemmatimonadota; c__Gemmatimonadetes; o__Gemmatimonadales; f__Gemmatimonadaceae; g__uncultured; s__Gemmatimonadetes_bacterium	0.8233932211849527
fb7256b5a9fbeeb3006c4bdbc54e0df3	d__Bacteria; p__Planctomycetota; c__Planctomycetes; o__Gemmatales; f__Gemmataceae; g__Fimbriiglobus	0.9714118403146521
fb83814e8b5b37936fdd9c4afd17f919	d__Bacteria; p__Actinobacteriota; c__MB-A2-108; o__MB-A2-108; f__MB-A2-108; g__MB-A2-108; s__uncultured_Actinomycetales	0.7581364776806346
fba4e2fff3d4b01e0497a1e38ce6a6eb	d__Bacteria; p__Planctomycetota; c__BD7-11; o__BD7-11; f__BD7-11; g__BD7-11; s__uncultured_Planctomycetaceae	0.9968776429168619
fbb375f8f579f5de390e2d1d19826a44	d__Bacteria; p__Proteobacteria; c__Gammaproteobacteria; o__Burkholderiales; f__Nitrosomonadaceae; g__Ellin6067	0.9987475351586411
fbb68742aac7d6e4dc1589359e99f1f5	d__Bacteria; p__Bacteroidota; c__Bacteroidia; o__Flavobacteriales; f__Weeksellaceae; g__Chryseobacterium	0.9995998876606341
fbcadcc61da3201ae04b03d8abf2fb21	d__Bacteria; p__Myxococcota; c__bacteriap25; o__bacteriap25; f__bacteriap25; g__bacteriap25; s__metagenome	0.9080974436476017
fbfcf89a0df6c8609a71cff9a6c849ab	d__Bacteria; p__Actinobacteriota; c__Acidimicrobiia; o__Microtrichales	0.990724299458597
fc00cf2ada9056b8d5e5eefa0993bf62	d__Bacteria; p__Proteobacteria; c__Gammaproteobacteria; o__Xanthomonadales; f__Xanthomonadaceae; g__Stenotrophomonas	0.9080577700400303
fc14023aca14d5b09072a53109066e79	d__Bacteria; p__Myxococcota; c__Myxococcia; o__Myxococcales; f__Myxococcaceae; g__uncultured	0.8790096580366268
fc1d9940419420113ce3fbfacc8d703a	d__Bacteria; p__Actinobacteriota; c__Actinobacteria; o__Micrococcales; f__Micrococcaceae	0.9411832198031788
fc211549300b0954dbb4a4bf57e8a605	d__Bacteria; p__Bacteroidota; c__Bacteroidia; o__Chitinophagales; f__Chitinophagaceae	0.999988401771819
fc43aa5f7be3f114fdade54eff9fd180	d__Bacteria; p__Cyanobacteria; c__Vampirivibrionia; o__Vampirovibrionales; f__Vampirovibrionaceae; g__Vampirovibrionaceae; s__uncultured_bacterium	0.9980608635308587
fc6713508b8bc697da734a80397ddf9f	d__Bacteria; p__Actinobacteriota; c__Acidimicrobiia	0.9983525139063667
fc699c9b20efe0cce3c84b1c886d1b71	d__Bacteria; p__Acidobacteriota; c__Vicinamibacteria; o__Vicinamibacterales; f__uncultured; g__uncultured	0.9999587486176341
fc7b2697a1a0e6645ae1c64368bcf27c	d__Bacteria; p__Firmicutes; c__Bacilli; o__Bacillales; f__Bacillaceae; g__Bacillus	0.9906682262180941
fc8c5c494fadb6729129847174c1ee1f	d__Bacteria; p__Planctomycetota; c__Planctomycetes; o__Pirellulales; f__Pirellulaceae; g__Pirellula	0.9999154422041822
fc8c6d34d298cd215b06decc5d76a148	d__Bacteria; p__Chloroflexi; c__Anaerolineae; o__Ardenticatenales; f__uncultured; g__uncultured; s__uncultured_Litorilinea	0.9976174406737759
fc8e89a39496ce171124225ac3394363	d__Bacteria; p__Patescibacteria; c__Saccharimonadia; o__Saccharimonadales; f__LWQ8; g__LWQ8	0.923224184399718
fc8ec321e0c2fc2a6de9abe98256b3f5	d__Bacteria; p__Firmicutes; c__Bacilli; o__Exiguobacterales; f__Exiguobacteraceae; g__Exiguobacterium	0.9999454006831862
fc9955f9d92296fd5136ac5dbced104b	d__Bacteria; p__Planctomycetota; c__Planctomycetes; o__Planctomycetales; f__Rubinisphaeraceae; g__SH-PL14; s__metagenome	0.8601661431263179
fc9b382ad69a5706332821a16c292630	d__Bacteria; p__Firmicutes; c__Bacilli; o__Paenibacillales; f__Paenibacillaceae; g__Paenibacillus	0.9980918227004641
fc9c84f8767611251f0eb93af4ca10db	d__Bacteria; p__Actinobacteriota; c__Actinobacteria; o__Micromonosporales; f__Micromonosporaceae	0.9999604108075331
fc9f2df2eddbd5872d73dca32b4edb33	d__Bacteria; p__Patescibacteria; c__Saccharimonadia; o__Saccharimonadales; f__LWQ8; g__LWQ8	0.7300949623408356
fca181058361e3c45849488a290f53f6	d__Bacteria; p__Firmicutes; c__Bacilli; o__Brevibacillales; f__Brevibacillaceae; g__Brevibacillus	0.9994535063210166
fcacd7424bf3543322ea3e9842d14e86	d__Bacteria; p__Proteobacteria; c__Gammaproteobacteria; o__Alteromonadales; f__Alteromonadaceae; g__Alishewanella; s__uncultured_bacterium	0.7262820479011516
fcb1757c0262be1a523d15acb0645786	d__Bacteria; p__Actinobacteriota; c__MB-A2-108; o__MB-A2-108; f__MB-A2-108; g__MB-A2-108	0.9948025827040629
fcb72326c29342bcfb052953466eafc6	d__Bacteria; p__Proteobacteria; c__Alphaproteobacteria; o__Dongiales; f__Dongiaceae; g__Dongia	0.9924638030226978
fcd7c55ac0f992d822e9dbc76b6cbaf5	d__Bacteria; p__Proteobacteria; c__Gammaproteobacteria; o__Alteromonadales; f__Alteromonadaceae; g__Alishewanella	0.9891894109226584
fcea6a7f710c62e8c7e6eb934488761f	d__Bacteria; p__Proteobacteria; c__Gammaproteobacteria; o__Burkholderiales; f__Methylophilaceae	0.9997053895241859
fd2ac2e14b72b0e22a052e3ab4580471	d__Bacteria; p__Patescibacteria; c__Saccharimonadia; o__Saccharimonadales	0.9999999408079544
fd3121c80a2047096d067dc0d57b8043	d__Bacteria; p__Bacteroidota; c__Bacteroidia; o__Chitinophagales; f__Saprospiraceae; g__uncultured; s__uncultured_soil	0.954949398386933
fd3c14915a740942cf313b598197d1df	d__Bacteria; p__Planctomycetota; c__Planctomycetes; o__Pirellulales; f__Pirellulaceae; g__Rhodopirellula	0.9965423128816382
fd3cd87a7fd4ca5df5ed1867d3b0469b	d__Bacteria; p__Planctomycetota; c__Pla4_lineage; o__Pla4_lineage; f__Pla4_lineage; g__Pla4_lineage; s__uncultured_bacterium	0.9909373445746689
fd570862cbbeae830adfe77fe15e33c7	d__Bacteria; p__Acidobacteriota; c__Acidobacteriae; o__Elev-16S-1166; f__Elev-16S-1166; g__Elev-16S-1166; s__uncultured_bacterium	0.8259143565391605
fd59a03db71ec124157f766ba90ff553	d__Bacteria; p__Verrucomicrobiota; c__Verrucomicrobiae; o__Pedosphaerales; f__Pedosphaeraceae	0.9999555971972458
fd5ad05f767a6b0d886cb126ea7a5bd3	d__Bacteria; p__Actinobacteriota; c__Actinobacteria; o__Micrococcales; f__Intrasporangiaceae	0.7648912423019513
fd7668c108c102afd72ef3552c4f78ee	d__Bacteria; p__Proteobacteria; c__Gammaproteobacteria; o__Burkholderiales; f__Nitrosomonadaceae; g__Ellin6067	0.9998895347406295
fd7b04080629801defb230fc2cdffe48	d__Bacteria; p__Actinobacteriota; c__Thermoleophilia; o__Gaiellales	0.9999655448128014
fda31efec7d3402915300b9a51a19204	d__Bacteria; p__Methylomirabilota; c__Methylomirabilia; o__Rokubacteriales; f__Rokubacteriales; g__Rokubacteriales; s__metagenome	0.7612611994968608
fdaf1e44a8d882e10413f5f96ebcbecf	d__Bacteria; p__Bdellovibrionota; c__Bdellovibrionia; o__Bdellovibrionales; f__Bdellovibrionaceae; g__Bdellovibrio; s__uncultured_bacterium	0.9975428209388877
fdbc5bb804ae9f1608209f53579bcc59	d__Bacteria; p__Proteobacteria; c__Alphaproteobacteria; o__Caulobacterales; f__Caulobacteraceae; g__Phenylobacterium	0.9737115488393282
fdbd0fed21bae91c05b2da268a025a89	d__Bacteria; p__Proteobacteria; c__Gammaproteobacteria; o__Burkholderiales; f__Oxalobacteraceae	0.9963089261725963
fdc319399f5e687b58855163de8c5203	d__Bacteria; p__Verrucomicrobiota; c__Verrucomicrobiae; o__Chthoniobacterales; f__Chthoniobacteraceae; g__Candidatus_Udaeobacter; s__Verrucomicrobia_bacterium	0.9677277219078271
fdcf0adb4b19fdd8e8fe35c2fbd09557	d__Bacteria; p__Methylomirabilota; c__Methylomirabilia; o__Rokubacteriales; f__WX65; g__WX65; s__uncultured_bacterium	0.9190206171128863
fde56fcae778edb39696362ef9c83d86	d__Bacteria; p__Planctomycetota; c__Phycisphaerae; o__Phycisphaerales; f__Phycisphaeraceae; g__AKYG587	0.9999983676796205
fde9b3e2869c6b3e7c70e5b8dac9cdde	d__Bacteria; p__Firmicutes; c__Bacilli; o__Bacillales; f__Bacillaceae; g__Geobacillus; s__Parageobacillus_toebii	0.7305411329729733
fdea9a3064b6960f8a62d41a8540492f	d__Bacteria; p__Bacteroidota; c__Bacteroidia; o__Chitinophagales; f__Chitinophagaceae; g__Flavisolibacter	0.9853304645850453
fdec36cfc453b02bb879a3410d7da273	d__Bacteria; p__Patescibacteria	0.8909979978700321
fdfe0ce9cd91b2c0fe29d7a3087ebb9e	d__Bacteria; p__Acidobacteriota; c__Vicinamibacteria; o__Vicinamibacterales; f__uncultured; g__uncultured	0.9999979380209171
fe08266131536d599ac721c484a5063b	d__Bacteria; p__Acidobacteriota; c__Vicinamibacteria; o__Vicinamibacterales; f__Vicinamibacteraceae; g__Vicinamibacteraceae	0.9999966045906652
fe13598c08f10d7846519c92ef0c0ba6	d__Bacteria; p__Firmicutes; c__Bacilli; o__Bacillales; f__Bacillaceae; g__Bacillus	0.9566011604533106
fe1b8fbdea1e8d59ae300d7c54003f55	d__Bacteria; p__Gemmatimonadota; c__S0134_terrestrial_group; o__S0134_terrestrial_group; f__S0134_terrestrial_group; g__S0134_terrestrial_group; s__uncultured_bacterium	0.9897058410761542
fe1c166755bc722cefd2e2a3b2b70672	d__Bacteria; p__Proteobacteria; c__Alphaproteobacteria; o__Rhizobiales; f__Amb-16S-1323; g__Amb-16S-1323; s__uncultured_bacterium	0.8900687039342585
fe41e6fd9770030a21418b288930710f	d__Bacteria; p__Actinobacteriota; c__Rubrobacteria; o__Rubrobacterales; f__Rubrobacteriaceae; g__Rubrobacter	0.9999999811745747
fe4cb009a5b082c3e02f59d0de63eb56	d__Bacteria; p__Actinobacteriota; c__Acidimicrobiia; o__Microtrichales	0.8447791533055143
fe6643f53495f68a78265979f2383d7c	d__Bacteria; p__Patescibacteria; c__Parcubacteria	0.9999879943184539
fe6fbf9b86e0f487911a856009fa4a1e	d__Bacteria; p__Proteobacteria; c__Alphaproteobacteria; o__Rhizobiales; f__Rhizobiaceae	0.9934988422900589
fe8553b8d8a16c0fc836d496ba7d79d2	d__Bacteria; p__Bdellovibrionota; c__Bdellovibrionia; o__Bdellovibrionales; f__Bdellovibrionaceae; g__Bdellovibrio	0.999999999880439
fe8895e466ee9a1cfb3d4f6cab28303c	d__Bacteria; p__Proteobacteria; c__Alphaproteobacteria; o__Tistrellales; f__Geminicoccaceae; g__uncultured	0.9850993536413153
fe8d8af791eb6e5d4335bb7604c74e9d	d__Bacteria; p__Verrucomicrobiota; c__Verrucomicrobiae; o__Opitutales; f__Opitutaceae; g__Opitutus; s__Verrucomicrobia_bacterium	0.82514441450517
fea1a70b0ef0f72e3bf27d8b295331a8	d__Bacteria; p__Proteobacteria; c__Alphaproteobacteria; o__Caulobacterales; f__Caulobacteraceae	0.9999995121761492
feaea28c2cd928b0a2a8e3a41afc44ba	d__Bacteria; p__Proteobacteria; c__Gammaproteobacteria; o__Xanthomonadales; f__Xanthomonadaceae; g__Lysobacter; s__Gram-negative_bacterium	0.8094487483150672
febd1b16e95ad01ddc22f4a10a17c661	d__Bacteria; p__Acidobacteriota; c__Vicinamibacteria; o__Vicinamibacterales; f__uncultured; g__uncultured	0.9964789483506286
fec23c70ae0c70ecceea1487cd978ee5	d__Bacteria; p__Proteobacteria; c__Gammaproteobacteria; o__Xanthomonadales; f__Xanthomonadaceae; g__Thermomonas	0.8491284747418044
fec70e27292d96b08938b723c22fba8e	d__Bacteria; p__Acidobacteriota; c__Vicinamibacteria; o__Subgroup_17; f__Subgroup_17; g__Subgroup_17	0.9999990966180544
fec84c167616ff61d108829dba568cf4	d__Bacteria; p__Proteobacteria; c__Alphaproteobacteria; o__Tistrellales; f__Geminicoccaceae; g__uncultured; s__uncultured_bacterium	0.8692099569436844
fee420e13712cf3cabdfd38bd00adf96	d__Bacteria; p__Acidobacteriota; c__Vicinamibacteria; o__Vicinamibacterales; f__Vicinamibacteraceae; g__Vicinamibacteraceae	0.9997920595149585
feec53c116b8d3d45d0ad7f386054f87	d__Bacteria; p__Acidobacteriota; c__Vicinamibacteria; o__Vicinamibacterales; f__uncultured; g__uncultured	0.9999998563319564
fefe94afaa09e1e4daaa6f2478729823	d__Bacteria; p__Proteobacteria; c__Alphaproteobacteria; o__Rhizobiales; f__C2U; g__C2U; s__uncultured_bacterium	0.9997232126686328
ff1fe599c44074ee6bdf919a119df93c	d__Bacteria; p__Proteobacteria; c__Alphaproteobacteria; o__Rhizobiales; f__Devosiaceae	0.7572084504086501
ff2542fe40886cdbff6f8c43341eeea7	d__Bacteria; p__Planctomycetota; c__OM190; o__OM190; f__OM190; g__OM190; s__uncultured_bacterium	0.9625125880737574
ff26876b4d18ed540a2a1ca1bcaa2ea2	d__Bacteria; p__Acidobacteriota; c__Blastocatellia; o__11-24; f__11-24; g__11-24; s__uncultured_Acidobacteria	0.9956755069131302
ff28d180c6097fa81dc3592fcfbbef2d	d__Bacteria; p__Actinobacteriota; c__Actinobacteria; o__Corynebacteriales; f__Mycobacteriaceae; g__Mycobacterium	0.9959736031336798
ff2e8a8c471a0ec944f8db0d9d34f275	d__Bacteria; p__Myxococcota; c__Polyangia; o__Nannocystales; f__Nannocystaceae	0.9999999776725379
ff2f11394af60cc6bac9c0aa45b3292a	d__Bacteria; p__Acidobacteriota; c__Vicinamibacteria; o__Vicinamibacterales; f__Vicinamibacteraceae; g__Vicinamibacteraceae	0.997008262376821
ff319a731186990a7ba6a41114880a69	d__Bacteria; p__Firmicutes; c__Clostridia; o__Peptostreptococcales-Tissierellales; f__Peptostreptococcales-Tissierellales; g__Alkaliphilus	0.9789761672340347
ff35f405f1b87fbc32dcb1c7643d7d92	d__Bacteria; p__Proteobacteria; c__Gammaproteobacteria; o__Burkholderiales; f__Nitrosomonadaceae; g__MND1	0.9998183952354889
ff37221aceb9c92d02223601c369727e	d__Bacteria; p__WPS-2; c__WPS-2; o__WPS-2; f__WPS-2; g__WPS-2; s__metagenome	0.8715049384267072
ff40724dc3202851284ce1c7d3661321	d__Bacteria; p__Proteobacteria; c__Gammaproteobacteria; o__Burkholderiales; f__SC-I-84; g__SC-I-84	0.9958057607449313
ff4be8d405910b8cae85188d73559463	d__Bacteria; p__Acidobacteriota; c__Vicinamibacteria; o__Vicinamibacterales; f__Vicinamibacteraceae; g__Vicinamibacteraceae	0.9999963294694816
ff5852361b76bf930e65ffbba7094a3d	d__Bacteria; p__Proteobacteria; c__Alphaproteobacteria; o__Rhizobiales; f__Rhizobiaceae	0.9059939133733592
ff59f68745d26783dbb2a568a8380142	d__Bacteria; p__Actinobacteriota; c__Actinobacteria; o__Propionibacteriales; f__Nocardioidaceae; g__Nocardioides	0.7937063918382259
ff5b3c66ff290d5fabc4df0c68310365	d__Bacteria; p__Planctomycetota; c__Phycisphaerae; o__Phycisphaerales; f__Phycisphaeraceae; g__SM1A02; s__uncultured_bacterium	0.7242883965024994
ff6215fa05bde1c1e69bfdf97cb6102e	d__Bacteria; p__Myxococcota; c__Polyangia; o__Haliangiales; f__Haliangiaceae; g__Haliangium	0.999722627879315
ff6fc40aebba2533f8d7a1ee38f83d4a	d__Bacteria; p__Verrucomicrobiota; c__Verrucomicrobiae; o__Pedosphaerales; f__Pedosphaeraceae	0.9999998404581251
ff9b0db3b091571557d33172b90d3c1c	d__Bacteria; p__Chloroflexi; c__Dehalococcoidia; o__S085; f__S085; g__S085; s__metagenome	0.8828330117614859
ff9c82cbbc39d53db3d2c6cc05480eb6	d__Bacteria; p__Acidobacteriota; c__Vicinamibacteria; o__Vicinamibacterales; f__uncultured; g__uncultured	0.9999919521319535
ff9fe8fed18a18d25b666c3f40017a9a	d__Bacteria; p__Proteobacteria; c__Gammaproteobacteria; o__Xanthomonadales; f__Xanthomonadaceae; g__Lysobacter; s__Lysobacter_soli	0.8149808156715245
ffa944688944129c1b40c7a7cce1c60e	d__Bacteria; p__Chloroflexi; c__TK10; o__TK10; f__TK10; g__TK10	0.9999997111990487
ffc3ad31d2fec5d24f21f77727efb67e	d__Bacteria; p__Acidobacteriota; c__Holophagae; o__Subgroup_7; f__Subgroup_7; g__Subgroup_7	0.9999999704736589
ffc7777614e87c995f24338facc57731	d__Bacteria; p__Acidobacteriota; c__Subgroup_22; o__Subgroup_22; f__Subgroup_22; g__Subgroup_22; s__uncultured_proteobacterium	0.9861075139226118
fff64181c7d24241e5df0108f6761a5b	d__Bacteria; p__Proteobacteria; c__Gammaproteobacteria; o__Burkholderiales; f__Comamonadaceae; g__Variovorax	0.8697794423333247
